
/*
 * @ File:   [image.h]
 * @ Type:   [RGB565]
 * @ Author: [Vegetable-SYC]
 */			
// 背景
const unsigned char img_bg_data[] PROGMEM = {
    0xdc, 0x3d, 0xdc, 0x3d, 0xfc, 0x3d, 0xdc, 0x3d, 0xdc, 0x3d, 0xfc, 0x3d, 
    0xfc, 0x3d, 0xfc, 0x3d, 0xfc, 0x3d, 0xfc, 0x3d, 0xfd, 0x3d, 0xfc, 0x3d, 
    0xfd, 0x45, 0xfc, 0x45, 0xfc, 0x45, 0xfc, 0x45, 0xfd, 0x4d, 0xfc, 0x45, 
    0xfd, 0x4d, 0xfd, 0x4d, 0xfc, 0x4d, 0xfd, 0x4d, 0x1d, 0x4e, 0x1d, 0x4e, 
    0x1d, 0x56, 0x1d, 0x56, 0x1d, 0x56, 0x1d, 0x56, 0x1d, 0x56, 0x1d, 0x56, 
    0x1d, 0x4e, 0x1d, 0x4e, 0x1d, 0x4e, 0x1d, 0x4e, 0x1d, 0x4e, 0x1d, 0x4e, 
    0x1d, 0x4e, 0x1c, 0x4e, 0x1c, 0x4e, 0xfd, 0x4d, 0xfd, 0x4d, 0xfd, 0x4d, 
    0xfd, 0x45, 0x1d, 0x46, 0x1d, 0x46, 0x1d, 0x46, 0x1d, 0x46, 0xfd, 0x45, 
    0xfd, 0x45, 0xfd, 0x45, 0xfd, 0x45, 0xfd, 0x45, 0xfc, 0x45, 0xfd, 0x45, 
    0xfd, 0x45, 0xfd, 0x45, 0xfd, 0x45, 0xfd, 0x45, 0xfd, 0x45, 0xfd, 0x45, 
    0xfd, 0x45, 0xfd, 0x45, 0xfd, 0x45, 0xfd, 0x45, 0xfd, 0x45, 0xfd, 0x45, 
    0xdd, 0x45, 0xdc, 0x45, 0xfd, 0x3d, 0xfd, 0x3d, 0xfd, 0x45, 0xfd, 0x45, 
    0xfd, 0x45, 0xfd, 0x45, 0xfd, 0x45, 0xfd, 0x3d, 0xfd, 0x45, 0xfd, 0x45, 
    0xfd, 0x45, 0xfd, 0x45, 0xfd, 0x45, 0xfd, 0x45, 0xfc, 0x45, 0xfc, 0x45, 
    0xfd, 0x45, 0xfd, 0x45, 0xdd, 0x45, 0xfd, 0x45, 0xfd, 0x45, 0xfd, 0x45, 
    0xfd, 0x3d, 0xfd, 0x45, 0xfd, 0x45, 0xdd, 0x45, 0xfd, 0x3d, 0xfd, 0x45, 
    0xfd, 0x45, 0xfc, 0x45, 0xfd, 0x45, 0xfd, 0x45, 0xfd, 0x45, 0xfd, 0x45, 
    0xfd, 0x45, 0xfd, 0x45, 0xfd, 0x45, 0xfd, 0x45, 0xfc, 0x45, 0xfd, 0x45, 
    0xfd, 0x45, 0xfd, 0x45, 0xfd, 0x45, 0xfc, 0x45, 0xfc, 0x45, 0xfd, 0x45, 
    0xfd, 0x45, 0xfd, 0x45, 0xdd, 0x45, 0xfd, 0x45, 0xdd, 0x45, 0xfd, 0x45, 
    0xfd, 0x45, 0xfd, 0x45, 0xfd, 0x45, 0xfd, 0x3d, 0xfd, 0x45, 0xdd, 0x45, 
    0xfc, 0x45, 0xfd, 0x45, 0xfd, 0x45, 0xfd, 0x3d, 0xfd, 0x3d, 0xfd, 0x45, 
    0xfd, 0x45, 0xfd, 0x45, 0xfd, 0x45, 0xfd, 0x45, 0xfd, 0x45, 0xfd, 0x45, 
    0xfd, 0x45, 0xfd, 0x45, 0xfc, 0x45, 0xfc, 0x45, 0xfd, 0x45, 0xfd, 0x45, 
    0xfd, 0x45, 0xfd, 0x45, 0xfd, 0x45, 0xfd, 0x45, 0xfd, 0x45, 0xfd, 0x45, 
    0xfd, 0x45, 0xfd, 0x45, 0xfd, 0x45, 0xfd, 0x45, 0xfd, 0x45, 0xfd, 0x45, 
    0xfc, 0x45, 0xfd, 0x45, 0xfd, 0x45, 0xfd, 0x45, 0xfd, 0x45, 0xfd, 0x45, 
    0xfd, 0x45, 0xfd, 0x45, 0xfd, 0x45, 0xfd, 0x45, 0xfd, 0x45, 0xfd, 0x45, 
    0xfd, 0x45, 0xfd, 0x45, 0xfd, 0x45, 0xfd, 0x45, 0xfd, 0x45, 0xfd, 0x45, 
    0xfd, 0x45, 0xfe, 0x45, 0xfd, 0x45, 0x1d, 0x46, 0x1d, 0x46, 0x1d, 0x46, 
    0xfd, 0x45, 0xfd, 0x45, 0xfd, 0x45, 0xfd, 0x45, 0xdd, 0x3d, 0xfd, 0x3d, 
    0xdc, 0x3d, 0xdd, 0x3d, 0xdd, 0x3d, 0xfd, 0x3d, 0xdd, 0x45, 0xfd, 0x45, 
    0xfd, 0x45, 0xfd, 0x45, 0xfd, 0x45, 0xfd, 0x45, 0xdd, 0x3d, 0xfd, 0x3d, 
    0xdd, 0x3d, 0xdc, 0x45, 0xdc, 0x45, 0xfd, 0x45, 0xfd, 0x45, 0xfd, 0x45, 
    0xfd, 0x45, 0xfd, 0x45, 0xfd, 0x45, 0xfd, 0x45, 0xfd, 0x45, 0xfd, 0x45, 
    0xfd, 0x45, 0xfd, 0x45, 0xfd, 0x45, 0xfd, 0x45, 0xfd, 0x45, 0xfd, 0x45, 
    0xfd, 0x45, 0x1d, 0x46, 0x1e, 0x46, 0xfe, 0x45, 0xfe, 0x45, 0xfd, 0x45, 
    0xfd, 0x45, 0xfd, 0x45, 0xfd, 0x45, 0xfd, 0x3d, 0xdd, 0x45, 0xfd, 0x45, 
    0xfd, 0x45, 0xfd, 0x45, 0xfd, 0x45, 0xfd, 0x45, 0xfd, 0x45, 0xfd, 0x45, 
    0xfd, 0x45, 0xfd, 0x45, 0x1d, 0x46, 0xfd, 0x45, 0xfd, 0x45, 0xfd, 0x45, 
    0xfc, 0x3d, 0xfd, 0x3d, 0xfc, 0x3d, 0xfc, 0x3d, 0xfc, 0x45, 0xfc, 0x3d, 
    0xfc, 0x3d, 0xfc, 0x3d, 0xfc, 0x3d, 0xfc, 0x3d, 0xfd, 0x3d, 0xfc, 0x45, 
    0xfc, 0x45, 0xfc, 0x45, 0xfc, 0x45, 0xfc, 0x4d, 0xfc, 0x4d, 0x1c, 0x4e, 
    0x1c, 0x4e, 0x1c, 0x4e, 0x1d, 0x56, 0x1c, 0x56, 0x1d, 0x56, 0x3d, 0x5e, 
    0xfa, 0x65, 0x5d, 0x66, 0x3d, 0x5e, 0x3c, 0x5e, 0x1d, 0x5e, 0x1c, 0x56, 
    0x1d, 0x56, 0x1d, 0x56, 0x1c, 0x56, 0x1d, 0x56, 0x1d, 0x56, 0x1d, 0x56, 
    0x1d, 0x4e, 0x1d, 0x4e, 0x1c, 0x4e, 0x1c, 0x4e, 0xfd, 0x4d, 0x1c, 0x4e, 
    0x1d, 0x4e, 0x1d, 0x46, 0x1d, 0x46, 0x1d, 0x46, 0xfd, 0x45, 0xfc, 0x45, 
    0xfd, 0x45, 0xfc, 0x45, 0xfd, 0x45, 0xfd, 0x45, 0xfd, 0x45, 0xfd, 0x45, 
    0xfd, 0x45, 0xfd, 0x45, 0xfd, 0x45, 0xfd, 0x45, 0xfd, 0x45, 0xfd, 0x45, 
    0xfd, 0x45, 0xfd, 0x45, 0xfc, 0x45, 0xdd, 0x45, 0xfd, 0x45, 0xfd, 0x45, 
    0xdd, 0x45, 0xfd, 0x45, 0xfc, 0x3d, 0xfd, 0x45, 0xfd, 0x45, 0xfc, 0x45, 
    0xfc, 0x45, 0xfd, 0x45, 0xfd, 0x45, 0xfd, 0x45, 0xfd, 0x45, 0xfd, 0x45, 
    0xfc, 0x45, 0xfc, 0x45, 0xfd, 0x45, 0xfd, 0x45, 0xfc, 0x45, 0xfc, 0x45, 
    0xfd, 0x45, 0xfc, 0x45, 0xfd, 0x45, 0xfd, 0x45, 0xfd, 0x45, 0xfd, 0x45, 
    0xfd, 0x45, 0xfd, 0x3d, 0xfd, 0x45, 0xfc, 0x45, 0xfd, 0x45, 0xfc, 0x45, 
    0xfd, 0x45, 0xfd, 0x45, 0xfc, 0x45, 0xdd, 0x3d, 0xdc, 0x45, 0xdd, 0x45, 
    0xdd, 0x45, 0xdd, 0x45, 0xdc, 0x45, 0xdd, 0x45, 0xfd, 0x45, 0xfc, 0x45, 
    0xfc, 0x45, 0xfd, 0x45, 0xfc, 0x45, 0xfd, 0x45, 0xfd, 0x45, 0xfc, 0x45, 
    0xfd, 0x45, 0xfc, 0x45, 0xfd, 0x45, 0xfd, 0x45, 0xfd, 0x45, 0xfd, 0x45, 
    0xfc, 0x45, 0xfd, 0x45, 0xfd, 0x45, 0xfd, 0x45, 0xfd, 0x45, 0xfd, 0x45, 
    0xfd, 0x45, 0xfd, 0x3d, 0xfc, 0x3d, 0xfd, 0x45, 0xfd, 0x45, 0xfd, 0x45, 
    0xfd, 0x45, 0xfd, 0x45, 0xfd, 0x45, 0xfd, 0x45, 0xfc, 0x45, 0xfd, 0x45, 
    0xfc, 0x45, 0xfd, 0x45, 0xfd, 0x45, 0xfd, 0x45, 0xfc, 0x45, 0xfc, 0x45, 
    0xfd, 0x45, 0xfd, 0x45, 0xfd, 0x45, 0xfd, 0x45, 0xfd, 0x45, 0xfd, 0x45, 
    0xfd, 0x45, 0xfd, 0x45, 0xdd, 0x45, 0xfc, 0x45, 0xfd, 0x45, 0xdd, 0x45, 
    0xfd, 0x45, 0xfd, 0x45, 0xfd, 0x45, 0xfd, 0x45, 0xfd, 0x45, 0xfd, 0x45, 
    0xfd, 0x45, 0xfd, 0x45, 0xfd, 0x45, 0xfd, 0x45, 0xfd, 0x45, 0xfd, 0x45, 
    0xfd, 0x45, 0xfd, 0x45, 0xfd, 0x45, 0xfd, 0x45, 0x1d, 0x46, 0x1d, 0x46, 
    0x1d, 0x46, 0x1d, 0x46, 0x1d, 0x46, 0x1d, 0x46, 0x1d, 0x46, 0xfd, 0x45, 
    0xfd, 0x45, 0xfd, 0x45, 0xfd, 0x45, 0xfd, 0x45, 0xfd, 0x45, 0xdd, 0x3d, 
    0xdd, 0x3d, 0xfc, 0x3d, 0xdd, 0x3d, 0xfc, 0x3d, 0xfd, 0x3d, 0xfc, 0x3d, 
    0xfd, 0x45, 0xfd, 0x45, 0xdd, 0x3d, 0xfd, 0x3d, 0xfc, 0x3d, 0xfc, 0x3d, 
    0xfd, 0x3d, 0xdc, 0x45, 0xdd, 0x3d, 0xfd, 0x45, 0xfc, 0x45, 0xfd, 0x45, 
    0xfd, 0x45, 0xfd, 0x45, 0xfd, 0x45, 0xfd, 0x45, 0xfd, 0x45, 0xfd, 0x45, 
    0xfd, 0x45, 0xfd, 0x45, 0xfd, 0x45, 0xfd, 0x45, 0xfd, 0x45, 0xfd, 0x45, 
    0xfe, 0x45, 0x1d, 0x46, 0xfe, 0x45, 0xfd, 0x45, 0xfd, 0x45, 0xfd, 0x45, 
    0xfd, 0x45, 0xfd, 0x45, 0xfd, 0x45, 0xfd, 0x45, 0xfd, 0x45, 0xfd, 0x45, 
    0xfd, 0x45, 0xfd, 0x45, 0xfd, 0x45, 0xfd, 0x45, 0xfd, 0x45, 0xfd, 0x45, 
    0xfd, 0x45, 0xfd, 0x45, 0xfd, 0x45, 0xfd, 0x45, 0xfd, 0x45, 0x1d, 0x46, 
    0xdc, 0x3d, 0xfc, 0x3d, 0xfc, 0x45, 0xfc, 0x45, 0xfd, 0x3d, 0xdc, 0x45, 
    0xfc, 0x45, 0xfc, 0x45, 0xfc, 0x45, 0xfc, 0x45, 0xfc, 0x45, 0xfc, 0x45, 
    0xfc, 0x45, 0xfd, 0x45, 0xfc, 0x4d, 0x1c, 0x4e, 0x1c, 0x4e, 0x1c, 0x4e, 
    0x1c, 0x56, 0x1d, 0x56, 0x1d, 0x56, 0x1c, 0x5e, 0x3d, 0x5e, 0x75, 0x95, 
    0x94, 0xf7, 0x55, 0xae, 0x7d, 0x76, 0x5c, 0x66, 0x3d, 0x66, 0x3c, 0x5e, 
    0x1d, 0x5e, 0x1d, 0x56, 0x1d, 0x56, 0x3d, 0x56, 0x3d, 0x56, 0x3d, 0x56, 
    0x3d, 0x56, 0x1d, 0x56, 0x1d, 0x56, 0x1d, 0x4e, 0x1d, 0x4e, 0x1c, 0x4e, 
    0x1d, 0x4e, 0x1d, 0x4e, 0x1d, 0x4e, 0x1d, 0x46, 0x1c, 0x46, 0xfd, 0x45, 
    0xfc, 0x45, 0xfd, 0x45, 0xfd, 0x45, 0xfc, 0x45, 0xfd, 0x45, 0xfd, 0x45, 
    0xfd, 0x45, 0xfd, 0x45, 0xfd, 0x45, 0xfd, 0x45, 0xfd, 0x45, 0xfd, 0x45, 
    0xfd, 0x45, 0xfd, 0x45, 0xfc, 0x45, 0xfc, 0x3d, 0xfd, 0x45, 0xdd, 0x45, 
    0xfd, 0x45, 0xfc, 0x45, 0xdd, 0x45, 0xdd, 0x3d, 0xfd, 0x3d, 0xfc, 0x45, 
    0xfd, 0x45, 0xfd, 0x45, 0xfd, 0x45, 0xfd, 0x45, 0xfd, 0x45, 0xfd, 0x45, 
    0xfd, 0x45, 0xfd, 0x45, 0xfd, 0x45, 0xfc, 0x45, 0xfd, 0x45, 0xfd, 0x45, 
    0xfd, 0x45, 0xfd, 0x45, 0xfc, 0x45, 0xfd, 0x45, 0xfd, 0x45, 0xfd, 0x45, 
    0xfd, 0x45, 0xfd, 0x45, 0xfc, 0x3d, 0xfd, 0x3d, 0xdc, 0x45, 0xfc, 0x45, 
    0xfc, 0x45, 0xfd, 0x45, 0xfd, 0x45, 0xfd, 0x45, 0xdd, 0x45, 0xdc, 0x45, 
    0xdc, 0x45, 0xdc, 0x45, 0xfd, 0x45, 0xfc, 0x45, 0xfc, 0x45, 0xfc, 0x45, 
    0xfd, 0x45, 0xfd, 0x45, 0xfd, 0x45, 0xfd, 0x45, 0xfd, 0x45, 0xfd, 0x45, 
    0xfd, 0x45, 0xfd, 0x45, 0xfc, 0x45, 0xfd, 0x45, 0xfc, 0x45, 0xfd, 0x45, 
    0xfd, 0x45, 0xfd, 0x45, 0xfd, 0x45, 0xfd, 0x45, 0xfd, 0x45, 0xfc, 0x45, 
    0xfd, 0x45, 0xfd, 0x45, 0xfd, 0x3d, 0xfd, 0x3d, 0xfc, 0x45, 0xfd, 0x45, 
    0xfd, 0x45, 0xfc, 0x45, 0xfd, 0x45, 0xfd, 0x45, 0xfd, 0x45, 0xfc, 0x45, 
    0xfd, 0x45, 0xdd, 0x45, 0xfc, 0x45, 0xfc, 0x45, 0xfd, 0x45, 0xfd, 0x45, 
    0xfd, 0x45, 0x1d, 0x46, 0xfd, 0x45, 0xfd, 0x45, 0x1d, 0x46, 0xfd, 0x45, 
    0xfd, 0x45, 0xfd, 0x45, 0xfd, 0x45, 0xfd, 0x45, 0xdd, 0x45, 0xfd, 0x45, 
    0xfd, 0x45, 0xdd, 0x45, 0xfd, 0x45, 0xfd, 0x45, 0xfc, 0x45, 0xfd, 0x45, 
    0xfd, 0x45, 0xfc, 0x45, 0xdd, 0x45, 0xfd, 0x45, 0xfd, 0x45, 0xfd, 0x45, 
    0xfd, 0x45, 0xfd, 0x45, 0xfd, 0x45, 0xfd, 0x45, 0xfd, 0x45, 0x1d, 0x4e, 
    0xfd, 0x45, 0x1d, 0x46, 0x1d, 0x46, 0x1d, 0x46, 0x1d, 0x46, 0xfd, 0x45, 
    0xfd, 0x45, 0xfd, 0x45, 0xfd, 0x45, 0xfd, 0x45, 0xfc, 0x45, 0xdd, 0x3d, 
    0xdd, 0x3d, 0xdd, 0x3d, 0xdd, 0x3d, 0xdd, 0x45, 0xfc, 0x3d, 0xfd, 0x3d, 
    0xfc, 0x45, 0xfd, 0x45, 0xfc, 0x3d, 0xdc, 0x3d, 0xfc, 0x3d, 0xfd, 0x45, 
    0xdc, 0x3d, 0xfd, 0x45, 0xdd, 0x45, 0xfd, 0x45, 0xfd, 0x45, 0xfd, 0x45, 
    0xfd, 0x45, 0xfd, 0x45, 0xfd, 0x45, 0xfc, 0x45, 0xfd, 0x45, 0xfd, 0x45, 
    0xfd, 0x45, 0xfd, 0x45, 0xfd, 0x45, 0xfd, 0x45, 0xfd, 0x45, 0xfd, 0x45, 
    0xfe, 0x45, 0xfd, 0x45, 0xfd, 0x45, 0xfd, 0x45, 0xfd, 0x45, 0xfd, 0x45, 
    0xfd, 0x45, 0xfd, 0x45, 0xfd, 0x45, 0xfd, 0x45, 0xfd, 0x45, 0xfd, 0x45, 
    0xfd, 0x45, 0xfd, 0x45, 0xfd, 0x45, 0xfd, 0x45, 0xfd, 0x45, 0xfd, 0x45, 
    0xfd, 0x45, 0xfd, 0x45, 0xfd, 0x45, 0xfd, 0x45, 0xfd, 0x45, 0xfd, 0x45, 
    0xdc, 0x45, 0xfc, 0x3d, 0xfc, 0x45, 0xfc, 0x45, 0xfc, 0x45, 0xfc, 0x45, 
    0xdc, 0x3d, 0xfc, 0x45, 0xfc, 0x45, 0xfc, 0x45, 0xfc, 0x45, 0xfd, 0x45, 
    0xfd, 0x4d, 0xfd, 0x4d, 0x1d, 0x4e, 0x1d, 0x56, 0x1c, 0x56, 0x1d, 0x56, 
    0x1c, 0x56, 0x1c, 0x5e, 0x1c, 0x5e, 0x1d, 0x66, 0x5c, 0x76, 0x6e, 0xe6, 
    0xac, 0xf6, 0x74, 0xf7, 0x75, 0xbe, 0x7d, 0x7e, 0x5d, 0x6e, 0x3d, 0x6e, 
    0x3d, 0x66, 0x3d, 0x66, 0x3d, 0x5e, 0x3d, 0x5e, 0x5d, 0x5e, 0x1c, 0x66, 
    0x3d, 0x5e, 0x1d, 0x56, 0x1c, 0x56, 0x1d, 0x56, 0x1d, 0x4e, 0x1d, 0x4e, 
    0x1d, 0x4e, 0x1d, 0x4e, 0x1d, 0x4e, 0x1d, 0x46, 0xfd, 0x45, 0xfd, 0x45, 
    0xfd, 0x45, 0x1d, 0x46, 0xfd, 0x45, 0xfd, 0x45, 0xfd, 0x45, 0xfc, 0x45, 
    0xfd, 0x45, 0xfd, 0x45, 0xfd, 0x45, 0xfd, 0x45, 0xfd, 0x45, 0xfd, 0x45, 
    0xfd, 0x45, 0xfc, 0x45, 0xdd, 0x45, 0xfc, 0x45, 0xfd, 0x45, 0xdd, 0x45, 
    0xfd, 0x45, 0xdd, 0x45, 0xfc, 0x45, 0xfd, 0x45, 0xfd, 0x45, 0xfd, 0x45, 
    0xfd, 0x45, 0xfd, 0x45, 0xfd, 0x45, 0xfd, 0x45, 0xfd, 0x45, 0xfd, 0x45, 
    0xfd, 0x45, 0xfd, 0x45, 0xfd, 0x45, 0xfd, 0x45, 0xfd, 0x45, 0xfd, 0x45, 
    0xfd, 0x45, 0xfd, 0x45, 0xfd, 0x45, 0xfd, 0x45, 0xfd, 0x45, 0xfd, 0x45, 
    0xfd, 0x45, 0xfc, 0x3d, 0xfd, 0x45, 0xfc, 0x45, 0xfd, 0x45, 0xfd, 0x45, 
    0xfd, 0x45, 0xfd, 0x45, 0xfd, 0x45, 0xfd, 0x45, 0xdd, 0x45, 0xdc, 0x45, 
    0xdd, 0x3d, 0xdc, 0x45, 0xdc, 0x45, 0xfd, 0x45, 0xfd, 0x45, 0xfd, 0x45, 
    0xfd, 0x45, 0xfd, 0x45, 0xfd, 0x45, 0xfd, 0x45, 0xfd, 0x45, 0xfd, 0x45, 
    0xfd, 0x45, 0xfd, 0x45, 0xfd, 0x45, 0xfd, 0x45, 0xfd, 0x45, 0xfd, 0x45, 
    0xfd, 0x45, 0xfd, 0x45, 0xfd, 0x45, 0xfd, 0x45, 0xfd, 0x45, 0xfd, 0x45, 
    0xfd, 0x3d, 0xfc, 0x3d, 0xfd, 0x3d, 0xfc, 0x45, 0xfd, 0x45, 0xfd, 0x45, 
    0xfd, 0x45, 0xfd, 0x45, 0xfd, 0x45, 0xfd, 0x45, 0xfd, 0x45, 0xfd, 0x45, 
    0xfd, 0x45, 0xfc, 0x45, 0xfd, 0x45, 0xfd, 0x45, 0xfd, 0x45, 0xfd, 0x45, 
    0xfd, 0x45, 0xfd, 0x45, 0xfd, 0x45, 0xfd, 0x45, 0xfd, 0x45, 0xfd, 0x45, 
    0xfd, 0x45, 0xfd, 0x45, 0xfd, 0x45, 0xfd, 0x45, 0xfd, 0x45, 0xdd, 0x45, 
    0xfd, 0x45, 0xfd, 0x45, 0xfd, 0x45, 0xfd, 0x45, 0xfd, 0x45, 0xfd, 0x45, 
    0xfd, 0x45, 0xfd, 0x45, 0xdd, 0x45, 0xfd, 0x45, 0xfd, 0x45, 0xfd, 0x45, 
    0xfd, 0x45, 0xfd, 0x45, 0xfd, 0x45, 0xfd, 0x4d, 0xfd, 0x45, 0xfd, 0x4d, 
    0xfd, 0x4d, 0x1d, 0x46, 0xfd, 0x4d, 0x1d, 0x46, 0xfd, 0x45, 0xfd, 0x45, 
    0xfd, 0x45, 0xfe, 0x45, 0xfd, 0x45, 0xfd, 0x45, 0xfd, 0x45, 0xdd, 0x45, 
    0xdd, 0x45, 0xdd, 0x45, 0xfd, 0x45, 0xfd, 0x45, 0xdd, 0x45, 0xdd, 0x3d, 
    0xfd, 0x45, 0xdd, 0x45, 0xfd, 0x3d, 0xfd, 0x3d, 0xdd, 0x3d, 0xdc, 0x45, 
    0xdc, 0x3d, 0xdd, 0x45, 0xdd, 0x45, 0xfd, 0x45, 0xfd, 0x45, 0xfd, 0x45, 
    0xfd, 0x45, 0xfd, 0x45, 0xfd, 0x45, 0xfd, 0x45, 0xdd, 0x45, 0xdc, 0x45, 
    0xdd, 0x45, 0xdd, 0x45, 0xfd, 0x45, 0xdd, 0x45, 0xfd, 0x45, 0xfd, 0x45, 
    0xfd, 0x45, 0xfd, 0x45, 0xfd, 0x45, 0xfd, 0x45, 0xfd, 0x45, 0xfd, 0x45, 
    0xfd, 0x45, 0xfd, 0x45, 0xfd, 0x45, 0xfd, 0x45, 0xfd, 0x45, 0xfd, 0x45, 
    0xfd, 0x45, 0xfd, 0x45, 0xfd, 0x45, 0xfd, 0x45, 0xfd, 0x45, 0xfd, 0x45, 
    0xfd, 0x45, 0xfd, 0x45, 0xfd, 0x45, 0xfd, 0x45, 0xfd, 0x45, 0xfd, 0x45, 
    0xdd, 0x45, 0xfc, 0x45, 0xfd, 0x45, 0xfc, 0x45, 0xfc, 0x45, 0xfc, 0x45, 
    0xfd, 0x45, 0xfc, 0x45, 0xfc, 0x45, 0xfc, 0x45, 0xfd, 0x45, 0xfd, 0x4d, 
    0x1d, 0x4e, 0x1d, 0x56, 0x3d, 0x56, 0x3d, 0x5e, 0x1d, 0x5e, 0x1c, 0x5e, 
    0x1c, 0x5e, 0x1c, 0x66, 0x3c, 0x66, 0x3d, 0x6e, 0x7d, 0x8e, 0x4b, 0xee, 
    0xac, 0xf6, 0xed, 0xf6, 0x94, 0xff, 0x51, 0x8d, 0x9d, 0x7e, 0x5d, 0x6e, 
    0x3d, 0x6e, 0x3d, 0x66, 0x5d, 0x66, 0x9e, 0x6e, 0x53, 0xc6, 0xd9, 0xff, 
    0xd6, 0x9d, 0x3d, 0x5e, 0x1c, 0x56, 0x1d, 0x56, 0x1d, 0x56, 0x1d, 0x56, 
    0x1d, 0x56, 0x1d, 0x4e, 0x1d, 0x4e, 0x1d, 0x46, 0xfd, 0x45, 0xfd, 0x4d, 
    0xfd, 0x45, 0xfd, 0x45, 0x1d, 0x46, 0xfd, 0x45, 0x1d, 0x46, 0xfc, 0x45, 
    0xfd, 0x45, 0xfd, 0x45, 0xfd, 0x45, 0xfd, 0x45, 0xfd, 0x45, 0xfd, 0x45, 
    0xfd, 0x45, 0xdd, 0x45, 0xfc, 0x45, 0xfd, 0x45, 0xfd, 0x45, 0xfd, 0x45, 
    0xfd, 0x45, 0xdd, 0x45, 0xfd, 0x45, 0xfd, 0x45, 0xfd, 0x45, 0xfd, 0x45, 
    0xfd, 0x45, 0xfd, 0x45, 0xfd, 0x45, 0xfd, 0x45, 0xfd, 0x45, 0xfd, 0x45, 
    0xfd, 0x45, 0xfd, 0x45, 0xfd, 0x45, 0xfd, 0x45, 0xfd, 0x45, 0xfd, 0x45, 
    0xfd, 0x45, 0xfd, 0x45, 0x1d, 0x46, 0xfd, 0x45, 0xfd, 0x45, 0xfd, 0x45, 
    0xfd, 0x45, 0xfd, 0x45, 0xfd, 0x45, 0xfc, 0x45, 0xfd, 0x45, 0xdd, 0x45, 
    0xfd, 0x45, 0xfd, 0x45, 0xdd, 0x45, 0xdc, 0x45, 0xfd, 0x45, 0xdd, 0x45, 
    0xdc, 0x45, 0xdd, 0x45, 0xdd, 0x45, 0xfd, 0x45, 0xfd, 0x45, 0xfd, 0x45, 
    0xfd, 0x45, 0xfd, 0x45, 0xfe, 0x45, 0xfd, 0x45, 0xfd, 0x45, 0xfd, 0x45, 
    0xfd, 0x45, 0xfd, 0x45, 0xfd, 0x45, 0xfd, 0x45, 0xfd, 0x45, 0xfd, 0x45, 
    0xfd, 0x45, 0xfd, 0x45, 0xfd, 0x45, 0xfd, 0x45, 0xfd, 0x45, 0xfd, 0x45, 
    0xfd, 0x45, 0xfd, 0x45, 0xfd, 0x45, 0xfd, 0x45, 0xfd, 0x45, 0xfd, 0x45, 
    0xfd, 0x45, 0xfd, 0x45, 0xfd, 0x45, 0xfd, 0x45, 0xfd, 0x45, 0xfd, 0x45, 
    0xfd, 0x45, 0xfd, 0x45, 0xfd, 0x45, 0xfd, 0x45, 0xfc, 0x45, 0xfd, 0x45, 
    0xfd, 0x45, 0xfd, 0x45, 0xfd, 0x45, 0xfd, 0x45, 0xfd, 0x45, 0xfd, 0x45, 
    0xfd, 0x45, 0xfd, 0x45, 0xfd, 0x45, 0xfd, 0x45, 0xfd, 0x45, 0xfd, 0x45, 
    0xfd, 0x45, 0xfd, 0x45, 0xfd, 0x45, 0xfd, 0x45, 0xfd, 0x45, 0xfd, 0x45, 
    0xfd, 0x45, 0xfd, 0x45, 0xfd, 0x45, 0xfd, 0x45, 0xfd, 0x45, 0xfd, 0x45, 
    0xfd, 0x45, 0xfd, 0x45, 0xfd, 0x45, 0xfd, 0x45, 0xfd, 0x4d, 0x1d, 0x4e, 
    0x1d, 0x4e, 0x1d, 0x4e, 0x1d, 0x4e, 0xfe, 0x4d, 0xfd, 0x45, 0xfd, 0x45, 
    0xfe, 0x45, 0xfd, 0x45, 0xfd, 0x45, 0xfd, 0x45, 0xfd, 0x45, 0xdd, 0x45, 
    0xdc, 0x45, 0xdc, 0x45, 0xfd, 0x45, 0xdd, 0x45, 0xdd, 0x45, 0xfd, 0x45, 
    0xfd, 0x3d, 0xfd, 0x45, 0xdd, 0x45, 0xdd, 0x3d, 0xdd, 0x3d, 0xdc, 0x3d, 
    0xfd, 0x3d, 0xdd, 0x3d, 0xdd, 0x3d, 0xfd, 0x45, 0xfd, 0x45, 0xdd, 0x45, 
    0xfd, 0x45, 0xfd, 0x45, 0xfd, 0x45, 0xfd, 0x45, 0xdd, 0x45, 0xdd, 0x45, 
    0xdd, 0x45, 0xfd, 0x45, 0xfd, 0x45, 0xfd, 0x45, 0xfd, 0x3d, 0xfd, 0x45, 
    0xfd, 0x45, 0xfd, 0x45, 0xfd, 0x45, 0xfd, 0x45, 0xfd, 0x45, 0xfd, 0x45, 
    0xfd, 0x45, 0xfd, 0x45, 0xfd, 0x45, 0xfd, 0x45, 0xfd, 0x45, 0xfd, 0x45, 
    0xfd, 0x45, 0xfd, 0x45, 0xfd, 0x45, 0xfd, 0x45, 0xfd, 0x45, 0xfe, 0x45, 
    0x1d, 0x46, 0xfd, 0x45, 0xfd, 0x45, 0xfe, 0x45, 0xfd, 0x45, 0xfd, 0x45, 
    0xfc, 0x45, 0xfc, 0x45, 0xfc, 0x45, 0xfc, 0x45, 0xfc, 0x45, 0xfc, 0x45, 
    0xfc, 0x45, 0xfc, 0x45, 0xfc, 0x45, 0xfc, 0x4d, 0xfc, 0x4d, 0x1c, 0x4e, 
    0x1d, 0x56, 0x5d, 0x5e, 0x9e, 0x66, 0x7e, 0x66, 0x5d, 0x66, 0x3d, 0x66, 
    0x3d, 0x66, 0x1d, 0x6e, 0x3d, 0x6e, 0x5d, 0x76, 0xf4, 0xa4, 0x8c, 0xf6, 
    0xcc, 0xf6, 0xed, 0xf6, 0x0f, 0xff, 0x55, 0xf7, 0x9c, 0x8e, 0x9d, 0x7e, 
    0x5c, 0x86, 0x7e, 0x6e, 0xde, 0x8e, 0x91, 0xd6, 0x30, 0xff, 0x2f, 0xff, 
    0x13, 0xce, 0x5d, 0x6e, 0x3d, 0x5e, 0x3d, 0x5e, 0x1c, 0x56, 0x1c, 0x56, 
    0x1d, 0x56, 0x1c, 0x4e, 0x1d, 0x4e, 0x1d, 0x4e, 0x1d, 0x4e, 0x1c, 0x4e, 
    0xfd, 0x4d, 0x1d, 0x46, 0x1d, 0x46, 0x1d, 0x46, 0xfd, 0x45, 0xfd, 0x45, 
    0xfd, 0x45, 0xfd, 0x45, 0xfd, 0x45, 0xfd, 0x45, 0xfc, 0x45, 0xfd, 0x45, 
    0xfc, 0x45, 0xfd, 0x45, 0xfd, 0x45, 0xfd, 0x45, 0xfd, 0x45, 0xfd, 0x45, 
    0xfd, 0x45, 0xfd, 0x45, 0xfd, 0x45, 0xfd, 0x45, 0xfd, 0x45, 0xfd, 0x45, 
    0xfd, 0x45, 0xfd, 0x45, 0xfc, 0x45, 0xfd, 0x45, 0xfd, 0x3d, 0xfd, 0x3d, 
    0xfd, 0x45, 0xfd, 0x45, 0xfd, 0x45, 0xfd, 0x45, 0xfd, 0x45, 0xfd, 0x45, 
    0xfd, 0x45, 0xfd, 0x45, 0xfd, 0x45, 0x1d, 0x46, 0xfd, 0x45, 0xfd, 0x45, 
    0xfd, 0x45, 0xfd, 0x3d, 0xfd, 0x3d, 0xdd, 0x45, 0xfd, 0x45, 0xfc, 0x45, 
    0xfd, 0x45, 0xdd, 0x45, 0xdd, 0x45, 0xdc, 0x45, 0xfc, 0x45, 0xfd, 0x45, 
    0xfc, 0x45, 0xfc, 0x45, 0xfd, 0x45, 0xfd, 0x45, 0xfd, 0x45, 0xfd, 0x45, 
    0xfd, 0x45, 0xfd, 0x45, 0xfd, 0x45, 0xfd, 0x45, 0xfd, 0x45, 0xfd, 0x45, 
    0xfd, 0x45, 0xfd, 0x45, 0xfd, 0x45, 0xfd, 0x45, 0xfd, 0x45, 0xfd, 0x45, 
    0xfd, 0x45, 0xfd, 0x45, 0xfd, 0x45, 0xfd, 0x45, 0xfd, 0x45, 0xfd, 0x45, 
    0xfd, 0x45, 0xfd, 0x45, 0xfd, 0x45, 0xfd, 0x45, 0xfd, 0x45, 0xfd, 0x45, 
    0xfc, 0x45, 0xfd, 0x45, 0x1d, 0x46, 0x1d, 0x46, 0xfd, 0x45, 0x1d, 0x46, 
    0xfd, 0x45, 0xfd, 0x45, 0xfd, 0x45, 0xfd, 0x45, 0xfd, 0x45, 0xfd, 0x45, 
    0xfd, 0x45, 0xfd, 0x45, 0xfd, 0x45, 0xfd, 0x45, 0xfd, 0x45, 0xfd, 0x45, 
    0xfd, 0x45, 0xfd, 0x45, 0xfd, 0x45, 0xfd, 0x45, 0xfd, 0x45, 0xfd, 0x45, 
    0xfd, 0x45, 0xfd, 0x45, 0xfd, 0x45, 0xfd, 0x45, 0xfd, 0x45, 0xfd, 0x45, 
    0xfd, 0x45, 0xfd, 0x45, 0xfd, 0x45, 0xfd, 0x45, 0xfd, 0x45, 0xfd, 0x45, 
    0xfd, 0x45, 0xfd, 0x45, 0xfd, 0x45, 0xfd, 0x45, 0x1d, 0x46, 0xfd, 0x4d, 
    0x1d, 0x46, 0xfd, 0x4d, 0xfd, 0x45, 0x1d, 0x4e, 0xfd, 0x45, 0xfd, 0x45, 
    0xfd, 0x45, 0xfd, 0x45, 0xfd, 0x45, 0xfd, 0x45, 0xfd, 0x45, 0xfd, 0x45, 
    0xfd, 0x45, 0xdd, 0x45, 0xfd, 0x45, 0xfd, 0x45, 0xdd, 0x45, 0xfd, 0x45, 
    0xfd, 0x45, 0xfd, 0x45, 0xfd, 0x45, 0xdd, 0x45, 0xdd, 0x45, 0xdd, 0x3d, 
    0xdd, 0x3d, 0xfd, 0x3d, 0xfd, 0x3d, 0xdd, 0x45, 0xfd, 0x3d, 0xfd, 0x45, 
    0xfd, 0x45, 0xfd, 0x45, 0xfc, 0x45, 0xdd, 0x45, 0xfd, 0x3d, 0xfd, 0x3d, 
    0xfd, 0x45, 0xfd, 0x3d, 0xfd, 0x45, 0xdd, 0x45, 0xfd, 0x45, 0xfd, 0x45, 
    0xfd, 0x45, 0xfd, 0x45, 0xfd, 0x45, 0xfd, 0x45, 0xfd, 0x45, 0xfd, 0x45, 
    0xfd, 0x45, 0xfd, 0x45, 0xfd, 0x45, 0xfd, 0x45, 0xfd, 0x45, 0xfd, 0x45, 
    0xfd, 0x45, 0xfd, 0x45, 0xfd, 0x45, 0xfd, 0x45, 0xfd, 0x45, 0x1d, 0x46, 
    0xfd, 0x45, 0xfd, 0x45, 0x1d, 0x46, 0xfd, 0x45, 0xfd, 0x45, 0xfd, 0x45, 
    0xfc, 0x45, 0xfc, 0x45, 0xfc, 0x45, 0xfc, 0x45, 0xfc, 0x45, 0xfd, 0x45, 
    0xfc, 0x45, 0xfc, 0x45, 0xfc, 0x4d, 0xfc, 0x4d, 0xfd, 0x4d, 0x1d, 0x56, 
    0x3d, 0x5e, 0xd2, 0xd6, 0x55, 0xdf, 0xd3, 0xce, 0xb7, 0x8d, 0x7e, 0x76, 
    0x5d, 0x6e, 0x7d, 0x76, 0x11, 0x6c, 0x7e, 0x86, 0x03, 0x9b, 0x8b, 0xf6, 
    0xcc, 0xf6, 0xec, 0xfe, 0xed, 0xfe, 0x52, 0xff, 0x74, 0xce, 0xc9, 0xac, 
    0x8c, 0xee, 0x3e, 0xaf, 0xd1, 0xe6, 0x2e, 0xff, 0x0d, 0xff, 0x0e, 0xff, 
    0x74, 0xf7, 0x5c, 0x8e, 0x3d, 0x66, 0x3c, 0x5e, 0x1c, 0x5e, 0x1c, 0x56, 
    0x1c, 0x56, 0x1d, 0x56, 0x1d, 0x4e, 0x1d, 0x4e, 0x1c, 0x4e, 0xfd, 0x4d, 
    0xfd, 0x4d, 0xfd, 0x4d, 0xfd, 0x4d, 0xfd, 0x45, 0xfd, 0x45, 0xfd, 0x45, 
    0xfd, 0x45, 0xfd, 0x45, 0xfd, 0x45, 0xfd, 0x45, 0xfd, 0x45, 0xfd, 0x45, 
    0xfd, 0x45, 0xfc, 0x45, 0xfd, 0x45, 0xfd, 0x45, 0xfd, 0x45, 0xfd, 0x45, 
    0xfd, 0x45, 0xfd, 0x45, 0xfd, 0x45, 0xfd, 0x45, 0xfd, 0x45, 0xfd, 0x45, 
    0xfd, 0x45, 0xfd, 0x45, 0xfd, 0x45, 0xfd, 0x45, 0xfc, 0x45, 0xfd, 0x45, 
    0xfd, 0x45, 0xfd, 0x45, 0xfd, 0x45, 0xfd, 0x45, 0xfd, 0x45, 0xfd, 0x45, 
    0xfd, 0x45, 0x1d, 0x46, 0xfd, 0x45, 0xfd, 0x45, 0xfd, 0x45, 0xfd, 0x45, 
    0xfd, 0x45, 0xfd, 0x45, 0xfd, 0x45, 0xfd, 0x45, 0xdd, 0x45, 0xdd, 0x45, 
    0xdd, 0x45, 0xfd, 0x45, 0xdd, 0x45, 0xdd, 0x45, 0xdd, 0x45, 0xfd, 0x45, 
    0xfd, 0x45, 0xdd, 0x45, 0xfd, 0x45, 0xfd, 0x45, 0xfd, 0x45, 0xfd, 0x45, 
    0xfd, 0x45, 0xfd, 0x45, 0xfd, 0x45, 0xfd, 0x45, 0xfd, 0x45, 0xfd, 0x45, 
    0xfd, 0x45, 0xfd, 0x45, 0xfd, 0x45, 0xfd, 0x45, 0xfd, 0x45, 0xfd, 0x45, 
    0xfc, 0x45, 0xfd, 0x45, 0xfc, 0x3d, 0xfd, 0x45, 0xfd, 0x45, 0xfd, 0x45, 
    0xfd, 0x45, 0xfd, 0x45, 0x1d, 0x46, 0xfd, 0x45, 0xfd, 0x45, 0x1d, 0x46, 
    0x1d, 0x46, 0x1d, 0x46, 0x1d, 0x46, 0x1d, 0x46, 0x1d, 0x46, 0x1d, 0x46, 
    0x1d, 0x46, 0xfd, 0x45, 0xfd, 0x45, 0xfd, 0x45, 0xfd, 0x45, 0xfd, 0x45, 
    0xfd, 0x45, 0xfd, 0x45, 0xfd, 0x45, 0xfd, 0x45, 0xfd, 0x45, 0xfd, 0x45, 
    0xfd, 0x45, 0xfd, 0x45, 0xfd, 0x45, 0xfd, 0x45, 0xfd, 0x45, 0xfd, 0x45, 
    0xdd, 0x45, 0xfd, 0x45, 0xfd, 0x45, 0xfd, 0x45, 0xfd, 0x45, 0xfd, 0x45, 
    0xfd, 0x45, 0xfd, 0x45, 0xfd, 0x45, 0xfd, 0x45, 0xfd, 0x45, 0xfd, 0x45, 
    0xfd, 0x45, 0xfd, 0x45, 0xfd, 0x45, 0xfe, 0x45, 0xfd, 0x45, 0xfd, 0x45, 
    0x1d, 0x4e, 0xfd, 0x45, 0xfd, 0x4d, 0xfd, 0x45, 0xfd, 0x45, 0xfd, 0x45, 
    0xfd, 0x45, 0xfd, 0x45, 0xfd, 0x45, 0xfd, 0x45, 0xfd, 0x45, 0xfd, 0x45, 
    0xfd, 0x45, 0xfd, 0x45, 0xfd, 0x45, 0xfd, 0x45, 0xfd, 0x45, 0xfd, 0x45, 
    0xfd, 0x45, 0xfd, 0x45, 0xfd, 0x45, 0xfd, 0x45, 0xfd, 0x45, 0xdd, 0x3d, 
    0xdd, 0x3d, 0xdd, 0x3d, 0xdd, 0x3d, 0xfd, 0x3d, 0xfd, 0x45, 0xfd, 0x45, 
    0xfd, 0x45, 0xfd, 0x45, 0xfd, 0x45, 0xfd, 0x45, 0xfd, 0x45, 0xfd, 0x45, 
    0xfd, 0x45, 0xfd, 0x45, 0xfd, 0x45, 0xdd, 0x45, 0xfd, 0x45, 0xdd, 0x45, 
    0xfd, 0x45, 0xfd, 0x45, 0xfd, 0x45, 0x1d, 0x46, 0x1d, 0x46, 0xfd, 0x45, 
    0x1d, 0x46, 0xfd, 0x45, 0xfd, 0x45, 0xfd, 0x45, 0xfd, 0x45, 0xfd, 0x45, 
    0xfd, 0x45, 0xfd, 0x45, 0xfd, 0x45, 0xfd, 0x45, 0xfd, 0x45, 0xfd, 0x45, 
    0x1d, 0x46, 0xfd, 0x45, 0xfd, 0x45, 0x1d, 0x46, 0xfd, 0x45, 0xfd, 0x45, 
    0xfc, 0x45, 0xfc, 0x45, 0xfc, 0x45, 0xfc, 0x45, 0xfc, 0x45, 0xfc, 0x45, 
    0xfc, 0x45, 0x1c, 0x4e, 0xfd, 0x4d, 0x1c, 0x4e, 0x1c, 0x4e, 0x1d, 0x56, 
    0x1c, 0x66, 0x0c, 0xf7, 0xcc, 0xfe, 0xed, 0xfe, 0x0e, 0xf7, 0xb0, 0xd6, 
    0x54, 0x8d, 0x18, 0x8e, 0x6a, 0xfe, 0xae, 0xc5, 0x6c, 0xf6, 0x8b, 0xf6, 
    0xcb, 0xfe, 0xec, 0xfe, 0xed, 0xfe, 0x0d, 0xff, 0x55, 0xef, 0xe9, 0xf5, 
    0x6b, 0xf6, 0xd2, 0xde, 0x2e, 0xff, 0x0d, 0xff, 0x0d, 0xff, 0x0d, 0xff, 
    0x52, 0xf7, 0xce, 0x63, 0x5d, 0x6e, 0x3c, 0x66, 0x3c, 0x5e, 0x3d, 0x5e, 
    0x3d, 0x56, 0x3d, 0x56, 0x3d, 0x56, 0x1d, 0x56, 0x1d, 0x4e, 0x1d, 0x4e, 
    0x1d, 0x4e, 0x1c, 0x4e, 0x1d, 0x4e, 0x1d, 0x4e, 0xfd, 0x4d, 0x1d, 0x46, 
    0xfd, 0x45, 0xfd, 0x45, 0xfd, 0x45, 0xfd, 0x45, 0xfc, 0x45, 0xfd, 0x45, 
    0xfd, 0x45, 0xfd, 0x45, 0xfd, 0x45, 0xfd, 0x45, 0xfc, 0x45, 0xfd, 0x45, 
    0xfc, 0x45, 0xfd, 0x45, 0xfd, 0x45, 0xfd, 0x45, 0xfd, 0x45, 0xfd, 0x45, 
    0xfd, 0x45, 0xfd, 0x45, 0xfd, 0x45, 0xfd, 0x45, 0xfd, 0x45, 0xfd, 0x45, 
    0xfd, 0x45, 0xfd, 0x45, 0xfd, 0x45, 0xfd, 0x45, 0xfd, 0x45, 0x1d, 0x46, 
    0xfd, 0x45, 0xfd, 0x45, 0xfd, 0x45, 0xfd, 0x45, 0xfd, 0x45, 0xfd, 0x45, 
    0xfd, 0x45, 0xfd, 0x45, 0xfd, 0x45, 0xfd, 0x45, 0xfc, 0x45, 0xfd, 0x45, 
    0xfc, 0x45, 0xdd, 0x45, 0xdc, 0x45, 0xdd, 0x45, 0xdd, 0x45, 0xdd, 0x45, 
    0xfc, 0x45, 0xfd, 0x45, 0xfd, 0x45, 0xfd, 0x45, 0xfd, 0x45, 0xfd, 0x45, 
    0xfd, 0x45, 0xfd, 0x45, 0xfd, 0x45, 0xfd, 0x45, 0xfd, 0x45, 0x1d, 0x46, 
    0x1d, 0x46, 0xfd, 0x45, 0xfd, 0x45, 0xfd, 0x45, 0xfd, 0x45, 0xfd, 0x3d, 
    0xfd, 0x3d, 0xfd, 0x45, 0xdd, 0x45, 0xfc, 0x45, 0xfd, 0x45, 0xfd, 0x45, 
    0xfd, 0x45, 0xfd, 0x45, 0xfd, 0x45, 0xfd, 0x45, 0xfd, 0x45, 0xfd, 0x45, 
    0x1d, 0x46, 0x1d, 0x46, 0x1d, 0x46, 0x1d, 0x46, 0x1d, 0x46, 0x1d, 0x46, 
    0x1d, 0x46, 0x1d, 0x46, 0xfd, 0x45, 0xfd, 0x45, 0xfd, 0x45, 0xfd, 0x45, 
    0xfd, 0x45, 0xfd, 0x45, 0xfd, 0x45, 0x1d, 0x46, 0xfd, 0x45, 0xfd, 0x45, 
    0xfd, 0x45, 0xfd, 0x45, 0xfd, 0x45, 0xfd, 0x45, 0xfd, 0x45, 0xfd, 0x45, 
    0xfd, 0x45, 0xfd, 0x45, 0xfd, 0x45, 0xfd, 0x45, 0xfd, 0x45, 0xfd, 0x45, 
    0xfd, 0x45, 0xfd, 0x45, 0xfd, 0x45, 0xfd, 0x45, 0xfd, 0x45, 0xfd, 0x45, 
    0xfd, 0x45, 0xfd, 0x45, 0xfd, 0x45, 0xfd, 0x45, 0x1d, 0x46, 0xfd, 0x4d, 
    0xfd, 0x4d, 0x1d, 0x4e, 0x1d, 0x4e, 0xfd, 0x45, 0xfd, 0x45, 0xfd, 0x45, 
    0xfd, 0x45, 0xfd, 0x45, 0xfd, 0x45, 0xfd, 0x45, 0xfd, 0x45, 0xfd, 0x45, 
    0xfd, 0x45, 0xfc, 0x45, 0xfd, 0x45, 0xfd, 0x45, 0xfd, 0x45, 0xfd, 0x45, 
    0xfd, 0x45, 0xfd, 0x45, 0xfd, 0x45, 0xfd, 0x45, 0xdd, 0x45, 0xdd, 0x3d, 
    0xfd, 0x45, 0xdd, 0x3d, 0xfd, 0x45, 0xfd, 0x45, 0xfd, 0x3d, 0xfd, 0x45, 
    0xfd, 0x45, 0xfd, 0x45, 0xfd, 0x45, 0xfd, 0x45, 0xfd, 0x45, 0xfd, 0x45, 
    0xfd, 0x45, 0xfd, 0x45, 0xfd, 0x45, 0xfd, 0x45, 0xfd, 0x45, 0xfd, 0x45, 
    0xfd, 0x45, 0xfd, 0x45, 0xfd, 0x45, 0xfd, 0x45, 0x1d, 0x46, 0xfd, 0x45, 
    0xfd, 0x45, 0x1d, 0x46, 0xfd, 0x45, 0xfd, 0x45, 0xfd, 0x45, 0xfd, 0x45, 
    0xfd, 0x45, 0xfd, 0x45, 0xfd, 0x45, 0xfd, 0x45, 0xfd, 0x45, 0x1d, 0x46, 
    0xfd, 0x45, 0xfd, 0x45, 0x1d, 0x46, 0xfd, 0x45, 0xfd, 0x45, 0xfd, 0x45, 
    0xfc, 0x45, 0xfc, 0x45, 0xfc, 0x45, 0xfc, 0x45, 0x1c, 0x46, 0xfc, 0x4d, 
    0x1c, 0x4e, 0x1c, 0x4e, 0x1c, 0x4e, 0x1c, 0x4e, 0x1c, 0x56, 0x1c, 0x56, 
    0x1c, 0x66, 0xca, 0xf6, 0xcb, 0xfe, 0xcb, 0xfe, 0xab, 0xfe, 0xab, 0xf6, 
    0x10, 0xf7, 0x71, 0xb5, 0x6a, 0xfe, 0x4a, 0xf6, 0x8a, 0xf6, 0x8b, 0xf6, 
    0xab, 0xfe, 0xcb, 0xfe, 0xec, 0xfe, 0x0c, 0xff, 0x30, 0xff, 0x89, 0xe5, 
    0x0b, 0xee, 0x4e, 0xff, 0x0d, 0xff, 0x0d, 0xff, 0xed, 0xfe, 0xed, 0xfe, 
    0x2f, 0xff, 0x4b, 0x6b, 0x5d, 0x76, 0x3d, 0x6e, 0x3d, 0x66, 0x3d, 0x66, 
    0x3d, 0x5e, 0x5d, 0x5e, 0x3d, 0x5e, 0x3d, 0x56, 0x1d, 0x56, 0x1d, 0x4e, 
    0x1d, 0x4e, 0x1d, 0x4e, 0x1d, 0x4e, 0x1d, 0x4e, 0xfd, 0x4d, 0x1d, 0x4e, 
    0xfd, 0x45, 0xfd, 0x45, 0xfd, 0x45, 0xfd, 0x45, 0xfd, 0x45, 0xfd, 0x45, 
    0xfd, 0x45, 0xfc, 0x45, 0xfd, 0x45, 0xfc, 0x45, 0xfd, 0x45, 0xfd, 0x45, 
    0xfd, 0x45, 0xfd, 0x45, 0xfd, 0x45, 0xfd, 0x45, 0xfd, 0x45, 0xfd, 0x45, 
    0xfd, 0x45, 0xfd, 0x45, 0xfd, 0x45, 0xfd, 0x45, 0xfd, 0x45, 0xfd, 0x45, 
    0xfd, 0x45, 0xfd, 0x45, 0xfd, 0x45, 0xfd, 0x45, 0xfd, 0x45, 0xfd, 0x45, 
    0x1d, 0x46, 0xfd, 0x45, 0xfd, 0x45, 0xfd, 0x45, 0xfd, 0x45, 0xfd, 0x45, 
    0xfd, 0x45, 0xfd, 0x45, 0xfd, 0x45, 0xfd, 0x3d, 0xfd, 0x45, 0xfd, 0x45, 
    0xfd, 0x45, 0xfd, 0x45, 0xfd, 0x45, 0xdc, 0x45, 0xdc, 0x45, 0xdd, 0x45, 
    0xfd, 0x45, 0xfd, 0x45, 0xfd, 0x45, 0xfd, 0x45, 0xfd, 0x45, 0xfd, 0x45, 
    0xfd, 0x45, 0x1d, 0x46, 0xfd, 0x45, 0xfd, 0x45, 0xfd, 0x45, 0xfd, 0x45, 
    0x1d, 0x46, 0x1d, 0x46, 0xfd, 0x45, 0xfd, 0x45, 0xfd, 0x45, 0xfd, 0x45, 
    0xfc, 0x3d, 0xfd, 0x45, 0xfc, 0x45, 0xfd, 0x45, 0xfd, 0x45, 0xfd, 0x45, 
    0xfd, 0x45, 0xfd, 0x45, 0xfd, 0x45, 0xfd, 0x45, 0x1d, 0x46, 0xfd, 0x45, 
    0x1d, 0x46, 0x1d, 0x46, 0x1d, 0x46, 0x1d, 0x4e, 0x1d, 0x46, 0x1d, 0x46, 
    0x1d, 0x46, 0x1d, 0x46, 0x1d, 0x46, 0xfd, 0x45, 0xfd, 0x45, 0xfd, 0x45, 
    0xfd, 0x45, 0xfd, 0x45, 0x1d, 0x46, 0xfd, 0x45, 0x1d, 0x46, 0xfd, 0x45, 
    0xfd, 0x45, 0xfd, 0x45, 0xfd, 0x45, 0xfd, 0x45, 0xfd, 0x45, 0xfd, 0x45, 
    0xfd, 0x45, 0xfd, 0x45, 0xfd, 0x45, 0xfd, 0x45, 0xfd, 0x45, 0xfd, 0x45, 
    0xfd, 0x45, 0xfd, 0x45, 0xfd, 0x45, 0xfd, 0x45, 0xfd, 0x45, 0xfd, 0x45, 
    0xfd, 0x45, 0xfd, 0x45, 0xfd, 0x45, 0xfd, 0x45, 0xfd, 0x45, 0x1d, 0x46, 
    0xfd, 0x4d, 0xfd, 0x45, 0xfd, 0x45, 0x1d, 0x46, 0x1d, 0x46, 0xfd, 0x45, 
    0x1d, 0x46, 0xfd, 0x45, 0xfd, 0x45, 0xfd, 0x45, 0xfd, 0x45, 0xfd, 0x45, 
    0xfd, 0x45, 0xfd, 0x45, 0xfd, 0x45, 0xfd, 0x45, 0xfd, 0x45, 0xfd, 0x45, 
    0xfd, 0x45, 0xfd, 0x45, 0xfd, 0x45, 0xfd, 0x45, 0xfd, 0x45, 0xfd, 0x45, 
    0xdd, 0x45, 0xdd, 0x3d, 0xdd, 0x45, 0xdd, 0x45, 0xfd, 0x45, 0xfd, 0x45, 
    0xfd, 0x45, 0xfd, 0x45, 0xfd, 0x45, 0xfd, 0x45, 0xfd, 0x45, 0xfd, 0x45, 
    0xfd, 0x45, 0xfd, 0x45, 0xfd, 0x45, 0xfd, 0x45, 0xfd, 0x45, 0xfd, 0x45, 
    0xfd, 0x45, 0xfd, 0x45, 0xfd, 0x45, 0xfd, 0x45, 0x1d, 0x46, 0xfd, 0x45, 
    0xfd, 0x45, 0xfd, 0x45, 0xfd, 0x45, 0xfd, 0x45, 0xfd, 0x45, 0xfd, 0x45, 
    0xfd, 0x45, 0xfd, 0x45, 0xfd, 0x45, 0xfd, 0x45, 0xfd, 0x45, 0xfd, 0x45, 
    0x1d, 0x46, 0xfd, 0x45, 0xfd, 0x45, 0x1d, 0x46, 0xfd, 0x45, 0x1d, 0x46, 
    0xfd, 0x45, 0xfc, 0x45, 0xfc, 0x45, 0xfc, 0x4d, 0xfc, 0x4d, 0x1c, 0x4e, 
    0x1c, 0x4e, 0x1c, 0x4e, 0x1c, 0x56, 0x1c, 0x56, 0x1c, 0x56, 0x1d, 0x56, 
    0x3d, 0x66, 0x6a, 0xf6, 0xab, 0xf6, 0xab, 0xfe, 0xab, 0xfe, 0xab, 0xfe, 
    0xab, 0xfe, 0x32, 0xf7, 0x29, 0xf6, 0x6a, 0xfe, 0x8a, 0xfe, 0x8a, 0xfe, 
    0xcb, 0xfe, 0xcb, 0xfe, 0x6a, 0xee, 0x4a, 0xee, 0x4b, 0xe6, 0x8c, 0xee, 
    0xcb, 0xfe, 0xec, 0xfe, 0xec, 0xfe, 0xec, 0xfe, 0xec, 0xfe, 0xec, 0xfe, 
    0x2e, 0xff, 0x26, 0x83, 0x6f, 0xb5, 0x7e, 0x76, 0x5d, 0x6e, 0x5d, 0x6e, 
    0x7e, 0x76, 0x3c, 0x76, 0xf9, 0x75, 0x3d, 0x66, 0x1d, 0x56, 0x1d, 0x56, 
    0x1d, 0x4e, 0x1d, 0x4e, 0x1d, 0x4e, 0x1d, 0x4e, 0xfd, 0x4d, 0xfd, 0x4d, 
    0xfd, 0x4d, 0xfd, 0x45, 0xfd, 0x45, 0xfd, 0x45, 0xfd, 0x45, 0xfd, 0x45, 
    0xfd, 0x45, 0xfd, 0x45, 0xfd, 0x45, 0xfd, 0x45, 0xfd, 0x45, 0xfd, 0x45, 
    0xfc, 0x45, 0xfd, 0x45, 0xfd, 0x45, 0xfd, 0x45, 0xfd, 0x45, 0xfd, 0x45, 
    0xfd, 0x45, 0xfd, 0x45, 0xfd, 0x45, 0xfd, 0x45, 0xfd, 0x45, 0xfd, 0x45, 
    0xfd, 0x45, 0xfd, 0x45, 0xfd, 0x45, 0xfd, 0x45, 0x1d, 0x46, 0xfd, 0x45, 
    0x1d, 0x46, 0xfd, 0x45, 0xfd, 0x45, 0xfd, 0x45, 0xfd, 0x45, 0xfd, 0x45, 
    0xfd, 0x45, 0xfd, 0x45, 0xfd, 0x45, 0xfd, 0x45, 0xfd, 0x45, 0xfd, 0x45, 
    0xfd, 0x45, 0xfd, 0x45, 0xfd, 0x45, 0xdd, 0x45, 0xfd, 0x3d, 0xfd, 0x45, 
    0xfd, 0x45, 0xfd, 0x45, 0xfd, 0x45, 0x1d, 0x46, 0x1d, 0x46, 0x1d, 0x46, 
    0x1d, 0x46, 0x1d, 0x46, 0xfd, 0x45, 0xfd, 0x45, 0xfd, 0x45, 0xfd, 0x45, 
    0xfd, 0x45, 0xfd, 0x45, 0xfd, 0x45, 0xfd, 0x45, 0xfd, 0x45, 0xfd, 0x3d, 
    0xfc, 0x45, 0xfd, 0x3d, 0xfd, 0x45, 0xfd, 0x45, 0xfd, 0x45, 0xfd, 0x45, 
    0xfd, 0x45, 0xfd, 0x45, 0xfd, 0x45, 0xfd, 0x45, 0xfd, 0x45, 0xfd, 0x45, 
    0x1d, 0x46, 0x1d, 0x46, 0x1d, 0x46, 0x1d, 0x46, 0x1d, 0x4e, 0x1d, 0x4e, 
    0xfd, 0x45, 0x1d, 0x46, 0xfd, 0x45, 0xfd, 0x45, 0xfd, 0x45, 0xfd, 0x45, 
    0xfd, 0x45, 0x1d, 0x46, 0xfd, 0x45, 0xfd, 0x45, 0xfd, 0x45, 0xfd, 0x45, 
    0xfd, 0x45, 0xfd, 0x45, 0xfd, 0x45, 0xfd, 0x45, 0xfd, 0x45, 0xfd, 0x45, 
    0xfd, 0x45, 0xfd, 0x45, 0xfd, 0x45, 0xfd, 0x45, 0xfd, 0x45, 0xfd, 0x45, 
    0xfd, 0x45, 0xfd, 0x45, 0xfd, 0x45, 0xfd, 0x45, 0xfd, 0x45, 0xfc, 0x45, 
    0xfd, 0x45, 0xfd, 0x45, 0xfd, 0x45, 0x1d, 0x46, 0x1d, 0x46, 0xfd, 0x4d, 
    0xfd, 0x45, 0x1d, 0x46, 0x1d, 0x46, 0x1d, 0x46, 0x1d, 0x46, 0x1d, 0x46, 
    0xfd, 0x45, 0xfd, 0x45, 0x1d, 0x46, 0xfd, 0x45, 0xfd, 0x45, 0xfd, 0x45, 
    0xfd, 0x45, 0xfd, 0x45, 0xfd, 0x45, 0xfd, 0x45, 0xfd, 0x45, 0xfd, 0x45, 
    0xfd, 0x45, 0xfd, 0x45, 0xfd, 0x45, 0xfd, 0x45, 0xfd, 0x45, 0xdd, 0x3d, 
    0xdd, 0x45, 0xdd, 0x45, 0xdd, 0x45, 0xdd, 0x45, 0xfd, 0x45, 0xfd, 0x45, 
    0xfd, 0x45, 0xfd, 0x45, 0xfd, 0x45, 0xfd, 0x45, 0xfd, 0x45, 0xfd, 0x45, 
    0xfd, 0x45, 0xfd, 0x45, 0xfd, 0x45, 0xfd, 0x45, 0xfd, 0x45, 0xfd, 0x45, 
    0xfd, 0x45, 0xfd, 0x45, 0xfd, 0x45, 0xfd, 0x45, 0x1d, 0x46, 0x1d, 0x46, 
    0xfd, 0x45, 0xfd, 0x45, 0xfd, 0x45, 0xfd, 0x45, 0xfd, 0x45, 0xfd, 0x45, 
    0xfd, 0x45, 0xfd, 0x45, 0xfd, 0x45, 0xfd, 0x45, 0xfd, 0x45, 0xfd, 0x45, 
    0x1d, 0x46, 0xfd, 0x45, 0xfd, 0x45, 0xfd, 0x45, 0x1d, 0x46, 0x1d, 0x46, 
    0xfd, 0x45, 0xfc, 0x45, 0xfc, 0x4d, 0xfc, 0x4d, 0x1c, 0x4e, 0x1c, 0x4e, 
    0x1c, 0x56, 0x1c, 0x56, 0x1c, 0x56, 0x1c, 0x56, 0x1c, 0x56, 0x1d, 0x5e, 
    0x3c, 0x66, 0x68, 0xac, 0xaa, 0xf6, 0xab, 0xf6, 0xab, 0xfe, 0xab, 0xfe, 
    0xab, 0xfe, 0xac, 0xfe, 0xac, 0xfe, 0x89, 0xfe, 0x8b, 0xf6, 0xcb, 0xdd, 
    0x4f, 0xe6, 0x12, 0xf7, 0xf3, 0xf6, 0x12, 0xf7, 0x12, 0xf7, 0x13, 0xf7, 
    0xd2, 0xee, 0x4b, 0xc5, 0xce, 0xf6, 0x6b, 0xf6, 0xcc, 0xfe, 0xcc, 0xfe, 
    0xec, 0xfe, 0x27, 0xbc, 0x4e, 0xe6, 0xbd, 0x8e, 0x99, 0x96, 0x8f, 0xa5, 
    0x52, 0xef, 0xd4, 0xff, 0xd4, 0xf7, 0x0f, 0x85, 0x1d, 0x56, 0x1c, 0x56, 
    0x1d, 0x56, 0x1c, 0x56, 0x1d, 0x4e, 0x1d, 0x4e, 0xfd, 0x4d, 0x1d, 0x4e, 
    0xfd, 0x4d, 0xfd, 0x4d, 0xfd, 0x45, 0xfd, 0x45, 0xfd, 0x45, 0xfd, 0x45, 
    0xfd, 0x45, 0xfd, 0x45, 0xfd, 0x45, 0xfd, 0x45, 0xfd, 0x45, 0xfd, 0x45, 
    0xfd, 0x45, 0xfd, 0x45, 0xfd, 0x45, 0xfd, 0x45, 0xfd, 0x45, 0xfd, 0x45, 
    0xfd, 0x45, 0xfd, 0x45, 0x1d, 0x46, 0xfd, 0x45, 0xfd, 0x45, 0xfd, 0x45, 
    0xfd, 0x45, 0x1d, 0x46, 0xfd, 0x45, 0x1d, 0x46, 0x1d, 0x46, 0xfd, 0x45, 
    0xfd, 0x45, 0xfd, 0x45, 0x1d, 0x46, 0xfd, 0x45, 0xfd, 0x45, 0xfd, 0x45, 
    0xfd, 0x45, 0xfd, 0x45, 0xfd, 0x45, 0xfd, 0x45, 0xfd, 0x45, 0xfd, 0x45, 
    0xfd, 0x45, 0xfd, 0x45, 0xfd, 0x45, 0xfd, 0x45, 0xfd, 0x45, 0xfd, 0x45, 
    0xfd, 0x45, 0x1d, 0x46, 0xfd, 0x45, 0x1d, 0x46, 0x1d, 0x46, 0x1d, 0x46, 
    0x1d, 0x46, 0xfd, 0x45, 0x1d, 0x46, 0xfd, 0x45, 0x1d, 0x46, 0xfd, 0x45, 
    0xfd, 0x45, 0xfd, 0x45, 0xfd, 0x45, 0xfd, 0x45, 0xfd, 0x45, 0xfd, 0x45, 
    0xfc, 0x3d, 0xfd, 0x45, 0xfd, 0x45, 0xfd, 0x45, 0xfd, 0x45, 0xfd, 0x45, 
    0xfd, 0x45, 0xfd, 0x45, 0xfd, 0x45, 0x1d, 0x46, 0xfd, 0x45, 0x1d, 0x46, 
    0x1d, 0x46, 0x1d, 0x46, 0x1e, 0x46, 0x1d, 0x46, 0x1d, 0x4e, 0x1e, 0x46, 
    0x1d, 0x46, 0xfd, 0x45, 0xfd, 0x45, 0xfd, 0x45, 0x1d, 0x46, 0xfd, 0x45, 
    0xfd, 0x45, 0x1d, 0x46, 0xfd, 0x45, 0xfd, 0x45, 0xfd, 0x45, 0xfd, 0x45, 
    0xfd, 0x45, 0xfd, 0x45, 0xfd, 0x45, 0xfd, 0x45, 0xfd, 0x45, 0xfd, 0x45, 
    0xfd, 0x45, 0xfd, 0x45, 0xfd, 0x45, 0xfd, 0x45, 0xfd, 0x45, 0xfd, 0x45, 
    0xfd, 0x45, 0xfd, 0x45, 0xfd, 0x45, 0xfd, 0x45, 0xfc, 0x45, 0xfd, 0x45, 
    0xfd, 0x45, 0xfd, 0x45, 0xfd, 0x45, 0x1d, 0x46, 0x1d, 0x46, 0x1d, 0x46, 
    0xfd, 0x45, 0x1d, 0x46, 0x1d, 0x46, 0x1d, 0x46, 0x1d, 0x46, 0x1e, 0x46, 
    0x1d, 0x46, 0x1d, 0x46, 0x1d, 0x46, 0xfd, 0x45, 0xfd, 0x45, 0xfd, 0x45, 
    0xfd, 0x45, 0xfd, 0x45, 0xfd, 0x45, 0xfd, 0x45, 0xfd, 0x45, 0xfd, 0x45, 
    0xfd, 0x45, 0xfd, 0x45, 0xfd, 0x45, 0xfd, 0x45, 0xfd, 0x45, 0xfd, 0x45, 
    0xfd, 0x45, 0xdd, 0x45, 0xfd, 0x45, 0xdd, 0x45, 0xdd, 0x45, 0xfd, 0x45, 
    0xfd, 0x45, 0xfd, 0x45, 0xfd, 0x45, 0xfd, 0x45, 0xfd, 0x45, 0xfd, 0x45, 
    0xfd, 0x45, 0xfd, 0x45, 0xfd, 0x45, 0xfd, 0x45, 0xfd, 0x45, 0xfd, 0x45, 
    0xfd, 0x45, 0xfd, 0x45, 0xfd, 0x45, 0x1e, 0x46, 0xfd, 0x45, 0xfd, 0x45, 
    0x1d, 0x46, 0xfd, 0x45, 0xfd, 0x45, 0xfd, 0x45, 0xfd, 0x45, 0xfd, 0x45, 
    0xfd, 0x45, 0xfd, 0x45, 0xfd, 0x45, 0xfd, 0x45, 0xfd, 0x45, 0x1d, 0x46, 
    0xfd, 0x45, 0xfd, 0x45, 0xfd, 0x45, 0x1d, 0x46, 0x1d, 0x46, 0xfd, 0x45, 
    0xfc, 0x45, 0xfd, 0x4d, 0x1d, 0x4e, 0x1c, 0x4e, 0x1d, 0x4e, 0x1d, 0x4e, 
    0x3d, 0x56, 0x3c, 0x5e, 0x3c, 0x5e, 0x3c, 0x5e, 0x3c, 0x5e, 0x3c, 0x66, 
    0x3c, 0x76, 0x5b, 0x8e, 0x6a, 0xf6, 0x8a, 0xf6, 0x8b, 0xf6, 0xab, 0xfe, 
    0xab, 0xfe, 0x8b, 0xf6, 0x0a, 0xe6, 0xf0, 0xf6, 0xcf, 0xf6, 0xcf, 0xf6, 
    0xcf, 0xf6, 0xcf, 0xf6, 0xcf, 0xf6, 0xd0, 0xf6, 0xcf, 0xf6, 0xd0, 0xf6, 
    0xf0, 0xf6, 0xf1, 0xf6, 0x12, 0xff, 0x54, 0xff, 0xed, 0xdd, 0x8a, 0xee, 
    0xaa, 0xfe, 0x2a, 0xf6, 0x0b, 0xbd, 0x33, 0xf7, 0xb2, 0xff, 0x10, 0xff, 
    0xce, 0xfe, 0xce, 0xfe, 0x10, 0xff, 0x2e, 0x6c, 0x3d, 0x56, 0x1d, 0x56, 
    0x1d, 0x56, 0x1d, 0x56, 0x1d, 0x56, 0x1d, 0x4e, 0x1d, 0x4e, 0xfd, 0x4d, 
    0x1d, 0x46, 0x1d, 0x4e, 0xfd, 0x4d, 0xfd, 0x45, 0x1d, 0x46, 0x1d, 0x4e, 
    0x1d, 0x46, 0xfd, 0x45, 0x1d, 0x46, 0xfd, 0x45, 0x1d, 0x46, 0xfd, 0x45, 
    0xfd, 0x45, 0xfd, 0x45, 0xfd, 0x45, 0xfd, 0x45, 0xfd, 0x45, 0xfd, 0x45, 
    0xfd, 0x45, 0xfd, 0x45, 0x1d, 0x46, 0xfd, 0x45, 0x1d, 0x46, 0x1d, 0x46, 
    0xfd, 0x45, 0x1d, 0x46, 0xfd, 0x45, 0x1d, 0x46, 0xfd, 0x45, 0xfd, 0x45, 
    0x1d, 0x46, 0xfd, 0x45, 0xfd, 0x45, 0xfd, 0x45, 0xfd, 0x45, 0xfd, 0x45, 
    0xfd, 0x45, 0xfd, 0x45, 0xfd, 0x45, 0xfd, 0x45, 0xfd, 0x45, 0xfd, 0x45, 
    0xfd, 0x45, 0x1d, 0x46, 0xfd, 0x45, 0x1d, 0x46, 0xfd, 0x45, 0xfd, 0x45, 
    0x1d, 0x46, 0xfd, 0x45, 0xfd, 0x45, 0xfd, 0x45, 0xfd, 0x45, 0xfd, 0x45, 
    0x1d, 0x46, 0x1d, 0x46, 0x1d, 0x46, 0x1d, 0x46, 0x1d, 0x46, 0xfd, 0x45, 
    0xfd, 0x45, 0xfd, 0x45, 0xfd, 0x45, 0xfd, 0x45, 0xfd, 0x45, 0xfd, 0x45, 
    0xfd, 0x45, 0xfd, 0x45, 0xfd, 0x45, 0xfd, 0x45, 0xfd, 0x45, 0xfd, 0x45, 
    0xfd, 0x45, 0xfd, 0x45, 0xfd, 0x45, 0xfd, 0x45, 0xfd, 0x45, 0x1e, 0x46, 
    0x1d, 0x46, 0x1e, 0x46, 0x1d, 0x46, 0x1d, 0x4e, 0x1d, 0x46, 0x1d, 0x4e, 
    0x1d, 0x4e, 0x1d, 0x46, 0x1d, 0x46, 0x1d, 0x46, 0x1d, 0x46, 0x1d, 0x46, 
    0x1d, 0x46, 0xfd, 0x45, 0xfd, 0x45, 0xfd, 0x45, 0xfd, 0x45, 0xfd, 0x45, 
    0xfd, 0x45, 0xfd, 0x45, 0xfd, 0x45, 0xfd, 0x45, 0xfd, 0x45, 0xfd, 0x45, 
    0xfe, 0x45, 0xfd, 0x45, 0xfd, 0x45, 0x1d, 0x46, 0xfd, 0x45, 0xfd, 0x45, 
    0xfd, 0x45, 0xfd, 0x45, 0xfd, 0x45, 0xfd, 0x45, 0xfd, 0x45, 0xfd, 0x45, 
    0xfd, 0x45, 0xfd, 0x45, 0xfd, 0x45, 0xfd, 0x45, 0x1d, 0x46, 0xfd, 0x45, 
    0x1d, 0x46, 0x1d, 0x46, 0x1d, 0x46, 0x1e, 0x46, 0x1d, 0x46, 0x1d, 0x46, 
    0x1d, 0x46, 0x1d, 0x46, 0x1e, 0x46, 0x1d, 0x46, 0xfd, 0x45, 0xfd, 0x45, 
    0xfd, 0x45, 0xfd, 0x45, 0xfd, 0x45, 0xfd, 0x45, 0xfd, 0x45, 0xfd, 0x45, 
    0xfd, 0x45, 0xfd, 0x45, 0xfd, 0x45, 0xfd, 0x45, 0xfd, 0x45, 0xfd, 0x45, 
    0xfd, 0x45, 0xdd, 0x45, 0xdd, 0x45, 0xfd, 0x45, 0xfd, 0x45, 0xfd, 0x45, 
    0xfd, 0x45, 0xfd, 0x45, 0xfd, 0x45, 0xfd, 0x45, 0xfd, 0x45, 0xfd, 0x45, 
    0xfd, 0x45, 0xfd, 0x45, 0xfd, 0x45, 0xfd, 0x45, 0xfd, 0x45, 0xfd, 0x45, 
    0xfd, 0x45, 0xfd, 0x45, 0xfd, 0x45, 0xfd, 0x45, 0x1d, 0x46, 0x1d, 0x46, 
    0xfd, 0x45, 0xfd, 0x45, 0xfd, 0x45, 0xfd, 0x45, 0xfd, 0x4d, 0xfd, 0x45, 
    0xfd, 0x4d, 0xfd, 0x45, 0xfd, 0x45, 0xfd, 0x45, 0xfd, 0x45, 0x1d, 0x46, 
    0xfd, 0x45, 0xfd, 0x45, 0xfd, 0x45, 0xfd, 0x45, 0x1d, 0x46, 0xfd, 0x4d, 
    0xfc, 0x4d, 0xfc, 0x45, 0x1d, 0x4e, 0x1c, 0x4e, 0x1c, 0x4e, 0x3c, 0x56, 
    0x3d, 0x5e, 0x3d, 0x5e, 0x3d, 0x66, 0x3c, 0x66, 0x3d, 0x66, 0x59, 0x9e, 
    0xea, 0xf5, 0x13, 0xad, 0xe9, 0xe5, 0x6a, 0xf6, 0x8b, 0xf6, 0xaa, 0xfe, 
    0x0a, 0xe6, 0x2e, 0xde, 0xcd, 0xf6, 0xce, 0xf6, 0xce, 0xf6, 0xce, 0xf6, 
    0xcd, 0xf6, 0xce, 0xf6, 0xad, 0xf6, 0xce, 0xf6, 0xce, 0xf6, 0xcf, 0xf6, 
    0xef, 0xf6, 0xf0, 0xfe, 0xf0, 0xfe, 0x11, 0xff, 0x13, 0xf7, 0x77, 0xf7, 
    0xe9, 0xcc, 0x6a, 0xf6, 0xce, 0xf6, 0x6d, 0xee, 0x6c, 0xf6, 0x8c, 0xf6, 
    0x8c, 0xf6, 0xad, 0xf6, 0x30, 0xff, 0x77, 0x75, 0x3c, 0x5e, 0x1d, 0x56, 
    0x1d, 0x56, 0x1c, 0x56, 0x1d, 0x56, 0x1d, 0x4e, 0x1d, 0x4e, 0x1d, 0x4e, 
    0x1d, 0x4e, 0x1d, 0x4e, 0x1d, 0x46, 0xfd, 0x45, 0x1d, 0x46, 0x1d, 0x46, 
    0x1d, 0x46, 0x1d, 0x4e, 0x1d, 0x46, 0xfd, 0x45, 0x1d, 0x46, 0xfd, 0x45, 
    0xfd, 0x45, 0xfd, 0x45, 0x1d, 0x46, 0x1d, 0x46, 0x1d, 0x46, 0x1d, 0x46, 
    0x1d, 0x46, 0x1d, 0x46, 0xfd, 0x45, 0x1d, 0x46, 0x1d, 0x46, 0x1d, 0x46, 
    0x1d, 0x46, 0x1d, 0x46, 0x1d, 0x46, 0x1d, 0x46, 0x1d, 0x46, 0x1d, 0x46, 
    0xfd, 0x45, 0xfd, 0x45, 0xfd, 0x45, 0x1d, 0x46, 0xfd, 0x45, 0xfd, 0x45, 
    0xfd, 0x45, 0xfd, 0x45, 0xfd, 0x45, 0xfd, 0x45, 0xfd, 0x45, 0xfd, 0x45, 
    0xfd, 0x45, 0x1d, 0x46, 0x1d, 0x46, 0xfd, 0x45, 0xfd, 0x45, 0xfd, 0x45, 
    0x1c, 0x46, 0xfe, 0x45, 0xfd, 0x45, 0xfd, 0x45, 0xfd, 0x45, 0xfd, 0x45, 
    0xfd, 0x45, 0x1d, 0x46, 0x1d, 0x46, 0xfd, 0x45, 0x1d, 0x46, 0xfd, 0x45, 
    0xfd, 0x45, 0xfd, 0x45, 0xfd, 0x45, 0xfc, 0x45, 0xfd, 0x45, 0xfd, 0x45, 
    0xfd, 0x45, 0xfd, 0x45, 0xfd, 0x45, 0xfd, 0x45, 0xfd, 0x45, 0xfd, 0x45, 
    0xfd, 0x45, 0xfd, 0x45, 0xfd, 0x45, 0xfd, 0x45, 0x1d, 0x46, 0x1d, 0x46, 
    0x1d, 0x46, 0x1d, 0x46, 0x1d, 0x4e, 0x1e, 0x46, 0x1e, 0x4e, 0x1d, 0x46, 
    0x1d, 0x46, 0x1e, 0x46, 0x1d, 0x46, 0x1e, 0x46, 0x1d, 0x46, 0x1d, 0x46, 
    0xfd, 0x45, 0xfd, 0x45, 0xfd, 0x45, 0xfd, 0x45, 0xfd, 0x45, 0xfd, 0x45, 
    0xfd, 0x45, 0xfd, 0x45, 0xfd, 0x45, 0x1d, 0x46, 0xfd, 0x45, 0xfd, 0x45, 
    0x1d, 0x46, 0xfd, 0x45, 0xfd, 0x45, 0xfd, 0x45, 0xfd, 0x45, 0xfd, 0x45, 
    0xfd, 0x45, 0xfd, 0x45, 0xfd, 0x45, 0xfd, 0x45, 0xfd, 0x45, 0xfd, 0x45, 
    0xfd, 0x45, 0xfd, 0x45, 0xfd, 0x45, 0xfd, 0x45, 0x1d, 0x46, 0x1d, 0x4e, 
    0xfd, 0x45, 0x1d, 0x46, 0x1d, 0x46, 0x1d, 0x46, 0x1d, 0x46, 0xfd, 0x45, 
    0x1d, 0x46, 0x1d, 0x46, 0x1e, 0x46, 0x1d, 0x46, 0xfd, 0x45, 0x1d, 0x46, 
    0x1d, 0x46, 0x1d, 0x46, 0xfd, 0x45, 0xfd, 0x45, 0xfd, 0x45, 0xfd, 0x45, 
    0xfd, 0x45, 0xfd, 0x45, 0xfd, 0x45, 0xfd, 0x45, 0xfd, 0x45, 0xfd, 0x45, 
    0xfd, 0x45, 0xfd, 0x45, 0xfd, 0x45, 0xfd, 0x45, 0xfd, 0x45, 0xfd, 0x45, 
    0xfd, 0x45, 0xfd, 0x45, 0xfd, 0x45, 0xfd, 0x45, 0xfd, 0x45, 0xfd, 0x45, 
    0xfd, 0x45, 0xfd, 0x45, 0xfd, 0x45, 0xfd, 0x45, 0xfd, 0x45, 0xfd, 0x45, 
    0xfd, 0x45, 0xfd, 0x45, 0xfd, 0x45, 0xfd, 0x45, 0xfd, 0x45, 0x1d, 0x46, 
    0xfd, 0x45, 0xfd, 0x45, 0xfd, 0x45, 0xfd, 0x45, 0xfd, 0x45, 0xfd, 0x45, 
    0xfd, 0x45, 0xfd, 0x45, 0xfd, 0x45, 0x1d, 0x46, 0xfd, 0x45, 0x1d, 0x46, 
    0xfd, 0x45, 0xfd, 0x45, 0x1d, 0x46, 0x1d, 0x46, 0x1d, 0x46, 0x1d, 0x4e, 
    0xfd, 0x4d, 0x1d, 0x4e, 0x1d, 0x4e, 0x1d, 0x4e, 0x1d, 0x56, 0x3d, 0x56, 
    0x5d, 0x5e, 0x5e, 0x66, 0x5d, 0x6e, 0x5d, 0x6e, 0x7e, 0x76, 0x39, 0x8e, 
    0xca, 0xf5, 0xea, 0xf5, 0xea, 0xc4, 0x49, 0xf6, 0x69, 0xf6, 0xc8, 0xc4, 
    0xee, 0xf6, 0xad, 0xf6, 0xad, 0xf6, 0xcd, 0xf6, 0xcd, 0xfe, 0xcd, 0xfe, 
    0xcd, 0xfe, 0xcd, 0xf6, 0xad, 0xf6, 0xae, 0xf6, 0xcd, 0xf6, 0xce, 0xfe, 
    0xce, 0xf6, 0xef, 0xfe, 0xf0, 0xfe, 0xf1, 0xfe, 0xf1, 0xfe, 0xf2, 0xfe, 
    0x13, 0xf7, 0x71, 0xe6, 0x6b, 0xf6, 0x6b, 0xf6, 0x6b, 0xf6, 0x8b, 0xf6, 
    0x8c, 0xf6, 0xac, 0xfe, 0xcb, 0xdd, 0x5c, 0x76, 0x1d, 0x66, 0x1c, 0x5e, 
    0x1d, 0x5e, 0x1d, 0x56, 0x1d, 0x56, 0x1d, 0x56, 0x1d, 0x4e, 0x1d, 0x4e, 
    0x1d, 0x4e, 0x1d, 0x4e, 0x1d, 0x4e, 0x1d, 0x4e, 0xfd, 0x45, 0x1d, 0x46, 
    0x1d, 0x46, 0x1d, 0x46, 0xfd, 0x45, 0x1e, 0x46, 0x1d, 0x46, 0x1d, 0x46, 
    0xfd, 0x45, 0x1d, 0x46, 0x1d, 0x46, 0xfd, 0x45, 0x1d, 0x46, 0x1d, 0x46, 
    0xfd, 0x45, 0x1d, 0x46, 0x1e, 0x46, 0x1d, 0x46, 0x1d, 0x46, 0x1d, 0x46, 
    0xfe, 0x45, 0xfd, 0x45, 0x1d, 0x46, 0x1d, 0x46, 0xfd, 0x45, 0x1d, 0x46, 
    0x1e, 0x46, 0x1d, 0x46, 0xfd, 0x45, 0xfd, 0x45, 0xfd, 0x45, 0xfd, 0x45, 
    0xfd, 0x45, 0xfd, 0x45, 0xfd, 0x45, 0xfd, 0x45, 0xfd, 0x45, 0xfd, 0x45, 
    0xfd, 0x45, 0xfd, 0x45, 0xfd, 0x45, 0xfd, 0x45, 0xfd, 0x45, 0xfd, 0x45, 
    0xfd, 0x45, 0xfd, 0x45, 0x1d, 0x46, 0xfd, 0x45, 0xfd, 0x45, 0xfd, 0x45, 
    0xfd, 0x45, 0xfd, 0x45, 0x1d, 0x46, 0x1d, 0x46, 0xfd, 0x45, 0x1d, 0x46, 
    0xfd, 0x45, 0xfd, 0x45, 0xfd, 0x45, 0xfd, 0x45, 0xfd, 0x45, 0x1d, 0x46, 
    0xfd, 0x45, 0x1d, 0x46, 0xfd, 0x45, 0xfd, 0x45, 0xfd, 0x45, 0xfd, 0x45, 
    0xfd, 0x45, 0xfd, 0x45, 0xfd, 0x45, 0xfd, 0x45, 0x1d, 0x46, 0xfd, 0x45, 
    0x1d, 0x46, 0x1d, 0x46, 0x1e, 0x46, 0x1e, 0x4e, 0x1e, 0x46, 0x1e, 0x46, 
    0x1e, 0x4e, 0x1e, 0x46, 0x1e, 0x46, 0x1d, 0x46, 0x1d, 0x46, 0x1e, 0x46, 
    0xfd, 0x45, 0x1d, 0x46, 0xfd, 0x45, 0x1d, 0x46, 0xfd, 0x45, 0xfd, 0x45, 
    0xfd, 0x45, 0xfd, 0x45, 0xfd, 0x45, 0xfd, 0x45, 0xfd, 0x45, 0xfd, 0x45, 
    0xfd, 0x45, 0x1d, 0x46, 0xfd, 0x45, 0xfd, 0x45, 0xfd, 0x45, 0xfd, 0x45, 
    0xfd, 0x45, 0xfd, 0x45, 0xfd, 0x45, 0xfd, 0x45, 0xfd, 0x45, 0xfd, 0x45, 
    0xfd, 0x45, 0xfd, 0x45, 0xfd, 0x45, 0xfd, 0x45, 0xfd, 0x45, 0x1d, 0x46, 
    0x1d, 0x46, 0x1e, 0x46, 0x1e, 0x46, 0x1e, 0x46, 0x1e, 0x46, 0x1d, 0x46, 
    0x1d, 0x46, 0x1d, 0x46, 0x1e, 0x46, 0x1d, 0x46, 0x1d, 0x46, 0x1d, 0x46, 
    0xfd, 0x45, 0x1d, 0x46, 0xfe, 0x45, 0x1d, 0x46, 0xfe, 0x45, 0x1d, 0x46, 
    0xfd, 0x45, 0xfd, 0x45, 0xfd, 0x45, 0xfd, 0x45, 0xfd, 0x45, 0xfd, 0x45, 
    0xfd, 0x45, 0xfd, 0x45, 0xfd, 0x45, 0xfd, 0x45, 0xfd, 0x45, 0xfd, 0x45, 
    0xfd, 0x45, 0xfd, 0x45, 0xfd, 0x45, 0xfd, 0x45, 0xfd, 0x45, 0xfd, 0x45, 
    0xfd, 0x45, 0xfd, 0x45, 0xfd, 0x45, 0xfd, 0x45, 0xfd, 0x45, 0xfd, 0x45, 
    0xfd, 0x45, 0xfd, 0x45, 0xfd, 0x45, 0x1d, 0x46, 0xfe, 0x45, 0xfd, 0x45, 
    0xfd, 0x45, 0xfd, 0x45, 0xfd, 0x45, 0xfd, 0x45, 0xfd, 0x45, 0xfd, 0x45, 
    0xfd, 0x45, 0xfd, 0x45, 0xfd, 0x45, 0x1d, 0x46, 0x1e, 0x46, 0xfd, 0x45, 
    0xfd, 0x45, 0xfd, 0x45, 0x1d, 0x46, 0x1d, 0x46, 0x1d, 0x46, 0xfd, 0x45, 
    0xfd, 0x4d, 0xfd, 0x4d, 0x1c, 0x4e, 0x1d, 0x4e, 0x1d, 0x56, 0xbe, 0x6e, 
    0xf5, 0xd6, 0x77, 0xe7, 0x57, 0xef, 0x56, 0xef, 0x36, 0xef, 0x55, 0xef, 
    0x8f, 0xe6, 0x88, 0xac, 0xe9, 0xf5, 0x29, 0xf6, 0x2a, 0xcd, 0xad, 0xee, 
    0xcd, 0xf6, 0xcd, 0xf6, 0xcd, 0xf6, 0xcd, 0xfe, 0xcd, 0xfe, 0xed, 0xfe, 
    0xed, 0xfe, 0xcd, 0xfe, 0xcd, 0xf6, 0xad, 0xf6, 0xcd, 0xf6, 0xcd, 0xfe, 
    0xce, 0xf6, 0xee, 0xfe, 0xef, 0xfe, 0xf0, 0xfe, 0xf0, 0xfe, 0xf1, 0xfe, 
    0xf1, 0xfe, 0xf2, 0xf6, 0x51, 0xde, 0x6c, 0xf6, 0x6b, 0xf6, 0x8b, 0xf6, 
    0x8c, 0xfe, 0xcd, 0xfe, 0xd5, 0xc6, 0x5b, 0x76, 0x1c, 0x66, 0x1c, 0x5e, 
    0x1d, 0x5e, 0x1c, 0x5e, 0x1d, 0x56, 0x1d, 0x56, 0x1d, 0x56, 0x1d, 0x4e, 
    0x1d, 0x4e, 0x1d, 0x4e, 0x1d, 0x4e, 0x1d, 0x4e, 0x1d, 0x4e, 0x1d, 0x46, 
    0x1d, 0x46, 0x1d, 0x46, 0x1d, 0x46, 0x1d, 0x46, 0x1d, 0x4e, 0x1e, 0x46, 
    0x1d, 0x46, 0x1d, 0x46, 0x1c, 0x46, 0x1d, 0x46, 0x1d, 0x46, 0x1d, 0x46, 
    0xfd, 0x45, 0x1d, 0x46, 0x1d, 0x46, 0x1d, 0x46, 0x1d, 0x46, 0x1d, 0x46, 
    0x1d, 0x46, 0x1d, 0x46, 0x1d, 0x46, 0x1e, 0x46, 0x1d, 0x46, 0x1d, 0x46, 
    0x1e, 0x46, 0x1d, 0x46, 0xfd, 0x45, 0xfd, 0x45, 0xfd, 0x45, 0xfd, 0x45, 
    0xfd, 0x45, 0xfd, 0x45, 0xfd, 0x45, 0xfd, 0x45, 0xfd, 0x45, 0xfd, 0x45, 
    0xfd, 0x45, 0x1d, 0x46, 0x1d, 0x46, 0xfd, 0x45, 0xfd, 0x45, 0xfd, 0x45, 
    0xfd, 0x45, 0xfd, 0x45, 0xfd, 0x45, 0xfd, 0x45, 0x1d, 0x46, 0x1d, 0x46, 
    0xfd, 0x45, 0x1d, 0x46, 0x1d, 0x46, 0x1e, 0x46, 0x1d, 0x46, 0x1d, 0x46, 
    0x1d, 0x46, 0x1d, 0x46, 0x1d, 0x46, 0x1d, 0x46, 0x1d, 0x46, 0xfe, 0x45, 
    0x1d, 0x46, 0xfd, 0x45, 0xfd, 0x45, 0xfd, 0x45, 0xfd, 0x45, 0xfd, 0x45, 
    0xfd, 0x45, 0xfd, 0x45, 0xfd, 0x45, 0xfd, 0x45, 0xfd, 0x45, 0xfd, 0x45, 
    0x1d, 0x46, 0x1e, 0x46, 0x1e, 0x46, 0x1e, 0x46, 0x1e, 0x46, 0x1e, 0x46, 
    0x1d, 0x46, 0x1e, 0x46, 0x1e, 0x46, 0x1d, 0x46, 0x1d, 0x46, 0x1d, 0x46, 
    0x1d, 0x46, 0x1d, 0x46, 0x1d, 0x46, 0x1d, 0x46, 0x1d, 0x46, 0x1d, 0x46, 
    0xfd, 0x45, 0xfd, 0x45, 0xfd, 0x45, 0x1d, 0x46, 0x1e, 0x46, 0xfe, 0x45, 
    0x1d, 0x46, 0x1d, 0x46, 0xfd, 0x45, 0xfd, 0x45, 0xfd, 0x45, 0xfd, 0x45, 
    0xfd, 0x45, 0xfd, 0x45, 0xfd, 0x45, 0xfd, 0x45, 0xfd, 0x45, 0xfd, 0x45, 
    0xfd, 0x45, 0xfd, 0x45, 0xfd, 0x45, 0xfd, 0x45, 0xfd, 0x45, 0xfd, 0x45, 
    0x1d, 0x46, 0x1e, 0x4e, 0x1e, 0x4e, 0x1e, 0x46, 0x1e, 0x46, 0x1d, 0x46, 
    0x1d, 0x46, 0x1d, 0x46, 0x1d, 0x46, 0x1d, 0x46, 0x1d, 0x46, 0x1e, 0x46, 
    0x1d, 0x46, 0xfd, 0x45, 0xfd, 0x45, 0x1d, 0x46, 0x1e, 0x4e, 0x1e, 0x4e, 
    0xfe, 0x45, 0xfe, 0x45, 0xfd, 0x45, 0xfd, 0x45, 0xfd, 0x45, 0xfd, 0x45, 
    0xfd, 0x45, 0xfd, 0x45, 0xfd, 0x45, 0xfd, 0x45, 0xfc, 0x45, 0xfd, 0x45, 
    0xfd, 0x45, 0xfd, 0x45, 0xfd, 0x45, 0xfd, 0x45, 0xfd, 0x45, 0xfc, 0x45, 
    0xfd, 0x45, 0xfd, 0x45, 0xfd, 0x45, 0xfd, 0x45, 0xfd, 0x45, 0xfd, 0x45, 
    0x1d, 0x46, 0x1d, 0x46, 0x1d, 0x46, 0x1d, 0x46, 0xfd, 0x45, 0xfd, 0x45, 
    0xfd, 0x45, 0xfd, 0x45, 0xfd, 0x45, 0xfd, 0x45, 0xfd, 0x45, 0xfd, 0x45, 
    0xfd, 0x45, 0xfd, 0x45, 0xfd, 0x45, 0xfd, 0x45, 0x1d, 0x46, 0x1d, 0x46, 
    0x1d, 0x46, 0x1d, 0x46, 0xfd, 0x45, 0x1d, 0x46, 0xfe, 0x45, 0xfd, 0x45, 
    0x1d, 0x4e, 0x1d, 0x4e, 0x1d, 0x4e, 0x1c, 0x4e, 0x3d, 0x56, 0xed, 0x6b, 
    0x2e, 0xff, 0x0e, 0xff, 0x0e, 0xff, 0xed, 0xfe, 0xec, 0xfe, 0xcc, 0xfe, 
    0xac, 0xfe, 0x8c, 0xfe, 0x2a, 0xf6, 0x28, 0xac, 0x8d, 0xee, 0xcd, 0xf6, 
    0xcd, 0xf6, 0xcd, 0xf6, 0xcd, 0xfe, 0xcd, 0xfe, 0xcd, 0xfe, 0xcd, 0xfe, 
    0xed, 0xfe, 0xcd, 0xfe, 0xcd, 0xfe, 0xcd, 0xf6, 0xcd, 0xf6, 0xcd, 0xf6, 
    0xce, 0xfe, 0xce, 0xfe, 0xce, 0xfe, 0xee, 0xfe, 0xef, 0xfe, 0xf0, 0xfe, 
    0xf0, 0xfe, 0xf1, 0xf6, 0xf1, 0xf6, 0x52, 0xde, 0x8b, 0xf6, 0x8b, 0xfe, 
    0xab, 0xfe, 0x30, 0xff, 0xd7, 0x8d, 0x5c, 0x76, 0x3c, 0x6e, 0x1c, 0x66, 
    0x3c, 0x5e, 0x3d, 0x5e, 0x1d, 0x56, 0x3d, 0x56, 0x1d, 0x56, 0x1d, 0x4e, 
    0x1d, 0x4e, 0x1d, 0x4e, 0x1d, 0x4e, 0x1d, 0x4e, 0x1d, 0x46, 0x1d, 0x46, 
    0x1d, 0x46, 0x1d, 0x46, 0x1d, 0x46, 0x1d, 0x46, 0x1d, 0x46, 0x1d, 0x46, 
    0x1d, 0x46, 0x1d, 0x46, 0x1d, 0x46, 0x1d, 0x46, 0x1d, 0x46, 0x1d, 0x46, 
    0x1d, 0x46, 0x1d, 0x46, 0x1d, 0x46, 0x1d, 0x46, 0x1d, 0x46, 0x1d, 0x46, 
    0x1d, 0x46, 0x1d, 0x46, 0x1d, 0x46, 0x1d, 0x46, 0x1d, 0x46, 0x1d, 0x46, 
    0xfd, 0x45, 0x1d, 0x46, 0x1d, 0x46, 0xfd, 0x45, 0x1d, 0x46, 0x1d, 0x46, 
    0xfd, 0x45, 0xfd, 0x45, 0xfd, 0x45, 0xfd, 0x45, 0xfd, 0x45, 0xfd, 0x3d, 
    0xfd, 0x45, 0xfd, 0x45, 0xfd, 0x45, 0xfd, 0x45, 0xfd, 0x45, 0xfd, 0x45, 
    0xfd, 0x45, 0xfd, 0x45, 0xfd, 0x45, 0xfd, 0x45, 0xfd, 0x45, 0x1d, 0x46, 
    0xfd, 0x45, 0x1d, 0x46, 0x1d, 0x46, 0x1d, 0x46, 0x1e, 0x46, 0x1d, 0x46, 
    0x1d, 0x46, 0x1d, 0x46, 0x1d, 0x46, 0x1d, 0x46, 0x1d, 0x46, 0x1d, 0x46, 
    0x1d, 0x46, 0x1d, 0x46, 0x1d, 0x46, 0xfd, 0x45, 0xfd, 0x45, 0xfd, 0x45, 
    0xfd, 0x45, 0xfd, 0x45, 0xfd, 0x45, 0xfd, 0x45, 0xfd, 0x45, 0x1d, 0x46, 
    0x1d, 0x46, 0x1d, 0x46, 0x1e, 0x46, 0x1e, 0x46, 0x1d, 0x46, 0x1d, 0x46, 
    0x1d, 0x46, 0x1d, 0x46, 0x1d, 0x46, 0x1d, 0x46, 0x1d, 0x46, 0x1d, 0x46, 
    0x1d, 0x46, 0x1d, 0x46, 0x1d, 0x46, 0xfd, 0x45, 0x1d, 0x46, 0x1d, 0x46, 
    0xfd, 0x45, 0x1d, 0x46, 0x1d, 0x46, 0x1d, 0x46, 0x1d, 0x46, 0x1d, 0x46, 
    0x1d, 0x46, 0x1d, 0x46, 0x1d, 0x46, 0xfd, 0x45, 0xfd, 0x45, 0xfd, 0x45, 
    0xfd, 0x45, 0xfd, 0x45, 0xfd, 0x45, 0xfd, 0x45, 0xfd, 0x45, 0xfd, 0x45, 
    0xfd, 0x45, 0xfd, 0x45, 0xfd, 0x45, 0xfd, 0x45, 0xfd, 0x45, 0x1d, 0x46, 
    0x1d, 0x46, 0x1d, 0x46, 0x1e, 0x46, 0x1d, 0x46, 0x1d, 0x46, 0x1d, 0x46, 
    0x1d, 0x46, 0x1d, 0x46, 0x1e, 0x46, 0x1e, 0x46, 0x1d, 0x46, 0x1d, 0x46, 
    0x1d, 0x46, 0x1d, 0x46, 0xfd, 0x45, 0xfd, 0x45, 0x1d, 0x4e, 0xfe, 0x45, 
    0x1d, 0x46, 0xfd, 0x45, 0x1d, 0x46, 0x1d, 0x46, 0xfd, 0x45, 0xfd, 0x45, 
    0xfd, 0x45, 0xfd, 0x45, 0xfd, 0x45, 0xfd, 0x45, 0xfd, 0x45, 0xfd, 0x45, 
    0xfd, 0x45, 0xfd, 0x45, 0xfd, 0x45, 0xfd, 0x45, 0xfd, 0x45, 0xfd, 0x45, 
    0xfd, 0x45, 0xfd, 0x45, 0xfd, 0x45, 0xfd, 0x45, 0xfd, 0x45, 0x1d, 0x46, 
    0x1e, 0x46, 0x1d, 0x46, 0x1e, 0x46, 0x1d, 0x46, 0x1d, 0x46, 0xfd, 0x45, 
    0xfd, 0x45, 0xfd, 0x45, 0xfd, 0x45, 0xfd, 0x45, 0xfd, 0x45, 0xfd, 0x45, 
    0xfd, 0x45, 0xfd, 0x45, 0xfd, 0x45, 0xfd, 0x45, 0x1d, 0x4e, 0x1d, 0x4e, 
    0x1d, 0x46, 0x1d, 0x46, 0xfd, 0x45, 0x1d, 0x46, 0x1d, 0x46, 0xfd, 0x45, 
    0x1c, 0x4e, 0x1d, 0x4e, 0x1c, 0x4e, 0x1d, 0x4e, 0x1d, 0x56, 0x7d, 0x5e, 
    0x8c, 0xe6, 0xeb, 0xfe, 0xeb, 0xfe, 0xcb, 0xfe, 0xcb, 0xfe, 0xca, 0xfe, 
    0xab, 0xfe, 0x6a, 0xfe, 0x29, 0xd5, 0x6c, 0xe6, 0xcd, 0xf6, 0xcd, 0xf6, 
    0xcd, 0xf6, 0xcd, 0xf6, 0xcd, 0xfe, 0xcd, 0xfe, 0xcd, 0xfe, 0xcd, 0xfe, 
    0xcd, 0xfe, 0xcd, 0xfe, 0xcd, 0xf6, 0xad, 0xf6, 0xad, 0xf6, 0xad, 0xf6, 
    0xcd, 0xfe, 0xce, 0xfe, 0xce, 0xfe, 0xee, 0xfe, 0xef, 0xfe, 0x0f, 0xff, 
    0x0f, 0xff, 0xef, 0xfe, 0xf0, 0xfe, 0xf0, 0xfe, 0xab, 0xbc, 0x8b, 0xfe, 
    0xcc, 0xfe, 0x33, 0xd6, 0x9a, 0x9e, 0x7b, 0x8e, 0x5d, 0x76, 0x5c, 0x6e, 
    0x3d, 0x66, 0x3d, 0x5e, 0x3d, 0x5e, 0x1d, 0x56, 0x1d, 0x56, 0x1d, 0x4e, 
    0x1d, 0x4e, 0x1d, 0x4e, 0x1d, 0x4e, 0x1d, 0x4e, 0x1d, 0x46, 0x1d, 0x46, 
    0x1d, 0x46, 0x1d, 0x46, 0x1d, 0x46, 0x1d, 0x46, 0x1d, 0x46, 0x1d, 0x46, 
    0x1d, 0x46, 0x1d, 0x46, 0x1d, 0x46, 0x1d, 0x46, 0x1d, 0x46, 0xfd, 0x45, 
    0x1d, 0x46, 0xfd, 0x45, 0x1d, 0x46, 0x1d, 0x46, 0x1d, 0x46, 0x1d, 0x46, 
    0x1d, 0x46, 0x1d, 0x46, 0x1d, 0x46, 0x1d, 0x46, 0x1d, 0x46, 0x1d, 0x46, 
    0x1d, 0x46, 0x1d, 0x46, 0xfd, 0x45, 0xfd, 0x45, 0x1d, 0x46, 0x1d, 0x46, 
    0xfd, 0x45, 0xfd, 0x45, 0xfd, 0x45, 0xfd, 0x45, 0xfd, 0x45, 0xfd, 0x45, 
    0xfd, 0x45, 0xfd, 0x45, 0xfd, 0x45, 0xfd, 0x45, 0x1d, 0x46, 0xfe, 0x45, 
    0xfd, 0x45, 0xfd, 0x45, 0xfd, 0x45, 0xfd, 0x45, 0xfd, 0x45, 0xfd, 0x45, 
    0x1d, 0x46, 0x1d, 0x46, 0x1d, 0x46, 0x1d, 0x46, 0x1d, 0x46, 0x1d, 0x46, 
    0x1d, 0x46, 0x1d, 0x46, 0x1d, 0x46, 0x1d, 0x46, 0x1d, 0x46, 0x1d, 0x46, 
    0x1d, 0x46, 0x1d, 0x46, 0x1d, 0x46, 0xfd, 0x45, 0xfd, 0x45, 0xfd, 0x45, 
    0xfd, 0x45, 0xfd, 0x45, 0xfd, 0x45, 0xfd, 0x45, 0xfd, 0x45, 0x1d, 0x46, 
    0x1e, 0x46, 0x1d, 0x46, 0x1d, 0x46, 0x1e, 0x46, 0x1d, 0x46, 0x1d, 0x46, 
    0x1d, 0x46, 0x1d, 0x46, 0x1d, 0x46, 0x1d, 0x46, 0x1d, 0x46, 0x1d, 0x46, 
    0x1d, 0x46, 0x1d, 0x46, 0x1d, 0x46, 0xfd, 0x45, 0x1d, 0x46, 0x1d, 0x4e, 
    0x1d, 0x46, 0x1d, 0x46, 0x1d, 0x46, 0x1e, 0x4e, 0x1d, 0x46, 0x1d, 0x46, 
    0x1d, 0x4e, 0x1d, 0x46, 0x1d, 0x46, 0x1d, 0x46, 0x1d, 0x46, 0x1d, 0x46, 
    0xfd, 0x45, 0xfd, 0x45, 0xfd, 0x45, 0x1d, 0x46, 0xfd, 0x45, 0x1d, 0x46, 
    0xfd, 0x45, 0xfd, 0x45, 0xfd, 0x45, 0xfd, 0x45, 0xfd, 0x45, 0x1d, 0x46, 
    0x1d, 0x46, 0x1e, 0x46, 0x1e, 0x46, 0x1d, 0x46, 0x1d, 0x46, 0x1d, 0x46, 
    0x1d, 0x46, 0x1d, 0x46, 0x1d, 0x46, 0xfd, 0x45, 0xfd, 0x45, 0x1d, 0x46, 
    0x1d, 0x46, 0xfd, 0x45, 0x1d, 0x46, 0xfd, 0x45, 0x1e, 0x46, 0x1d, 0x46, 
    0x1d, 0x46, 0x1d, 0x46, 0x1e, 0x46, 0x1d, 0x46, 0xfd, 0x45, 0xfd, 0x45, 
    0xfd, 0x45, 0xfd, 0x45, 0xfd, 0x45, 0xfd, 0x45, 0xfd, 0x45, 0xfd, 0x45, 
    0xfd, 0x45, 0xfd, 0x45, 0xfd, 0x45, 0xfd, 0x45, 0xfd, 0x45, 0xfd, 0x45, 
    0xfd, 0x45, 0xfd, 0x45, 0xfd, 0x45, 0xfd, 0x45, 0x1d, 0x46, 0x1d, 0x46, 
    0x1d, 0x46, 0x1e, 0x46, 0x1d, 0x46, 0x1d, 0x46, 0x1d, 0x46, 0xfd, 0x45, 
    0xfd, 0x45, 0xfd, 0x45, 0xfd, 0x45, 0xfd, 0x45, 0xfd, 0x45, 0xfd, 0x45, 
    0xfd, 0x45, 0x1d, 0x46, 0xfd, 0x45, 0x1d, 0x4e, 0xfd, 0x45, 0x1d, 0x4e, 
    0x1d, 0x46, 0x1d, 0x46, 0xfd, 0x45, 0xfd, 0x4d, 0x1d, 0x46, 0x1d, 0x46, 
    0x1d, 0x4e, 0x1d, 0x4e, 0x1d, 0x4e, 0x1c, 0x4e, 0x1c, 0x56, 0x1c, 0x5e, 
    0x74, 0x75, 0x6a, 0xee, 0xca, 0xfe, 0xcb, 0xfe, 0xcb, 0xfe, 0xca, 0xfe, 
    0x8a, 0xfe, 0x69, 0xfe, 0x0c, 0xde, 0xcd, 0xee, 0xcd, 0xf6, 0xcd, 0xf6, 
    0xcd, 0xf6, 0xcd, 0xf6, 0xcd, 0xf6, 0xcd, 0xfe, 0xcd, 0xf6, 0xcd, 0xfe, 
    0xcd, 0xfe, 0xcd, 0xfe, 0xad, 0xfe, 0xad, 0xfe, 0xcd, 0xfe, 0xad, 0xfe, 
    0xad, 0xfe, 0xcd, 0xfe, 0xce, 0xfe, 0xee, 0xfe, 0xee, 0xfe, 0xee, 0xfe, 
    0x0e, 0xff, 0xef, 0xfe, 0xef, 0xfe, 0xf0, 0xfe, 0x32, 0xf7, 0x2b, 0xf6, 
    0x8c, 0xf6, 0xcb, 0xdd, 0xd0, 0xfe, 0xd3, 0xc5, 0x3c, 0x7e, 0x3c, 0x76, 
    0x3d, 0x66, 0x3d, 0x5e, 0x3d, 0x5e, 0x1d, 0x56, 0x1d, 0x56, 0x1d, 0x56, 
    0x1d, 0x4e, 0x1d, 0x4e, 0x1d, 0x4e, 0x1d, 0x4e, 0x1d, 0x4e, 0x1d, 0x4e, 
    0x1d, 0x46, 0x1d, 0x46, 0x1d, 0x4e, 0x1d, 0x46, 0x1d, 0x46, 0x1d, 0x46, 
    0x1d, 0x46, 0x1d, 0x46, 0x1d, 0x46, 0x1d, 0x46, 0x1d, 0x46, 0xfd, 0x45, 
    0x1d, 0x46, 0x1d, 0x46, 0x1d, 0x46, 0x1d, 0x46, 0x1d, 0x46, 0x1d, 0x46, 
    0x1d, 0x46, 0x1d, 0x46, 0x1d, 0x46, 0x1d, 0x46, 0x1d, 0x46, 0x1d, 0x46, 
    0x1d, 0x46, 0x1d, 0x46, 0x1e, 0x46, 0x1d, 0x46, 0x1e, 0x46, 0x1d, 0x46, 
    0x1d, 0x46, 0xfd, 0x45, 0xfd, 0x45, 0x1d, 0x46, 0xfd, 0x45, 0xfd, 0x45, 
    0x1d, 0x46, 0x1d, 0x46, 0x1d, 0x46, 0x1d, 0x46, 0x1d, 0x46, 0x1d, 0x46, 
    0x1d, 0x46, 0xfd, 0x45, 0xfd, 0x45, 0xfd, 0x45, 0xfd, 0x45, 0xfd, 0x45, 
    0x1d, 0x46, 0x1d, 0x46, 0x1e, 0x46, 0x1d, 0x46, 0x1d, 0x4e, 0x1d, 0x46, 
    0x1d, 0x46, 0x1d, 0x46, 0x1d, 0x46, 0x1d, 0x46, 0x1e, 0x46, 0x1d, 0x46, 
    0x1d, 0x46, 0x1d, 0x46, 0x1d, 0x46, 0x1d, 0x46, 0xfd, 0x45, 0xfd, 0x45, 
    0xfd, 0x45, 0xfd, 0x45, 0xfd, 0x45, 0xfd, 0x45, 0xfd, 0x45, 0x1d, 0x46, 
    0x1d, 0x46, 0x1e, 0x46, 0x1d, 0x46, 0x1e, 0x46, 0x1e, 0x46, 0x1d, 0x46, 
    0x1d, 0x46, 0x1d, 0x46, 0x1d, 0x46, 0x1d, 0x46, 0x1d, 0x46, 0x1d, 0x46, 
    0x1d, 0x46, 0x1d, 0x46, 0xfd, 0x45, 0x1d, 0x46, 0x1e, 0x4e, 0x1d, 0x46, 
    0x1e, 0x46, 0x1d, 0x4e, 0x1d, 0x46, 0x1d, 0x46, 0x1d, 0x4e, 0x1d, 0x46, 
    0x1d, 0x4e, 0x1d, 0x46, 0x1d, 0x46, 0x1d, 0x46, 0x1d, 0x46, 0x1d, 0x46, 
    0xfd, 0x45, 0xfd, 0x45, 0xfd, 0x45, 0xfd, 0x45, 0x1d, 0x46, 0x1d, 0x46, 
    0x1d, 0x46, 0xfd, 0x45, 0x1d, 0x46, 0x1d, 0x46, 0x1d, 0x46, 0x1d, 0x46, 
    0x1d, 0x46, 0x1d, 0x46, 0x1d, 0x46, 0x1e, 0x46, 0x1e, 0x46, 0x1d, 0x46, 
    0x1e, 0x46, 0x1d, 0x46, 0x1d, 0x46, 0x1d, 0x46, 0xfd, 0x45, 0xfd, 0x45, 
    0x1d, 0x46, 0xfd, 0x45, 0xfd, 0x45, 0xfd, 0x45, 0x1d, 0x46, 0x1d, 0x46, 
    0x1e, 0x46, 0x1d, 0x46, 0x1d, 0x46, 0x1d, 0x46, 0xfd, 0x45, 0x1d, 0x46, 
    0xfd, 0x45, 0xfd, 0x45, 0xfd, 0x45, 0xfd, 0x45, 0xfd, 0x45, 0xfd, 0x45, 
    0xfd, 0x45, 0xfd, 0x45, 0xfd, 0x45, 0xfd, 0x45, 0xfd, 0x45, 0xfd, 0x45, 
    0xfd, 0x45, 0xfd, 0x45, 0x1d, 0x46, 0xfd, 0x45, 0xfd, 0x45, 0x1d, 0x46, 
    0x1d, 0x46, 0x1d, 0x46, 0x1e, 0x46, 0x1d, 0x46, 0x1d, 0x46, 0xfd, 0x45, 
    0xfe, 0x45, 0xfd, 0x45, 0xfd, 0x45, 0xfd, 0x45, 0xfd, 0x45, 0xfd, 0x45, 
    0xfd, 0x45, 0x1d, 0x46, 0xfd, 0x45, 0xfd, 0x45, 0xfd, 0x45, 0xfd, 0x45, 
    0x1d, 0x46, 0x1d, 0x46, 0xfd, 0x4d, 0xfd, 0x45, 0x1d, 0x46, 0x1e, 0x46, 
    0x1c, 0x4e, 0x1c, 0x4e, 0x1c, 0x4e, 0x1d, 0x4e, 0x1c, 0x56, 0x1c, 0x56, 
    0x3c, 0x5e, 0xf2, 0xad, 0xab, 0xf6, 0xca, 0xfe, 0xca, 0xfe, 0xaa, 0xfe, 
    0xa9, 0xfe, 0x89, 0xcc, 0xcd, 0xee, 0xcd, 0xf6, 0xcd, 0xf6, 0xcd, 0xf6, 
    0xcd, 0xf6, 0xcd, 0xfe, 0xcd, 0xf6, 0xcc, 0xf6, 0xcd, 0xfe, 0xcd, 0xfe, 
    0xcd, 0xfe, 0xcd, 0xfe, 0xcd, 0xfe, 0xcd, 0xfe, 0xcd, 0xfe, 0xcd, 0xfe, 
    0xcd, 0xfe, 0xcd, 0xfe, 0xce, 0xfe, 0xee, 0xfe, 0xee, 0xfe, 0xee, 0xfe, 
    0xed, 0xfe, 0xee, 0xfe, 0xee, 0xfe, 0xef, 0xfe, 0xf0, 0xfe, 0x4c, 0xb4, 
    0x6b, 0xfe, 0x4b, 0xfe, 0x88, 0xa3, 0xac, 0x7b, 0xb7, 0x85, 0x1c, 0x6e, 
    0x3d, 0x66, 0x3d, 0x66, 0x3d, 0x5e, 0x3d, 0x5e, 0x3d, 0x56, 0x1d, 0x56, 
    0x1d, 0x4e, 0x1c, 0x4e, 0x1d, 0x4e, 0x1d, 0x46, 0x1d, 0x46, 0x1d, 0x46, 
    0x1d, 0x46, 0x1d, 0x4e, 0x1d, 0x46, 0x1d, 0x46, 0x1d, 0x46, 0x1d, 0x46, 
    0x1d, 0x46, 0x1d, 0x46, 0x1d, 0x46, 0x1d, 0x46, 0x1d, 0x46, 0x1d, 0x46, 
    0x1d, 0x46, 0x1d, 0x46, 0x1d, 0x46, 0x1d, 0x46, 0x1d, 0x46, 0xfd, 0x45, 
    0xfd, 0x45, 0xfd, 0x45, 0x1d, 0x46, 0x1d, 0x46, 0x1d, 0x46, 0x1d, 0x46, 
    0x1d, 0x46, 0x1d, 0x46, 0x1e, 0x46, 0x1d, 0x46, 0x1d, 0x46, 0x1d, 0x46, 
    0x1d, 0x46, 0x1d, 0x46, 0x1d, 0x46, 0xfd, 0x45, 0xfd, 0x45, 0x1d, 0x46, 
    0x1d, 0x46, 0x1d, 0x46, 0x1d, 0x46, 0x1d, 0x46, 0x1d, 0x46, 0x1d, 0x46, 
    0x1d, 0x46, 0x1d, 0x46, 0xfd, 0x45, 0xfd, 0x45, 0xfd, 0x45, 0x1d, 0x46, 
    0xfd, 0x45, 0x1d, 0x46, 0x1d, 0x46, 0x1e, 0x4e, 0x1e, 0x46, 0x1e, 0x46, 
    0x1d, 0x46, 0x1d, 0x46, 0x1d, 0x46, 0x1d, 0x46, 0x1d, 0x46, 0x1d, 0x46, 
    0x1d, 0x46, 0x1d, 0x46, 0x1d, 0x46, 0x1d, 0x46, 0x1d, 0x46, 0x1d, 0x46, 
    0xfd, 0x45, 0xfd, 0x45, 0xfd, 0x45, 0xfd, 0x45, 0x1d, 0x46, 0x1e, 0x46, 
    0x1d, 0x46, 0x1e, 0x46, 0x1e, 0x46, 0x1d, 0x46, 0x1e, 0x46, 0x1d, 0x46, 
    0x1d, 0x46, 0x1d, 0x46, 0x1d, 0x46, 0x1d, 0x46, 0xfd, 0x45, 0x1d, 0x46, 
    0x1d, 0x46, 0x1d, 0x46, 0x1d, 0x46, 0x1d, 0x46, 0x1d, 0x46, 0x1d, 0x4e, 
    0x1d, 0x4e, 0x1d, 0x46, 0x1d, 0x4e, 0x1d, 0x46, 0x1d, 0x4e, 0x1d, 0x46, 
    0x1d, 0x4e, 0x1d, 0x46, 0x1d, 0x46, 0x1d, 0x46, 0x1d, 0x46, 0x1d, 0x46, 
    0x1d, 0x46, 0x1d, 0x46, 0xfd, 0x45, 0xfd, 0x45, 0x1d, 0x46, 0xfd, 0x45, 
    0x1d, 0x46, 0x1d, 0x46, 0x1d, 0x46, 0x1d, 0x46, 0x1d, 0x46, 0x1d, 0x46, 
    0x1d, 0x46, 0x1d, 0x46, 0x1d, 0x46, 0x1d, 0x46, 0x1d, 0x46, 0x1d, 0x46, 
    0x1d, 0x46, 0x1d, 0x46, 0x1e, 0x46, 0x1d, 0x46, 0x1d, 0x46, 0xfd, 0x45, 
    0x1d, 0x46, 0xfd, 0x45, 0x1d, 0x46, 0x1d, 0x46, 0x1d, 0x46, 0x1d, 0x46, 
    0x1d, 0x46, 0x1d, 0x46, 0x1d, 0x46, 0x1d, 0x46, 0x1d, 0x46, 0xfd, 0x45, 
    0xfd, 0x45, 0xfd, 0x45, 0xfd, 0x45, 0xfd, 0x45, 0xfd, 0x45, 0xfd, 0x45, 
    0xfd, 0x45, 0xfd, 0x45, 0xfd, 0x45, 0xfd, 0x45, 0xfd, 0x45, 0xfd, 0x45, 
    0xfd, 0x45, 0x1d, 0x46, 0x1d, 0x46, 0xfd, 0x45, 0x1d, 0x46, 0x1d, 0x46, 
    0x1d, 0x46, 0x1d, 0x46, 0x1d, 0x46, 0x1d, 0x46, 0x1d, 0x46, 0xfd, 0x45, 
    0xfd, 0x45, 0xfd, 0x45, 0xfd, 0x45, 0xfd, 0x45, 0xfd, 0x45, 0xfd, 0x45, 
    0x1d, 0x46, 0x1d, 0x46, 0xfd, 0x45, 0xfe, 0x45, 0x1d, 0x46, 0x1d, 0x46, 
    0xfd, 0x4d, 0x1d, 0x46, 0x1d, 0x46, 0x1d, 0x46, 0x1d, 0x46, 0x1d, 0x46, 
    0x1c, 0x4e, 0x1c, 0x4e, 0x1c, 0x4e, 0x1c, 0x56, 0x1c, 0x56, 0x1d, 0x5e, 
    0x1c, 0x66, 0x3b, 0x66, 0x0d, 0xa5, 0x8a, 0xf6, 0xa9, 0xfe, 0xa9, 0xfe, 
    0x68, 0xfe, 0xad, 0xe6, 0xcd, 0xee, 0xcd, 0xf6, 0xcd, 0xf6, 0xcd, 0xfe, 
    0xcd, 0xfe, 0xcd, 0xfe, 0xcd, 0xf6, 0xcd, 0xf6, 0xcd, 0xf6, 0xcd, 0xfe, 
    0xcd, 0xfe, 0xcd, 0xfe, 0xcd, 0xfe, 0xcd, 0xfe, 0xce, 0xfe, 0xcd, 0xfe, 
    0xcd, 0xfe, 0xce, 0xfe, 0xce, 0xfe, 0xee, 0xfe, 0x2d, 0xe6, 0xcc, 0xd5, 
    0x8c, 0xee, 0xed, 0xfe, 0xed, 0xfe, 0xee, 0xfe, 0xef, 0xfe, 0x54, 0xf7, 
    0xca, 0xdd, 0xee, 0xf6, 0x8f, 0xee, 0xce, 0xd5, 0x6f, 0xc5, 0xf8, 0xb6, 
    0xd9, 0x75, 0x5d, 0x66, 0x3d, 0x5e, 0x3d, 0x5e, 0x1d, 0x56, 0x1d, 0x56, 
    0x1d, 0x4e, 0x1d, 0x4e, 0x1d, 0x4e, 0x1d, 0x4e, 0x1d, 0x46, 0x1d, 0x46, 
    0x1d, 0x4e, 0x1d, 0x46, 0x1d, 0x46, 0x1d, 0x46, 0x1d, 0x46, 0x1d, 0x46, 
    0x1d, 0x46, 0x1d, 0x46, 0x1d, 0x46, 0x1d, 0x46, 0x1d, 0x46, 0x1d, 0x46, 
    0x1d, 0x46, 0x1d, 0x46, 0x1d, 0x46, 0xfd, 0x45, 0x1d, 0x46, 0x1d, 0x46, 
    0x1d, 0x46, 0x1d, 0x46, 0x1d, 0x46, 0x1d, 0x46, 0x1d, 0x46, 0xfd, 0x45, 
    0x1e, 0x46, 0x1d, 0x46, 0x1d, 0x46, 0x1d, 0x46, 0x1d, 0x46, 0x1d, 0x46, 
    0x1d, 0x46, 0x1d, 0x46, 0x1d, 0x46, 0x1d, 0x46, 0xfd, 0x45, 0x1d, 0x46, 
    0x1d, 0x46, 0x1d, 0x46, 0x1d, 0x46, 0x1e, 0x46, 0x1d, 0x46, 0x1d, 0x46, 
    0x1d, 0x46, 0xfd, 0x45, 0x1d, 0x46, 0x1d, 0x46, 0x1d, 0x46, 0xfd, 0x45, 
    0x1d, 0x46, 0xfd, 0x45, 0x1d, 0x46, 0x1e, 0x46, 0x1e, 0x46, 0x1e, 0x46, 
    0x1e, 0x46, 0x1d, 0x46, 0x1d, 0x46, 0x1d, 0x46, 0x1e, 0x46, 0x1e, 0x46, 
    0x1d, 0x46, 0x1d, 0x46, 0x1d, 0x46, 0x1e, 0x46, 0x1e, 0x46, 0x1d, 0x46, 
    0xfd, 0x45, 0xfd, 0x45, 0x1d, 0x46, 0x1d, 0x46, 0x1d, 0x46, 0x1d, 0x46, 
    0x1e, 0x46, 0x1e, 0x46, 0x1e, 0x46, 0x1d, 0x46, 0x1d, 0x46, 0x1d, 0x46, 
    0x1d, 0x46, 0x1e, 0x46, 0x1d, 0x46, 0x1e, 0x46, 0x1d, 0x46, 0x1d, 0x46, 
    0x1d, 0x46, 0x1d, 0x46, 0x1d, 0x46, 0x1d, 0x46, 0x1d, 0x46, 0x1d, 0x46, 
    0x1d, 0x4e, 0x1d, 0x46, 0x1d, 0x4e, 0x1d, 0x4e, 0x1e, 0x4e, 0x3d, 0x4e, 
    0x1e, 0x46, 0x1d, 0x46, 0x1e, 0x46, 0x1d, 0x46, 0x1d, 0x46, 0x1d, 0x46, 
    0x1d, 0x46, 0x1d, 0x46, 0x1d, 0x46, 0xfd, 0x45, 0x1d, 0x46, 0x1d, 0x46, 
    0x1d, 0x46, 0x1e, 0x46, 0x1d, 0x46, 0x1e, 0x46, 0x1d, 0x46, 0x1e, 0x46, 
    0x1d, 0x46, 0x1d, 0x46, 0x1d, 0x46, 0x1e, 0x46, 0x1d, 0x46, 0x1e, 0x46, 
    0x1d, 0x46, 0x1d, 0x46, 0x1e, 0x46, 0xfd, 0x45, 0xfd, 0x45, 0xfd, 0x45, 
    0x1e, 0x46, 0x1e, 0x46, 0x1e, 0x46, 0x1d, 0x46, 0x1d, 0x46, 0x1d, 0x46, 
    0x1e, 0x46, 0x1d, 0x46, 0x1d, 0x46, 0x1d, 0x46, 0x1d, 0x46, 0x1d, 0x46, 
    0x1d, 0x46, 0x1d, 0x46, 0xfd, 0x45, 0xfd, 0x45, 0xfd, 0x45, 0xfd, 0x45, 
    0xfd, 0x45, 0xfd, 0x45, 0xfd, 0x45, 0xfd, 0x45, 0xfd, 0x45, 0xfd, 0x45, 
    0xfd, 0x45, 0xfd, 0x45, 0x1d, 0x46, 0x1e, 0x46, 0x1d, 0x46, 0x1d, 0x46, 
    0x1d, 0x46, 0x1d, 0x46, 0x1d, 0x46, 0xfd, 0x45, 0xfd, 0x45, 0xfd, 0x45, 
    0xfd, 0x45, 0xfd, 0x45, 0xfd, 0x45, 0x1d, 0x46, 0x1d, 0x46, 0x1d, 0x46, 
    0x1d, 0x46, 0x1d, 0x46, 0x1e, 0x46, 0x1d, 0x46, 0x1d, 0x46, 0x1d, 0x46, 
    0x1d, 0x46, 0x1d, 0x4e, 0x1d, 0x4e, 0x1d, 0x4e, 0x1d, 0x46, 0x1d, 0x46, 
    0xfd, 0x4d, 0x1d, 0x4e, 0x1d, 0x4e, 0x1c, 0x56, 0x1d, 0x56, 0x1c, 0x5e, 
    0x1c, 0x66, 0xfa, 0x7d, 0x79, 0x8e, 0xeb, 0xac, 0xe8, 0xe5, 0x28, 0xfe, 
    0xc8, 0xf5, 0xcb, 0xee, 0xcd, 0xf6, 0xcd, 0xf6, 0xcd, 0xf6, 0xcd, 0xfe, 
    0xcd, 0xfe, 0xcd, 0xfe, 0xed, 0xf6, 0xcd, 0xf6, 0xcc, 0xf6, 0xcd, 0xfe, 
    0xec, 0xfe, 0xed, 0xfe, 0xcd, 0xfe, 0xce, 0xfe, 0xed, 0xfe, 0xce, 0xfe, 
    0xce, 0xfe, 0xce, 0xfe, 0xee, 0xfe, 0xed, 0xfe, 0xc8, 0xa3, 0x6e, 0xb4, 
    0xf0, 0xbc, 0xcd, 0xee, 0xed, 0xfe, 0xed, 0xfe, 0xee, 0xfe, 0xef, 0xfe, 
    0x6f, 0xf6, 0xac, 0xf6, 0xcd, 0xfe, 0xef, 0xfe, 0x11, 0xff, 0x72, 0xff, 
    0xb3, 0xff, 0x0e, 0xb5, 0x5c, 0x76, 0x3d, 0x5e, 0x3d, 0x56, 0x1d, 0x56, 
    0x1d, 0x4e, 0x1d, 0x4e, 0xfd, 0x4d, 0x1d, 0x4e, 0x1d, 0x4e, 0x1d, 0x4e, 
    0x1d, 0x46, 0x1d, 0x46, 0x1d, 0x46, 0x1d, 0x46, 0x1c, 0x46, 0x1d, 0x4e, 
    0x1c, 0x4e, 0x1d, 0x46, 0x1d, 0x46, 0x1d, 0x46, 0x1d, 0x46, 0x1d, 0x46, 
    0x1d, 0x46, 0x1d, 0x46, 0xfd, 0x45, 0x1d, 0x46, 0x1d, 0x46, 0x1d, 0x46, 
    0x1d, 0x46, 0x1d, 0x46, 0xfd, 0x45, 0x1d, 0x46, 0x1d, 0x46, 0x1d, 0x46, 
    0x1d, 0x46, 0x1d, 0x46, 0x1d, 0x46, 0x1d, 0x46, 0x1d, 0x46, 0x1d, 0x46, 
    0x1d, 0x46, 0x1d, 0x46, 0x1d, 0x46, 0x1d, 0x46, 0x1d, 0x46, 0xfd, 0x45, 
    0x1d, 0x46, 0x1d, 0x46, 0x1d, 0x46, 0x1d, 0x46, 0x1e, 0x46, 0x1d, 0x46, 
    0x1d, 0x46, 0x1d, 0x46, 0x1d, 0x46, 0x1d, 0x46, 0xfd, 0x45, 0x1d, 0x46, 
    0x1d, 0x46, 0x1d, 0x46, 0x1d, 0x4e, 0x3d, 0x4e, 0x1e, 0x46, 0x3d, 0x46, 
    0x3d, 0x46, 0x1e, 0x46, 0x1e, 0x46, 0x3d, 0x46, 0x1d, 0x46, 0x1e, 0x46, 
    0x1d, 0x46, 0x1d, 0x46, 0x1d, 0x46, 0x1d, 0x46, 0x1d, 0x46, 0x1d, 0x46, 
    0x1d, 0x46, 0xfd, 0x45, 0xfd, 0x45, 0x1d, 0x46, 0x1d, 0x46, 0x1d, 0x46, 
    0x1d, 0x46, 0x1e, 0x46, 0x1e, 0x46, 0x1e, 0x46, 0x1d, 0x46, 0x1d, 0x46, 
    0x1d, 0x46, 0x1d, 0x46, 0x1d, 0x46, 0x1d, 0x46, 0x1d, 0x46, 0x1d, 0x46, 
    0x1d, 0x46, 0x1d, 0x46, 0x1d, 0x46, 0x1d, 0x46, 0x1d, 0x46, 0x1d, 0x46, 
    0x1e, 0x46, 0x1d, 0x4e, 0x3d, 0x4e, 0x3d, 0x46, 0x3e, 0x4e, 0x3d, 0x46, 
    0x1d, 0x46, 0x1d, 0x46, 0x1d, 0x46, 0x1d, 0x46, 0x1d, 0x46, 0x1d, 0x46, 
    0x1d, 0x46, 0x1e, 0x46, 0xfd, 0x45, 0x1d, 0x46, 0xfd, 0x45, 0x1d, 0x46, 
    0x1d, 0x46, 0x1d, 0x46, 0x3d, 0x46, 0x1e, 0x46, 0x1d, 0x46, 0x1d, 0x46, 
    0x1d, 0x46, 0x1d, 0x46, 0x1d, 0x46, 0x1d, 0x46, 0x1e, 0x46, 0x1d, 0x46, 
    0x1e, 0x4e, 0x1d, 0x46, 0x1e, 0x46, 0x1d, 0x46, 0x1d, 0x46, 0x1d, 0x46, 
    0x1e, 0x46, 0x1d, 0x3e, 0x1d, 0x46, 0x1e, 0x46, 0x1e, 0x46, 0x1d, 0x46, 
    0x1d, 0x46, 0x1e, 0x46, 0x1d, 0x46, 0x1e, 0x46, 0x1d, 0x46, 0x1d, 0x46, 
    0x1d, 0x46, 0x1d, 0x46, 0x1d, 0x46, 0xfe, 0x45, 0x1d, 0x46, 0xfd, 0x45, 
    0xfe, 0x45, 0xfd, 0x45, 0xfd, 0x45, 0xfd, 0x45, 0xfd, 0x45, 0xfd, 0x45, 
    0xfd, 0x45, 0xfd, 0x45, 0x1d, 0x46, 0x1d, 0x46, 0x1d, 0x46, 0x1d, 0x46, 
    0x1d, 0x46, 0x1d, 0x46, 0x1d, 0x46, 0x1e, 0x46, 0xfd, 0x45, 0xfd, 0x45, 
    0xfd, 0x45, 0xfd, 0x45, 0xfd, 0x45, 0xfd, 0x45, 0x1d, 0x46, 0x1d, 0x46, 
    0x1d, 0x46, 0x1d, 0x46, 0x1d, 0x46, 0x1d, 0x46, 0x1d, 0x46, 0x1d, 0x4e, 
    0xfd, 0x45, 0x1e, 0x46, 0x1d, 0x4e, 0x1d, 0x4e, 0x1d, 0x4e, 0x1e, 0x46, 
    0x1c, 0x4e, 0x1c, 0x4e, 0x1c, 0x4e, 0x1d, 0x56, 0x1d, 0x56, 0x1c, 0x5e, 
    0x3c, 0x6e, 0x67, 0xe5, 0xc8, 0xfd, 0xa8, 0xf5, 0x88, 0xf5, 0x48, 0xf5, 
    0xe8, 0xc3, 0xcc, 0xee, 0xcd, 0xf6, 0xcd, 0xf6, 0xcc, 0xfe, 0xed, 0xfe, 
    0xed, 0xfe, 0xed, 0xfe, 0xce, 0xfe, 0x2a, 0xbd, 0xe5, 0x8a, 0x6c, 0xe6, 
    0xcd, 0xfe, 0xee, 0xfe, 0xee, 0xfe, 0xee, 0xfe, 0xee, 0xfe, 0xed, 0xfe, 
    0xcd, 0xfe, 0xed, 0xfe, 0xed, 0xfe, 0xed, 0xfe, 0xc9, 0xa3, 0xc3, 0x79, 
    0xa2, 0x81, 0xc5, 0x9a, 0xec, 0xfe, 0xed, 0xfe, 0xed, 0xfe, 0x0e, 0xff, 
    0xcd, 0xb4, 0xac, 0xf6, 0xcc, 0xf6, 0xcc, 0xfe, 0xed, 0xfe, 0xee, 0xfe, 
    0x30, 0xff, 0x73, 0xff, 0x28, 0x63, 0x3d, 0x5e, 0x3d, 0x56, 0x1d, 0x56, 
    0x1d, 0x4e, 0x1d, 0x4e, 0x1d, 0x4e, 0x1d, 0x4e, 0x1d, 0x46, 0x1d, 0x4e, 
    0x1d, 0x46, 0x1d, 0x46, 0x1d, 0x4e, 0x1d, 0x46, 0x1d, 0x46, 0x1d, 0x4e, 
    0x1d, 0x4e, 0x1e, 0x46, 0x1d, 0x46, 0x1d, 0x46, 0x1d, 0x46, 0x1d, 0x46, 
    0x1d, 0x46, 0x1d, 0x46, 0x1d, 0x46, 0x1d, 0x46, 0x1d, 0x46, 0x1d, 0x46, 
    0x1d, 0x4e, 0x1d, 0x46, 0x1d, 0x46, 0x1d, 0x46, 0x1d, 0x46, 0x1d, 0x4e, 
    0x1d, 0x46, 0x1d, 0x46, 0x1d, 0x46, 0x1d, 0x46, 0x1d, 0x46, 0x1d, 0x46, 
    0x1d, 0x46, 0x1d, 0x46, 0x1d, 0x46, 0x1d, 0x46, 0x1d, 0x46, 0x1d, 0x46, 
    0x1d, 0x46, 0x1d, 0x46, 0x1d, 0x46, 0x1d, 0x46, 0x1d, 0x46, 0x1d, 0x46, 
    0x1d, 0x46, 0x1d, 0x46, 0x1d, 0x46, 0x1d, 0x46, 0x1d, 0x4e, 0x1d, 0x46, 
    0x1d, 0x46, 0x1d, 0x4e, 0x1d, 0x4e, 0x1d, 0x4e, 0x3d, 0x46, 0x3d, 0x4e, 
    0x3e, 0x4e, 0x3e, 0x4e, 0x1d, 0x46, 0x1d, 0x4e, 0x1d, 0x4e, 0x3e, 0x46, 
    0x3d, 0x46, 0x1d, 0x46, 0x1d, 0x46, 0x1d, 0x46, 0x1d, 0x46, 0x1d, 0x46, 
    0x1d, 0x46, 0x1d, 0x46, 0x1d, 0x46, 0x1e, 0x46, 0x1d, 0x46, 0x1d, 0x46, 
    0x1d, 0x46, 0x1d, 0x46, 0x1d, 0x46, 0x1d, 0x46, 0x3e, 0x46, 0x1d, 0x46, 
    0x1e, 0x46, 0x3d, 0x46, 0x1d, 0x46, 0x1e, 0x46, 0x1d, 0x46, 0x1d, 0x46, 
    0x1d, 0x46, 0x1d, 0x46, 0x1d, 0x46, 0x1d, 0x46, 0x1d, 0x46, 0x3d, 0x46, 
    0x3d, 0x46, 0x1d, 0x4e, 0x3d, 0x46, 0x3d, 0x46, 0x3d, 0x4e, 0x3e, 0x46, 
    0x1e, 0x46, 0x1d, 0x46, 0x1d, 0x46, 0x1d, 0x46, 0x1d, 0x46, 0x1d, 0x46, 
    0x1d, 0x46, 0x1d, 0x46, 0x1d, 0x46, 0x1d, 0x46, 0x1d, 0x46, 0x1d, 0x46, 
    0x1d, 0x46, 0x1d, 0x46, 0x1d, 0x46, 0x3e, 0x46, 0x3e, 0x4e, 0x1d, 0x4e, 
    0x3e, 0x4e, 0x1e, 0x4e, 0x3d, 0x4e, 0x1d, 0x4e, 0x1e, 0x4e, 0x1d, 0x4e, 
    0x1d, 0x46, 0x1d, 0x4e, 0x1d, 0x46, 0x1d, 0x46, 0x1d, 0x46, 0x1d, 0x46, 
    0x1d, 0x46, 0x1e, 0x46, 0x1e, 0x46, 0x1d, 0x46, 0x1d, 0x46, 0x1d, 0x46, 
    0x1d, 0x46, 0x1d, 0x46, 0x1d, 0x46, 0x1d, 0x46, 0x1d, 0x46, 0x1d, 0x46, 
    0x1d, 0x46, 0x1d, 0x46, 0x1e, 0x46, 0x1d, 0x46, 0xfd, 0x45, 0xfd, 0x45, 
    0xfd, 0x45, 0xfd, 0x45, 0xfd, 0x45, 0x1d, 0x46, 0xfd, 0x45, 0x1d, 0x46, 
    0xfd, 0x45, 0x1d, 0x46, 0x1d, 0x46, 0x1d, 0x46, 0x1d, 0x46, 0x1d, 0x46, 
    0x1d, 0x46, 0x1d, 0x46, 0x1e, 0x46, 0xfd, 0x45, 0x1d, 0x46, 0xfd, 0x45, 
    0xfd, 0x45, 0xfd, 0x45, 0xfd, 0x45, 0xfd, 0x45, 0xfd, 0x45, 0xfd, 0x45, 
    0x1d, 0x46, 0x1d, 0x46, 0x1d, 0x46, 0x1d, 0x46, 0x1d, 0x4e, 0xfd, 0x4d, 
    0x1d, 0x4e, 0x1d, 0x4e, 0x1d, 0x4e, 0x1d, 0x46, 0x1d, 0x46, 0x1d, 0x46, 
    0x1d, 0x4e, 0x1d, 0x4e, 0x1d, 0x56, 0x1d, 0x56, 0x1d, 0x5e, 0x1d, 0x5e, 
    0x3c, 0x66, 0x9d, 0x7e, 0x4f, 0x7c, 0x28, 0xb4, 0x09, 0xe5, 0x68, 0xed, 
    0xa7, 0xa3, 0xec, 0xf6, 0xec, 0xf6, 0xcd, 0xfe, 0xcd, 0xfe, 0xed, 0xfe, 
    0xed, 0xfe, 0xed, 0xfe, 0x2e, 0xde, 0x03, 0x72, 0x28, 0x83, 0x05, 0x7a, 
    0x8c, 0xee, 0xed, 0xfe, 0xee, 0xfe, 0xee, 0xfe, 0xee, 0xfe, 0xed, 0xfe, 
    0xce, 0xfe, 0xce, 0xfe, 0xee, 0xfe, 0xed, 0xfe, 0x46, 0x8b, 0x05, 0xab, 
    0x45, 0xab, 0x86, 0xb3, 0xec, 0xfe, 0xed, 0xfe, 0xed, 0xfe, 0x0d, 0xff, 
    0x77, 0xf7, 0x8d, 0xf6, 0xcc, 0xf6, 0xcd, 0xfe, 0xed, 0xfe, 0xed, 0xfe, 
    0x0e, 0xff, 0x72, 0xff, 0xb8, 0x6d, 0x5d, 0x5e, 0x3d, 0x56, 0x1d, 0x56, 
    0x1d, 0x56, 0x1d, 0x4e, 0x1d, 0x4e, 0x1d, 0x4e, 0x1d, 0x4e, 0x1d, 0x46, 
    0x1d, 0x4e, 0x1d, 0x4e, 0x1d, 0x4e, 0x1d, 0x4e, 0x1d, 0x46, 0x1d, 0x46, 
    0x1d, 0x46, 0x1d, 0x46, 0x1d, 0x46, 0x1d, 0x4e, 0x1d, 0x46, 0x1d, 0x46, 
    0xfd, 0x45, 0x1d, 0x4e, 0x1d, 0x46, 0x1e, 0x46, 0x1d, 0x46, 0x1d, 0x46, 
    0x1d, 0x4e, 0x1e, 0x46, 0x1d, 0x46, 0x1d, 0x4e, 0x1d, 0x46, 0x1d, 0x46, 
    0x1d, 0x4e, 0x1d, 0x46, 0x1d, 0x46, 0x1d, 0x46, 0x1d, 0x46, 0x1d, 0x46, 
    0xfd, 0x45, 0xfd, 0x45, 0x1d, 0x46, 0xfd, 0x45, 0xfe, 0x45, 0x1d, 0x46, 
    0x1d, 0x46, 0x1d, 0x46, 0x1d, 0x46, 0x1d, 0x46, 0x1d, 0x46, 0x1d, 0x46, 
    0x1d, 0x4e, 0x1d, 0x46, 0x1e, 0x46, 0x1d, 0x46, 0x1d, 0x4e, 0x1d, 0x4e, 
    0x1d, 0x4e, 0x1d, 0x46, 0x1d, 0x4e, 0x1d, 0x4e, 0x1d, 0x4e, 0x1d, 0x4e, 
    0x3d, 0x4e, 0x3e, 0x4e, 0x3e, 0x4e, 0x3e, 0x4e, 0x3e, 0x4e, 0x3e, 0x46, 
    0x3e, 0x46, 0x3e, 0x46, 0x3d, 0x46, 0x1d, 0x46, 0x1d, 0x46, 0x1d, 0x46, 
    0x1d, 0x46, 0x1d, 0x46, 0x1d, 0x46, 0x1d, 0x46, 0x1d, 0x46, 0x1e, 0x4e, 
    0x1d, 0x46, 0x1d, 0x46, 0x1e, 0x46, 0x1e, 0x46, 0x1e, 0x46, 0x1d, 0x46, 
    0x1e, 0x46, 0x1d, 0x46, 0x1d, 0x46, 0x1d, 0x46, 0x1e, 0x46, 0x1d, 0x46, 
    0x1d, 0x46, 0x1d, 0x46, 0x1d, 0x46, 0x1d, 0x4e, 0x1d, 0x4e, 0x1e, 0x46, 
    0x1e, 0x46, 0x1d, 0x4e, 0x1d, 0x46, 0x1d, 0x4e, 0x3d, 0x46, 0x3d, 0x46, 
    0x3d, 0x46, 0x1e, 0x46, 0x1d, 0x46, 0x1d, 0x46, 0x1d, 0x46, 0x3e, 0x46, 
    0x1d, 0x46, 0x1d, 0x46, 0x1e, 0x46, 0x1e, 0x4e, 0x1d, 0x46, 0x1d, 0x46, 
    0x1e, 0x4e, 0x1d, 0x4e, 0x3d, 0x4e, 0x1e, 0x4e, 0x1d, 0x4e, 0x3d, 0x4e, 
    0x1d, 0x4e, 0x3e, 0x4e, 0x3e, 0x46, 0x1e, 0x4e, 0x1e, 0x4e, 0x1e, 0x46, 
    0x1e, 0x4e, 0x1d, 0x46, 0x1d, 0x46, 0x1e, 0x46, 0x1e, 0x46, 0x1d, 0x46, 
    0x1e, 0x46, 0x3e, 0x46, 0x1d, 0x46, 0x1d, 0x46, 0x1d, 0x46, 0x1d, 0x46, 
    0x1d, 0x46, 0x1d, 0x46, 0x1d, 0x46, 0x1e, 0x46, 0x3e, 0x46, 0x1d, 0x46, 
    0x1e, 0x46, 0x1e, 0x46, 0x1d, 0x46, 0x1e, 0x46, 0x1d, 0x46, 0x1d, 0x46, 
    0xfd, 0x45, 0xfd, 0x45, 0xfd, 0x45, 0xfd, 0x45, 0x1e, 0x46, 0xfd, 0x45, 
    0x1d, 0x46, 0x1d, 0x46, 0x1d, 0x46, 0x1e, 0x46, 0x1d, 0x46, 0x1d, 0x46, 
    0x1e, 0x46, 0x1d, 0x46, 0x1d, 0x46, 0x1d, 0x46, 0xfd, 0x45, 0xfd, 0x45, 
    0xfd, 0x45, 0xfd, 0x45, 0xfd, 0x45, 0xfd, 0x45, 0xfd, 0x45, 0xfd, 0x45, 
    0x1d, 0x46, 0x1d, 0x46, 0x1d, 0x46, 0x1d, 0x46, 0x1d, 0x46, 0x1d, 0x4e, 
    0xfd, 0x45, 0xfe, 0x45, 0x1d, 0x46, 0x1d, 0x46, 0x1e, 0x46, 0x1e, 0x4e, 
    0x1d, 0x4e, 0x1d, 0x56, 0x1d, 0x56, 0x3d, 0x5e, 0x3d, 0x5e, 0x3d, 0x5e, 
    0xba, 0x6d, 0x2f, 0xbe, 0xad, 0xee, 0xab, 0xf6, 0x8a, 0xf6, 0x4a, 0xf6, 
    0x6d, 0xee, 0xec, 0xf6, 0xec, 0xf6, 0xed, 0xfe, 0xed, 0xfe, 0xed, 0xfe, 
    0xed, 0xfe, 0xee, 0xfe, 0x6d, 0x9c, 0x03, 0x7a, 0x02, 0x7a, 0xc2, 0x81, 
    0x8a, 0xd5, 0xcd, 0xfe, 0xed, 0xfe, 0xee, 0xfe, 0xee, 0xfe, 0xee, 0xfe, 
    0xee, 0xfe, 0xce, 0xfe, 0xcd, 0xfe, 0xcd, 0xfe, 0xee, 0xfe, 0x06, 0xa3, 
    0xa5, 0xbb, 0x68, 0xc4, 0xcd, 0xfe, 0xad, 0xfe, 0xad, 0xfe, 0xcd, 0xfe, 
    0x74, 0xf7, 0x49, 0xd5, 0xac, 0xfe, 0xcc, 0xfe, 0xec, 0xfe, 0x0d, 0xff, 
    0x2e, 0xf7, 0x17, 0x7e, 0x5c, 0x66, 0x3d, 0x5e, 0x3d, 0x56, 0x1d, 0x56, 
    0x1d, 0x4e, 0x1d, 0x4e, 0x1d, 0x4e, 0x1d, 0x4e, 0x1d, 0x4e, 0x1d, 0x4e, 
    0x1d, 0x46, 0x1d, 0x4e, 0x1d, 0x46, 0x1d, 0x46, 0x1d, 0x4e, 0x1e, 0x4e, 
    0x1d, 0x4e, 0x1d, 0x46, 0x1d, 0x4e, 0x1d, 0x4e, 0x1d, 0x46, 0x1d, 0x46, 
    0x1d, 0x46, 0x1d, 0x46, 0x1d, 0x46, 0x1d, 0x46, 0x1d, 0x4e, 0x1d, 0x4e, 
    0x1d, 0x46, 0x1d, 0x4e, 0x1d, 0x4e, 0x1e, 0x4e, 0xfd, 0x4d, 0x1d, 0x46, 
    0x1d, 0x46, 0x1d, 0x46, 0x1d, 0x46, 0x1d, 0x46, 0x1e, 0x46, 0x1d, 0x46, 
    0x1d, 0x46, 0xfd, 0x45, 0x1d, 0x46, 0x1e, 0x4e, 0x1d, 0x46, 0x1d, 0x46, 
    0x1d, 0x46, 0x1d, 0x46, 0x1d, 0x46, 0x1d, 0x46, 0x1d, 0x46, 0x1d, 0x46, 
    0x1d, 0x4e, 0x1e, 0x46, 0x1d, 0x46, 0x1d, 0x46, 0x1e, 0x46, 0x1d, 0x46, 
    0x1e, 0x4e, 0x1d, 0x4e, 0x3d, 0x4e, 0x1d, 0x4e, 0x1d, 0x4e, 0x1d, 0x4e, 
    0x1d, 0x4e, 0x3e, 0x4e, 0x3e, 0x4e, 0x3e, 0x4e, 0x3e, 0x46, 0x3e, 0x4e, 
    0x3e, 0x46, 0x3e, 0x4e, 0x3e, 0x46, 0x1d, 0x46, 0x1d, 0x46, 0x1d, 0x46, 
    0x1d, 0x46, 0x1d, 0x46, 0x1d, 0x46, 0x3d, 0x46, 0x1d, 0x46, 0x3d, 0x46, 
    0x1e, 0x46, 0x1e, 0x46, 0x1e, 0x46, 0x1d, 0x46, 0x1d, 0x46, 0x1d, 0x46, 
    0x1d, 0x46, 0x1d, 0x46, 0x1d, 0x46, 0x1e, 0x46, 0x1d, 0x46, 0x1d, 0x46, 
    0x1d, 0x46, 0x1d, 0x46, 0x1d, 0x46, 0x1e, 0x46, 0x1d, 0x46, 0x1e, 0x46, 
    0x1d, 0x46, 0x3d, 0x4e, 0x1d, 0x4e, 0x1d, 0x46, 0x1d, 0x46, 0x1d, 0x4e, 
    0x1d, 0x46, 0x1d, 0x4e, 0x1d, 0x46, 0x1d, 0x46, 0x1d, 0x46, 0x1d, 0x46, 
    0x3e, 0x46, 0x1d, 0x46, 0x1d, 0x46, 0x1e, 0x46, 0x1e, 0x4e, 0x1e, 0x4e, 
    0x1d, 0x4e, 0x1e, 0x4e, 0x1d, 0x4e, 0x1d, 0x4e, 0x1e, 0x4e, 0x3d, 0x4e, 
    0x3d, 0x4e, 0x3e, 0x4e, 0x3e, 0x4e, 0x1e, 0x46, 0x1d, 0x4e, 0x1e, 0x4e, 
    0x1e, 0x46, 0x1e, 0x46, 0x1e, 0x46, 0x1e, 0x46, 0x1e, 0x46, 0x1e, 0x46, 
    0x1e, 0x46, 0x1d, 0x46, 0x1d, 0x46, 0x1e, 0x46, 0x1d, 0x46, 0x1d, 0x46, 
    0x1e, 0x46, 0x1d, 0x46, 0x1d, 0x46, 0x1d, 0x46, 0x1d, 0x46, 0x1e, 0x46, 
    0x1d, 0x46, 0x1d, 0x46, 0x1e, 0x46, 0x1d, 0x46, 0x1d, 0x46, 0x1d, 0x46, 
    0x1d, 0x46, 0x1d, 0x46, 0x1d, 0x46, 0xfe, 0x45, 0xfd, 0x45, 0x1d, 0x46, 
    0x1d, 0x4e, 0x1e, 0x46, 0x1e, 0x46, 0x1e, 0x46, 0x1d, 0x46, 0x1e, 0x46, 
    0x1d, 0x46, 0x1d, 0x46, 0x1d, 0x46, 0x1d, 0x46, 0xfd, 0x45, 0xfd, 0x45, 
    0x1d, 0x46, 0x1d, 0x46, 0x1d, 0x46, 0x1d, 0x46, 0x1d, 0x46, 0xfd, 0x45, 
    0x1d, 0x46, 0x1d, 0x46, 0x1d, 0x46, 0x1d, 0x46, 0x1d, 0x46, 0x1d, 0x46, 
    0x1d, 0x46, 0x1e, 0x4e, 0x1d, 0x46, 0x1d, 0x46, 0x1e, 0x46, 0x1e, 0x4e, 
    0x1d, 0x4e, 0x3d, 0x56, 0x3d, 0x56, 0x5e, 0x5e, 0x9e, 0x76, 0x73, 0xc6, 
    0xee, 0xf6, 0xec, 0xfe, 0xca, 0xfe, 0xaa, 0xfe, 0x8a, 0xfe, 0x6b, 0xfe, 
    0xac, 0xf6, 0xec, 0xf6, 0xed, 0xf6, 0xed, 0xfe, 0xed, 0xfe, 0xed, 0xfe, 
    0xcd, 0xfe, 0xcd, 0xfe, 0x4d, 0xc5, 0x22, 0x8a, 0x05, 0xb3, 0x44, 0xbb, 
    0xcb, 0xe5, 0xcd, 0xfe, 0xcd, 0xf6, 0xce, 0xfe, 0xed, 0xfe, 0xee, 0xfe, 
    0xee, 0xfe, 0xed, 0xfe, 0xed, 0xf6, 0xcd, 0xf6, 0xcd, 0xfe, 0x6d, 0xee, 
    0xec, 0xe5, 0xae, 0xfe, 0x8d, 0xf6, 0x8d, 0xfe, 0x8d, 0xfe, 0xad, 0xfe, 
    0x31, 0xff, 0x2a, 0xcd, 0xac, 0xf6, 0xcc, 0xfe, 0xec, 0xfe, 0x4d, 0xd6, 
    0xf8, 0x7d, 0x5d, 0x6e, 0x3d, 0x66, 0x3d, 0x5e, 0x3d, 0x56, 0x1d, 0x56, 
    0x1d, 0x56, 0x1d, 0x4e, 0x1d, 0x4e, 0x1d, 0x4e, 0x1d, 0x4e, 0x1d, 0x4e, 
    0x1d, 0x4e, 0x1d, 0x4e, 0x1d, 0x46, 0x1d, 0x46, 0x1d, 0x4e, 0x1e, 0x4e, 
    0x1d, 0x4e, 0x1d, 0x4e, 0x1d, 0x46, 0x1d, 0x46, 0x1d, 0x46, 0x1d, 0x4e, 
    0x1d, 0x46, 0x1d, 0x46, 0x1d, 0x4e, 0x1d, 0x4e, 0x1d, 0x4e, 0x1d, 0x46, 
    0x1d, 0x4e, 0x1d, 0x46, 0x1d, 0x4e, 0x1d, 0x4e, 0x1d, 0x46, 0x1d, 0x46, 
    0x1d, 0x4e, 0x1d, 0x46, 0x1d, 0x46, 0x1d, 0x46, 0x1d, 0x46, 0x1e, 0x46, 
    0x1d, 0x46, 0x1d, 0x46, 0x1d, 0x46, 0x1d, 0x46, 0x1d, 0x46, 0x1d, 0x46, 
    0x1d, 0x46, 0x1d, 0x46, 0x1d, 0x46, 0x1d, 0x46, 0x1d, 0x46, 0x1d, 0x46, 
    0x1d, 0x46, 0x1e, 0x46, 0x1d, 0x46, 0x1e, 0x4e, 0x1e, 0x46, 0x1e, 0x46, 
    0x1d, 0x4e, 0x1d, 0x4e, 0x1e, 0x4e, 0x3d, 0x4e, 0x1e, 0x4e, 0x1d, 0x4e, 
    0x1d, 0x4e, 0x3e, 0x4e, 0x3e, 0x4e, 0x3d, 0x4e, 0x3e, 0x4e, 0x3e, 0x4e, 
    0x3e, 0x4e, 0x3d, 0x46, 0x3e, 0x46, 0x1d, 0x46, 0x1d, 0x46, 0x1d, 0x46, 
    0x1d, 0x46, 0x1d, 0x46, 0x1d, 0x4e, 0x3e, 0x46, 0x1d, 0x46, 0x3e, 0x46, 
    0x3d, 0x46, 0x1e, 0x46, 0x3e, 0x46, 0x1d, 0x46, 0x1d, 0x46, 0x1d, 0x46, 
    0x1d, 0x46, 0x1d, 0x46, 0x1d, 0x46, 0x1d, 0x46, 0x1e, 0x46, 0x1d, 0x46, 
    0x1e, 0x46, 0x1d, 0x46, 0x1e, 0x46, 0x1d, 0x46, 0x1e, 0x46, 0x1d, 0x4e, 
    0x3e, 0x4e, 0x3e, 0x4e, 0x3d, 0x4e, 0x3d, 0x4e, 0x1d, 0x4e, 0x1d, 0x4e, 
    0x1d, 0x46, 0x1d, 0x46, 0x1d, 0x4e, 0x1d, 0x46, 0x1e, 0x46, 0x3e, 0x46, 
    0x3d, 0x46, 0x3e, 0x4e, 0x1d, 0x4e, 0x3e, 0x4e, 0x3e, 0x4e, 0x3e, 0x4e, 
    0x1e, 0x4e, 0x3e, 0x4e, 0x1d, 0x46, 0x1e, 0x4e, 0x1e, 0x4e, 0x3e, 0x4e, 
    0x3e, 0x4e, 0x1d, 0x4e, 0x3e, 0x4e, 0x1d, 0x4e, 0x3e, 0x4e, 0x3e, 0x4e, 
    0x1e, 0x46, 0x1d, 0x46, 0x3d, 0x46, 0x3d, 0x46, 0x1e, 0x46, 0x1d, 0x46, 
    0x1e, 0x46, 0x1e, 0x46, 0x1e, 0x46, 0x1d, 0x46, 0x1d, 0x46, 0x1d, 0x46, 
    0x1d, 0x46, 0x1d, 0x46, 0x1d, 0x46, 0x1d, 0x46, 0x1d, 0x46, 0x1d, 0x46, 
    0x1d, 0x46, 0x1d, 0x46, 0x1d, 0x46, 0x1d, 0x46, 0x1d, 0x46, 0x1d, 0x46, 
    0x1d, 0x46, 0x1d, 0x46, 0x1d, 0x46, 0x1d, 0x46, 0x1e, 0x4e, 0x1d, 0x46, 
    0x1d, 0x46, 0x1e, 0x46, 0x1d, 0x46, 0x1d, 0x46, 0x1e, 0x46, 0x1d, 0x46, 
    0x1e, 0x46, 0x1d, 0x46, 0x1d, 0x46, 0x1d, 0x46, 0x1d, 0x46, 0x1d, 0x46, 
    0x1d, 0x46, 0x1d, 0x46, 0x1d, 0x46, 0x1d, 0x46, 0x1d, 0x46, 0x1d, 0x46, 
    0x1d, 0x46, 0x1d, 0x46, 0x1d, 0x46, 0x1d, 0x46, 0x1d, 0x46, 0x1e, 0x46, 
    0x1d, 0x46, 0x1e, 0x46, 0x1d, 0x46, 0x1e, 0x46, 0x1e, 0x46, 0x1d, 0x46, 
    0x1d, 0x56, 0x3d, 0x56, 0x5e, 0x5e, 0xb7, 0x7d, 0x4d, 0xde, 0x0c, 0xff, 
    0xeb, 0xfe, 0xca, 0xfe, 0xca, 0xfe, 0xaa, 0xfe, 0x8a, 0xfe, 0x6b, 0xfe, 
    0x8c, 0xf6, 0xec, 0xf6, 0xed, 0xf6, 0xec, 0xfe, 0xcd, 0xfe, 0xcd, 0xfe, 
    0xcd, 0xfe, 0xcd, 0xfe, 0xeb, 0xdd, 0xa6, 0xcb, 0xc6, 0xcb, 0xe6, 0xcb, 
    0x4c, 0xee, 0xcd, 0xf6, 0xad, 0xf6, 0xad, 0xf6, 0xcd, 0xfe, 0xed, 0xfe, 
    0xcd, 0xfe, 0xed, 0xf6, 0x6d, 0xee, 0xee, 0xfe, 0xce, 0xfe, 0xce, 0xfe, 
    0xce, 0xfe, 0xad, 0xfe, 0x8d, 0xfe, 0x8d, 0xfe, 0x8d, 0xfe, 0x8d, 0xfe, 
    0x10, 0xf7, 0x2b, 0xd5, 0xac, 0xfe, 0x2e, 0xd6, 0x97, 0xb6, 0x9c, 0x7e, 
    0x5d, 0x76, 0x5c, 0x6e, 0x3d, 0x66, 0x3d, 0x5e, 0x3d, 0x56, 0x3d, 0x56, 
    0x1d, 0x56, 0x1d, 0x4e, 0x1d, 0x4e, 0x1e, 0x4e, 0x1d, 0x4e, 0x1d, 0x4e, 
    0x1d, 0x4e, 0x1d, 0x4e, 0x1d, 0x4e, 0x1e, 0x4e, 0x1d, 0x4e, 0x1d, 0x4e, 
    0x1d, 0x46, 0x1d, 0x46, 0x1d, 0x46, 0x1d, 0x46, 0x1d, 0x46, 0x1d, 0x46, 
    0x1d, 0x4e, 0x1d, 0x46, 0x1d, 0x4e, 0x1d, 0x4e, 0x1d, 0x4e, 0x1d, 0x4e, 
    0x1d, 0x46, 0x1d, 0x4e, 0x1d, 0x46, 0x1d, 0x4e, 0x1d, 0x46, 0x1d, 0x46, 
    0x1d, 0x46, 0x1d, 0x4e, 0x1d, 0x46, 0x1d, 0x4e, 0x1d, 0x46, 0x1d, 0x46, 
    0x1d, 0x46, 0x1d, 0x46, 0x1d, 0x46, 0xfd, 0x45, 0x1d, 0x46, 0x1d, 0x46, 
    0x1d, 0x46, 0x1d, 0x46, 0x1e, 0x46, 0x1e, 0x46, 0x1d, 0x4e, 0x1d, 0x46, 
    0x1d, 0x46, 0x1e, 0x46, 0x3e, 0x46, 0x1e, 0x46, 0x3e, 0x46, 0x1e, 0x46, 
    0x1e, 0x4e, 0x1d, 0x4e, 0x1d, 0x4e, 0x3d, 0x4e, 0x1d, 0x4e, 0x1d, 0x4e, 
    0x1d, 0x4e, 0x3d, 0x4e, 0x3e, 0x4e, 0x3d, 0x4e, 0x5e, 0x4e, 0x3e, 0x4e, 
    0x3e, 0x4e, 0x3e, 0x4e, 0x3e, 0x4e, 0x3d, 0x46, 0x1d, 0x46, 0x1d, 0x46, 
    0x1d, 0x46, 0x1d, 0x46, 0x1d, 0x46, 0x3e, 0x46, 0x3d, 0x46, 0x1e, 0x4e, 
    0x3d, 0x46, 0x3e, 0x46, 0x3e, 0x46, 0x1e, 0x46, 0x1d, 0x46, 0x1e, 0x46, 
    0x1d, 0x46, 0x1e, 0x46, 0x1e, 0x46, 0x1d, 0x46, 0x1e, 0x46, 0x1e, 0x46, 
    0x1e, 0x46, 0x1e, 0x46, 0x3e, 0x46, 0x1d, 0x46, 0x1e, 0x46, 0x1d, 0x4e, 
    0x3e, 0x4e, 0x3e, 0x4e, 0x3e, 0x4e, 0x3d, 0x4e, 0x1e, 0x4e, 0x3d, 0x4e, 
    0x1d, 0x46, 0x1d, 0x46, 0x1d, 0x46, 0x1d, 0x46, 0x3e, 0x46, 0x3e, 0x46, 
    0x3e, 0x46, 0x3e, 0x4e, 0x3e, 0x4e, 0x3e, 0x4e, 0x3e, 0x4e, 0x3e, 0x4e, 
    0x3e, 0x46, 0x1e, 0x46, 0x3e, 0x46, 0x3e, 0x46, 0x3e, 0x4e, 0x1e, 0x4e, 
    0x3d, 0x4e, 0x3e, 0x4e, 0x1d, 0x4e, 0x1e, 0x4e, 0x1e, 0x4e, 0x1e, 0x4e, 
    0x1e, 0x46, 0x3e, 0x46, 0x1e, 0x46, 0x1d, 0x46, 0x1d, 0x46, 0x1d, 0x46, 
    0x1d, 0x46, 0x1e, 0x46, 0x1e, 0x46, 0x1d, 0x46, 0x1e, 0x46, 0x1d, 0x46, 
    0x1e, 0x46, 0x3d, 0x46, 0x1d, 0x46, 0x1d, 0x4e, 0x1d, 0x46, 0x1d, 0x46, 
    0x1d, 0x46, 0x1d, 0x46, 0x1d, 0x46, 0x1d, 0x46, 0x1d, 0x4e, 0x1d, 0x46, 
    0x1d, 0x46, 0x1e, 0x46, 0x1d, 0x4e, 0x1e, 0x4e, 0x1d, 0x46, 0x1e, 0x46, 
    0x1d, 0x46, 0x1e, 0x46, 0x1e, 0x46, 0x1e, 0x46, 0x1d, 0x46, 0x1d, 0x46, 
    0x1d, 0x46, 0x1d, 0x46, 0x1d, 0x46, 0x1d, 0x46, 0x1d, 0x46, 0x1d, 0x46, 
    0x1d, 0x46, 0x1d, 0x46, 0x1d, 0x46, 0x1d, 0x46, 0x1d, 0x46, 0x1d, 0x46, 
    0x1d, 0x46, 0x1d, 0x46, 0x1d, 0x46, 0x1d, 0x46, 0x1d, 0x46, 0x1d, 0x46, 
    0x1e, 0x46, 0x1e, 0x46, 0x1d, 0x46, 0x1e, 0x46, 0x1d, 0x46, 0x1d, 0x46, 
    0x1d, 0x56, 0x3d, 0x56, 0x7d, 0x66, 0x6b, 0xff, 0x0b, 0xff, 0xea, 0xfe, 
    0xca, 0xfe, 0xca, 0xfe, 0xca, 0xfe, 0xca, 0xfe, 0xaa, 0xfe, 0xab, 0xfe, 
    0x0c, 0xee, 0xcc, 0xf6, 0xcc, 0xfe, 0xec, 0xfe, 0xcd, 0xfe, 0xcd, 0xfe, 
    0xad, 0xf6, 0x6c, 0xf6, 0x6c, 0xf6, 0x4a, 0xdd, 0x2a, 0xe5, 0x4a, 0xdd, 
    0xcd, 0xf6, 0xad, 0xf6, 0xcd, 0xfe, 0x8e, 0xf6, 0xee, 0xd5, 0xed, 0xfe, 
    0xed, 0xf6, 0xcd, 0xd5, 0xae, 0xf6, 0xce, 0xfe, 0xce, 0xfe, 0xce, 0xfe, 
    0xce, 0xfe, 0xae, 0xfe, 0x8d, 0xfe, 0x8d, 0xfe, 0x8d, 0xfe, 0xad, 0xfe, 
    0xf0, 0xf6, 0xa9, 0xc4, 0x8d, 0xfe, 0xf1, 0xf6, 0x0f, 0xce, 0x13, 0x95, 
    0x3c, 0x6e, 0x5d, 0x6e, 0x3d, 0x66, 0x3d, 0x5e, 0x3d, 0x5e, 0x1d, 0x56, 
    0x1d, 0x56, 0x1d, 0x4e, 0x1d, 0x4e, 0x1d, 0x4e, 0x3d, 0x4e, 0x1d, 0x4e, 
    0x1d, 0x4e, 0x3e, 0x4e, 0x3d, 0x4e, 0x1e, 0x4e, 0x3d, 0x4e, 0x3d, 0x4e, 
    0x1e, 0x46, 0x1e, 0x4e, 0x1d, 0x46, 0x1d, 0x46, 0x1d, 0x4e, 0x1d, 0x4e, 
    0x1d, 0x46, 0x1d, 0x4e, 0x1d, 0x4e, 0xfd, 0x4d, 0x1d, 0x4e, 0x1d, 0x4e, 
    0x1d, 0x4e, 0x1d, 0x46, 0x1d, 0x46, 0x1e, 0x46, 0x1d, 0x4e, 0x1d, 0x46, 
    0x1d, 0x46, 0x1d, 0x46, 0x1d, 0x46, 0x1d, 0x4e, 0x1d, 0x4e, 0x1d, 0x46, 
    0x1d, 0x46, 0x1d, 0x46, 0x1d, 0x46, 0x1d, 0x46, 0x1d, 0x46, 0x1d, 0x4e, 
    0x1e, 0x46, 0x3e, 0x46, 0x3d, 0x46, 0x1e, 0x4e, 0x1d, 0x46, 0x1d, 0x46, 
    0x1d, 0x46, 0x1e, 0x46, 0x1e, 0x46, 0x1e, 0x46, 0x1d, 0x46, 0x1d, 0x4e, 
    0x1d, 0x4e, 0x3e, 0x4e, 0x1d, 0x4e, 0x1d, 0x46, 0x1d, 0x4e, 0x3d, 0x4e, 
    0x3d, 0x4e, 0x3d, 0x4e, 0x3e, 0x4e, 0x3e, 0x4e, 0x5e, 0x4e, 0x3e, 0x4e, 
    0x3e, 0x46, 0x3d, 0x4e, 0x3e, 0x46, 0x3d, 0x46, 0x3d, 0x46, 0x1d, 0x46, 
    0x1d, 0x46, 0x1d, 0x46, 0x1d, 0x46, 0x3e, 0x46, 0x3d, 0x4e, 0x3e, 0x46, 
    0x3e, 0x46, 0x3e, 0x46, 0x3e, 0x46, 0x3e, 0x46, 0x3d, 0x46, 0x1d, 0x46, 
    0x1d, 0x46, 0x3d, 0x46, 0x1e, 0x46, 0x1e, 0x46, 0x1e, 0x46, 0x1e, 0x46, 
    0x1e, 0x46, 0x3d, 0x46, 0x1e, 0x46, 0x1e, 0x46, 0x1d, 0x46, 0x3d, 0x4e, 
    0x3e, 0x4e, 0x3e, 0x4e, 0x3e, 0x4e, 0x3d, 0x4e, 0x3d, 0x4e, 0x1e, 0x4e, 
    0x3d, 0x4e, 0x1d, 0x46, 0x1e, 0x46, 0x3d, 0x46, 0x3e, 0x46, 0x3e, 0x4e, 
    0x3e, 0x46, 0x3e, 0x4e, 0x3e, 0x4e, 0x3e, 0x4e, 0x3e, 0x4e, 0x1e, 0x4e, 
    0x3e, 0x4e, 0x3e, 0x4e, 0x3e, 0x46, 0x3e, 0x4e, 0x3e, 0x46, 0x3e, 0x46, 
    0x3d, 0x4e, 0x1e, 0x4e, 0x1e, 0x4e, 0x1e, 0x4e, 0x1d, 0x4e, 0x1e, 0x4e, 
    0x1e, 0x46, 0x1d, 0x46, 0x1d, 0x46, 0x1e, 0x46, 0x1d, 0x46, 0x1e, 0x46, 
    0x1d, 0x46, 0x3d, 0x46, 0x1e, 0x46, 0x3d, 0x46, 0x1e, 0x46, 0x3d, 0x46, 
    0x3d, 0x46, 0x1d, 0x46, 0x1d, 0x46, 0x1d, 0x4e, 0x1d, 0x4e, 0x1d, 0x46, 
    0x1d, 0x46, 0x1d, 0x4e, 0x1e, 0x46, 0x1d, 0x4e, 0x1d, 0x46, 0x1d, 0x46, 
    0x1d, 0x46, 0x1e, 0x4e, 0x1e, 0x4e, 0x1d, 0x4e, 0x1d, 0x46, 0x1e, 0x46, 
    0x3e, 0x46, 0x1e, 0x46, 0x3e, 0x46, 0x3e, 0x46, 0x3e, 0x46, 0x1e, 0x46, 
    0x1d, 0x46, 0x1d, 0x46, 0x1d, 0x46, 0x1d, 0x46, 0x1d, 0x46, 0x1d, 0x4e, 
    0x1d, 0x46, 0x1d, 0x46, 0x1d, 0x46, 0x1d, 0x46, 0x1d, 0x46, 0x1d, 0x46, 
    0x1d, 0x46, 0x1d, 0x46, 0x1d, 0x46, 0x1d, 0x46, 0x1d, 0x46, 0x1e, 0x46, 
    0x1d, 0x46, 0x1d, 0x46, 0x1e, 0x46, 0x1e, 0x46, 0x1d, 0x46, 0x1d, 0x46, 
    0x1d, 0x56, 0x3d, 0x56, 0x3d, 0x5e, 0x51, 0x85, 0x68, 0xee, 0xc9, 0xfe, 
    0xca, 0xfe, 0xca, 0xfe, 0xaa, 0xfe, 0xca, 0xfe, 0xaa, 0xfe, 0x8a, 0xfe, 
    0x07, 0xac, 0xab, 0xf6, 0xcc, 0xfe, 0xcd, 0xfe, 0xcc, 0xfe, 0xcd, 0xf6, 
    0x6c, 0xf6, 0x0b, 0xee, 0x4c, 0xf6, 0x6d, 0xf6, 0x6d, 0xf6, 0x8d, 0xf6, 
    0xad, 0xf6, 0xad, 0xf6, 0xae, 0xf6, 0xce, 0xfe, 0xcf, 0xf6, 0xad, 0xd5, 
    0x2f, 0xe6, 0xcf, 0xfe, 0xce, 0xfe, 0xce, 0xfe, 0xcd, 0xfe, 0xce, 0xfe, 
    0xce, 0xfe, 0xae, 0xfe, 0xae, 0xfe, 0x8d, 0xf6, 0xae, 0xfe, 0xae, 0xfe, 
    0xef, 0xf6, 0x87, 0xc4, 0x2a, 0xdd, 0x06, 0xa4, 0x85, 0x8b, 0x4f, 0x64, 
    0x1c, 0x76, 0x5c, 0x6e, 0x3d, 0x66, 0x5d, 0x66, 0x3d, 0x5e, 0x1d, 0x56, 
    0x1d, 0x56, 0x1d, 0x4e, 0x1d, 0x4e, 0x3d, 0x4e, 0x3d, 0x4e, 0x3d, 0x4e, 
    0x1e, 0x4e, 0x3d, 0x4e, 0x3e, 0x4e, 0x3e, 0x4e, 0x3d, 0x4e, 0x3e, 0x4e, 
    0x3e, 0x46, 0x3e, 0x46, 0x1d, 0x46, 0x1e, 0x46, 0x1d, 0x46, 0x1d, 0x4e, 
    0x1d, 0x46, 0x1d, 0x4e, 0x1d, 0x46, 0x1d, 0x46, 0x1d, 0x4e, 0x1d, 0x4e, 
    0x1d, 0x4e, 0x1d, 0x46, 0x1d, 0x46, 0x1d, 0x46, 0x1d, 0x46, 0x1d, 0x46, 
    0x1d, 0x4e, 0x1d, 0x4e, 0x1d, 0x46, 0x1d, 0x4e, 0x1d, 0x4e, 0x1e, 0x4e, 
    0x1d, 0x46, 0x1d, 0x46, 0x1d, 0x46, 0x1e, 0x46, 0x1d, 0x46, 0x1d, 0x46, 
    0x1e, 0x46, 0x1d, 0x46, 0x3d, 0x46, 0x1e, 0x46, 0x1e, 0x46, 0x1d, 0x46, 
    0x1d, 0x46, 0x1e, 0x46, 0x1e, 0x46, 0x1e, 0x4e, 0x3e, 0x46, 0x3e, 0x46, 
    0x3e, 0x4e, 0x3d, 0x46, 0x3d, 0x4e, 0x1d, 0x4e, 0x3d, 0x4e, 0x3d, 0x4e, 
    0x3d, 0x4e, 0x3d, 0x4e, 0x3e, 0x4e, 0x3e, 0x4e, 0x5e, 0x4e, 0x3e, 0x4e, 
    0x3d, 0x4e, 0x3e, 0x46, 0x3e, 0x46, 0x3e, 0x46, 0x3e, 0x46, 0x3d, 0x46, 
    0x3d, 0x46, 0x3d, 0x46, 0x3d, 0x46, 0x3e, 0x46, 0x3e, 0x46, 0x3e, 0x46, 
    0x3e, 0x46, 0x1d, 0x46, 0x1e, 0x46, 0x1d, 0x46, 0x3d, 0x46, 0x1d, 0x46, 
    0x1d, 0x46, 0x1e, 0x46, 0x1e, 0x46, 0x3e, 0x46, 0x1e, 0x46, 0x1e, 0x46, 
    0x1d, 0x46, 0x3e, 0x46, 0x1d, 0x46, 0x1e, 0x46, 0x3e, 0x46, 0x3e, 0x46, 
    0x3e, 0x4e, 0x3e, 0x46, 0x3e, 0x4e, 0x3d, 0x4e, 0x3e, 0x4e, 0x1e, 0x4e, 
    0x3d, 0x4e, 0x1d, 0x46, 0x3e, 0x46, 0x3e, 0x46, 0x3e, 0x46, 0x3e, 0x46, 
    0x3e, 0x4e, 0x3e, 0x4e, 0x3e, 0x4e, 0x3e, 0x4e, 0x3e, 0x4e, 0x3e, 0x4e, 
    0x1d, 0x4e, 0x1e, 0x46, 0x1e, 0x4e, 0x3e, 0x46, 0x3e, 0x4e, 0x3e, 0x46, 
    0x3e, 0x46, 0x3e, 0x4e, 0x1d, 0x4e, 0x1d, 0x4e, 0x1e, 0x4e, 0x1e, 0x4e, 
    0x3e, 0x4e, 0x1d, 0x46, 0x1e, 0x46, 0x3e, 0x4e, 0x1e, 0x46, 0x3e, 0x46, 
    0x3d, 0x46, 0x3d, 0x46, 0x1e, 0x46, 0x3d, 0x46, 0x3e, 0x46, 0x3e, 0x46, 
    0x3e, 0x46, 0x3e, 0x46, 0x3d, 0x46, 0x1d, 0x46, 0x1d, 0x46, 0x1d, 0x46, 
    0x1d, 0x4e, 0x1d, 0x4e, 0x1d, 0x4e, 0x1d, 0x4e, 0x1d, 0x4e, 0x1d, 0x4e, 
    0x1d, 0x4e, 0x1e, 0x4e, 0x1d, 0x4e, 0x1e, 0x4e, 0x1e, 0x4e, 0x1d, 0x46, 
    0x1e, 0x46, 0x1e, 0x46, 0x3e, 0x46, 0x3e, 0x46, 0x1e, 0x46, 0x3e, 0x46, 
    0x1e, 0x46, 0x1d, 0x46, 0x1d, 0x46, 0x1d, 0x46, 0x1d, 0x4e, 0x1d, 0x4e, 
    0x1d, 0x4e, 0x1e, 0x4e, 0x1d, 0x4e, 0x1d, 0x4e, 0x1d, 0x46, 0x1d, 0x46, 
    0x1d, 0x46, 0x1d, 0x46, 0x1d, 0x46, 0x1d, 0x46, 0x1d, 0x46, 0x1d, 0x46, 
    0x1d, 0x46, 0x1e, 0x46, 0x1e, 0x46, 0x1d, 0x46, 0x1e, 0x46, 0x1d, 0x46, 
    0x1d, 0x4e, 0x1c, 0x56, 0x1c, 0x56, 0x1c, 0x56, 0x5c, 0x5e, 0xcf, 0x9d, 
    0x8c, 0xde, 0xa9, 0xf6, 0xa9, 0xfe, 0xaa, 0xfe, 0x69, 0xfe, 0x09, 0xfe, 
    0xe6, 0xa2, 0x8b, 0xf6, 0xac, 0xf6, 0xcc, 0xfe, 0xcc, 0xfe, 0xad, 0xf6, 
    0x6c, 0xf6, 0x4d, 0xf6, 0x4d, 0xf6, 0x6d, 0xf6, 0x6d, 0xfe, 0x8d, 0xfe, 
    0xad, 0xfe, 0xcd, 0xf6, 0xce, 0xfe, 0xce, 0xfe, 0xce, 0xfe, 0xcf, 0xfe, 
    0xcf, 0xf6, 0xce, 0xf6, 0xce, 0xf6, 0xcd, 0xfe, 0xce, 0xfe, 0xce, 0xfe, 
    0xce, 0xfe, 0xce, 0xfe, 0xae, 0xfe, 0xce, 0xfe, 0xce, 0xf6, 0xae, 0xf6, 
    0x33, 0xf7, 0xaa, 0xe5, 0x8f, 0xf6, 0xaf, 0xd5, 0x11, 0xa5, 0x5b, 0x8e, 
    0x5c, 0x6e, 0x5d, 0x6e, 0x5d, 0x66, 0x5d, 0x66, 0x3d, 0x5e, 0x1d, 0x56, 
    0x1d, 0x56, 0x1d, 0x4e, 0x1d, 0x4e, 0x1d, 0x4e, 0x3d, 0x4e, 0x3d, 0x4e, 
    0x3e, 0x4e, 0x3e, 0x4e, 0x3e, 0x4e, 0x3e, 0x4e, 0x3e, 0x4e, 0x3e, 0x46, 
    0x3e, 0x4e, 0x3e, 0x46, 0x1e, 0x46, 0x1d, 0x46, 0x1d, 0x46, 0x1d, 0x4e, 
    0x1d, 0x4e, 0x1d, 0x4e, 0x1d, 0x46, 0x1d, 0x46, 0x1d, 0x4e, 0x1d, 0x4e, 
    0x1d, 0x4e, 0x1d, 0x46, 0x1d, 0x46, 0x1d, 0x46, 0x1d, 0x4e, 0x1d, 0x46, 
    0x1d, 0x46, 0x1d, 0x46, 0x1d, 0x4e, 0x1d, 0x46, 0x1d, 0x46, 0x1d, 0x46, 
    0x1e, 0x4e, 0x1d, 0x46, 0x1d, 0x46, 0x1d, 0x46, 0x1d, 0x46, 0x1d, 0x46, 
    0x1d, 0x46, 0x1e, 0x4e, 0x1d, 0x46, 0x1d, 0x46, 0x1e, 0x46, 0x1d, 0x46, 
    0x1e, 0x46, 0x1d, 0x46, 0x1e, 0x46, 0x1e, 0x46, 0x1e, 0x46, 0x3e, 0x46, 
    0x3e, 0x46, 0x3e, 0x46, 0x3d, 0x46, 0x3d, 0x4e, 0x1d, 0x4e, 0x3d, 0x4e, 
    0x3d, 0x4e, 0x3e, 0x4e, 0x3d, 0x4e, 0x3e, 0x4e, 0x5e, 0x4e, 0x5e, 0x4e, 
    0x3e, 0x4e, 0x3e, 0x4e, 0x3e, 0x46, 0x3e, 0x46, 0x3e, 0x46, 0x3e, 0x46, 
    0x3d, 0x46, 0x3d, 0x46, 0x3e, 0x46, 0x3d, 0x46, 0x3e, 0x46, 0x3e, 0x46, 
    0x3e, 0x46, 0x3d, 0x46, 0x1d, 0x46, 0x1d, 0x46, 0x1d, 0x46, 0x3d, 0x46, 
    0x1d, 0x46, 0x3d, 0x46, 0x3d, 0x46, 0x3e, 0x46, 0x1e, 0x46, 0x1d, 0x46, 
    0x1d, 0x46, 0x1d, 0x46, 0x1d, 0x46, 0x1e, 0x4e, 0x1d, 0x4e, 0x3e, 0x4e, 
    0x3e, 0x4e, 0x3e, 0x4e, 0x3e, 0x4e, 0x3e, 0x4e, 0x3e, 0x4e, 0x3e, 0x4e, 
    0x3e, 0x4e, 0x3e, 0x46, 0x3e, 0x46, 0x3e, 0x46, 0x3e, 0x46, 0x3e, 0x46, 
    0x3e, 0x46, 0x3e, 0x4e, 0x3e, 0x4e, 0x3e, 0x4e, 0x3e, 0x4e, 0x3e, 0x4e, 
    0x1d, 0x46, 0x3e, 0x4e, 0x1e, 0x4e, 0x3e, 0x4e, 0x3e, 0x4e, 0x3e, 0x46, 
    0x1e, 0x4e, 0x3d, 0x4e, 0x1e, 0x4e, 0x1d, 0x4e, 0x1d, 0x46, 0x1e, 0x4e, 
    0x1e, 0x4e, 0x1d, 0x46, 0x1e, 0x4e, 0x1d, 0x46, 0x3d, 0x46, 0x3e, 0x46, 
    0x3e, 0x46, 0x1d, 0x46, 0x1d, 0x46, 0x1e, 0x46, 0x3d, 0x46, 0x3e, 0x46, 
    0x3d, 0x46, 0x3e, 0x46, 0x1d, 0x4e, 0x3d, 0x4e, 0x1d, 0x4e, 0x3d, 0x4e, 
    0x3d, 0x4e, 0x1d, 0x46, 0x1d, 0x46, 0x1d, 0x4e, 0x1d, 0x4e, 0x1d, 0x4e, 
    0x1d, 0x4e, 0x1d, 0x4e, 0x1e, 0x4e, 0x1d, 0x4e, 0x1d, 0x46, 0x1d, 0x4e, 
    0x1e, 0x46, 0x1d, 0x46, 0x3e, 0x46, 0x3e, 0x4e, 0x1d, 0x46, 0x1d, 0x46, 
    0x1e, 0x46, 0x3e, 0x46, 0x1d, 0x4e, 0x1e, 0x4e, 0x3d, 0x4e, 0x1e, 0x4e, 
    0x3d, 0x4e, 0x1e, 0x46, 0x3d, 0x4e, 0x1e, 0x4e, 0x1d, 0x4e, 0x1d, 0x46, 
    0x1d, 0x46, 0x1d, 0x46, 0x1d, 0x46, 0x1d, 0x46, 0x1d, 0x46, 0x1d, 0x46, 
    0x1e, 0x4e, 0x1d, 0x46, 0x1e, 0x46, 0x1d, 0x46, 0x1d, 0x46, 0x1d, 0x46, 
    0x1c, 0x4e, 0x1c, 0x56, 0x1c, 0x56, 0x1c, 0x56, 0x1c, 0x56, 0x3c, 0x5e, 
    0x5c, 0x5e, 0xbc, 0x66, 0x93, 0x85, 0x0a, 0xb5, 0xa8, 0xed, 0x88, 0xf5, 
    0x8a, 0xf5, 0x8b, 0xf6, 0xab, 0xf6, 0xcb, 0xf6, 0xcc, 0xfe, 0xcc, 0xf6, 
    0x8d, 0xf6, 0x6d, 0xf6, 0x6d, 0xf6, 0x6d, 0xf6, 0x8d, 0xf6, 0xad, 0xf6, 
    0xcd, 0xf6, 0xcd, 0xf6, 0xee, 0xfe, 0xce, 0xfe, 0xce, 0xfe, 0xce, 0xfe, 
    0xce, 0xf6, 0xcf, 0xfe, 0xce, 0xf6, 0xce, 0xf6, 0xce, 0xfe, 0xcd, 0xfe, 
    0xcd, 0xfe, 0xce, 0xfe, 0xce, 0xfe, 0xce, 0xf6, 0xce, 0xf6, 0xcf, 0xf6, 
    0xf0, 0xd5, 0xad, 0xf6, 0xcd, 0xf6, 0xcf, 0xf6, 0xf2, 0xe6, 0x39, 0x96, 
    0x7d, 0x76, 0x7d, 0x6e, 0x5d, 0x66, 0x5d, 0x66, 0x3d, 0x5e, 0x3d, 0x5e, 
    0x3d, 0x56, 0x1d, 0x4e, 0x1d, 0x4e, 0x1d, 0x4e, 0x1d, 0x4e, 0x1d, 0x4e, 
    0x3d, 0x4e, 0x3e, 0x4e, 0x3d, 0x4e, 0x3e, 0x4e, 0x3e, 0x4e, 0x3e, 0x4e, 
    0x3d, 0x4e, 0x1e, 0x46, 0x1e, 0x46, 0x1d, 0x46, 0x1d, 0x46, 0x1d, 0x4e, 
    0x1d, 0x4e, 0x3d, 0x4e, 0x3d, 0x4e, 0x1d, 0x4e, 0x1d, 0x4e, 0x1d, 0x4e, 
    0x1d, 0x4e, 0x1d, 0x4e, 0x1d, 0x4e, 0x1d, 0x46, 0x1d, 0x4e, 0x1d, 0x46, 
    0x1c, 0x46, 0x1d, 0x46, 0x1d, 0x46, 0x1d, 0x46, 0x1d, 0x46, 0x1d, 0x4e, 
    0x1d, 0x46, 0x1e, 0x46, 0x1d, 0x46, 0x1d, 0x46, 0x1e, 0x46, 0x1d, 0x46, 
    0x1d, 0x46, 0x1e, 0x4e, 0x1e, 0x4e, 0x1d, 0x46, 0x3d, 0x46, 0x1e, 0x46, 
    0x3e, 0x46, 0x3e, 0x46, 0x3d, 0x46, 0x3e, 0x46, 0x3e, 0x46, 0x3e, 0x46, 
    0x3e, 0x46, 0x1e, 0x46, 0x1d, 0x46, 0x1d, 0x46, 0x3d, 0x46, 0x3e, 0x4e, 
    0x3d, 0x4e, 0x3d, 0x4e, 0x3e, 0x4e, 0x3e, 0x4e, 0x3e, 0x4e, 0x5e, 0x4e, 
    0x3e, 0x4e, 0x5e, 0x4e, 0x3e, 0x46, 0x3e, 0x46, 0x3e, 0x46, 0x5e, 0x46, 
    0x3e, 0x46, 0x3e, 0x4e, 0x3e, 0x46, 0x3d, 0x46, 0x3e, 0x4e, 0x3e, 0x46, 
    0x3d, 0x46, 0x3d, 0x46, 0x3d, 0x46, 0x3e, 0x46, 0x3d, 0x46, 0x3e, 0x46, 
    0x1e, 0x46, 0x3d, 0x46, 0x3d, 0x46, 0x1d, 0x46, 0x1e, 0x46, 0x1d, 0x46, 
    0x1d, 0x46, 0x1d, 0x46, 0x1d, 0x46, 0x1d, 0x4e, 0x3e, 0x4e, 0x3d, 0x4e, 
    0x3e, 0x4e, 0x3d, 0x4e, 0x3e, 0x4e, 0x3e, 0x4e, 0x3e, 0x4e, 0x5e, 0x4e, 
    0x3e, 0x46, 0x3e, 0x4e, 0x3d, 0x4e, 0x3e, 0x46, 0x3e, 0x46, 0x3e, 0x46, 
    0x3e, 0x4e, 0x3e, 0x4e, 0x3e, 0x4e, 0x3e, 0x4e, 0x3e, 0x4e, 0x3e, 0x4e, 
    0x3e, 0x4e, 0x3d, 0x46, 0x3d, 0x4e, 0x3e, 0x4e, 0x3e, 0x4e, 0x3d, 0x46, 
    0x3d, 0x4e, 0x3e, 0x46, 0x3e, 0x4e, 0x1d, 0x46, 0x3d, 0x4e, 0x3e, 0x4e, 
    0x1d, 0x4e, 0x3d, 0x4e, 0x1e, 0x4e, 0x1e, 0x4e, 0x1d, 0x46, 0x3d, 0x4e, 
    0x3e, 0x46, 0x3e, 0x46, 0x3d, 0x46, 0x3d, 0x46, 0x1e, 0x46, 0x3d, 0x46, 
    0x3e, 0x46, 0x3d, 0x4e, 0x1d, 0x46, 0x1d, 0x4e, 0x1d, 0x46, 0x1d, 0x4e, 
    0x1d, 0x4e, 0x1d, 0x4e, 0x3d, 0x4e, 0x1d, 0x4e, 0x1d, 0x4e, 0x1d, 0x4e, 
    0x1d, 0x4e, 0x1e, 0x4e, 0x1d, 0x4e, 0x1d, 0x4e, 0x1d, 0x4e, 0x1e, 0x4e, 
    0x1d, 0x4e, 0x1e, 0x46, 0x1e, 0x4e, 0x1d, 0x4e, 0x3e, 0x46, 0x1d, 0x46, 
    0x1e, 0x46, 0x1e, 0x4e, 0x3d, 0x4e, 0x3d, 0x4e, 0x1e, 0x4e, 0x3e, 0x4e, 
    0x3e, 0x4e, 0x3d, 0x4e, 0x1e, 0x4e, 0x3d, 0x4e, 0x1e, 0x4e, 0x1e, 0x46, 
    0x1d, 0x46, 0x1d, 0x4e, 0x1d, 0x4e, 0x1d, 0x4e, 0x1d, 0x46, 0x1d, 0x46, 
    0x1d, 0x46, 0x1e, 0x46, 0x1e, 0x46, 0x1e, 0x46, 0x1d, 0x46, 0x1e, 0x46, 
    0x1d, 0x4e, 0x1d, 0x4e, 0x1c, 0x4e, 0x1c, 0x56, 0x1c, 0x56, 0x1c, 0x56, 
    0x3c, 0x5e, 0x5c, 0x7e, 0x2a, 0xa4, 0xca, 0xfd, 0x89, 0xed, 0x69, 0xf5, 
    0x48, 0xed, 0x6c, 0xf6, 0x8c, 0xf6, 0xac, 0xf6, 0xcc, 0xfe, 0xcd, 0xfe, 
    0xcd, 0xfe, 0xad, 0xf6, 0xad, 0xf6, 0xad, 0xf6, 0xad, 0xf6, 0xcd, 0xf6, 
    0xcd, 0xf6, 0xce, 0xf6, 0xee, 0xfe, 0xee, 0xfe, 0xee, 0xfe, 0xcf, 0xfe, 
    0xce, 0xfe, 0xee, 0xfe, 0xee, 0xfe, 0xce, 0xfe, 0xce, 0xfe, 0xce, 0xfe, 
    0xce, 0xfe, 0xce, 0xfe, 0xce, 0xfe, 0xce, 0xfe, 0xce, 0xf6, 0xef, 0xf6, 
    0xd1, 0xf6, 0xad, 0xf6, 0xae, 0xf6, 0xee, 0xf6, 0x10, 0xf7, 0x35, 0xef, 
    0xbd, 0x96, 0x7d, 0x6e, 0x7d, 0x66, 0x5d, 0x66, 0x3d, 0x5e, 0x3d, 0x5e, 
    0x3d, 0x56, 0x1d, 0x4e, 0x1d, 0x4e, 0x3d, 0x4e, 0x1d, 0x4e, 0x1e, 0x4e, 
    0x1d, 0x4e, 0x3d, 0x4e, 0x3d, 0x4e, 0x3d, 0x4e, 0x3e, 0x4e, 0x3e, 0x4e, 
    0x3d, 0x4e, 0x3d, 0x46, 0x1d, 0x46, 0x1d, 0x46, 0x1d, 0x4e, 0x1d, 0x4e, 
    0x1d, 0x4e, 0x3e, 0x4e, 0x1e, 0x4e, 0x1d, 0x4e, 0x1e, 0x4e, 0x1d, 0x46, 
    0x1d, 0x4e, 0x1d, 0x4e, 0x1d, 0x4e, 0x1d, 0x4e, 0x1d, 0x46, 0x1d, 0x4e, 
    0x1d, 0x4e, 0x1d, 0x46, 0x1d, 0x46, 0x1d, 0x46, 0x1e, 0x46, 0x1e, 0x46, 
    0x1e, 0x46, 0x1e, 0x46, 0x1e, 0x46, 0x1d, 0x46, 0x1d, 0x46, 0x1e, 0x4e, 
    0x1e, 0x4e, 0x3e, 0x4e, 0x1e, 0x46, 0x3e, 0x46, 0x3e, 0x46, 0x3e, 0x46, 
    0x3e, 0x46, 0x1e, 0x46, 0x1e, 0x46, 0x3e, 0x46, 0x3e, 0x46, 0x3e, 0x46, 
    0x3e, 0x46, 0x3e, 0x46, 0x3e, 0x46, 0x3e, 0x46, 0x3d, 0x46, 0x3e, 0x46, 
    0x3e, 0x4e, 0x3e, 0x4e, 0x3e, 0x4e, 0x3e, 0x4e, 0x3e, 0x4e, 0x3e, 0x4e, 
    0x3e, 0x4e, 0x5e, 0x4e, 0x3e, 0x4e, 0x3e, 0x4e, 0x3e, 0x46, 0x3e, 0x4e, 
    0x3e, 0x4e, 0x3e, 0x4e, 0x3e, 0x4e, 0x3e, 0x46, 0x3e, 0x46, 0x3e, 0x46, 
    0x3d, 0x46, 0x3e, 0x46, 0x3e, 0x46, 0x3e, 0x46, 0x3e, 0x46, 0x3e, 0x46, 
    0x3e, 0x46, 0x1d, 0x46, 0x3e, 0x46, 0x1e, 0x46, 0x3d, 0x46, 0x1d, 0x4e, 
    0x1e, 0x4e, 0x1d, 0x4e, 0x1d, 0x4e, 0x3d, 0x4e, 0x1e, 0x4e, 0x1e, 0x46, 
    0x1e, 0x4e, 0x3d, 0x4e, 0x3d, 0x46, 0x3d, 0x46, 0x3e, 0x4e, 0x3e, 0x46, 
    0x3e, 0x4e, 0x3e, 0x4e, 0x3e, 0x4e, 0x3e, 0x4e, 0x3e, 0x4e, 0x3e, 0x4e, 
    0x3e, 0x46, 0x3e, 0x4e, 0x3e, 0x46, 0x3e, 0x4e, 0x3e, 0x4e, 0x3e, 0x4e, 
    0x1e, 0x4e, 0x3e, 0x4e, 0x1d, 0x4e, 0x1d, 0x4e, 0x3e, 0x4e, 0x1d, 0x46, 
    0x3e, 0x4e, 0x3e, 0x46, 0x1e, 0x46, 0x3e, 0x46, 0x3e, 0x4e, 0x1e, 0x4e, 
    0x3e, 0x4e, 0x3e, 0x4e, 0x3d, 0x4e, 0x3e, 0x4e, 0x1e, 0x46, 0x3d, 0x46, 
    0x3d, 0x46, 0x3d, 0x46, 0x1d, 0x46, 0x3d, 0x46, 0x3e, 0x46, 0x3d, 0x46, 
    0x1e, 0x46, 0x1e, 0x46, 0x1d, 0x46, 0x1d, 0x46, 0x1d, 0x46, 0x3d, 0x4e, 
    0x1d, 0x4e, 0x1d, 0x4e, 0x1d, 0x4e, 0x1d, 0x4e, 0x1d, 0x4e, 0x1d, 0x4e, 
    0x1d, 0x4e, 0x1e, 0x4e, 0x3d, 0x4e, 0x1e, 0x4e, 0x1d, 0x4e, 0x1e, 0x4e, 
    0x1e, 0x4e, 0x1e, 0x4e, 0x3d, 0x4e, 0x3e, 0x4e, 0x1e, 0x4e, 0x1d, 0x4e, 
    0x3d, 0x46, 0x3e, 0x4e, 0x3e, 0x4e, 0x3e, 0x4e, 0x3e, 0x4e, 0x3e, 0x4e, 
    0x3e, 0x4e, 0x3e, 0x4e, 0x3e, 0x4e, 0x1e, 0x4e, 0x3e, 0x4e, 0x1d, 0x4e, 
    0x1d, 0x4e, 0x1d, 0x4e, 0x1d, 0x4e, 0x1d, 0x4e, 0x1d, 0x4e, 0x1d, 0x4e, 
    0x1d, 0x4e, 0x1e, 0x46, 0x1d, 0x46, 0x1e, 0x46, 0x1d, 0x46, 0x1d, 0x46, 
    0x1d, 0x4e, 0x1c, 0x4e, 0x1d, 0x56, 0x1c, 0x56, 0x1c, 0x56, 0x1c, 0x56, 
    0x3c, 0x5e, 0x9b, 0x86, 0xc7, 0x9a, 0xa5, 0x8a, 0xea, 0x8b, 0x68, 0xed, 
    0x48, 0xed, 0x25, 0x8b, 0x8c, 0xf6, 0xac, 0xf6, 0xcc, 0xf6, 0xcd, 0xfe, 
    0xcd, 0xfe, 0xce, 0xfe, 0xce, 0xfe, 0xce, 0xf6, 0xce, 0xf6, 0xce, 0xf6, 
    0xce, 0xf6, 0xce, 0xf6, 0xce, 0xfe, 0xce, 0xfe, 0xce, 0xfe, 0xee, 0xfe, 
    0xce, 0xfe, 0xee, 0xfe, 0xee, 0xfe, 0xee, 0xfe, 0xce, 0xfe, 0xcd, 0xfe, 
    0xce, 0xfe, 0xcd, 0xfe, 0xce, 0xfe, 0xce, 0xfe, 0xee, 0xfe, 0x95, 0xf7, 
    0x6d, 0xee, 0xcd, 0xfe, 0xce, 0xfe, 0xce, 0xfe, 0x0e, 0xff, 0x30, 0xff, 
    0x56, 0xef, 0x7d, 0x76, 0x7e, 0x66, 0x5d, 0x66, 0x3d, 0x5e, 0x3d, 0x56, 
    0x3d, 0x56, 0x1d, 0x4e, 0x1d, 0x4e, 0x3d, 0x4e, 0x1d, 0x4e, 0x3d, 0x4e, 
    0x1e, 0x4e, 0x3d, 0x4e, 0x3e, 0x4e, 0x3d, 0x4e, 0x3d, 0x4e, 0x3d, 0x4e, 
    0x1d, 0x4e, 0x1d, 0x46, 0x3e, 0x46, 0x1d, 0x46, 0x3e, 0x4e, 0x3e, 0x4e, 
    0x3e, 0x4e, 0x3e, 0x4e, 0x3e, 0x4e, 0x3e, 0x4e, 0x1d, 0x4e, 0x1d, 0x46, 
    0x1d, 0x4e, 0xfd, 0x45, 0x1d, 0x4e, 0x1d, 0x4e, 0x1d, 0x4e, 0xfd, 0x45, 
    0x1d, 0x46, 0x1d, 0x46, 0x1d, 0x46, 0x1d, 0x46, 0x1d, 0x46, 0x1e, 0x46, 
    0x3e, 0x46, 0x1e, 0x46, 0x1e, 0x46, 0x1e, 0x46, 0x1e, 0x46, 0x1d, 0x46, 
    0x1e, 0x46, 0x3e, 0x46, 0x3e, 0x46, 0x3e, 0x46, 0x1e, 0x46, 0x3e, 0x46, 
    0x3e, 0x46, 0x3d, 0x46, 0x3e, 0x46, 0x3e, 0x46, 0x3e, 0x46, 0x3e, 0x46, 
    0x3e, 0x46, 0x3e, 0x46, 0x3e, 0x46, 0x3e, 0x46, 0x3e, 0x46, 0x3e, 0x46, 
    0x3e, 0x4e, 0x3e, 0x4e, 0x3e, 0x4e, 0x3e, 0x4e, 0x5e, 0x4e, 0x5e, 0x4e, 
    0x5d, 0x4e, 0x3e, 0x4e, 0x5e, 0x4e, 0x3e, 0x4e, 0x5e, 0x4e, 0x5e, 0x4e, 
    0x3e, 0x4e, 0x3e, 0x4e, 0x3e, 0x46, 0x3e, 0x4e, 0x3e, 0x46, 0x3e, 0x46, 
    0x3e, 0x46, 0x3e, 0x46, 0x3e, 0x46, 0x3e, 0x46, 0x3e, 0x46, 0x3d, 0x46, 
    0x3e, 0x46, 0x3d, 0x46, 0x3e, 0x46, 0x3e, 0x46, 0x1d, 0x46, 0x1d, 0x46, 
    0x3e, 0x46, 0x3e, 0x4e, 0x3d, 0x4e, 0x3d, 0x4e, 0x1d, 0x4e, 0x3e, 0x4e, 
    0x3e, 0x46, 0x3e, 0x46, 0x3d, 0x4e, 0x3d, 0x46, 0x3e, 0x4e, 0x3e, 0x4e, 
    0x5e, 0x4e, 0x3e, 0x4e, 0x3e, 0x4e, 0x3e, 0x4e, 0x3e, 0x4e, 0x3e, 0x46, 
    0x3e, 0x46, 0x3e, 0x46, 0x3e, 0x46, 0x3e, 0x46, 0x3e, 0x4e, 0x3d, 0x4e, 
    0x3e, 0x4e, 0x3d, 0x4e, 0x3e, 0x4e, 0x3d, 0x4e, 0x3e, 0x4e, 0x1d, 0x4e, 
    0x1d, 0x4e, 0x1e, 0x4e, 0x1e, 0x46, 0x3d, 0x4e, 0x3e, 0x46, 0x3e, 0x4e, 
    0x3e, 0x4e, 0x3e, 0x4e, 0x3e, 0x4e, 0x3d, 0x4e, 0x3e, 0x4e, 0x3d, 0x4e, 
    0x3d, 0x46, 0x1d, 0x46, 0x3d, 0x4e, 0x1d, 0x4e, 0x1e, 0x46, 0x1d, 0x46, 
    0x3d, 0x46, 0x1e, 0x46, 0x1d, 0x46, 0x1e, 0x46, 0x1d, 0x4e, 0x1d, 0x46, 
    0x1d, 0x46, 0x1d, 0x4e, 0x1d, 0x4e, 0x1d, 0x4e, 0x1d, 0x4e, 0x1d, 0x4e, 
    0x1e, 0x4e, 0x1e, 0x4e, 0x3d, 0x4e, 0x3e, 0x4e, 0x3e, 0x4e, 0x3d, 0x4e, 
    0x3e, 0x4e, 0x3e, 0x4e, 0x3e, 0x4e, 0x3e, 0x4e, 0x3e, 0x4e, 0x3d, 0x46, 
    0x3e, 0x4e, 0x3e, 0x4e, 0x3e, 0x4e, 0x3e, 0x4e, 0x3e, 0x4e, 0x3d, 0x4e, 
    0x3d, 0x4e, 0x3e, 0x4e, 0x1d, 0x4e, 0x3e, 0x4e, 0x3d, 0x4e, 0x1e, 0x4e, 
    0x1d, 0x4e, 0x1d, 0x4e, 0x1d, 0x4e, 0x1d, 0x4e, 0x1d, 0x4e, 0x1d, 0x4e, 
    0x1d, 0x4e, 0x1d, 0x46, 0x1d, 0x46, 0x1d, 0x46, 0xfe, 0x45, 0x1d, 0x46, 
    0x1d, 0x4e, 0x1d, 0x4e, 0x1c, 0x4e, 0x1c, 0x56, 0x1c, 0x56, 0x1c, 0x56, 
    0x1c, 0x56, 0x1c, 0x5e, 0x1b, 0x5e, 0xb5, 0x85, 0xa9, 0xf5, 0x48, 0xed, 
    0x48, 0xed, 0x68, 0xed, 0x0c, 0xee, 0x8c, 0xf6, 0xcc, 0xf6, 0xcc, 0xfe, 
    0xcd, 0xfe, 0xed, 0xfe, 0xee, 0xfe, 0xee, 0xfe, 0xce, 0xf6, 0xce, 0xf6, 
    0xce, 0xf6, 0xce, 0xf6, 0xce, 0xfe, 0xee, 0xfe, 0xee, 0xfe, 0xce, 0xfe, 
    0xee, 0xfe, 0xee, 0xfe, 0xee, 0xfe, 0xee, 0xfe, 0xee, 0xfe, 0xce, 0xfe, 
    0xce, 0xfe, 0xce, 0xfe, 0xce, 0xfe, 0xce, 0xf6, 0xee, 0xfe, 0x2e, 0xe6, 
    0xad, 0xfe, 0xad, 0xfe, 0xcd, 0xfe, 0xee, 0xfe, 0xee, 0xfe, 0x2f, 0xff, 
    0x72, 0xff, 0x68, 0x5b, 0x7e, 0x66, 0x5d, 0x5e, 0x3e, 0x5e, 0x3d, 0x56, 
    0x1d, 0x56, 0x3d, 0x4e, 0x1d, 0x4e, 0x1d, 0x4e, 0x1d, 0x4e, 0x3d, 0x4e, 
    0x1d, 0x4e, 0x3d, 0x4e, 0x1d, 0x4e, 0x1d, 0x4e, 0x1d, 0x4e, 0x1e, 0x4e, 
    0x1d, 0x46, 0x3e, 0x46, 0x1d, 0x46, 0x1e, 0x46, 0x3d, 0x46, 0x3d, 0x4e, 
    0x3d, 0x4e, 0x1e, 0x4e, 0x3d, 0x4e, 0x1d, 0x4e, 0x1d, 0x4e, 0x1d, 0x4e, 
    0x1d, 0x46, 0x1d, 0x4e, 0xfd, 0x4d, 0x1d, 0x4e, 0xfd, 0x4d, 0x1d, 0x46, 
    0x1d, 0x46, 0x1d, 0x46, 0x1d, 0x46, 0x1d, 0x46, 0x1e, 0x46, 0x3d, 0x46, 
    0x1d, 0x46, 0x1d, 0x46, 0x1e, 0x46, 0x1e, 0x46, 0x1e, 0x46, 0x3e, 0x46, 
    0x3e, 0x46, 0x1e, 0x46, 0x3e, 0x46, 0x3e, 0x46, 0x3e, 0x46, 0x3d, 0x46, 
    0x3e, 0x46, 0x1e, 0x46, 0x3e, 0x46, 0x3e, 0x46, 0x3e, 0x46, 0x3e, 0x46, 
    0x3e, 0x46, 0x3e, 0x46, 0x3e, 0x46, 0x3e, 0x46, 0x3e, 0x46, 0x3e, 0x46, 
    0x3e, 0x46, 0x3e, 0x4e, 0x3e, 0x4e, 0x3e, 0x4e, 0x3e, 0x4e, 0x3e, 0x4e, 
    0x5e, 0x4e, 0x3e, 0x4e, 0x3e, 0x4e, 0x5e, 0x4e, 0x3e, 0x4e, 0x3e, 0x4e, 
    0x3e, 0x4e, 0x5e, 0x4e, 0x3e, 0x4e, 0x3e, 0x4e, 0x3e, 0x4e, 0x5e, 0x4e, 
    0x3e, 0x4e, 0x3e, 0x46, 0x3e, 0x46, 0x3e, 0x4e, 0x3e, 0x4e, 0x3e, 0x4e, 
    0x3e, 0x4e, 0x3e, 0x46, 0x3e, 0x46, 0x3e, 0x46, 0x3d, 0x46, 0x1d, 0x46, 
    0x3e, 0x4e, 0x3d, 0x46, 0x3d, 0x4e, 0x3d, 0x4e, 0x3d, 0x4e, 0x3d, 0x4e, 
    0x3e, 0x46, 0x3e, 0x46, 0x3e, 0x4e, 0x3e, 0x4e, 0x3e, 0x4e, 0x3e, 0x4e, 
    0x3e, 0x4e, 0x3e, 0x4e, 0x3e, 0x4e, 0x3e, 0x4e, 0x3d, 0x4e, 0x3e, 0x46, 
    0x1e, 0x46, 0x1d, 0x4e, 0x1d, 0x4e, 0x3e, 0x4e, 0x3e, 0x4e, 0x3e, 0x4e, 
    0x1e, 0x4e, 0x1e, 0x4e, 0x3e, 0x4e, 0x3e, 0x4e, 0x1d, 0x4e, 0x1e, 0x4e, 
    0x1d, 0x46, 0x3d, 0x4e, 0x3e, 0x4e, 0x3e, 0x4e, 0x3d, 0x46, 0x3e, 0x4e, 
    0x3d, 0x4e, 0x3e, 0x4e, 0x3e, 0x4e, 0x1d, 0x4e, 0x3e, 0x4e, 0x1d, 0x4e, 
    0x1e, 0x4e, 0x3d, 0x46, 0x1d, 0x4e, 0x1d, 0x4e, 0x3d, 0x46, 0x1d, 0x46, 
    0x1e, 0x46, 0x1d, 0x46, 0x1d, 0x46, 0x1d, 0x46, 0x1d, 0x46, 0x1d, 0x46, 
    0x1d, 0x46, 0x1d, 0x46, 0x1d, 0x46, 0x1d, 0x4e, 0x1d, 0x4e, 0x1d, 0x4e, 
    0x1d, 0x4e, 0x3d, 0x4e, 0x3e, 0x4e, 0x1e, 0x4e, 0x3e, 0x4e, 0x3e, 0x4e, 
    0x3e, 0x4e, 0x3e, 0x4e, 0x3e, 0x4e, 0x3e, 0x4e, 0x3e, 0x4e, 0x3e, 0x4e, 
    0x3e, 0x4e, 0x3e, 0x4e, 0x3e, 0x4e, 0x3e, 0x4e, 0x3d, 0x4e, 0x3d, 0x4e, 
    0x3e, 0x4e, 0x3d, 0x4e, 0x3d, 0x4e, 0x3e, 0x4e, 0x3d, 0x4e, 0x3e, 0x4e, 
    0x1e, 0x4e, 0x1d, 0x4e, 0x1d, 0x4e, 0x1d, 0x4e, 0x1d, 0x4e, 0x1d, 0x4e, 
    0x1d, 0x4e, 0x1d, 0x4e, 0x1d, 0x4e, 0x1d, 0x46, 0x1d, 0x46, 0x1d, 0x46, 
    0x1d, 0x4e, 0x1d, 0x4e, 0x1d, 0x4e, 0x1c, 0x56, 0x1c, 0x56, 0x1c, 0x56, 
    0x1c, 0x56, 0x1c, 0x56, 0xfa, 0x6d, 0x89, 0xdd, 0x69, 0xed, 0x68, 0xed, 
    0x68, 0xed, 0x69, 0xed, 0xa9, 0xcc, 0x8d, 0xf6, 0xac, 0xf6, 0xcd, 0xfe, 
    0xcd, 0xfe, 0xed, 0xfe, 0xed, 0xfe, 0xed, 0xfe, 0xed, 0xfe, 0xee, 0xfe, 
    0xce, 0xfe, 0xce, 0xf6, 0xce, 0xfe, 0xce, 0xf6, 0xee, 0xfe, 0xee, 0xfe, 
    0xee, 0xfe, 0xee, 0xfe, 0xee, 0xfe, 0xee, 0xfe, 0xee, 0xfe, 0xee, 0xfe, 
    0xee, 0xfe, 0xee, 0xfe, 0xce, 0xf6, 0xee, 0xf6, 0x34, 0xef, 0x4b, 0xf6, 
    0x8c, 0xfe, 0xab, 0xfe, 0xcc, 0xfe, 0xec, 0xfe, 0xed, 0xfe, 0x2d, 0xff, 
    0x4e, 0xff, 0x2e, 0x9d, 0x7e, 0x66, 0x5d, 0x5e, 0x3d, 0x56, 0x3d, 0x56, 
    0x1d, 0x4e, 0x1d, 0x4e, 0x1d, 0x4e, 0x1d, 0x4e, 0x1d, 0x4e, 0x1d, 0x4e, 
    0x1d, 0x4e, 0x1d, 0x4e, 0x1d, 0x4e, 0x1d, 0x4e, 0x1d, 0x4e, 0x1d, 0x4e, 
    0x3d, 0x4e, 0x3d, 0x4e, 0x3e, 0x4e, 0x3d, 0x46, 0x3d, 0x4e, 0x1e, 0x4e, 
    0x3e, 0x4e, 0x3e, 0x4e, 0x3e, 0x4e, 0x3d, 0x4e, 0x1d, 0x4e, 0x1e, 0x4e, 
    0x1d, 0x46, 0x1d, 0x4e, 0x1d, 0x4e, 0x1d, 0x4e, 0x1d, 0x46, 0x1d, 0x4e, 
    0x1d, 0x46, 0x1d, 0x46, 0x1d, 0x46, 0x1d, 0x46, 0x1d, 0x46, 0x1d, 0x46, 
    0x1e, 0x4e, 0x3e, 0x46, 0x1e, 0x46, 0x3e, 0x46, 0x3e, 0x46, 0x1e, 0x46, 
    0x3e, 0x46, 0x3e, 0x46, 0x3e, 0x46, 0x3e, 0x46, 0x3e, 0x46, 0x3e, 0x46, 
    0x3e, 0x46, 0x3d, 0x46, 0x3e, 0x46, 0x3e, 0x46, 0x3e, 0x4e, 0x3e, 0x46, 
    0x3e, 0x46, 0x3e, 0x46, 0x3e, 0x46, 0x3e, 0x46, 0x3e, 0x46, 0x3e, 0x46, 
    0x3e, 0x4e, 0x3e, 0x4e, 0x3e, 0x4e, 0x3e, 0x4e, 0x3e, 0x4e, 0x3e, 0x4e, 
    0x3e, 0x4e, 0x3e, 0x4e, 0x3e, 0x4e, 0x3e, 0x4e, 0x3e, 0x4e, 0x3e, 0x4e, 
    0x5e, 0x4e, 0x3e, 0x4e, 0x5e, 0x4e, 0x3e, 0x4e, 0x5e, 0x4e, 0x3e, 0x4e, 
    0x3e, 0x4e, 0x3e, 0x46, 0x3e, 0x46, 0x3e, 0x46, 0x3e, 0x46, 0x5e, 0x4e, 
    0x3e, 0x46, 0x3e, 0x46, 0x3e, 0x46, 0x3d, 0x46, 0x3e, 0x46, 0x3d, 0x4e, 
    0x3d, 0x4e, 0x3e, 0x4e, 0x3e, 0x4e, 0x3e, 0x4e, 0x3d, 0x4e, 0x3e, 0x46, 
    0x3e, 0x46, 0x3e, 0x46, 0x3e, 0x4e, 0x3e, 0x4e, 0x3e, 0x4e, 0x3e, 0x4e, 
    0x3e, 0x4e, 0x3e, 0x4e, 0x3e, 0x4e, 0x3d, 0x4e, 0x1e, 0x4e, 0x1e, 0x4e, 
    0x1e, 0x4e, 0x1e, 0x4e, 0x1d, 0x4e, 0x1e, 0x46, 0x1e, 0x4e, 0x3e, 0x4e, 
    0x3d, 0x4e, 0x1e, 0x4e, 0x1d, 0x4e, 0x3e, 0x4e, 0x1e, 0x46, 0x3d, 0x46, 
    0x1d, 0x4e, 0x1e, 0x46, 0x1e, 0x4e, 0x3d, 0x4e, 0x3e, 0x4e, 0x3e, 0x4e, 
    0x3e, 0x4e, 0x1e, 0x4e, 0x3e, 0x4e, 0x3e, 0x4e, 0x3e, 0x4e, 0x3d, 0x4e, 
    0x3d, 0x4e, 0x1d, 0x4e, 0x3d, 0x4e, 0x1d, 0x46, 0x1e, 0x46, 0x1e, 0x46, 
    0x1d, 0x46, 0x1d, 0x46, 0x1d, 0x46, 0x1d, 0x46, 0x1d, 0x4e, 0x1d, 0x46, 
    0x1d, 0x4e, 0x3d, 0x46, 0x3d, 0x4e, 0x3e, 0x4e, 0x1e, 0x4e, 0x1d, 0x4e, 
    0x3d, 0x4e, 0x3e, 0x4e, 0x3e, 0x4e, 0x3e, 0x4e, 0x3e, 0x4e, 0x3e, 0x4e, 
    0x3e, 0x4e, 0x3e, 0x4e, 0x3e, 0x4e, 0x3e, 0x4e, 0x3e, 0x4e, 0x3e, 0x4e, 
    0x3e, 0x4e, 0x3e, 0x4e, 0x3e, 0x4e, 0x3e, 0x4e, 0x3e, 0x4e, 0x3e, 0x4e, 
    0x3d, 0x4e, 0x1e, 0x4e, 0x1e, 0x4e, 0x1e, 0x4e, 0x3d, 0x4e, 0x3e, 0x4e, 
    0x1e, 0x4e, 0x1d, 0x4e, 0x1d, 0x4e, 0x1d, 0x4e, 0x1d, 0x4e, 0x1d, 0x4e, 
    0x1d, 0x4e, 0x1d, 0x4e, 0xfd, 0x4d, 0x1d, 0x46, 0x1d, 0x46, 0x1d, 0x4e, 
    0x1d, 0x4e, 0x1c, 0x4e, 0x1c, 0x4e, 0x1c, 0x4e, 0x1d, 0x56, 0x3c, 0x56, 
    0x3d, 0x5e, 0x3c, 0x5e, 0xce, 0xb5, 0xc8, 0xf5, 0x89, 0xed, 0x89, 0xed, 
    0x89, 0xed, 0x89, 0xed, 0x89, 0xed, 0x49, 0xb4, 0xad, 0xf6, 0xac, 0xfe, 
    0xcc, 0xfe, 0xed, 0xfe, 0xed, 0xfe, 0xee, 0xfe, 0xee, 0xfe, 0xee, 0xfe, 
    0xee, 0xfe, 0xee, 0xfe, 0xee, 0xfe, 0xee, 0xfe, 0xee, 0xfe, 0xee, 0xfe, 
    0xee, 0xfe, 0xed, 0xfe, 0xed, 0xfe, 0xed, 0xfe, 0xee, 0xfe, 0xee, 0xfe, 
    0xee, 0xfe, 0xce, 0xfe, 0xed, 0xfe, 0x0f, 0xf7, 0x6a, 0xe5, 0xc9, 0xf5, 
    0xb2, 0xce, 0xf5, 0xce, 0xb4, 0xbe, 0x74, 0xae, 0xf4, 0x95, 0xf7, 0x85, 
    0x9c, 0x76, 0x9e, 0x66, 0x5e, 0x5e, 0x3d, 0x5e, 0x3d, 0x56, 0x3d, 0x56, 
    0x1d, 0x4e, 0x1d, 0x4e, 0x1d, 0x4e, 0x1d, 0x4e, 0x1d, 0x4e, 0x1d, 0x4e, 
    0x1d, 0x4e, 0x1d, 0x4e, 0x1d, 0x4e, 0x1d, 0x4e, 0x1d, 0x4e, 0x1d, 0x4e, 
    0x3d, 0x4e, 0x1e, 0x4e, 0x1d, 0x4e, 0x3e, 0x46, 0x3e, 0x4e, 0x3e, 0x4e, 
    0x3e, 0x4e, 0x3e, 0x4e, 0x1e, 0x4e, 0x1d, 0x4e, 0x1d, 0x4e, 0x1d, 0x4e, 
    0x1d, 0x4e, 0x1d, 0x4e, 0x1d, 0x4e, 0x1d, 0x4e, 0x1d, 0x4e, 0x1d, 0x4e, 
    0x1d, 0x46, 0x1d, 0x46, 0x1d, 0x46, 0x1d, 0x46, 0x1d, 0x46, 0x1e, 0x46, 
    0x3d, 0x46, 0x3e, 0x46, 0x3e, 0x46, 0x3e, 0x46, 0x3e, 0x46, 0x3e, 0x46, 
    0x3e, 0x46, 0x3e, 0x46, 0x3e, 0x46, 0x3e, 0x46, 0x3e, 0x46, 0x3e, 0x46, 
    0x3e, 0x4e, 0x3d, 0x46, 0x3e, 0x46, 0x3d, 0x46, 0x3e, 0x46, 0x3e, 0x46, 
    0x3e, 0x46, 0x3e, 0x46, 0x3e, 0x46, 0x3e, 0x46, 0x3e, 0x4e, 0x3e, 0x46, 
    0x3e, 0x4e, 0x3e, 0x4e, 0x5e, 0x4e, 0x5e, 0x4e, 0x5e, 0x4e, 0x3e, 0x4e, 
    0x3e, 0x4e, 0x3e, 0x4e, 0x3e, 0x4e, 0x3e, 0x4e, 0x3e, 0x4e, 0x3e, 0x4e, 
    0x3e, 0x4e, 0x3e, 0x4e, 0x3e, 0x4e, 0x3e, 0x4e, 0x3e, 0x4e, 0x5e, 0x4e, 
    0x5e, 0x4e, 0x3e, 0x4e, 0x5e, 0x4e, 0x5e, 0x4e, 0x3e, 0x4e, 0x5e, 0x4e, 
    0x3e, 0x46, 0x5e, 0x46, 0x3e, 0x46, 0x3e, 0x46, 0x3e, 0x46, 0x3e, 0x4e, 
    0x3e, 0x46, 0x3e, 0x46, 0x3d, 0x4e, 0x3e, 0x4e, 0x3d, 0x4e, 0x3e, 0x4e, 
    0x3d, 0x4e, 0x3e, 0x4e, 0x3e, 0x4e, 0x3e, 0x4e, 0x5e, 0x4e, 0x3e, 0x4e, 
    0x3e, 0x4e, 0x3e, 0x4e, 0x3e, 0x4e, 0x3e, 0x4e, 0x3e, 0x4e, 0x1d, 0x4e, 
    0x1e, 0x4e, 0x1d, 0x4e, 0x1d, 0x4e, 0x1d, 0x4e, 0x3e, 0x4e, 0x3d, 0x4e, 
    0x3e, 0x4e, 0x3d, 0x4e, 0x3e, 0x4e, 0x3e, 0x4e, 0x3e, 0x4e, 0x3d, 0x4e, 
    0x1e, 0x46, 0x3e, 0x46, 0x3d, 0x4e, 0x3d, 0x4e, 0x1d, 0x4e, 0x3d, 0x4e, 
    0x3d, 0x4e, 0x3e, 0x4e, 0x3e, 0x4e, 0x3e, 0x4e, 0x3d, 0x4e, 0x3d, 0x4e, 
    0x3e, 0x4e, 0x3d, 0x4e, 0x1d, 0x4e, 0x1d, 0x4e, 0x1d, 0x46, 0x1d, 0x46, 
    0x1d, 0x46, 0x1d, 0x46, 0x1d, 0x46, 0x1d, 0x46, 0x1d, 0x46, 0x3d, 0x46, 
    0x3d, 0x46, 0x3e, 0x4e, 0x3e, 0x4e, 0x3d, 0x4e, 0x3e, 0x4e, 0x3e, 0x4e, 
    0x3e, 0x4e, 0x3e, 0x4e, 0x3e, 0x4e, 0x3e, 0x4e, 0x3e, 0x4e, 0x3e, 0x4e, 
    0x3e, 0x4e, 0x3e, 0x4e, 0x3e, 0x4e, 0x3e, 0x4e, 0x3e, 0x4e, 0x3e, 0x4e, 
    0x3e, 0x4e, 0x3e, 0x4e, 0x3e, 0x4e, 0x3e, 0x4e, 0x3e, 0x4e, 0x3e, 0x4e, 
    0x3e, 0x4e, 0x1e, 0x4e, 0x3d, 0x4e, 0x3d, 0x4e, 0x1d, 0x4e, 0x3e, 0x4e, 
    0x3d, 0x4e, 0x1d, 0x4e, 0x1d, 0x4e, 0x1d, 0x4e, 0x1d, 0x4e, 0x1d, 0x4e, 
    0x1d, 0x4e, 0x1d, 0x4e, 0x1d, 0x4e, 0x1d, 0x4e, 0x1d, 0x46, 0x1c, 0x4e, 
    0x1d, 0x4e, 0x1d, 0x4e, 0x1d, 0x4e, 0x1c, 0x4e, 0x1c, 0x56, 0x3d, 0x56, 
    0x3c, 0x5e, 0xf8, 0x7d, 0x48, 0xf6, 0xca, 0xf5, 0xa9, 0xed, 0xc9, 0xed, 
    0xca, 0xed, 0xca, 0xed, 0xca, 0xed, 0xa9, 0xf5, 0xca, 0xbc, 0xce, 0xf6, 
    0xad, 0xfe, 0xcd, 0xfe, 0xed, 0xfe, 0xee, 0xfe, 0x0d, 0xff, 0x0e, 0xff, 
    0x0e, 0xff, 0x0e, 0xff, 0xee, 0xfe, 0xee, 0xfe, 0xee, 0xfe, 0xee, 0xfe, 
    0xef, 0xfe, 0x0e, 0xff, 0x0e, 0xff, 0x0e, 0xff, 0xee, 0xfe, 0xee, 0xfe, 
    0xed, 0xfe, 0xed, 0xfe, 0xce, 0xf6, 0x4a, 0xcd, 0xeb, 0xed, 0x09, 0xfe, 
    0x09, 0xfe, 0x16, 0x9e, 0x5c, 0x76, 0x3c, 0x76, 0x3c, 0x6e, 0x5c, 0x66, 
    0x3d, 0x5e, 0x5d, 0x5e, 0x3d, 0x56, 0x3d, 0x56, 0x3d, 0x56, 0x1d, 0x4e, 
    0x1d, 0x4e, 0x1d, 0x4e, 0x1d, 0x4e, 0x1d, 0x4e, 0x1d, 0x4e, 0x1d, 0x4e, 
    0x1d, 0x4e, 0x1d, 0x4e, 0x1d, 0x4e, 0x1d, 0x4e, 0x1d, 0x4e, 0x1d, 0x4e, 
    0x1d, 0x4e, 0x3d, 0x4e, 0x1e, 0x4e, 0x3e, 0x4e, 0x3e, 0x4e, 0x3e, 0x4e, 
    0x3e, 0x4e, 0x3e, 0x4e, 0x3e, 0x4e, 0x3e, 0x4e, 0x3e, 0x4e, 0x1d, 0x4e, 
    0x1d, 0x4e, 0x1d, 0x4e, 0x1d, 0x4e, 0x1d, 0x4e, 0x1d, 0x4e, 0x1d, 0x46, 
    0x1d, 0x46, 0x1d, 0x46, 0x1d, 0x46, 0x1d, 0x46, 0x1d, 0x46, 0x1e, 0x46, 
    0x1e, 0x46, 0x1e, 0x46, 0x3e, 0x46, 0x3e, 0x46, 0x3e, 0x46, 0x3e, 0x46, 
    0x3e, 0x46, 0x3e, 0x46, 0x3e, 0x46, 0x3e, 0x46, 0x3e, 0x4e, 0x3e, 0x46, 
    0x3e, 0x46, 0x3e, 0x46, 0x3e, 0x46, 0x3d, 0x46, 0x3e, 0x46, 0x3e, 0x4e, 
    0x3e, 0x4e, 0x3e, 0x46, 0x3e, 0x4e, 0x3e, 0x4e, 0x3e, 0x46, 0x3e, 0x4e, 
    0x3e, 0x4e, 0x3e, 0x4e, 0x3e, 0x4e, 0x3e, 0x4e, 0x5e, 0x4e, 0x3e, 0x4e, 
    0x3e, 0x4e, 0x3e, 0x4e, 0x3e, 0x4e, 0x3e, 0x4e, 0x3e, 0x4e, 0x3e, 0x4e, 
    0x3e, 0x4e, 0x3e, 0x4e, 0x3e, 0x4e, 0x3e, 0x4e, 0x3e, 0x4e, 0x3e, 0x4e, 
    0x3e, 0x4e, 0x5e, 0x4e, 0x3f, 0x4e, 0x5e, 0x4e, 0x3e, 0x4e, 0x5e, 0x4e, 
    0x5e, 0x4e, 0x3e, 0x46, 0x5e, 0x4e, 0x5e, 0x46, 0x3e, 0x46, 0x3e, 0x4e, 
    0x3e, 0x46, 0x3e, 0x4e, 0x3e, 0x4e, 0x3e, 0x4e, 0x3e, 0x4e, 0x3e, 0x4e, 
    0x3e, 0x4e, 0x3e, 0x4e, 0x3e, 0x4e, 0x3e, 0x4e, 0x3e, 0x4e, 0x5e, 0x4e, 
    0x3e, 0x4e, 0x3e, 0x4e, 0x3e, 0x4e, 0x3e, 0x4e, 0x3e, 0x4e, 0x3e, 0x4e, 
    0x3e, 0x4e, 0x1d, 0x4e, 0x3e, 0x4e, 0x3e, 0x4e, 0x3e, 0x4e, 0x3e, 0x4e, 
    0x3e, 0x4e, 0x3e, 0x4e, 0x3d, 0x4e, 0x3e, 0x4e, 0x3e, 0x4e, 0x3e, 0x4e, 
    0x3e, 0x46, 0x3e, 0x4e, 0x3e, 0x46, 0x3e, 0x4e, 0x3e, 0x4e, 0x3e, 0x4e, 
    0x3e, 0x4e, 0x3e, 0x4e, 0x3e, 0x4e, 0x3e, 0x4e, 0x3e, 0x4e, 0x3d, 0x4e, 
    0x3d, 0x4e, 0x3e, 0x4e, 0x3d, 0x4e, 0x1d, 0x46, 0x1d, 0x46, 0x1e, 0x46, 
    0x1d, 0x46, 0x1e, 0x46, 0x1d, 0x46, 0x1d, 0x46, 0x1d, 0x4e, 0x3d, 0x4e, 
    0x3e, 0x4e, 0x3e, 0x4e, 0x3d, 0x4e, 0x3e, 0x4e, 0x3e, 0x4e, 0x3e, 0x4e, 
    0x3e, 0x4e, 0x3e, 0x4e, 0x3e, 0x4e, 0x3e, 0x4e, 0x3e, 0x4e, 0x3e, 0x4e, 
    0x3e, 0x4e, 0x3e, 0x4e, 0x3e, 0x4e, 0x3e, 0x4e, 0x3e, 0x4e, 0x3e, 0x4e, 
    0x3e, 0x4e, 0x3e, 0x4e, 0x3e, 0x4e, 0x3e, 0x4e, 0x3e, 0x4e, 0x3e, 0x4e, 
    0x3e, 0x4e, 0x3e, 0x4e, 0x3d, 0x4e, 0x3d, 0x4e, 0x3e, 0x4e, 0x3e, 0x4e, 
    0x3e, 0x4e, 0x1d, 0x4e, 0x1d, 0x4e, 0x1d, 0x4e, 0x1d, 0x4e, 0x1d, 0x4e, 
    0x1d, 0x4e, 0x1d, 0x46, 0x1d, 0x4e, 0x1d, 0x46, 0xfd, 0x45, 0x1d, 0x4e, 
    0x1d, 0x4e, 0x1d, 0x4e, 0xfd, 0x4d, 0x1c, 0x4e, 0x1d, 0x4e, 0x3d, 0x56, 
    0x5d, 0x5e, 0x2e, 0xc6, 0x49, 0xf6, 0xea, 0xf5, 0xea, 0xf5, 0x0a, 0xf6, 
    0x2b, 0xf6, 0x4b, 0xf6, 0x6c, 0xf6, 0x2b, 0xf6, 0x6a, 0xe5, 0x2c, 0xc5, 
    0x4e, 0xe6, 0xad, 0xf6, 0xcd, 0xfe, 0xee, 0xfe, 0xee, 0xfe, 0x0e, 0xff, 
    0x0e, 0xff, 0x0e, 0xff, 0x0e, 0xff, 0x0e, 0xff, 0x0e, 0xff, 0xee, 0xfe, 
    0x0e, 0xff, 0x0e, 0xff, 0x0e, 0xff, 0x0e, 0xff, 0xee, 0xfe, 0x0d, 0xff, 
    0x0d, 0xff, 0x2c, 0xde, 0x2d, 0xe6, 0x8d, 0xf6, 0xef, 0xf6, 0xc9, 0xc4, 
    0x88, 0xe5, 0xc7, 0xc4, 0x3b, 0x76, 0x1b, 0x6e, 0x1c, 0x66, 0x3c, 0x66, 
    0x3d, 0x5e, 0x3d, 0x56, 0x3d, 0x56, 0x3d, 0x56, 0x1d, 0x56, 0x1d, 0x4e, 
    0x1d, 0x4e, 0x1d, 0x4e, 0x1d, 0x4e, 0x1d, 0x4e, 0x1d, 0x4e, 0x1d, 0x4e, 
    0x1d, 0x4e, 0x1d, 0x4e, 0x1d, 0x4e, 0x1d, 0x4e, 0x1d, 0x4e, 0x1d, 0x4e, 
    0x1d, 0x4e, 0x1d, 0x4e, 0x3d, 0x4e, 0x3d, 0x4e, 0x3d, 0x4e, 0x3e, 0x4e, 
    0x3e, 0x4e, 0x3e, 0x4e, 0x3d, 0x4e, 0x3e, 0x4e, 0x3e, 0x4e, 0x1d, 0x4e, 
    0x1d, 0x4e, 0x1d, 0x4e, 0x1d, 0x4e, 0x1d, 0x4e, 0x1d, 0x4e, 0x1d, 0x4e, 
    0x1d, 0x46, 0x1d, 0x46, 0x1d, 0x46, 0x1d, 0x46, 0x1d, 0x46, 0x1d, 0x46, 
    0x1e, 0x46, 0x1e, 0x46, 0x1d, 0x46, 0x3e, 0x46, 0x3e, 0x4e, 0x3e, 0x46, 
    0x3e, 0x4e, 0x3e, 0x4e, 0x3e, 0x4e, 0x5e, 0x46, 0x3e, 0x4e, 0x3e, 0x4e, 
    0x3d, 0x46, 0x3e, 0x46, 0x3d, 0x4e, 0x3d, 0x4e, 0x3d, 0x46, 0x3d, 0x4e, 
    0x3e, 0x46, 0x3e, 0x46, 0x3e, 0x4e, 0x3e, 0x4e, 0x3e, 0x4e, 0x3e, 0x4e, 
    0x3d, 0x4e, 0x3e, 0x4e, 0x3e, 0x4e, 0x3e, 0x4e, 0x3e, 0x4e, 0x3e, 0x4e, 
    0x3e, 0x4e, 0x3e, 0x4e, 0x3e, 0x4e, 0x3e, 0x4e, 0x3e, 0x4e, 0x3e, 0x4e, 
    0x3e, 0x4e, 0x3e, 0x4e, 0x3e, 0x4e, 0x3e, 0x4e, 0x3e, 0x4e, 0x3e, 0x4e, 
    0x3e, 0x4e, 0x3e, 0x4e, 0x5e, 0x4e, 0x5e, 0x4e, 0x3e, 0x4e, 0x3e, 0x46, 
    0x5e, 0x4e, 0x3e, 0x4e, 0x5e, 0x4e, 0x5f, 0x4e, 0x5e, 0x4e, 0x5e, 0x4e, 
    0x5e, 0x4e, 0x3e, 0x46, 0x3e, 0x4e, 0x3e, 0x4e, 0x5e, 0x4e, 0x5e, 0x4e, 
    0x3e, 0x4e, 0x3e, 0x4e, 0x3e, 0x4e, 0x5e, 0x4e, 0x5e, 0x4e, 0x5e, 0x4e, 
    0x3f, 0x4e, 0x3e, 0x4e, 0x3e, 0x4e, 0x3e, 0x4e, 0x3e, 0x4e, 0x3e, 0x4e, 
    0x1e, 0x4e, 0x3d, 0x4e, 0x1d, 0x4e, 0x3e, 0x4e, 0x3e, 0x4e, 0x3e, 0x4e, 
    0x3e, 0x4e, 0x3e, 0x4e, 0x3e, 0x4e, 0x3e, 0x4e, 0x3e, 0x4e, 0x3d, 0x46, 
    0x3e, 0x46, 0x3e, 0x46, 0x3e, 0x4e, 0x3e, 0x4e, 0x3e, 0x4e, 0x3e, 0x4e, 
    0x3e, 0x4e, 0x3e, 0x4e, 0x3e, 0x4e, 0x3e, 0x4e, 0x3e, 0x4e, 0x3d, 0x4e, 
    0x3d, 0x4e, 0x3d, 0x4e, 0x3d, 0x4e, 0x3e, 0x46, 0x3e, 0x46, 0x1d, 0x46, 
    0x1e, 0x46, 0x1d, 0x46, 0x1d, 0x46, 0x1d, 0x46, 0x3d, 0x4e, 0x3e, 0x4e, 
    0x3e, 0x4e, 0x3e, 0x4e, 0x3e, 0x4e, 0x3d, 0x4e, 0x3e, 0x4e, 0x3e, 0x4e, 
    0x3e, 0x4e, 0x5e, 0x4e, 0x3e, 0x4e, 0x3e, 0x4e, 0x5e, 0x4e, 0x3e, 0x4e, 
    0x3e, 0x4e, 0x3e, 0x4e, 0x3e, 0x4e, 0x5e, 0x4e, 0x5e, 0x4e, 0x3e, 0x4e, 
    0x3e, 0x4e, 0x3e, 0x4e, 0x3e, 0x4e, 0x3e, 0x4e, 0x3e, 0x4e, 0x3e, 0x4e, 
    0x3e, 0x4e, 0x3e, 0x4e, 0x3e, 0x4e, 0x3e, 0x4e, 0x1d, 0x4e, 0x1e, 0x4e, 
    0x1e, 0x4e, 0x1d, 0x4e, 0x1d, 0x4e, 0x1d, 0x4e, 0x1d, 0x4e, 0x1d, 0x4e, 
    0x1d, 0x4e, 0x1d, 0x46, 0x1d, 0x46, 0x1d, 0x46, 0xfd, 0x45, 0x1d, 0x46, 
    0x1d, 0x46, 0x1d, 0x4e, 0x1c, 0x4e, 0x1c, 0x4e, 0x1c, 0x4e, 0x1d, 0x56, 
    0x5c, 0x5e, 0xe9, 0xdd, 0xa9, 0xfe, 0xaa, 0xfe, 0xcb, 0xfe, 0xeb, 0xfe, 
    0x8b, 0xf6, 0xad, 0xde, 0xeb, 0xac, 0x2a, 0xdd, 0x08, 0xd5, 0x68, 0xe5, 
    0xa8, 0xbc, 0x2d, 0xe6, 0xcd, 0xf6, 0xcd, 0xfe, 0xed, 0xfe, 0x0e, 0xff, 
    0x0e, 0xff, 0x0e, 0xff, 0x0e, 0xff, 0x0e, 0xff, 0xed, 0xfe, 0xee, 0xfe, 
    0xed, 0xfe, 0x0e, 0xff, 0x0e, 0xff, 0xed, 0xfe, 0x0d, 0xff, 0x8d, 0xee, 
    0x8c, 0xcd, 0x8d, 0xfe, 0xad, 0xf6, 0xad, 0xf6, 0xad, 0xf6, 0x33, 0xff, 
    0x3c, 0x7e, 0x5c, 0x76, 0x3c, 0x6e, 0x3c, 0x6e, 0x3c, 0x66, 0x3c, 0x5e, 
    0x3d, 0x5e, 0x3d, 0x56, 0x3d, 0x56, 0x3d, 0x56, 0x3d, 0x4e, 0x1d, 0x4e, 
    0x1d, 0x4e, 0x3d, 0x4e, 0x3d, 0x4e, 0x1d, 0x4e, 0x3d, 0x4e, 0x1e, 0x4e, 
    0x1d, 0x4e, 0x1d, 0x4e, 0x1d, 0x4e, 0x1d, 0x4e, 0x1d, 0x4e, 0x1d, 0x4e, 
    0x1d, 0x4e, 0x1d, 0x4e, 0x3d, 0x4e, 0x3d, 0x4e, 0x3d, 0x4e, 0x3d, 0x4e, 
    0x3d, 0x4e, 0x3e, 0x4e, 0x3e, 0x4e, 0x3e, 0x4e, 0x3d, 0x4e, 0x3e, 0x4e, 
    0x3d, 0x4e, 0x3d, 0x4e, 0x1d, 0x4e, 0x1d, 0x4e, 0x1d, 0x4e, 0x1d, 0x4e, 
    0x1d, 0x4e, 0x1d, 0x46, 0x1d, 0x46, 0x1d, 0x46, 0x1d, 0x4e, 0x1d, 0x46, 
    0x1d, 0x46, 0x3d, 0x4e, 0x3d, 0x46, 0x3d, 0x4e, 0x3e, 0x4e, 0x3e, 0x46, 
    0x3e, 0x4e, 0x3e, 0x4e, 0x3e, 0x4e, 0x3e, 0x4e, 0x3e, 0x4e, 0x3e, 0x4e, 
    0x3d, 0x46, 0x3e, 0x4e, 0x3d, 0x4e, 0x1d, 0x4e, 0x3d, 0x4e, 0x3d, 0x46, 
    0x3d, 0x4e, 0x3d, 0x4e, 0x3e, 0x4e, 0x5d, 0x4e, 0x3e, 0x4e, 0x3e, 0x4e, 
    0x3e, 0x4e, 0x3e, 0x4e, 0x3e, 0x4e, 0x3d, 0x4e, 0x3e, 0x4e, 0x3e, 0x4e, 
    0x3e, 0x4e, 0x3d, 0x4e, 0x3e, 0x4e, 0x3d, 0x4e, 0x3e, 0x4e, 0x3e, 0x4e, 
    0x3e, 0x4e, 0x3e, 0x4e, 0x3e, 0x4e, 0x3e, 0x4e, 0x3e, 0x4e, 0x3e, 0x4e, 
    0x3e, 0x4e, 0x3e, 0x4e, 0x3e, 0x4e, 0x5e, 0x4e, 0x3e, 0x46, 0x5e, 0x4e, 
    0x5e, 0x4e, 0x5e, 0x4e, 0x5e, 0x4e, 0x5e, 0x4e, 0x5e, 0x4e, 0x5e, 0x4e, 
    0x3e, 0x4e, 0x5e, 0x46, 0x3e, 0x4e, 0x5e, 0x4e, 0x3e, 0x4e, 0x3e, 0x4e, 
    0x5e, 0x4e, 0x3e, 0x4e, 0x3e, 0x4e, 0x5e, 0x4e, 0x3e, 0x4e, 0x5e, 0x4e, 
    0x3e, 0x4e, 0x3e, 0x4e, 0x3e, 0x4e, 0x3e, 0x4e, 0x3e, 0x4e, 0x3e, 0x4e, 
    0x3d, 0x46, 0x1e, 0x4e, 0x3e, 0x4e, 0x3d, 0x4e, 0x3e, 0x4e, 0x3e, 0x4e, 
    0x3e, 0x4e, 0x3e, 0x4e, 0x3d, 0x4e, 0x3e, 0x4e, 0x3e, 0x4e, 0x3d, 0x46, 
    0x3e, 0x4e, 0x3e, 0x46, 0x3e, 0x4e, 0x3e, 0x4e, 0x3e, 0x4e, 0x3e, 0x4e, 
    0x3e, 0x4e, 0x3e, 0x4e, 0x3e, 0x4e, 0x3e, 0x4e, 0x3e, 0x4e, 0x3d, 0x4e, 
    0x3e, 0x4e, 0x1d, 0x4e, 0x3d, 0x4e, 0x3e, 0x46, 0x3e, 0x46, 0x3d, 0x46, 
    0x1d, 0x46, 0x1d, 0x46, 0x3d, 0x4e, 0x3d, 0x46, 0x3d, 0x4e, 0x3d, 0x4e, 
    0x3d, 0x4e, 0x3e, 0x4e, 0x3d, 0x4e, 0x3e, 0x4e, 0x3e, 0x4e, 0x3e, 0x4e, 
    0x3e, 0x4e, 0x5e, 0x4e, 0x5e, 0x4e, 0x3e, 0x4e, 0x5e, 0x4e, 0x5e, 0x4e, 
    0x5e, 0x4e, 0x5e, 0x4e, 0x5e, 0x4e, 0x5e, 0x4e, 0x3e, 0x4e, 0x5e, 0x4e, 
    0x3e, 0x4e, 0x3e, 0x4e, 0x3e, 0x4e, 0x3e, 0x4e, 0x3e, 0x4e, 0x3d, 0x4e, 
    0x3e, 0x4e, 0x3e, 0x4e, 0x3d, 0x4e, 0x3d, 0x4e, 0x3d, 0x4e, 0x1d, 0x4e, 
    0x1e, 0x4e, 0x1d, 0x4e, 0x1d, 0x4e, 0x1d, 0x4e, 0x1d, 0x4e, 0x1d, 0x4e, 
    0x1d, 0x4e, 0x1d, 0x4e, 0x1c, 0x4e, 0x1d, 0x46, 0x1d, 0x4e, 0x1d, 0x4e, 
    0x1d, 0x4e, 0x1d, 0x4e, 0x1d, 0x4e, 0xfd, 0x4d, 0x1d, 0x4e, 0x1d, 0x4e, 
    0x1d, 0x56, 0x75, 0x6d, 0x0c, 0x8d, 0x4f, 0x8d, 0xb5, 0x85, 0x9b, 0x76, 
    0x9c, 0x6e, 0x7c, 0x66, 0x69, 0xe5, 0xaa, 0xed, 0x49, 0xdd, 0x89, 0xe5, 
    0x89, 0xed, 0xa9, 0xed, 0xe9, 0xc4, 0x8e, 0xee, 0x6d, 0xe6, 0xee, 0xfe, 
    0x0e, 0xff, 0x0e, 0xff, 0xed, 0xfe, 0xed, 0xfe, 0xed, 0xfe, 0xee, 0xfe, 
    0xed, 0xfe, 0xee, 0xfe, 0xcd, 0xf6, 0xcd, 0xee, 0xc9, 0xc4, 0x0b, 0xf6, 
    0x6b, 0xfe, 0xac, 0xfe, 0xcc, 0xf6, 0xcd, 0xfe, 0xcd, 0xf6, 0x10, 0xf7, 
    0x79, 0x96, 0x5d, 0x76, 0x3c, 0x6e, 0x3c, 0x66, 0x3d, 0x66, 0x3d, 0x5e, 
    0x3d, 0x56, 0x3d, 0x56, 0x3d, 0x56, 0x3d, 0x56, 0x3d, 0x4e, 0x3d, 0x4e, 
    0x3e, 0x4e, 0x3d, 0x4e, 0x1d, 0x4e, 0x1e, 0x4e, 0x3d, 0x4e, 0x3e, 0x4e, 
    0x3d, 0x4e, 0x3d, 0x4e, 0x1d, 0x4e, 0x1e, 0x4e, 0x1d, 0x4e, 0x1d, 0x4e, 
    0x1d, 0x4e, 0x3c, 0x4e, 0x3d, 0x4e, 0x1e, 0x4e, 0x1d, 0x4e, 0x1e, 0x4e, 
    0x3e, 0x4e, 0x3e, 0x4e, 0x3e, 0x4e, 0x3e, 0x4e, 0x3e, 0x4e, 0x3e, 0x4e, 
    0x3e, 0x4e, 0x3d, 0x4e, 0x1d, 0x4e, 0x1d, 0x4e, 0x1d, 0x4e, 0x1d, 0x4e, 
    0x1d, 0x46, 0x1d, 0x4e, 0x1e, 0x46, 0x1d, 0x46, 0x1d, 0x46, 0x1d, 0x46, 
    0x1e, 0x46, 0x1e, 0x46, 0x3e, 0x46, 0x3e, 0x46, 0x3e, 0x4e, 0x3e, 0x4e, 
    0x3e, 0x4e, 0x3e, 0x4e, 0x3e, 0x4e, 0x3e, 0x4e, 0x3e, 0x4e, 0x3e, 0x4e, 
    0x3e, 0x4e, 0x1d, 0x4e, 0x3d, 0x4e, 0x3d, 0x4e, 0x3d, 0x46, 0x3e, 0x4e, 
    0x1d, 0x4e, 0x3d, 0x4e, 0x3d, 0x4e, 0x3d, 0x4e, 0x3d, 0x4e, 0x3e, 0x4e, 
    0x3e, 0x4e, 0x5e, 0x4e, 0x3e, 0x4e, 0x3e, 0x4e, 0x3e, 0x4e, 0x3e, 0x4e, 
    0x5e, 0x4e, 0x3e, 0x4e, 0x3e, 0x4e, 0x5e, 0x4e, 0x3e, 0x4e, 0x5e, 0x4e, 
    0x5e, 0x4e, 0x3e, 0x4e, 0x3e, 0x4e, 0x5e, 0x4e, 0x3e, 0x4e, 0x3e, 0x4e, 
    0x3e, 0x4e, 0x3e, 0x4e, 0x3e, 0x4e, 0x3e, 0x4e, 0x3e, 0x46, 0x3e, 0x4e, 
    0x5e, 0x4e, 0x5e, 0x46, 0x3e, 0x4e, 0x5e, 0x46, 0x3e, 0x4e, 0x3e, 0x4e, 
    0x3e, 0x46, 0x5e, 0x4e, 0x3e, 0x4e, 0x5e, 0x4e, 0x5e, 0x4e, 0x3e, 0x4e, 
    0x3e, 0x4e, 0x3e, 0x4e, 0x3e, 0x4e, 0x3e, 0x4e, 0x3e, 0x4e, 0x3e, 0x4e, 
    0x5e, 0x4e, 0x3e, 0x4e, 0x3e, 0x4e, 0x3e, 0x4e, 0x3e, 0x4e, 0x1e, 0x4e, 
    0x3e, 0x4e, 0x1e, 0x4e, 0x1d, 0x4e, 0x3e, 0x4e, 0x3e, 0x4e, 0x3e, 0x4e, 
    0x3e, 0x4e, 0x3e, 0x4e, 0x3e, 0x46, 0x3e, 0x4e, 0x3e, 0x4e, 0x3e, 0x4e, 
    0x3e, 0x4e, 0x3e, 0x4e, 0x3e, 0x4e, 0x3e, 0x4e, 0x3e, 0x4e, 0x3e, 0x4e, 
    0x3e, 0x4e, 0x3e, 0x4e, 0x3e, 0x4e, 0x3e, 0x4e, 0x3e, 0x4e, 0x3d, 0x4e, 
    0x3d, 0x4e, 0x1d, 0x4e, 0x1e, 0x46, 0x1e, 0x4e, 0x3e, 0x46, 0x1d, 0x4e, 
    0x1d, 0x46, 0x1e, 0x4e, 0x1d, 0x4e, 0x1d, 0x4e, 0x3e, 0x4e, 0x3e, 0x4e, 
    0x3e, 0x4e, 0x3e, 0x4e, 0x3d, 0x4e, 0x3e, 0x4e, 0x3e, 0x4e, 0x3e, 0x4e, 
    0x3e, 0x4e, 0x3e, 0x4e, 0x3e, 0x4e, 0x3e, 0x4e, 0x5e, 0x4e, 0x5e, 0x4e, 
    0x5e, 0x4e, 0x5e, 0x4e, 0x5e, 0x4e, 0x3e, 0x4e, 0x5e, 0x4e, 0x3e, 0x4e, 
    0x3e, 0x4e, 0x3e, 0x4e, 0x3e, 0x4e, 0x3e, 0x4e, 0x1e, 0x4e, 0x3e, 0x4e, 
    0x1e, 0x4e, 0x1d, 0x4e, 0x1d, 0x4e, 0x1d, 0x4e, 0x1e, 0x4e, 0x3e, 0x4e, 
    0x1d, 0x4e, 0x1d, 0x4e, 0x1d, 0x4e, 0x1d, 0x4e, 0x1d, 0x4e, 0x1d, 0x4e, 
    0x1d, 0x4e, 0x1d, 0x4e, 0x1d, 0x4e, 0x1d, 0x4e, 0xfd, 0x4d, 0x1d, 0x4e, 
    0x1d, 0x4e, 0x1d, 0x4e, 0x1d, 0x4e, 0x1c, 0x4e, 0x1c, 0x4e, 0x1d, 0x4e, 
    0x1c, 0x4e, 0x1c, 0x56, 0x1c, 0x56, 0x3c, 0x5e, 0x3c, 0x5e, 0x3c, 0x5e, 
    0x3c, 0x66, 0x3c, 0x66, 0x86, 0xed, 0xd5, 0xad, 0x27, 0xd5, 0xa8, 0xed, 
    0xa9, 0xed, 0xa9, 0xed, 0xa9, 0xed, 0xc9, 0xf5, 0xe9, 0xf5, 0x46, 0xb4, 
    0xab, 0xa4, 0xef, 0xf6, 0xee, 0xfe, 0xcd, 0xfe, 0xed, 0xfe, 0xae, 0xf6, 
    0xe7, 0x9b, 0x68, 0xb4, 0x89, 0xed, 0xa9, 0xf5, 0x69, 0xe5, 0x4a, 0xf6, 
    0xab, 0xfe, 0xcc, 0xfe, 0xcc, 0xfe, 0xcc, 0xf6, 0xcc, 0xf6, 0xce, 0xf6, 
    0x34, 0xb6, 0x5c, 0x6e, 0x5c, 0x66, 0x5d, 0x66, 0x3d, 0x5e, 0x5d, 0x5e, 
    0x3d, 0x56, 0x3d, 0x56, 0x3d, 0x56, 0x3d, 0x56, 0x3d, 0x4e, 0x3d, 0x4e, 
    0x3d, 0x4e, 0x3d, 0x4e, 0x1d, 0x4e, 0x3d, 0x4e, 0x3d, 0x4e, 0x3d, 0x4e, 
    0x1d, 0x4e, 0x1d, 0x4e, 0x3d, 0x4e, 0x1d, 0x4e, 0x1d, 0x4e, 0x1d, 0x4e, 
    0x1e, 0x46, 0x1d, 0x4e, 0x3c, 0x4e, 0x1d, 0x4e, 0x3d, 0x4e, 0x3d, 0x4e, 
    0x3d, 0x4e, 0x3e, 0x4e, 0x5e, 0x4e, 0x3e, 0x4e, 0x3e, 0x4e, 0x3d, 0x46, 
    0x3e, 0x4e, 0x3d, 0x4e, 0x3d, 0x4e, 0x1e, 0x4e, 0x1d, 0x4e, 0x3d, 0x4e, 
    0x1e, 0x4e, 0x3d, 0x46, 0x3e, 0x46, 0x1d, 0x46, 0x3e, 0x46, 0x1d, 0x46, 
    0x3e, 0x46, 0x3e, 0x46, 0x3e, 0x46, 0x3e, 0x4e, 0x3e, 0x4e, 0x3e, 0x4e, 
    0x3e, 0x4e, 0x3e, 0x4e, 0x5e, 0x4e, 0x3e, 0x4e, 0x3d, 0x4e, 0x3e, 0x4e, 
    0x3d, 0x4e, 0x3d, 0x4e, 0x3d, 0x4e, 0x3d, 0x4e, 0x3d, 0x4e, 0x3d, 0x4e, 
    0x3d, 0x4e, 0x3d, 0x4e, 0x3d, 0x4e, 0x3e, 0x4e, 0x3e, 0x4e, 0x3d, 0x4e, 
    0x3e, 0x4e, 0x5e, 0x4e, 0x5e, 0x4e, 0x3d, 0x4e, 0x3e, 0x4e, 0x3e, 0x46, 
    0x5e, 0x4e, 0x5e, 0x4e, 0x5e, 0x4e, 0x5e, 0x4e, 0x5e, 0x4e, 0x3e, 0x4e, 
    0x5e, 0x4e, 0x5e, 0x4e, 0x5e, 0x4e, 0x3e, 0x4e, 0x5e, 0x4e, 0x5e, 0x4e, 
    0x3e, 0x4e, 0x5e, 0x46, 0x5e, 0x4e, 0x5e, 0x4e, 0x5e, 0x46, 0x3e, 0x4e, 
    0x3e, 0x4e, 0x5e, 0x4e, 0x3e, 0x4e, 0x3e, 0x46, 0x5e, 0x4e, 0x5e, 0x46, 
    0x5e, 0x4e, 0x5e, 0x4e, 0x5e, 0x46, 0x5e, 0x4e, 0x5e, 0x4e, 0x5e, 0x4e, 
    0x5e, 0x4e, 0x5e, 0x4e, 0x5e, 0x4e, 0x3d, 0x4e, 0x3e, 0x4e, 0x3e, 0x4e, 
    0x3e, 0x4e, 0x3e, 0x4e, 0x3e, 0x4e, 0x3e, 0x4e, 0x3e, 0x4e, 0x3d, 0x4e, 
    0x1e, 0x4e, 0x3d, 0x4e, 0x3e, 0x4e, 0x1e, 0x4e, 0x3d, 0x4e, 0x3d, 0x4e, 
    0x3e, 0x4e, 0x3e, 0x4e, 0x3e, 0x4e, 0x3e, 0x4e, 0x3d, 0x46, 0x3e, 0x4e, 
    0x3e, 0x4e, 0x3e, 0x4e, 0x3e, 0x4e, 0x3e, 0x4e, 0x3e, 0x4e, 0x3e, 0x4e, 
    0x3e, 0x4e, 0x3d, 0x4e, 0x3d, 0x4e, 0x3e, 0x4e, 0x3e, 0x4e, 0x3e, 0x4e, 
    0x1d, 0x4e, 0x1d, 0x4e, 0x1e, 0x4e, 0x3d, 0x4e, 0x1d, 0x4e, 0x3d, 0x46, 
    0x3e, 0x46, 0x3d, 0x46, 0x3e, 0x4e, 0x3d, 0x4e, 0x3d, 0x4e, 0x3e, 0x4e, 
    0x3e, 0x4e, 0x3e, 0x4e, 0x3e, 0x4e, 0x3e, 0x4e, 0x3d, 0x4e, 0x3e, 0x4e, 
    0x3e, 0x4e, 0x5e, 0x4e, 0x3e, 0x4e, 0x5e, 0x4e, 0x5e, 0x4e, 0x5e, 0x4e, 
    0x5e, 0x4e, 0x5e, 0x4e, 0x5e, 0x4e, 0x5e, 0x4e, 0x5e, 0x4e, 0x3e, 0x4e, 
    0x3e, 0x4e, 0x3d, 0x46, 0x3e, 0x4e, 0x3d, 0x46, 0x3d, 0x46, 0x1d, 0x4e, 
    0x1d, 0x4e, 0x1d, 0x4e, 0x1d, 0x4e, 0x1d, 0x4e, 0x1d, 0x4e, 0x1d, 0x4e, 
    0x1d, 0x46, 0x1d, 0x4e, 0x1d, 0x4e, 0x1d, 0x4e, 0x3d, 0x4e, 0x1d, 0x4e, 
    0x3d, 0x4e, 0x1d, 0x4e, 0x1d, 0x4e, 0x1c, 0x4e, 0xfd, 0x4d, 0x1d, 0x4e, 
    0x1d, 0x4e, 0x1d, 0x4e, 0x1d, 0x4e, 0x1c, 0x4e, 0xfd, 0x4d, 0xfc, 0x4d, 
    0x1c, 0x4e, 0x1c, 0x4e, 0x1c, 0x56, 0x1c, 0x56, 0x1c, 0x56, 0x1c, 0x56, 
    0x1c, 0x5e, 0x1c, 0x5e, 0x1d, 0x6e, 0x7e, 0x6e, 0xa8, 0xed, 0xa9, 0xed, 
    0xa8, 0xed, 0xa9, 0xed, 0xa9, 0xed, 0xc8, 0xed, 0xe8, 0xf5, 0x09, 0xf6, 
    0xe9, 0xf5, 0xe9, 0xed, 0xe9, 0xed, 0xe9, 0xed, 0xe9, 0xf5, 0xe9, 0xf5, 
    0x09, 0xf6, 0x6a, 0xfe, 0xcc, 0xfe, 0x28, 0xdd, 0xca, 0xfd, 0x49, 0xac, 
    0xaa, 0xfe, 0xcb, 0xfe, 0xcb, 0xfe, 0xcc, 0xfe, 0xcd, 0xfe, 0xed, 0xfe, 
    0x48, 0xa4, 0x5d, 0x6e, 0x5c, 0x66, 0x3d, 0x66, 0x5d, 0x5e, 0x3d, 0x5e, 
    0x3d, 0x56, 0x3d, 0x56, 0x3d, 0x56, 0x3d, 0x4e, 0x3d, 0x4e, 0x3d, 0x4e, 
    0x3d, 0x4e, 0x1d, 0x4e, 0x3d, 0x4e, 0x1d, 0x4e, 0x3d, 0x4e, 0x3d, 0x4e, 
    0x1d, 0x4e, 0x1d, 0x4e, 0x3d, 0x4e, 0x3d, 0x4e, 0x1d, 0x4e, 0x1d, 0x4e, 
    0x1d, 0x4e, 0x3d, 0x4e, 0x1d, 0x4e, 0x3d, 0x4e, 0x3d, 0x4e, 0x3d, 0x4e, 
    0x3e, 0x4e, 0x3e, 0x4e, 0x3d, 0x4e, 0x3e, 0x4e, 0x3e, 0x4e, 0x3e, 0x4e, 
    0x3e, 0x4e, 0x3d, 0x4e, 0x1d, 0x4e, 0x1d, 0x4e, 0x1d, 0x4e, 0x3d, 0x4e, 
    0x1d, 0x46, 0x3e, 0x4e, 0x3d, 0x4e, 0x3e, 0x4e, 0x1e, 0x46, 0x3e, 0x46, 
    0x3e, 0x46, 0x3e, 0x4e, 0x3e, 0x46, 0x3e, 0x4e, 0x5e, 0x4e, 0x5e, 0x4e, 
    0x5e, 0x4e, 0x3e, 0x4e, 0x5e, 0x4e, 0x3e, 0x4e, 0x3e, 0x4e, 0x3d, 0x4e, 
    0x3d, 0x4e, 0x3d, 0x4e, 0x3d, 0x4e, 0x3d, 0x4e, 0x3d, 0x4e, 0x3d, 0x4e, 
    0x3e, 0x4e, 0x3d, 0x4e, 0x3d, 0x4e, 0x3d, 0x4e, 0x3e, 0x4e, 0x3e, 0x4e, 
    0x3e, 0x4e, 0x5e, 0x4e, 0x5e, 0x4e, 0x3e, 0x4e, 0x3d, 0x4e, 0x3e, 0x4e, 
    0x5e, 0x4e, 0x5e, 0x4e, 0x5e, 0x4e, 0x5e, 0x4e, 0x5e, 0x4e, 0x5e, 0x4e, 
    0x5e, 0x4e, 0x3e, 0x4e, 0x5e, 0x4e, 0x5e, 0x4e, 0x5e, 0x4e, 0x5e, 0x4e, 
    0x5e, 0x4e, 0x5e, 0x4e, 0x5e, 0x4e, 0x5e, 0x4e, 0x5e, 0x4e, 0x3d, 0x46, 
    0x3e, 0x4e, 0x3e, 0x46, 0x3e, 0x46, 0x5e, 0x4e, 0x3e, 0x46, 0x3e, 0x46, 
    0x5e, 0x46, 0x5e, 0x4e, 0x3e, 0x46, 0x5e, 0x46, 0x5e, 0x4e, 0x5e, 0x4e, 
    0x5e, 0x4e, 0x5e, 0x4e, 0x3e, 0x4e, 0x3d, 0x4e, 0x3e, 0x4e, 0x3d, 0x4e, 
    0x3d, 0x4e, 0x3d, 0x4e, 0x3e, 0x4e, 0x3e, 0x4e, 0x3d, 0x4e, 0x3e, 0x4e, 
    0x3d, 0x4e, 0x3d, 0x4e, 0x1e, 0x4e, 0x3d, 0x46, 0x3d, 0x46, 0x3e, 0x4e, 
    0x3d, 0x4e, 0x3e, 0x46, 0x3e, 0x4e, 0x3e, 0x4e, 0x3e, 0x4e, 0x3e, 0x4e, 
    0x3e, 0x4e, 0x3e, 0x4e, 0x3e, 0x4e, 0x3d, 0x4e, 0x3d, 0x4e, 0x1d, 0x4e, 
    0x3d, 0x4e, 0x3d, 0x4e, 0x1e, 0x4e, 0x3e, 0x4e, 0x3d, 0x4e, 0x3d, 0x4e, 
    0x1d, 0x4e, 0x3d, 0x4e, 0x1e, 0x46, 0x3e, 0x4e, 0x3d, 0x4e, 0x3e, 0x4e, 
    0x3d, 0x46, 0x3d, 0x4e, 0x3e, 0x4e, 0x3e, 0x4e, 0x3e, 0x4e, 0x3e, 0x4e, 
    0x3e, 0x4e, 0x3d, 0x4e, 0x3e, 0x4e, 0x3e, 0x4e, 0x3e, 0x4e, 0x3e, 0x4e, 
    0x3e, 0x4e, 0x5e, 0x4e, 0x5e, 0x4e, 0x5e, 0x4e, 0x5e, 0x4e, 0x5e, 0x4e, 
    0x5e, 0x4e, 0x5e, 0x4e, 0x5e, 0x4e, 0x5e, 0x4e, 0x5e, 0x4e, 0x5e, 0x4e, 
    0x3e, 0x46, 0x3e, 0x46, 0x1d, 0x46, 0x3e, 0x46, 0x1d, 0x46, 0x1d, 0x4e, 
    0x1d, 0x4e, 0x1d, 0x4e, 0x1d, 0x4e, 0x1d, 0x4e, 0x1d, 0x4e, 0x1d, 0x4e, 
    0x1d, 0x4e, 0x1d, 0x4e, 0x1d, 0x4e, 0x1d, 0x4e, 0x3d, 0x4e, 0x3d, 0x4e, 
    0x1d, 0x4e, 0x3d, 0x4e, 0x1d, 0x4e, 0x1c, 0x4e, 0x1d, 0x4e, 0x1d, 0x4e, 
    0x1d, 0x4e, 0x1d, 0x4e, 0x1d, 0x4e, 0x1d, 0x4e, 0x1c, 0x4e, 0x1d, 0x4e, 
    0x1d, 0x4e, 0x1c, 0x4e, 0x1c, 0x56, 0x1c, 0x56, 0x1c, 0x56, 0xfc, 0x55, 
    0x1c, 0x56, 0x1b, 0x56, 0x3c, 0x5e, 0xbe, 0x6e, 0xe7, 0xf5, 0xa8, 0xed, 
    0xa8, 0xed, 0xc8, 0xed, 0xa8, 0xed, 0xc8, 0xf5, 0x8a, 0xf6, 0x86, 0xc4, 
    0xea, 0xf5, 0xc9, 0xe5, 0xe9, 0xed, 0x09, 0xf6, 0x2a, 0xf6, 0x8a, 0xfe, 
    0xaa, 0xfe, 0xcb, 0xfe, 0xed, 0xfe, 0xe9, 0xab, 0x89, 0xf5, 0x4e, 0xc5, 
    0x79, 0x8e, 0x8e, 0xad, 0xc9, 0xfe, 0xcb, 0xfe, 0xcb, 0xfe, 0xeb, 0xfe, 
    0xc7, 0xc4, 0x5d, 0x6e, 0x5d, 0x66, 0x5d, 0x66, 0x3d, 0x5e, 0x3d, 0x56, 
    0x3d, 0x56, 0x3d, 0x56, 0x3d, 0x4e, 0x3d, 0x4e, 0x3d, 0x4e, 0x3d, 0x4e, 
    0x3d, 0x4e, 0x1d, 0x4e, 0x1d, 0x4e, 0x3d, 0x4e, 0x1e, 0x4e, 0x1d, 0x4e, 
    0x1d, 0x4e, 0x1d, 0x4e, 0x1d, 0x4e, 0x3d, 0x4e, 0x1d, 0x46, 0x1d, 0x4e, 
    0x3d, 0x4e, 0x1d, 0x4e, 0x3d, 0x4e, 0x3d, 0x4e, 0x3d, 0x4e, 0x3e, 0x4e, 
    0x3e, 0x4e, 0x3e, 0x4e, 0x3e, 0x4e, 0x3e, 0x4e, 0x3e, 0x4e, 0x3e, 0x46, 
    0x3e, 0x4e, 0x3e, 0x46, 0x3d, 0x4e, 0x1d, 0x4e, 0x3d, 0x4e, 0x3d, 0x4e, 
    0x3e, 0x4e, 0x3e, 0x46, 0x3e, 0x4e, 0x3e, 0x4e, 0x3e, 0x4e, 0x3e, 0x4e, 
    0x3e, 0x4e, 0x3e, 0x4e, 0x3e, 0x4e, 0x5e, 0x4e, 0x5e, 0x4e, 0x5e, 0x4e, 
    0x5e, 0x4e, 0x5e, 0x4e, 0x5e, 0x4e, 0x3e, 0x4e, 0x3e, 0x4e, 0x3d, 0x4e, 
    0x3e, 0x4e, 0x3d, 0x4e, 0x3d, 0x4e, 0x3d, 0x4e, 0x3d, 0x4e, 0x3e, 0x4e, 
    0x3d, 0x4e, 0x3d, 0x4e, 0x3e, 0x4e, 0x3d, 0x4e, 0x3d, 0x4e, 0x3d, 0x46, 
    0x3e, 0x4e, 0x3e, 0x4e, 0x3e, 0x4e, 0x3e, 0x4e, 0x5e, 0x4e, 0x3e, 0x4e, 
    0x3e, 0x4e, 0x5e, 0x4e, 0x5e, 0x4e, 0x5e, 0x4e, 0x5e, 0x4e, 0x5e, 0x4e, 
    0x5e, 0x4e, 0x5e, 0x4e, 0x5e, 0x4e, 0x5e, 0x4e, 0x5e, 0x4e, 0x5e, 0x4e, 
    0x5e, 0x4e, 0x5e, 0x46, 0x3e, 0x46, 0x5e, 0x4e, 0x5e, 0x4e, 0x5e, 0x4e, 
    0x3e, 0x4e, 0x5e, 0x4e, 0x5e, 0x4e, 0x5e, 0x46, 0x5e, 0x4e, 0x5e, 0x4e, 
    0x5e, 0x46, 0x5e, 0x4e, 0x5e, 0x4e, 0x5e, 0x4e, 0x5e, 0x4e, 0x5e, 0x46, 
    0x5e, 0x4e, 0x3e, 0x4e, 0x3e, 0x4e, 0x3e, 0x4e, 0x3e, 0x4e, 0x3e, 0x4e, 
    0x3e, 0x4e, 0x3d, 0x4e, 0x3d, 0x4e, 0x1d, 0x4e, 0x1d, 0x4e, 0x1d, 0x4e, 
    0x1e, 0x4e, 0x1e, 0x4e, 0x3e, 0x4e, 0x3d, 0x4e, 0x1e, 0x4e, 0x3d, 0x4e, 
    0x3d, 0x4e, 0x3e, 0x46, 0x3e, 0x46, 0x3e, 0x4e, 0x3e, 0x4e, 0x3e, 0x4e, 
    0x3e, 0x4e, 0x3e, 0x4e, 0x3e, 0x4e, 0x3d, 0x4e, 0x3e, 0x4e, 0x1d, 0x4e, 
    0x1d, 0x4e, 0x1e, 0x4e, 0x3d, 0x4e, 0x3d, 0x4e, 0x3e, 0x4e, 0x3e, 0x4e, 
    0x3d, 0x4e, 0x1d, 0x4e, 0x3e, 0x4e, 0x1e, 0x46, 0x3d, 0x4e, 0x3e, 0x4e, 
    0x3e, 0x4e, 0x3e, 0x4e, 0x3e, 0x4e, 0x3e, 0x4e, 0x3e, 0x4e, 0x5e, 0x4e, 
    0x5e, 0x4e, 0x3e, 0x4e, 0x3e, 0x4e, 0x3e, 0x4e, 0x5e, 0x4e, 0x3e, 0x4e, 
    0x5f, 0x4e, 0x5e, 0x4e, 0x3e, 0x4e, 0x5e, 0x4e, 0x5e, 0x4e, 0x5e, 0x4e, 
    0x5f, 0x4e, 0x5e, 0x4e, 0x5e, 0x4e, 0x5e, 0x4e, 0x5e, 0x4e, 0x5e, 0x4e, 
    0x3d, 0x46, 0x3d, 0x46, 0x3d, 0x46, 0x1e, 0x4e, 0x1d, 0x46, 0x1e, 0x46, 
    0x1d, 0x4e, 0x1d, 0x4e, 0x1d, 0x4e, 0x1d, 0x4e, 0x1d, 0x4e, 0x1d, 0x4e, 
    0x1d, 0x4e, 0x1d, 0x4e, 0x3d, 0x4e, 0x3d, 0x4e, 0x3d, 0x4e, 0x3d, 0x4e, 
    0x1e, 0x4e, 0x1d, 0x4e, 0x1d, 0x4e, 0x1d, 0x4e, 0x1d, 0x4e, 0x1d, 0x4e, 
    0x1d, 0x4e, 0x1d, 0x4e, 0x1d, 0x4e, 0x1d, 0x4e, 0x1d, 0x4e, 0x1d, 0x4e, 
    0x1d, 0x4e, 0x1c, 0x4e, 0x1c, 0x4e, 0x1c, 0x56, 0x1c, 0x56, 0x1c, 0x56, 
    0x1c, 0x56, 0x1c, 0x56, 0x3c, 0x5e, 0xbe, 0x6e, 0x08, 0xf6, 0xc8, 0xf5, 
    0xe8, 0xf5, 0xc8, 0xed, 0x08, 0xf6, 0x6a, 0xf6, 0x34, 0xbe, 0x28, 0xb4, 
    0xe9, 0xf5, 0x31, 0xc6, 0x2b, 0xf6, 0x4a, 0xf6, 0x8a, 0xf6, 0xab, 0xfe, 
    0xcb, 0xfe, 0xcc, 0xfe, 0x2e, 0xff, 0xb6, 0x8d, 0xac, 0xac, 0xcb, 0xb4, 
    0x5c, 0x76, 0x5c, 0x6e, 0x3a, 0x6e, 0x76, 0x96, 0xa9, 0xc5, 0xea, 0xfe, 
    0x49, 0x94, 0x7d, 0x66, 0x5d, 0x5e, 0x5d, 0x5e, 0x3d, 0x5e, 0x3d, 0x56, 
    0x3d, 0x56, 0x3d, 0x4e, 0x3d, 0x4e, 0x3d, 0x4e, 0x3d, 0x4e, 0x1d, 0x4e, 
    0x1d, 0x4e, 0x1d, 0x4e, 0x1d, 0x4e, 0x1d, 0x4e, 0x1d, 0x4e, 0x3d, 0x4e, 
    0x3d, 0x4e, 0x1d, 0x4e, 0x3d, 0x4e, 0x3e, 0x4e, 0x3d, 0x4e, 0x1d, 0x4e, 
    0x3d, 0x4e, 0x3e, 0x4e, 0x3d, 0x4e, 0x3d, 0x4e, 0x3d, 0x4e, 0x3e, 0x4e, 
    0x3e, 0x4e, 0x3e, 0x4e, 0x3e, 0x4e, 0x3e, 0x4e, 0x3e, 0x4e, 0x3d, 0x4e, 
    0x3e, 0x4e, 0x3d, 0x46, 0x3d, 0x46, 0x3d, 0x4e, 0x3e, 0x4e, 0x3e, 0x4e, 
    0x3e, 0x4e, 0x3e, 0x4e, 0x3e, 0x4e, 0x3e, 0x4e, 0x3e, 0x4e, 0x3e, 0x4e, 
    0x3e, 0x4e, 0x3e, 0x4e, 0x3e, 0x4e, 0x5e, 0x4e, 0x5e, 0x4e, 0x3e, 0x4e, 
    0x5e, 0x4e, 0x5e, 0x4e, 0x5e, 0x4e, 0x5e, 0x4e, 0x3d, 0x4e, 0x3e, 0x4e, 
    0x3d, 0x4e, 0x3d, 0x4e, 0x3d, 0x4e, 0x3e, 0x4e, 0x3e, 0x4e, 0x3e, 0x4e, 
    0x3e, 0x4e, 0x3d, 0x4e, 0x3e, 0x4e, 0x3d, 0x4e, 0x3d, 0x4e, 0x3e, 0x4e, 
    0x3e, 0x4e, 0x3e, 0x4e, 0x5e, 0x4e, 0x3e, 0x4e, 0x3e, 0x4e, 0x5e, 0x4e, 
    0x3e, 0x4e, 0x5e, 0x4e, 0x5e, 0x4e, 0x5e, 0x4e, 0x5e, 0x4e, 0x5e, 0x4e, 
    0x5e, 0x4e, 0x5e, 0x4e, 0x3e, 0x4e, 0x5e, 0x4e, 0x5e, 0x4e, 0x5e, 0x4e, 
    0x5e, 0x4e, 0x5e, 0x46, 0x5e, 0x4e, 0x3e, 0x4e, 0x5e, 0x4e, 0x5e, 0x4e, 
    0x5e, 0x4e, 0x5e, 0x4e, 0x5e, 0x4e, 0x5e, 0x46, 0x5e, 0x4e, 0x5e, 0x4e, 
    0x5e, 0x4e, 0x5e, 0x4e, 0x5e, 0x4e, 0x5e, 0x4e, 0x3e, 0x4e, 0x5e, 0x4e, 
    0x5e, 0x4e, 0x5e, 0x4e, 0x5e, 0x4e, 0x3e, 0x4e, 0x3d, 0x4e, 0x3d, 0x4e, 
    0x3e, 0x4e, 0x3e, 0x4e, 0x3d, 0x4e, 0x3e, 0x4e, 0x1e, 0x4e, 0x3d, 0x4e, 
    0x1d, 0x4e, 0x1d, 0x4e, 0x1d, 0x46, 0x3e, 0x46, 0x3d, 0x4e, 0x3d, 0x4e, 
    0x3e, 0x4e, 0x3e, 0x4e, 0x3e, 0x4e, 0x3e, 0x4e, 0x3e, 0x4e, 0x3d, 0x4e, 
    0x3e, 0x4e, 0x3e, 0x4e, 0x3d, 0x4e, 0x3e, 0x4e, 0x3e, 0x4e, 0x3d, 0x4e, 
    0x1d, 0x4e, 0x1d, 0x4e, 0x3e, 0x4e, 0x1e, 0x4e, 0x1e, 0x4e, 0x3d, 0x4e, 
    0x1d, 0x4e, 0x3e, 0x4e, 0x3e, 0x4e, 0x3e, 0x4e, 0x3e, 0x4e, 0x3e, 0x4e, 
    0x3e, 0x4e, 0x3e, 0x4e, 0x3e, 0x4e, 0x3e, 0x4e, 0x3e, 0x4e, 0x5e, 0x4e, 
    0x3e, 0x4e, 0x5e, 0x4e, 0x5e, 0x4e, 0x3e, 0x4e, 0x5e, 0x4e, 0x5e, 0x4e, 
    0x5e, 0x4e, 0x3e, 0x4e, 0x5e, 0x4e, 0x3e, 0x4e, 0x5e, 0x4e, 0x5e, 0x4e, 
    0x5e, 0x4e, 0x5e, 0x4e, 0x5e, 0x4e, 0x5e, 0x4e, 0x5e, 0x4e, 0x3e, 0x4e, 
    0x3e, 0x4e, 0x3e, 0x46, 0x1e, 0x46, 0x3d, 0x4e, 0x3e, 0x4e, 0x1d, 0x4e, 
    0x1d, 0x4e, 0x1d, 0x4e, 0x1d, 0x4e, 0x1d, 0x4e, 0x1d, 0x4e, 0x1d, 0x4e, 
    0x1d, 0x4e, 0x3d, 0x4e, 0x3d, 0x4e, 0x3d, 0x4e, 0x3e, 0x4e, 0x1e, 0x4e, 
    0x3d, 0x4e, 0x3d, 0x4e, 0x1d, 0x4e, 0x1d, 0x4e, 0x1d, 0x4e, 0x1d, 0x4e, 
    0x1d, 0x4e, 0x1d, 0x4e, 0x1d, 0x4e, 0x1d, 0x4e, 0x1d, 0x4e, 0x1d, 0x4e, 
    0x1d, 0x4e, 0x1c, 0x4e, 0x1d, 0x4e, 0x1c, 0x56, 0x1c, 0x56, 0x1c, 0x56, 
    0x3d, 0x56, 0x3c, 0x56, 0x3d, 0x56, 0x9e, 0x66, 0x08, 0xf6, 0x09, 0xf6, 
    0x29, 0xf6, 0x6a, 0xf6, 0x8b, 0xee, 0xf4, 0xa5, 0x5c, 0x7e, 0x2a, 0x8b, 
    0xa7, 0xf5, 0xda, 0xb6, 0x0f, 0xce, 0x6a, 0xf6, 0xab, 0xf6, 0xcb, 0xfe, 
    0xcc, 0xfe, 0xec, 0xfe, 0xcd, 0xf6, 0x1a, 0x7e, 0x1c, 0x6e, 0x1b, 0x6e, 
    0x1c, 0x66, 0x1c, 0x66, 0x1c, 0x66, 0x3c, 0x66, 0x3c, 0x5e, 0x3b, 0x6e, 
    0x3c, 0x66, 0x5d, 0x66, 0x5d, 0x5e, 0x5d, 0x5e, 0x3d, 0x5e, 0x3d, 0x56, 
    0x3d, 0x4e, 0x1d, 0x4e, 0x3d, 0x4e, 0x3d, 0x4e, 0x3d, 0x4e, 0x1d, 0x4e, 
    0x1d, 0x4e, 0x1d, 0x4e, 0x1d, 0x4e, 0x3d, 0x4e, 0x3d, 0x4e, 0x3d, 0x4e, 
    0x3d, 0x4e, 0x3d, 0x4e, 0x3d, 0x4e, 0x3d, 0x4e, 0x3d, 0x4e, 0x3d, 0x4e, 
    0x3d, 0x4e, 0x3d, 0x4e, 0x3e, 0x4e, 0x3e, 0x4e, 0x3d, 0x4e, 0x3e, 0x4e, 
    0x3e, 0x4e, 0x3e, 0x4e, 0x3e, 0x4e, 0x3e, 0x4e, 0x3d, 0x4e, 0x3e, 0x4e, 
    0x3e, 0x4e, 0x3d, 0x4e, 0x3d, 0x4e, 0x3d, 0x46, 0x3e, 0x4e, 0x3e, 0x4e, 
    0x3d, 0x46, 0x3e, 0x4e, 0x3e, 0x4e, 0x3e, 0x4e, 0x3e, 0x4e, 0x3e, 0x4e, 
    0x3e, 0x4e, 0x3e, 0x4e, 0x3e, 0x4e, 0x3e, 0x4e, 0x5e, 0x4e, 0x5e, 0x4e, 
    0x5e, 0x4e, 0x5e, 0x4e, 0x5e, 0x4e, 0x5e, 0x4e, 0x3e, 0x4e, 0x3e, 0x4e, 
    0x3d, 0x4e, 0x3e, 0x4e, 0x3d, 0x4e, 0x3e, 0x4e, 0x3d, 0x4e, 0x3e, 0x4e, 
    0x3e, 0x4e, 0x3d, 0x4e, 0x3d, 0x4e, 0x3e, 0x4e, 0x3e, 0x4e, 0x3e, 0x4e, 
    0x5e, 0x4e, 0x5e, 0x4e, 0x5e, 0x4e, 0x5e, 0x4e, 0x3e, 0x4e, 0x3e, 0x4e, 
    0x5e, 0x4e, 0x5e, 0x4e, 0x5e, 0x4e, 0x5e, 0x4e, 0x5e, 0x4e, 0x5e, 0x4e, 
    0x5e, 0x4e, 0x5e, 0x4e, 0x3e, 0x4e, 0x5e, 0x4e, 0x5e, 0x4e, 0x3e, 0x4e, 
    0x5e, 0x4e, 0x5e, 0x4e, 0x3e, 0x4e, 0x5e, 0x4e, 0x5e, 0x4e, 0x5e, 0x4e, 
    0x5e, 0x4e, 0x5e, 0x4e, 0x5e, 0x4e, 0x5e, 0x4e, 0x3e, 0x4e, 0x3e, 0x4e, 
    0x3e, 0x4e, 0x3e, 0x4e, 0x3e, 0x4e, 0x5e, 0x4e, 0x5e, 0x4e, 0x5e, 0x4e, 
    0x5e, 0x4e, 0x5e, 0x4e, 0x3e, 0x4e, 0x3e, 0x4e, 0x3e, 0x4e, 0x3d, 0x4e, 
    0x3d, 0x4e, 0x3e, 0x4e, 0x3d, 0x4e, 0x3d, 0x4e, 0x1d, 0x4e, 0x1d, 0x4e, 
    0x1d, 0x4e, 0x3d, 0x4e, 0x3e, 0x4e, 0x1d, 0x4e, 0x3d, 0x4e, 0x3e, 0x4e, 
    0x3e, 0x4e, 0x3d, 0x46, 0x3d, 0x4e, 0x3e, 0x4e, 0x3e, 0x4e, 0x3e, 0x4e, 
    0x3e, 0x4e, 0x3e, 0x4e, 0x3d, 0x4e, 0x3d, 0x4e, 0x1d, 0x4e, 0x1d, 0x4e, 
    0x1d, 0x4e, 0x1d, 0x4e, 0x3e, 0x4e, 0x3e, 0x4e, 0x1d, 0x4e, 0x3d, 0x4e, 
    0x3e, 0x4e, 0x3e, 0x4e, 0x3e, 0x4e, 0x3e, 0x4e, 0x3e, 0x4e, 0x3e, 0x4e, 
    0x3e, 0x4e, 0x3e, 0x4e, 0x3e, 0x4e, 0x3e, 0x4e, 0x3e, 0x4e, 0x5e, 0x4e, 
    0x5e, 0x4e, 0x5e, 0x4e, 0x5e, 0x4e, 0x5e, 0x4e, 0x5e, 0x4e, 0x5e, 0x4e, 
    0x3e, 0x4e, 0x3e, 0x4e, 0x5e, 0x4e, 0x5e, 0x4e, 0x5e, 0x4e, 0x5e, 0x4e, 
    0x5e, 0x4e, 0x5e, 0x4e, 0x5e, 0x4e, 0x5e, 0x4e, 0x5e, 0x4e, 0x3e, 0x4e, 
    0x3e, 0x4e, 0x3d, 0x4e, 0x3e, 0x4e, 0x3e, 0x4e, 0x1e, 0x4e, 0x3d, 0x4e, 
    0x1d, 0x4e, 0x1d, 0x4e, 0x1d, 0x4e, 0x1d, 0x4e, 0x1d, 0x4e, 0x1d, 0x4e, 
    0x1d, 0x4e, 0x3d, 0x4e, 0x3d, 0x4e, 0x3e, 0x4e, 0x3d, 0x4e, 0x3d, 0x4e, 
    0x3d, 0x4e, 0x3d, 0x4e, 0x3d, 0x4e, 0x1d, 0x4e, 0x1d, 0x4e, 0x1d, 0x4e, 
    0x3d, 0x4e, 0x1d, 0x4e, 0x1d, 0x4e, 0x1d, 0x4e, 0x1d, 0x4e, 0x1d, 0x4e, 
    0x3d, 0x4e, 0x1d, 0x4e, 0x1d, 0x4e, 0x1d, 0x56, 0x1c, 0x56, 0x1c, 0x56, 
    0x3c, 0x56, 0x3d, 0x56, 0x3d, 0x56, 0x7d, 0x5e, 0xc8, 0xe5, 0x6a, 0xf6, 
    0xea, 0xfe, 0xcc, 0xcd, 0x76, 0x7d, 0x5d, 0x6e, 0x5d, 0x6e, 0x9d, 0x7e, 
    0x93, 0x8d, 0xbd, 0x86, 0x18, 0x8e, 0x0a, 0xee, 0xab, 0xf6, 0xcb, 0xfe, 
    0xcc, 0xfe, 0x0c, 0xff, 0xe9, 0x83, 0x3c, 0x6e, 0x1b, 0x66, 0x1b, 0x5e, 
    0x1c, 0x5e, 0x1c, 0x5e, 0x1c, 0x5e, 0x1c, 0x5e, 0x3c, 0x5e, 0x3d, 0x5e, 
    0x5d, 0x5e, 0x5d, 0x5e, 0x3d, 0x5e, 0x3d, 0x56, 0x3d, 0x56, 0x3d, 0x56, 
    0x3d, 0x56, 0x3d, 0x4e, 0x3d, 0x4e, 0x3d, 0x4e, 0x3d, 0x4e, 0x3d, 0x4e, 
    0x1d, 0x4e, 0x1d, 0x4e, 0x3d, 0x4e, 0x3d, 0x4e, 0x3d, 0x4e, 0x3d, 0x4e, 
    0x3d, 0x4e, 0x3d, 0x4e, 0x3d, 0x4e, 0x3d, 0x46, 0x3d, 0x4e, 0x3e, 0x46, 
    0x3e, 0x4e, 0x3e, 0x4e, 0x3e, 0x4e, 0x3e, 0x4e, 0x3e, 0x4e, 0x3e, 0x4e, 
    0x3e, 0x4e, 0x3e, 0x4e, 0x3e, 0x4e, 0x3e, 0x4e, 0x3d, 0x4e, 0x3e, 0x4e, 
    0x3e, 0x4e, 0x3d, 0x4e, 0x3e, 0x46, 0x3d, 0x46, 0x3d, 0x46, 0x3d, 0x46, 
    0x3e, 0x46, 0x3e, 0x4e, 0x3e, 0x4e, 0x3e, 0x4e, 0x3e, 0x4e, 0x3e, 0x4e, 
    0x5e, 0x4e, 0x5e, 0x4e, 0x5e, 0x4e, 0x5e, 0x4e, 0x5e, 0x4e, 0x5e, 0x4e, 
    0x5e, 0x4e, 0x5e, 0x4e, 0x5e, 0x4e, 0x5e, 0x4e, 0x5e, 0x4e, 0x5e, 0x4e, 
    0x3d, 0x4e, 0x3d, 0x4e, 0x3e, 0x4e, 0x3d, 0x4e, 0x3d, 0x4e, 0x3d, 0x4e, 
    0x3e, 0x4e, 0x3d, 0x4e, 0x3d, 0x4e, 0x3e, 0x4e, 0x3e, 0x4e, 0x5e, 0x4e, 
    0x5e, 0x4e, 0x5e, 0x4e, 0x5e, 0x4e, 0x5e, 0x4e, 0x5e, 0x4e, 0x3e, 0x4e, 
    0x5e, 0x4e, 0x5e, 0x4e, 0x5e, 0x4e, 0x5e, 0x4e, 0x5e, 0x4e, 0x5e, 0x4e, 
    0x5e, 0x4e, 0x5e, 0x4e, 0x5e, 0x4e, 0x5e, 0x4e, 0x5e, 0x4e, 0x5e, 0x4e, 
    0x5e, 0x4e, 0x3e, 0x4e, 0x3e, 0x4e, 0x5e, 0x4e, 0x5e, 0x4e, 0x5e, 0x4e, 
    0x5e, 0x4e, 0x5e, 0x4e, 0x5e, 0x46, 0x5e, 0x4e, 0x3e, 0x4e, 0x3e, 0x4e, 
    0x3e, 0x46, 0x3e, 0x4e, 0x5e, 0x4e, 0x5e, 0x4e, 0x5e, 0x4e, 0x3e, 0x4e, 
    0x5e, 0x4e, 0x5e, 0x4e, 0x5d, 0x4e, 0x3e, 0x4e, 0x5e, 0x4e, 0x3d, 0x4e, 
    0x3d, 0x4e, 0x3e, 0x4e, 0x3d, 0x4e, 0x3d, 0x4e, 0x3d, 0x4e, 0x3d, 0x4e, 
    0x1d, 0x4e, 0x1d, 0x46, 0x1d, 0x4e, 0x3d, 0x4e, 0x3e, 0x4e, 0x3e, 0x4e, 
    0x3e, 0x4e, 0x3e, 0x4e, 0x3e, 0x4e, 0x3e, 0x4e, 0x3e, 0x4e, 0x3e, 0x4e, 
    0x3e, 0x4e, 0x3d, 0x4e, 0x3e, 0x4e, 0x3e, 0x4e, 0x3e, 0x4e, 0x3e, 0x4e, 
    0x3e, 0x4e, 0x3e, 0x4e, 0x3d, 0x46, 0x3e, 0x4e, 0x3e, 0x4e, 0x3e, 0x4e, 
    0x3e, 0x4e, 0x3e, 0x4e, 0x3e, 0x4e, 0x3e, 0x4e, 0x3e, 0x4e, 0x3e, 0x4e, 
    0x3e, 0x4e, 0x3e, 0x4e, 0x5e, 0x4e, 0x5e, 0x4e, 0x5e, 0x4e, 0x5e, 0x4e, 
    0x5e, 0x4e, 0x5e, 0x4e, 0x3e, 0x4e, 0x5e, 0x4e, 0x3e, 0x4e, 0x5e, 0x4e, 
    0x5e, 0x4e, 0x3e, 0x4e, 0x3e, 0x4e, 0x5e, 0x4e, 0x3e, 0x56, 0x3d, 0x56, 
    0x5e, 0x4e, 0x5e, 0x4e, 0x3e, 0x4e, 0x3e, 0x4e, 0x3e, 0x4e, 0x3e, 0x4e, 
    0x3e, 0x4e, 0x3e, 0x4e, 0x3e, 0x46, 0x3e, 0x4e, 0x3e, 0x4e, 0x3e, 0x4e, 
    0x1d, 0x4e, 0x1d, 0x4e, 0x1d, 0x4e, 0x1d, 0x4e, 0x1d, 0x4e, 0x3d, 0x4e, 
    0x1d, 0x4e, 0x3d, 0x4e, 0x1d, 0x4e, 0x3d, 0x4e, 0x3d, 0x4e, 0x3d, 0x4e, 
    0x3d, 0x4e, 0x3e, 0x4e, 0x3d, 0x4e, 0x1d, 0x4e, 0x1d, 0x4e, 0x1d, 0x4e, 
    0x3d, 0x4e, 0x3d, 0x4e, 0x1d, 0x4e, 0x3d, 0x4e, 0x3d, 0x4e, 0x3d, 0x4e, 
    0x1d, 0x4e, 0x3d, 0x4e, 0x1d, 0x4e, 0x1c, 0x4e, 0x1d, 0x56, 0x1d, 0x56, 
    0x3c, 0x56, 0x3c, 0x56, 0x3d, 0x56, 0x5d, 0x5e, 0x51, 0xae, 0x2b, 0xce, 
    0x51, 0x85, 0x9c, 0x66, 0x3d, 0x66, 0x3c, 0x5e, 0x3c, 0x5e, 0x3d, 0x66, 
    0x5d, 0x66, 0x5c, 0x6e, 0x5c, 0x6e, 0xf3, 0xa5, 0x8b, 0xf6, 0xcc, 0xfe, 
    0xec, 0xfe, 0x2d, 0xff, 0x19, 0x7e, 0x3c, 0x66, 0x1c, 0x5e, 0x1c, 0x5e, 
    0x1c, 0x5e, 0x3c, 0x5e, 0x3d, 0x5e, 0x3d, 0x5e, 0x3d, 0x5e, 0x3d, 0x5e, 
    0x3d, 0x5e, 0x3d, 0x5e, 0x3d, 0x56, 0x3d, 0x56, 0x3d, 0x56, 0x3d, 0x4e, 
    0x3d, 0x56, 0x3d, 0x4e, 0x3e, 0x4e, 0x3d, 0x4e, 0x3d, 0x4e, 0x3d, 0x4e, 
    0x1d, 0x4e, 0x3d, 0x4e, 0x3d, 0x4e, 0x3d, 0x4e, 0x3d, 0x4e, 0x1d, 0x4e, 
    0x1d, 0x4e, 0x3d, 0x4e, 0x3d, 0x4e, 0x3e, 0x46, 0x3d, 0x4e, 0x3e, 0x46, 
    0x3d, 0x46, 0x3e, 0x4e, 0x3d, 0x4e, 0x3e, 0x4e, 0x3e, 0x4e, 0x5e, 0x4e, 
    0x3e, 0x4e, 0x3e, 0x4e, 0x5e, 0x4e, 0x3e, 0x4e, 0x3e, 0x4e, 0x3e, 0x4e, 
    0x3e, 0x4e, 0x3d, 0x46, 0x3e, 0x4e, 0x3d, 0x46, 0x3e, 0x4e, 0x3d, 0x46, 
    0x3e, 0x4e, 0x3e, 0x46, 0x3d, 0x4e, 0x3e, 0x4e, 0x3e, 0x4e, 0x3e, 0x4e, 
    0x3e, 0x4e, 0x5e, 0x4e, 0x5e, 0x4e, 0x5e, 0x4e, 0x5e, 0x4e, 0x5e, 0x4e, 
    0x5e, 0x4e, 0x3e, 0x4e, 0x5e, 0x4e, 0x3e, 0x4e, 0x5e, 0x4e, 0x5d, 0x4e, 
    0x5d, 0x4e, 0x3e, 0x4e, 0x3e, 0x4e, 0x3d, 0x4e, 0x3d, 0x4e, 0x3d, 0x4e, 
    0x3e, 0x4e, 0x3e, 0x4e, 0x3e, 0x4e, 0x3e, 0x4e, 0x5e, 0x4e, 0x5e, 0x4e, 
    0x5e, 0x4e, 0x5e, 0x4e, 0x5e, 0x4e, 0x5e, 0x4e, 0x3e, 0x4e, 0x5e, 0x4e, 
    0x5e, 0x4e, 0x3e, 0x4e, 0x5e, 0x4e, 0x5e, 0x4e, 0x5e, 0x4e, 0x5e, 0x4e, 
    0x5e, 0x4e, 0x5e, 0x4e, 0x5e, 0x4e, 0x5e, 0x4e, 0x5e, 0x4e, 0x5e, 0x4e, 
    0x5e, 0x4e, 0x5e, 0x4e, 0x5e, 0x4e, 0x5e, 0x4e, 0x5e, 0x4e, 0x5e, 0x4e, 
    0x5e, 0x46, 0x5e, 0x4e, 0x5e, 0x46, 0x3e, 0x46, 0x5e, 0x4e, 0x3e, 0x46, 
    0x5e, 0x4e, 0x3e, 0x4e, 0x3e, 0x4e, 0x3d, 0x4e, 0x3d, 0x4e, 0x3d, 0x4e, 
    0x3d, 0x4e, 0x3e, 0x4e, 0x3e, 0x4e, 0x5d, 0x4e, 0x3e, 0x4e, 0x3d, 0x4e, 
    0x3e, 0x4e, 0x3d, 0x4e, 0x3d, 0x4e, 0x3d, 0x4e, 0x3d, 0x4e, 0x3d, 0x4e, 
    0x3d, 0x4e, 0x3d, 0x4e, 0x3d, 0x4e, 0x3e, 0x4e, 0x3e, 0x4e, 0x3e, 0x4e, 
    0x5e, 0x4e, 0x3e, 0x4e, 0x3e, 0x4e, 0x3e, 0x4e, 0x3e, 0x4e, 0x3e, 0x4e, 
    0x3e, 0x4e, 0x3d, 0x4e, 0x3d, 0x4e, 0x3e, 0x4e, 0x3d, 0x4e, 0x3d, 0x4e, 
    0x3e, 0x4e, 0x3e, 0x4e, 0x3e, 0x4e, 0x1d, 0x46, 0x3e, 0x46, 0x3e, 0x46, 
    0x3e, 0x4e, 0x3e, 0x4e, 0x3e, 0x4e, 0x3e, 0x4e, 0x3d, 0x4e, 0x3d, 0x4e, 
    0x3e, 0x4e, 0x5e, 0x4e, 0x5e, 0x4e, 0x5e, 0x4e, 0x5e, 0x4e, 0x5e, 0x4e, 
    0x5e, 0x4e, 0x5e, 0x4e, 0x3d, 0x4e, 0x3e, 0x4e, 0x5e, 0x4e, 0x3e, 0x4e, 
    0x3e, 0x4e, 0x5e, 0x4e, 0x3d, 0x4e, 0x3e, 0x4e, 0x3e, 0x4e, 0x3e, 0x56, 
    0x3e, 0x56, 0x3e, 0x56, 0x3e, 0x4e, 0x3e, 0x4e, 0x3e, 0x4e, 0x3e, 0x4e, 
    0x3e, 0x4e, 0x3e, 0x4e, 0x3e, 0x4e, 0x3e, 0x4e, 0x3e, 0x4e, 0x3d, 0x4e, 
    0x3d, 0x4e, 0x3d, 0x4e, 0x3d, 0x4e, 0x1d, 0x4e, 0x3d, 0x4e, 0x3d, 0x4e, 
    0x1d, 0x4e, 0x3d, 0x4e, 0x3d, 0x4e, 0x3d, 0x4e, 0x3d, 0x4e, 0x3d, 0x4e, 
    0x3e, 0x4e, 0x3e, 0x4e, 0x3d, 0x4e, 0x3d, 0x4e, 0x3d, 0x4e, 0x3d, 0x4e, 
    0x3d, 0x4e, 0x3d, 0x4e, 0x1d, 0x4e, 0x3d, 0x4e, 0x3d, 0x4e, 0x3d, 0x4e, 
    0x3d, 0x4e, 0x3d, 0x4e, 0x1d, 0x4e, 0x1d, 0x4e, 0x1d, 0x4e, 0x1c, 0x56, 
    0x1c, 0x56, 0x1d, 0x56, 0x3c, 0x56, 0x3d, 0x56, 0x3d, 0x56, 0x5d, 0x56, 
    0x5d, 0x5e, 0x3c, 0x56, 0x3c, 0x5e, 0x3c, 0x5e, 0x3c, 0x5e, 0x3c, 0x5e, 
    0x3c, 0x5e, 0x3c, 0x5e, 0x3c, 0x5e, 0x5d, 0x66, 0xcb, 0x9c, 0xcb, 0xf6, 
    0x0c, 0xff, 0x6c, 0xb5, 0x5c, 0x66, 0x3c, 0x5e, 0x3c, 0x5e, 0x3c, 0x5e, 
    0x3c, 0x5e, 0x3c, 0x56, 0x3d, 0x56, 0x3d, 0x56, 0x3d, 0x56, 0x3d, 0x56, 
    0x3d, 0x56, 0x3d, 0x56, 0x3d, 0x56, 0x3d, 0x56, 0x3d, 0x56, 0x3d, 0x56, 
    0x3d, 0x4e, 0x3d, 0x4e, 0x3e, 0x4e, 0x3d, 0x4e, 0x3d, 0x4e, 0x3d, 0x4e, 
    0x3d, 0x4e, 0x3d, 0x4e, 0x3d, 0x4e, 0x3d, 0x4e, 0x3d, 0x4e, 0x3d, 0x4e, 
    0x3d, 0x4e, 0x3d, 0x4e, 0x3e, 0x4e, 0x3d, 0x46, 0x3d, 0x46, 0x3e, 0x4e, 
    0x3e, 0x4e, 0x3d, 0x4e, 0x3e, 0x4e, 0x3d, 0x4e, 0x3e, 0x4e, 0x3e, 0x4e, 
    0x3e, 0x4e, 0x3e, 0x4e, 0x3e, 0x4e, 0x3e, 0x4e, 0x3d, 0x4e, 0x3e, 0x4e, 
    0x3d, 0x4e, 0x3d, 0x4e, 0x3e, 0x4e, 0x3d, 0x4e, 0x1d, 0x4e, 0x3e, 0x4e, 
    0x3d, 0x4e, 0x3d, 0x4e, 0x3e, 0x4e, 0x3e, 0x4e, 0x3e, 0x4e, 0x5e, 0x4e, 
    0x5e, 0x4e, 0x5e, 0x4e, 0x5e, 0x4e, 0x5e, 0x4e, 0x3e, 0x4e, 0x5e, 0x4e, 
    0x5e, 0x4e, 0x5e, 0x4e, 0x5e, 0x4e, 0x5e, 0x4e, 0x5d, 0x4e, 0x5e, 0x4e, 
    0x3e, 0x4e, 0x5e, 0x4e, 0x3d, 0x4e, 0x3e, 0x4e, 0x3e, 0x4e, 0x3d, 0x4e, 
    0x3e, 0x4e, 0x3e, 0x4e, 0x3e, 0x4e, 0x3e, 0x4e, 0x5e, 0x4e, 0x5e, 0x4e, 
    0x5e, 0x4e, 0x5e, 0x4e, 0x5e, 0x4e, 0x3e, 0x4e, 0x5e, 0x4e, 0x3e, 0x4e, 
    0x3e, 0x4e, 0x3e, 0x4e, 0x3e, 0x4e, 0x5e, 0x4e, 0x5e, 0x4e, 0x5e, 0x4e, 
    0x5e, 0x4e, 0x5e, 0x4e, 0x5e, 0x4e, 0x5e, 0x4e, 0x5e, 0x4e, 0x5e, 0x4e, 
    0x5e, 0x4e, 0x5e, 0x4e, 0x3e, 0x4e, 0x3e, 0x4e, 0x5e, 0x4e, 0x5d, 0x4e, 
    0x5e, 0x4e, 0x5e, 0x46, 0x5e, 0x4e, 0x5e, 0x4e, 0x3e, 0x4e, 0x3e, 0x4e, 
    0x5e, 0x4e, 0x3e, 0x4e, 0x3e, 0x4e, 0x3d, 0x4e, 0x3d, 0x4e, 0x3d, 0x4e, 
    0x3d, 0x4e, 0x3e, 0x4e, 0x5d, 0x4e, 0x5e, 0x4e, 0x3d, 0x4e, 0x5e, 0x4e, 
    0x5d, 0x4e, 0x3d, 0x4e, 0x3d, 0x4e, 0x3d, 0x4e, 0x3d, 0x4e, 0x3d, 0x4e, 
    0x1d, 0x4e, 0x3d, 0x4e, 0x3d, 0x4e, 0x3d, 0x4e, 0x3e, 0x4e, 0x3e, 0x4e, 
    0x3e, 0x46, 0x3e, 0x4e, 0x3e, 0x4e, 0x3e, 0x4e, 0x3e, 0x4e, 0x3d, 0x4e, 
    0x3d, 0x4e, 0x3e, 0x4e, 0x3e, 0x4e, 0x3d, 0x4e, 0x3e, 0x4e, 0x1d, 0x4e, 
    0x1d, 0x4e, 0x3d, 0x4e, 0x3d, 0x4e, 0x3e, 0x46, 0x3e, 0x46, 0x3e, 0x4e, 
    0x3e, 0x4e, 0x3e, 0x4e, 0x3e, 0x4e, 0x5e, 0x4e, 0x3e, 0x4e, 0x3e, 0x4e, 
    0x5e, 0x4e, 0x5e, 0x4e, 0x5e, 0x4e, 0x5f, 0x4e, 0x5e, 0x4e, 0x5e, 0x4e, 
    0x5e, 0x4e, 0x5e, 0x4e, 0x3e, 0x4e, 0x3d, 0x4e, 0x3e, 0x4e, 0x3e, 0x4e, 
    0x5e, 0x56, 0x3e, 0x4e, 0x3e, 0x56, 0x3d, 0x56, 0x3e, 0x56, 0x3e, 0x56, 
    0x3e, 0x56, 0x3d, 0x56, 0x3e, 0x4e, 0x3e, 0x4e, 0x3e, 0x4e, 0x3e, 0x4e, 
    0x3e, 0x4e, 0x3e, 0x4e, 0x3e, 0x4e, 0x3e, 0x4e, 0x3d, 0x4e, 0x3d, 0x4e, 
    0x3d, 0x4e, 0x3d, 0x4e, 0x3d, 0x4e, 0x1d, 0x4e, 0x3d, 0x4e, 0x3d, 0x4e, 
    0x3d, 0x4e, 0x3d, 0x4e, 0x3d, 0x4e, 0x3e, 0x4e, 0x3d, 0x4e, 0x3d, 0x4e, 
    0x3d, 0x4e, 0x3d, 0x4e, 0x3e, 0x4e, 0x3d, 0x4e, 0x3d, 0x4e, 0x3d, 0x4e, 
    0x3d, 0x4e, 0x3d, 0x4e, 0x3d, 0x4e, 0x3d, 0x4e, 0x3d, 0x4e, 0x3d, 0x4e, 
    0x3d, 0x4e, 0x3d, 0x4e, 0x3d, 0x4e, 0x1d, 0x4e, 0x1d, 0x4e, 0x1d, 0x4e, 
    0x1c, 0x4e, 0x3d, 0x56, 0x3d, 0x56, 0x3d, 0x56, 0x3c, 0x56, 0x3c, 0x56, 
    0x3c, 0x56, 0x3d, 0x56, 0x3c, 0x56, 0x3c, 0x56, 0x3d, 0x56, 0x3d, 0x5e, 
    0x3c, 0x5e, 0x3c, 0x5e, 0x3c, 0x5e, 0x3d, 0x56, 0x5c, 0x5e, 0x69, 0x84, 
    0xcd, 0xde, 0x5b, 0x66, 0x3d, 0x56, 0x3d, 0x5e, 0x3d, 0x56, 0x3c, 0x5e, 
    0x3c, 0x5e, 0x3d, 0x56, 0x3c, 0x56, 0x3d, 0x56, 0x1d, 0x56, 0x3d, 0x56, 
    0x3d, 0x56, 0x3d, 0x4e, 0x3d, 0x4e, 0x3d, 0x4e, 0x3d, 0x4e, 0x1d, 0x4e, 
    0x3d, 0x4e, 0x3e, 0x4e, 0x3d, 0x4e, 0x3d, 0x4e, 0x3d, 0x4e, 0x3d, 0x4e, 
    0x3d, 0x4e, 0x3d, 0x4e, 0x3d, 0x4e, 0x3d, 0x4e, 0x3d, 0x4e, 0x3d, 0x4e, 
    0x3d, 0x4e, 0x3d, 0x4e, 0x3d, 0x46, 0x3d, 0x4e, 0x3e, 0x4e, 0x3d, 0x4e, 
    0x3d, 0x4e, 0x3e, 0x4e, 0x3d, 0x4e, 0x3d, 0x4e, 0x3d, 0x4e, 0x3e, 0x4e, 
    0x3e, 0x4e, 0x3e, 0x4e, 0x3e, 0x4e, 0x3e, 0x4e, 0x3d, 0x4e, 0x3d, 0x4e, 
    0x3d, 0x4e, 0x3d, 0x4e, 0x3d, 0x4e, 0x3d, 0x4e, 0x1e, 0x4e, 0x3d, 0x4e, 
    0x3e, 0x4e, 0x3d, 0x4e, 0x3e, 0x4e, 0x5e, 0x4e, 0x3e, 0x4e, 0x5e, 0x4e, 
    0x5e, 0x4e, 0x5e, 0x4e, 0x5e, 0x4e, 0x5e, 0x4e, 0x5e, 0x4e, 0x5e, 0x4e, 
    0x5e, 0x4e, 0x3e, 0x4e, 0x5e, 0x4e, 0x5e, 0x4e, 0x3e, 0x4e, 0x5e, 0x4e, 
    0x3e, 0x4e, 0x3e, 0x4e, 0x3e, 0x4e, 0x3d, 0x4e, 0x3d, 0x4e, 0x3e, 0x4e, 
    0x3e, 0x4e, 0x3e, 0x4e, 0x3e, 0x4e, 0x3e, 0x4e, 0x5e, 0x4e, 0x3e, 0x4e, 
    0x5e, 0x4e, 0x5e, 0x4e, 0x3e, 0x4e, 0x5e, 0x4e, 0x3e, 0x4e, 0x3e, 0x4e, 
    0x3e, 0x4e, 0x3e, 0x4e, 0x3e, 0x4e, 0x5e, 0x4e, 0x5e, 0x4e, 0x5e, 0x4e, 
    0x5e, 0x4e, 0x5e, 0x4e, 0x5e, 0x4e, 0x5e, 0x4e, 0x5e, 0x4e, 0x5e, 0x4e, 
    0x5e, 0x4e, 0x3e, 0x4e, 0x5e, 0x4e, 0x3d, 0x4e, 0x5e, 0x4e, 0x5e, 0x4e, 
    0x5e, 0x4e, 0x5e, 0x4e, 0x5e, 0x4e, 0x5e, 0x4e, 0x5e, 0x4e, 0x5e, 0x4e, 
    0x3e, 0x4e, 0x5e, 0x4e, 0x3d, 0x4e, 0x3d, 0x4e, 0x3d, 0x4e, 0x3d, 0x4e, 
    0x3d, 0x4e, 0x3d, 0x4e, 0x3e, 0x4e, 0x5e, 0x4e, 0x5d, 0x4e, 0x5e, 0x4e, 
    0x3e, 0x4e, 0x5d, 0x4e, 0x3e, 0x4e, 0x3d, 0x4e, 0x3d, 0x4e, 0x3d, 0x4e, 
    0x3d, 0x4e, 0x3d, 0x4e, 0x3d, 0x4e, 0x3d, 0x4e, 0x3e, 0x4e, 0x3d, 0x4e, 
    0x3e, 0x4e, 0x3e, 0x4e, 0x3e, 0x4e, 0x5e, 0x4e, 0x3e, 0x4e, 0x3e, 0x4e, 
    0x3e, 0x4e, 0x3d, 0x4e, 0x3d, 0x4e, 0x3e, 0x4e, 0x3e, 0x4e, 0x3d, 0x4e, 
    0x3d, 0x4e, 0x1d, 0x4e, 0x3e, 0x4e, 0x3e, 0x46, 0x3e, 0x46, 0x3e, 0x46, 
    0x3e, 0x4e, 0x3e, 0x46, 0x3e, 0x46, 0x3e, 0x46, 0x3e, 0x4e, 0x3e, 0x4e, 
    0x5e, 0x4e, 0x5e, 0x4e, 0x5e, 0x4e, 0x5e, 0x4e, 0x5e, 0x4e, 0x5e, 0x4e, 
    0x3e, 0x4e, 0x3e, 0x4e, 0x3d, 0x4e, 0x3d, 0x4e, 0x3d, 0x4e, 0x3e, 0x4e, 
    0x3e, 0x4e, 0x3d, 0x4e, 0x3e, 0x56, 0x3e, 0x4e, 0x3e, 0x56, 0x3d, 0x56, 
    0x3d, 0x56, 0x3d, 0x4e, 0x3e, 0x4e, 0x5e, 0x4e, 0x3e, 0x4e, 0x3e, 0x4e, 
    0x3e, 0x4e, 0x3e, 0x4e, 0x3e, 0x4e, 0x3d, 0x4e, 0x3d, 0x4e, 0x3d, 0x4e, 
    0x3d, 0x4e, 0x3e, 0x4e, 0x3d, 0x4e, 0x3d, 0x4e, 0x3d, 0x4e, 0x3d, 0x4e, 
    0x3d, 0x4e, 0x3d, 0x4e, 0x3e, 0x4e, 0x3e, 0x4e, 0x3d, 0x4e, 0x3e, 0x4e, 
    0x3d, 0x4e, 0x3d, 0x4e, 0x3d, 0x4e, 0x3d, 0x4e, 0x3d, 0x4e, 0x3d, 0x4e, 
    0x3e, 0x4e, 0x3d, 0x4e, 0x3d, 0x4e, 0x3d, 0x4e, 0x3d, 0x4e, 0x3d, 0x4e, 
    0x3d, 0x4e, 0x3d, 0x4e, 0x3d, 0x4e, 0x3d, 0x4e, 0x3d, 0x4e, 0x3d, 0x4e, 
    0x3c, 0x4e, 0x1c, 0x4e, 0x1c, 0x4e, 0x1d, 0x4e, 0x3c, 0x4e, 0x3c, 0x56, 
    0x3d, 0x56, 0x3d, 0x56, 0x3d, 0x56, 0x1d, 0x56, 0x3c, 0x56, 0x1c, 0x56, 
    0x3d, 0x56, 0x3c, 0x56, 0x3d, 0x56, 0x3c, 0x56, 0x3d, 0x56, 0x3c, 0x56, 
    0x3d, 0x56, 0x5d, 0x56, 0x3c, 0x56, 0x3d, 0x56, 0x3c, 0x56, 0x3d, 0x56, 
    0x3d, 0x56, 0x3d, 0x56, 0x3d, 0x56, 0x3d, 0x56, 0x1c, 0x56, 0x3d, 0x56, 
    0x3d, 0x56, 0x3d, 0x4e, 0x3d, 0x4e, 0x1d, 0x4e, 0x3d, 0x4e, 0x3d, 0x4e, 
    0x3e, 0x4e, 0x3d, 0x4e, 0x3e, 0x4e, 0x3d, 0x4e, 0x3d, 0x4e, 0x3d, 0x4e, 
    0x3d, 0x4e, 0x3d, 0x4e, 0x3d, 0x4e, 0x3d, 0x4e, 0x3d, 0x4e, 0x3d, 0x4e, 
    0x3e, 0x4e, 0x3d, 0x46, 0x5d, 0x4e, 0x3e, 0x46, 0x3d, 0x4e, 0x3e, 0x46, 
    0x5e, 0x4e, 0x3d, 0x4e, 0x3e, 0x4e, 0x3d, 0x4e, 0x3e, 0x4e, 0x3e, 0x4e, 
    0x3e, 0x4e, 0x3e, 0x4e, 0x3e, 0x4e, 0x3e, 0x4e, 0x3d, 0x4e, 0x3d, 0x4e, 
    0x3d, 0x4e, 0x3d, 0x4e, 0x3e, 0x4e, 0x3d, 0x4e, 0x3d, 0x4e, 0x1e, 0x4e, 
    0x3d, 0x4e, 0x3e, 0x4e, 0x3d, 0x4e, 0x5e, 0x4e, 0x5e, 0x4e, 0x3e, 0x4e, 
    0x5e, 0x4e, 0x5e, 0x4e, 0x5e, 0x4e, 0x5e, 0x4e, 0x3e, 0x4e, 0x5e, 0x4e, 
    0x5e, 0x4e, 0x5e, 0x4e, 0x5e, 0x4e, 0x5e, 0x4e, 0x5e, 0x4e, 0x5d, 0x4e, 
    0x3e, 0x4e, 0x5e, 0x4e, 0x3e, 0x4e, 0x5d, 0x4e, 0x3d, 0x4e, 0x3e, 0x4e, 
    0x3e, 0x46, 0x5e, 0x4e, 0x5e, 0x4e, 0x3e, 0x4e, 0x5e, 0x4e, 0x3e, 0x4e, 
    0x5e, 0x4e, 0x5e, 0x4e, 0x5e, 0x4e, 0x3e, 0x4e, 0x3e, 0x4e, 0x3f, 0x4e, 
    0x5d, 0x4e, 0x3d, 0x4e, 0x3e, 0x4e, 0x5e, 0x4e, 0x5e, 0x4e, 0x5e, 0x4e, 
    0x5e, 0x4e, 0x5e, 0x4e, 0x5f, 0x4e, 0x5e, 0x4e, 0x5e, 0x4e, 0x5e, 0x4e, 
    0x5e, 0x4e, 0x5e, 0x4e, 0x3e, 0x4e, 0x5e, 0x4e, 0x5e, 0x4e, 0x5e, 0x4e, 
    0x5e, 0x4e, 0x5e, 0x4e, 0x5e, 0x4e, 0x5e, 0x4e, 0x5e, 0x4e, 0x3e, 0x4e, 
    0x3e, 0x4e, 0x3e, 0x4e, 0x3e, 0x4e, 0x5d, 0x4e, 0x3d, 0x4e, 0x3e, 0x4e, 
    0x3d, 0x4e, 0x5d, 0x4e, 0x5e, 0x4e, 0x5d, 0x4e, 0x5e, 0x4e, 0x3e, 0x4e, 
    0x5d, 0x4e, 0x5e, 0x4e, 0x5e, 0x4e, 0x3e, 0x4e, 0x3e, 0x4e, 0x3e, 0x4e, 
    0x3d, 0x4e, 0x3d, 0x4e, 0x3d, 0x4e, 0x3d, 0x4e, 0x3d, 0x4e, 0x3e, 0x4e, 
    0x3d, 0x4e, 0x3e, 0x4e, 0x3e, 0x4e, 0x3e, 0x4e, 0x3e, 0x4e, 0x5d, 0x4e, 
    0x3e, 0x4e, 0x3d, 0x4e, 0x3e, 0x4e, 0x3d, 0x4e, 0x3e, 0x46, 0x3e, 0x4e, 
    0x3d, 0x4e, 0x3d, 0x4e, 0x3d, 0x4e, 0x3d, 0x4e, 0x3e, 0x4e, 0x3e, 0x4e, 
    0x3e, 0x4e, 0x3e, 0x4e, 0x3d, 0x4e, 0x3e, 0x4e, 0x3e, 0x4e, 0x5e, 0x4e, 
    0x5e, 0x4e, 0x5f, 0x4e, 0x5e, 0x4e, 0x5e, 0x4e, 0x5e, 0x4e, 0x5e, 0x4e, 
    0x5e, 0x4e, 0x3e, 0x4e, 0x3d, 0x4e, 0x3e, 0x4e, 0x3e, 0x4e, 0x3d, 0x4e, 
    0x3e, 0x4e, 0x3d, 0x4e, 0x3d, 0x4e, 0x3d, 0x56, 0x3e, 0x4e, 0x3d, 0x56, 
    0x3d, 0x56, 0x3d, 0x4e, 0x3d, 0x4e, 0x3e, 0x4e, 0x3e, 0x4e, 0x3e, 0x4e, 
    0x3e, 0x4e, 0x3e, 0x4e, 0x3e, 0x4e, 0x3e, 0x4e, 0x3e, 0x4e, 0x3e, 0x4e, 
    0x3d, 0x4e, 0x3e, 0x4e, 0x3d, 0x4e, 0x3d, 0x4e, 0x3e, 0x4e, 0x3d, 0x4e, 
    0x3d, 0x4e, 0x3d, 0x4e, 0x5d, 0x4e, 0x3e, 0x4e, 0x3e, 0x4e, 0x3e, 0x4e, 
    0x3e, 0x4e, 0x3d, 0x4e, 0x3d, 0x4e, 0x3d, 0x4e, 0x3e, 0x4e, 0x3d, 0x4e, 
    0x3d, 0x4e, 0x3d, 0x4e, 0x1d, 0x4e, 0x3d, 0x4e, 0x1d, 0x4e, 0x3d, 0x4e, 
    0x3d, 0x4e, 0x3d, 0x4e, 0x3d, 0x4e, 0x3d, 0x4e, 0x3d, 0x4e, 0x3d, 0x4e, 
    0x1d, 0x4e, 0x3c, 0x4e, 0x3d, 0x4e, 0x3d, 0x4e, 0x3d, 0x4e, 0x1d, 0x4e, 
    0x3d, 0x4e, 0x3d, 0x56, 0x1d, 0x4e, 0x1d, 0x56, 0x1d, 0x56, 0x1c, 0x56, 
    0x1d, 0x56, 0x3d, 0x56, 0x3d, 0x56, 0x3d, 0x56, 0x1d, 0x4e, 0x1d, 0x4e, 
    0x3d, 0x56, 0x3d, 0x56, 0x3d, 0x56, 0x3d, 0x56, 0x3d, 0x56, 0x3d, 0x56, 
    0x3d, 0x56, 0x3d, 0x56, 0x3d, 0x56, 0x3d, 0x56, 0x3d, 0x56, 0x3d, 0x4e, 
    0x3d, 0x4e, 0x3d, 0x4e, 0x1d, 0x4e, 0x3d, 0x4e, 0x3d, 0x4e, 0x3d, 0x4e, 
    0x3d, 0x4e, 0x3e, 0x4e, 0x3d, 0x4e, 0x3d, 0x4e, 0x3e, 0x4e, 0x3d, 0x4e, 
    0x3d, 0x4e, 0x3d, 0x4e, 0x3d, 0x4e, 0x3e, 0x4e, 0x3e, 0x4e, 0x3e, 0x4e, 
    0x3e, 0x4e, 0x3e, 0x4e, 0x3e, 0x4e, 0x3e, 0x4e, 0x5e, 0x4e, 0x3e, 0x4e, 
    0x5e, 0x4e, 0x3e, 0x4e, 0x3d, 0x4e, 0x3e, 0x4e, 0x3e, 0x4e, 0x3e, 0x4e, 
    0x5e, 0x4e, 0x3e, 0x4e, 0x5e, 0x4e, 0x3e, 0x4e, 0x3e, 0x4e, 0x3e, 0x4e, 
    0x3e, 0x4e, 0x3d, 0x4e, 0x3d, 0x4e, 0x3d, 0x4e, 0x3e, 0x4e, 0x3e, 0x4e, 
    0x3e, 0x4e, 0x5e, 0x4e, 0x3e, 0x4e, 0x5e, 0x4e, 0x5e, 0x4e, 0x5e, 0x4e, 
    0x5e, 0x4e, 0x5e, 0x4e, 0x5e, 0x4e, 0x5e, 0x4e, 0x5e, 0x4e, 0x5e, 0x4e, 
    0x5e, 0x4e, 0x5e, 0x4e, 0x5e, 0x4e, 0x3e, 0x4e, 0x3e, 0x4e, 0x5e, 0x4e, 
    0x5e, 0x4e, 0x3e, 0x4e, 0x5e, 0x4e, 0x3e, 0x4e, 0x5e, 0x4e, 0x5e, 0x4e, 
    0x3e, 0x4e, 0x3e, 0x4e, 0x5e, 0x4e, 0x3e, 0x4e, 0x5e, 0x4e, 0x5e, 0x4e, 
    0x5e, 0x4e, 0x5e, 0x4e, 0x3e, 0x4e, 0x3e, 0x4e, 0x3f, 0x4e, 0x5e, 0x4e, 
    0x5e, 0x4e, 0x5e, 0x4e, 0x5e, 0x4e, 0x5e, 0x4e, 0x5e, 0x4e, 0x5e, 0x4e, 
    0x5e, 0x4e, 0x5e, 0x4e, 0x3e, 0x4e, 0x5e, 0x4e, 0x5e, 0x4e, 0x5e, 0x4e, 
    0x5e, 0x4e, 0x5e, 0x4e, 0x5e, 0x4e, 0x5e, 0x4e, 0x5e, 0x4e, 0x5e, 0x4e, 
    0x5e, 0x4e, 0x5e, 0x4e, 0x5e, 0x4e, 0x5e, 0x4e, 0x5e, 0x4e, 0x5e, 0x4e, 
    0x3d, 0x4e, 0x5e, 0x4e, 0x3e, 0x4e, 0x3e, 0x4e, 0x5d, 0x4e, 0x3e, 0x4e, 
    0x5e, 0x4e, 0x5e, 0x4e, 0x5e, 0x4e, 0x5e, 0x4e, 0x5e, 0x4e, 0x5e, 0x4e, 
    0x5e, 0x4e, 0x5e, 0x4e, 0x5e, 0x4e, 0x5e, 0x4e, 0x5e, 0x4e, 0x3e, 0x4e, 
    0x3e, 0x4e, 0x3d, 0x4e, 0x3d, 0x4e, 0x3e, 0x4e, 0x3d, 0x4e, 0x3e, 0x4e, 
    0x3d, 0x4e, 0x3d, 0x4e, 0x5d, 0x4e, 0x3e, 0x4e, 0x3e, 0x4e, 0x5e, 0x4e, 
    0x3e, 0x4e, 0x3d, 0x4e, 0x3e, 0x4e, 0x3e, 0x4e, 0x3e, 0x4e, 0x3e, 0x4e, 
    0x3e, 0x4e, 0x5e, 0x4e, 0x3e, 0x4e, 0x3e, 0x4e, 0x3e, 0x4e, 0x3e, 0x4e, 
    0x3e, 0x4e, 0x3e, 0x4e, 0x3d, 0x4e, 0x5e, 0x4e, 0x5e, 0x4e, 0x5e, 0x4e, 
    0x5f, 0x4e, 0x5e, 0x4e, 0x5e, 0x4e, 0x5e, 0x4e, 0x5e, 0x4e, 0x5e, 0x4e, 
    0x5e, 0x4e, 0x3e, 0x4e, 0x3e, 0x4e, 0x3d, 0x4e, 0x3d, 0x4e, 0x3d, 0x4e, 
    0x3e, 0x4e, 0x3d, 0x4e, 0x3d, 0x4e, 0x3e, 0x4e, 0x3d, 0x4e, 0x3e, 0x4e, 
    0x3d, 0x4e, 0x3d, 0x4e, 0x3e, 0x56, 0x3e, 0x4e, 0x3e, 0x4e, 0x3e, 0x4e, 
    0x3d, 0x4e, 0x3e, 0x4e, 0x3d, 0x4e, 0x3d, 0x4e, 0x3e, 0x4e, 0x5e, 0x4e, 
    0x3e, 0x4e, 0x3e, 0x4e, 0x3d, 0x4e, 0x3d, 0x4e, 0x3d, 0x4e, 0x3d, 0x4e, 
    0x3e, 0x4e, 0x3d, 0x4e, 0x3e, 0x4e, 0x5e, 0x4e, 0x3e, 0x4e, 0x3d, 0x4e, 
    0x3d, 0x4e, 0x3e, 0x4e, 0x3d, 0x4e, 0x3d, 0x4e, 0x3d, 0x4e, 0x3e, 0x4e, 
    0x3d, 0x46, 0x1d, 0x4e, 0x1d, 0x4e, 0x3d, 0x4e, 0x1d, 0x4e, 0x3d, 0x4e, 
    0x3d, 0x4e, 0x3d, 0x4e, 0x3d, 0x4e, 0x3d, 0x4e, 0x3d, 0x4e, 0x3d, 0x4e, 
    0x3d, 0x4e, 0x3c, 0x4e, 0x3d, 0x4e, 0x3c, 0x4e, 0x1d, 0x4e, 0x3d, 0x4e, 
    0x3d, 0x4e, 0x3d, 0x4e, 0x3d, 0x4e, 0x3d, 0x4e, 0x1d, 0x4e, 0x1d, 0x4e, 
    0x3d, 0x4e, 0x1d, 0x4e, 0x1d, 0x4e, 0x3c, 0x4e, 0x3c, 0x4e, 0x3d, 0x4e, 
    0x3c, 0x56, 0x3d, 0x56, 0x3d, 0x56, 0x3d, 0x56, 0x3d, 0x56, 0x3d, 0x56, 
    0x3d, 0x56, 0x3d, 0x56, 0x3e, 0x56, 0x3d, 0x56, 0x3d, 0x4e, 0x3d, 0x4e, 
    0x1d, 0x4e, 0x3d, 0x4e, 0x3d, 0x4e, 0x3d, 0x4e, 0x3d, 0x4e, 0x3d, 0x4e, 
    0x3d, 0x4e, 0x3d, 0x4e, 0x3d, 0x4e, 0x3e, 0x4e, 0x3e, 0x4e, 0x3e, 0x4e, 
    0x5d, 0x4e, 0x3d, 0x4e, 0x3d, 0x4e, 0x3d, 0x4e, 0x3d, 0x4e, 0x3e, 0x4e, 
    0x5e, 0x4e, 0x3e, 0x4e, 0x5e, 0x4e, 0x3e, 0x4e, 0x5d, 0x4e, 0x3e, 0x4e, 
    0x5e, 0x4e, 0x3e, 0x4e, 0x5e, 0x4e, 0x3e, 0x4e, 0x3e, 0x4e, 0x3e, 0x4e, 
    0x5e, 0x4e, 0x3e, 0x4e, 0x5e, 0x4e, 0x5e, 0x4e, 0x3e, 0x4e, 0x3e, 0x4e, 
    0x3d, 0x4e, 0x3d, 0x4e, 0x3e, 0x4e, 0x3d, 0x4e, 0x3e, 0x4e, 0x3e, 0x4e, 
    0x5e, 0x4e, 0x3e, 0x4e, 0x3d, 0x4e, 0x3d, 0x4e, 0x3e, 0x4e, 0x3d, 0x4e, 
    0x5e, 0x4e, 0x5e, 0x4e, 0x5e, 0x4e, 0x5e, 0x4e, 0x5e, 0x4e, 0x5e, 0x4e, 
    0x5e, 0x4e, 0x5e, 0x4e, 0x5e, 0x4e, 0x3e, 0x4e, 0x5e, 0x4e, 0x5e, 0x4e, 
    0x3d, 0x4e, 0x5e, 0x4e, 0x5e, 0x4e, 0x3e, 0x4e, 0x5e, 0x4e, 0x5e, 0x4e, 
    0x5e, 0x4e, 0x3e, 0x4e, 0x3e, 0x4e, 0x5e, 0x4e, 0x3e, 0x4e, 0x5e, 0x4e, 
    0x3e, 0x4e, 0x3e, 0x4e, 0x5e, 0x4e, 0x5e, 0x4e, 0x5e, 0x4e, 0x5d, 0x4e, 
    0x5e, 0x4e, 0x5e, 0x4e, 0x5e, 0x4e, 0x5e, 0x4e, 0x5e, 0x4e, 0x5e, 0x4e, 
    0x5e, 0x4e, 0x5e, 0x4e, 0x5e, 0x4e, 0x5e, 0x4e, 0x5e, 0x4e, 0x5e, 0x4e, 
    0x5e, 0x4e, 0x5e, 0x4e, 0x5e, 0x4e, 0x5e, 0x4e, 0x5e, 0x4e, 0x5e, 0x4e, 
    0x5e, 0x4e, 0x5e, 0x4e, 0x5e, 0x4e, 0x5e, 0x4e, 0x5e, 0x4e, 0x5e, 0x4e, 
    0x5e, 0x4e, 0x3d, 0x4e, 0x5e, 0x4e, 0x3d, 0x4e, 0x5e, 0x4e, 0x5e, 0x4e, 
    0x5e, 0x4e, 0x5e, 0x4e, 0x5e, 0x4e, 0x5e, 0x4e, 0x5e, 0x4e, 0x5e, 0x4e, 
    0x5e, 0x4e, 0x5e, 0x4e, 0x5e, 0x4e, 0x5e, 0x4e, 0x5e, 0x4e, 0x5e, 0x4e, 
    0x3d, 0x4e, 0x5e, 0x4e, 0x5d, 0x4e, 0x5e, 0x4e, 0x3d, 0x4e, 0x3d, 0x4e, 
    0x3d, 0x4e, 0x3e, 0x4e, 0x3e, 0x4e, 0x3e, 0x4e, 0x3e, 0x4e, 0x3d, 0x4e, 
    0x3e, 0x4e, 0x3d, 0x4e, 0x3d, 0x4e, 0x3e, 0x4e, 0x3e, 0x4e, 0x3e, 0x4e, 
    0x3e, 0x4e, 0x3d, 0x4e, 0x3e, 0x4e, 0x3d, 0x4e, 0x3e, 0x4e, 0x3e, 0x4e, 
    0x3e, 0x4e, 0x3e, 0x4e, 0x3d, 0x4e, 0x3e, 0x4e, 0x5e, 0x4e, 0x5d, 0x4e, 
    0x5e, 0x4e, 0x5e, 0x4e, 0x5e, 0x4e, 0x5e, 0x4e, 0x5e, 0x4e, 0x5e, 0x4e, 
    0x5e, 0x4e, 0x3d, 0x4e, 0x3d, 0x4e, 0x3e, 0x4e, 0x3d, 0x4e, 0x3d, 0x4e, 
    0x3e, 0x4e, 0x3d, 0x4e, 0x3d, 0x4e, 0x3e, 0x4e, 0x3d, 0x4e, 0x3e, 0x56, 
    0x3d, 0x4e, 0x3d, 0x56, 0x3d, 0x56, 0x3e, 0x4e, 0x3e, 0x4e, 0x3e, 0x4e, 
    0x3e, 0x4e, 0x3d, 0x4e, 0x3d, 0x4e, 0x3d, 0x4e, 0x5e, 0x4e, 0x5d, 0x4e, 
    0x3e, 0x4e, 0x5d, 0x4e, 0x3e, 0x4e, 0x3d, 0x4e, 0x3d, 0x4e, 0x3d, 0x4e, 
    0x3d, 0x4e, 0x5e, 0x4e, 0x3e, 0x4e, 0x3e, 0x4e, 0x3e, 0x4e, 0x3e, 0x56, 
    0x3d, 0x56, 0x3e, 0x4e, 0x3d, 0x56, 0x3e, 0x4e, 0x3d, 0x56, 0x3e, 0x56, 
    0x3d, 0x4e, 0x3d, 0x4e, 0x1d, 0x4e, 0x3d, 0x4e, 0x3d, 0x4e, 0x3d, 0x4e, 
    0x3d, 0x4e, 0x3d, 0x4e, 0x3d, 0x4e, 0x3d, 0x4e, 0x3e, 0x4e, 0x3d, 0x4e, 
    0x3e, 0x4e, 0x3d, 0x4e, 0x3d, 0x4e, 0x3d, 0x4e, 0x3d, 0x4e, 0x3d, 0x4e, 
    0x3d, 0x4e, 0x3d, 0x4e, 0x1d, 0x4e, 0x3d, 0x4e, 0x3d, 0x4e, 0x3d, 0x4e, 
    0x3d, 0x4e, 0x3d, 0x4e, 0x3d, 0x4e, 0x1d, 0x4e, 0x3d, 0x4e, 0x3d, 0x4e, 
    0x3d, 0x4e, 0x3d, 0x4e, 0x3d, 0x4e, 0x3d, 0x56, 0x3d, 0x56, 0x3d, 0x56, 
    0x3d, 0x56, 0x3d, 0x56, 0x3d, 0x56, 0x3e, 0x4e, 0x3e, 0x4e, 0x3d, 0x4e, 
    0x3d, 0x4e, 0x3d, 0x4e, 0x3e, 0x4e, 0x3d, 0x4e, 0x3d, 0x4e, 0x3d, 0x4e, 
    0x3e, 0x4e, 0x3d, 0x4e, 0x3d, 0x4e, 0x3e, 0x4e, 0x5d, 0x4e, 0x5e, 0x4e, 
    0x3e, 0x4e, 0x3e, 0x4e, 0x3e, 0x4e, 0x3e, 0x4e, 0x3d, 0x4e, 0x3e, 0x4e, 
    0x3e, 0x4e, 0x5e, 0x4e, 0x5e, 0x4e, 0x3e, 0x4e, 0x5e, 0x4e, 0x5e, 0x4e, 
    0x5e, 0x4e, 0x5e, 0x4e, 0x5e, 0x4e, 0x3e, 0x4e, 0x5e, 0x4e, 0x3e, 0x4e, 
    0x3e, 0x4e, 0x3e, 0x4e, 0x3e, 0x4e, 0x3e, 0x4e, 0x3e, 0x4e, 0x3e, 0x4e, 
    0x3e, 0x4e, 0x3e, 0x4e, 0x3d, 0x4e, 0x3d, 0x4e, 0x3d, 0x4e, 0x3e, 0x4e, 
    0x3e, 0x4e, 0x5e, 0x4e, 0x3e, 0x4e, 0x3e, 0x4e, 0x3e, 0x4e, 0x3e, 0x4e, 
    0x5e, 0x4e, 0x5e, 0x4e, 0x5e, 0x4e, 0x5e, 0x4e, 0x3e, 0x4e, 0x5e, 0x4e, 
    0x5e, 0x4e, 0x5e, 0x4e, 0x5e, 0x4e, 0x3e, 0x4e, 0x5e, 0x4e, 0x3e, 0x4e, 
    0x5e, 0x4e, 0x5e, 0x4e, 0x5e, 0x4e, 0x5e, 0x4e, 0x5e, 0x4e, 0x3e, 0x4e, 
    0x5e, 0x4e, 0x3e, 0x4e, 0x3e, 0x4e, 0x3e, 0x4e, 0x3e, 0x4e, 0x3e, 0x4e, 
    0x3e, 0x4e, 0x3e, 0x4e, 0x3e, 0x4e, 0x3e, 0x4e, 0x3e, 0x4e, 0x5e, 0x4e, 
    0x5e, 0x4e, 0x5e, 0x4e, 0x5e, 0x4e, 0x5e, 0x4e, 0x5e, 0x4e, 0x5e, 0x4e, 
    0x5d, 0x4e, 0x3e, 0x4e, 0x5e, 0x4e, 0x5e, 0x4e, 0x5e, 0x4e, 0x5e, 0x4e, 
    0x5e, 0x4e, 0x5e, 0x4e, 0x5e, 0x4e, 0x5e, 0x4e, 0x5e, 0x4e, 0x5e, 0x4e, 
    0x5e, 0x4e, 0x5e, 0x4e, 0x5e, 0x4e, 0x5e, 0x4e, 0x5e, 0x4e, 0x5e, 0x4e, 
    0x5e, 0x4e, 0x5e, 0x4e, 0x3e, 0x4e, 0x5e, 0x4e, 0x3e, 0x4e, 0x5e, 0x4e, 
    0x5e, 0x4e, 0x5e, 0x4e, 0x5e, 0x4e, 0x5e, 0x4e, 0x5e, 0x4e, 0x5e, 0x4e, 
    0x5e, 0x4e, 0x5e, 0x4e, 0x5e, 0x4e, 0x5e, 0x4e, 0x5e, 0x4e, 0x5e, 0x4e, 
    0x3d, 0x4e, 0x3e, 0x4e, 0x3e, 0x4e, 0x3e, 0x4e, 0x3e, 0x4e, 0x3e, 0x4e, 
    0x3e, 0x4e, 0x3e, 0x4e, 0x3e, 0x4e, 0x3d, 0x4e, 0x3d, 0x4e, 0x3e, 0x4e, 
    0x3e, 0x4e, 0x3e, 0x4e, 0x3e, 0x4e, 0x3e, 0x4e, 0x3e, 0x4e, 0x3e, 0x4e, 
    0x3e, 0x4e, 0x3e, 0x4e, 0x3e, 0x4e, 0x3e, 0x4e, 0x3e, 0x4e, 0x3e, 0x4e, 
    0x3d, 0x4e, 0x3e, 0x4e, 0x3e, 0x4e, 0x3d, 0x4e, 0x3e, 0x4e, 0x5e, 0x4e, 
    0x5e, 0x4e, 0x5e, 0x4e, 0x5e, 0x4e, 0x5e, 0x4e, 0x5e, 0x4e, 0x5e, 0x4e, 
    0x3e, 0x4e, 0x3e, 0x4e, 0x3e, 0x4e, 0x5e, 0x4e, 0x3e, 0x4e, 0x3e, 0x4e, 
    0x3e, 0x4e, 0x3e, 0x4e, 0x3e, 0x4e, 0x3d, 0x4e, 0x3e, 0x4e, 0x3e, 0x4e, 
    0x3e, 0x56, 0x3e, 0x56, 0x3e, 0x56, 0x5e, 0x4e, 0x3e, 0x4e, 0x5e, 0x4e, 
    0x5e, 0x4e, 0x3e, 0x4e, 0x3e, 0x4e, 0x5e, 0x4e, 0x3e, 0x4e, 0x5e, 0x4e, 
    0x5e, 0x4e, 0x3e, 0x4e, 0x3d, 0x4e, 0x3d, 0x4e, 0x3d, 0x4e, 0x3d, 0x4e, 
    0x3d, 0x4e, 0x3d, 0x4e, 0x5d, 0x4e, 0x5e, 0x4e, 0x5e, 0x4e, 0x3d, 0x4e, 
    0x3d, 0x4e, 0x3e, 0x4e, 0x3d, 0x4e, 0x3e, 0x4e, 0x3e, 0x56, 0x3e, 0x56, 
    0x3d, 0x4e, 0x3d, 0x4e, 0x3d, 0x4e, 0x3d, 0x4e, 0x3d, 0x4e, 0x3d, 0x4e, 
    0x3e, 0x4e, 0x3e, 0x4e, 0x3e, 0x4e, 0x3d, 0x4e, 0x3e, 0x4e, 0x3d, 0x4e, 
    0x3d, 0x4e, 0x3d, 0x4e, 0x3d, 0x4e, 0x3d, 0x4e, 0x3d, 0x4e, 0x3d, 0x4e, 
    0x3d, 0x4e, 0x3d, 0x4e, 0x3d, 0x4e, 0x3d, 0x4e, 0x3d, 0x4e, 0x3d, 0x4e, 
    0x3d, 0x4e, 0x3d, 0x4e, 0x3d, 0x4e, 0x3d, 0x4e, 0x3d, 0x4e, 0x3d, 0x4e, 
    0x3d, 0x4e, 0x3d, 0x4e, 0x5d, 0x4e, 0x3d, 0x56, 0x3d, 0x4e, 0x3d, 0x56, 
    0x3d, 0x4e, 0x3d, 0x4e, 0x3d, 0x4e, 0x3d, 0x4e, 0x3d, 0x4e, 0x3d, 0x4e, 
    0x3d, 0x4e, 0x3d, 0x4e, 0x3d, 0x4e, 0x3e, 0x4e, 0x3d, 0x4e, 0x3d, 0x4e, 
    0x3d, 0x4e, 0x3d, 0x4e, 0x3e, 0x4e, 0x3e, 0x4e, 0x5e, 0x4e, 0x5d, 0x4e, 
    0x5e, 0x4e, 0x3e, 0x4e, 0x3e, 0x4e, 0x3d, 0x4e, 0x3e, 0x4e, 0x3e, 0x4e, 
    0x5e, 0x4e, 0x5e, 0x4e, 0x5e, 0x4e, 0x5e, 0x4e, 0x5e, 0x4e, 0x5e, 0x4e, 
    0x5f, 0x4e, 0x5e, 0x4e, 0x5e, 0x4e, 0x5e, 0x4e, 0x5e, 0x4e, 0x5e, 0x4e, 
    0x5e, 0x4e, 0x3e, 0x4e, 0x3e, 0x4e, 0x3e, 0x4e, 0x3e, 0x4e, 0x3d, 0x4e, 
    0x3e, 0x4e, 0x3d, 0x4e, 0x3e, 0x4e, 0x3e, 0x4e, 0x3d, 0x4e, 0x3d, 0x4e, 
    0x3e, 0x4e, 0x3d, 0x4e, 0x3e, 0x4e, 0x3d, 0x4e, 0x3e, 0x4e, 0x3e, 0x4e, 
    0x5e, 0x4e, 0x5e, 0x4e, 0x5e, 0x4e, 0x5e, 0x4e, 0x5e, 0x4e, 0x5e, 0x4e, 
    0x3e, 0x4e, 0x3e, 0x4e, 0x5d, 0x4e, 0x3e, 0x4e, 0x5e, 0x4e, 0x5e, 0x4e, 
    0x5e, 0x4e, 0x3e, 0x4e, 0x5e, 0x4e, 0x5e, 0x4e, 0x5e, 0x4e, 0x5e, 0x4e, 
    0x5e, 0x4e, 0x3e, 0x4e, 0x3e, 0x4e, 0x3e, 0x4e, 0x3e, 0x4e, 0x5e, 0x4e, 
    0x3e, 0x4e, 0x3e, 0x4e, 0x3e, 0x4e, 0x3e, 0x4e, 0x3e, 0x4e, 0x5e, 0x4e, 
    0x5e, 0x4e, 0x5e, 0x4e, 0x5e, 0x4e, 0x5e, 0x4e, 0x5e, 0x4e, 0x5e, 0x4e, 
    0x5e, 0x4e, 0x5e, 0x4e, 0x5e, 0x4e, 0x5e, 0x4e, 0x5e, 0x4e, 0x5e, 0x4e, 
    0x5e, 0x4e, 0x5e, 0x4e, 0x5e, 0x4e, 0x5e, 0x4e, 0x5e, 0x4e, 0x5e, 0x4e, 
    0x5e, 0x4e, 0x5e, 0x4e, 0x5e, 0x4e, 0x5e, 0x4e, 0x5e, 0x4e, 0x5e, 0x4e, 
    0x5e, 0x4e, 0x5e, 0x4e, 0x5e, 0x4e, 0x5e, 0x4e, 0x3e, 0x4e, 0x5e, 0x4e, 
    0x5e, 0x4e, 0x5e, 0x4e, 0x5e, 0x4e, 0x7e, 0x56, 0x5e, 0x4e, 0x5f, 0x4e, 
    0x5e, 0x4e, 0x5e, 0x4e, 0x5e, 0x4e, 0x5e, 0x4e, 0x3e, 0x4e, 0x3d, 0x4e, 
    0x3e, 0x4e, 0x5e, 0x4e, 0x5e, 0x4e, 0x3e, 0x4e, 0x5e, 0x4e, 0x3e, 0x4e, 
    0x5d, 0x4e, 0x3e, 0x4e, 0x3e, 0x4e, 0x3e, 0x4e, 0x3d, 0x4e, 0x3e, 0x4e, 
    0x3e, 0x4e, 0x3e, 0x4e, 0x3d, 0x4e, 0x3e, 0x4e, 0x3e, 0x4e, 0x5e, 0x4e, 
    0x5e, 0x4e, 0x3e, 0x4e, 0x5e, 0x4e, 0x3e, 0x4e, 0x3d, 0x46, 0x3e, 0x4e, 
    0x3d, 0x4e, 0x5d, 0x4e, 0x5e, 0x4e, 0x5d, 0x4e, 0x5e, 0x4e, 0x5e, 0x4e, 
    0x5e, 0x4e, 0x5e, 0x4e, 0x5e, 0x4e, 0x5e, 0x4e, 0x5e, 0x4e, 0x5e, 0x4e, 
    0x5e, 0x4e, 0x5e, 0x4e, 0x3e, 0x4e, 0x3e, 0x4e, 0x5d, 0x4e, 0x3e, 0x4e, 
    0x3e, 0x4e, 0x3d, 0x4e, 0x3d, 0x4e, 0x3e, 0x4e, 0x3e, 0x4e, 0x5e, 0x4e, 
    0x5e, 0x4e, 0x5e, 0x56, 0x5e, 0x4e, 0x5e, 0x4e, 0x5e, 0x4e, 0x5e, 0x4e, 
    0x5e, 0x4e, 0x5d, 0x4e, 0x5e, 0x4e, 0x5e, 0x4e, 0x5e, 0x4e, 0x3e, 0x4e, 
    0x3d, 0x4e, 0x3e, 0x4e, 0x3d, 0x4e, 0x3d, 0x4e, 0x3d, 0x4e, 0x3d, 0x4e, 
    0x3d, 0x4e, 0x3e, 0x4e, 0x5e, 0x4e, 0x5e, 0x4e, 0x3e, 0x4e, 0x3e, 0x4e, 
    0x3d, 0x4e, 0x3d, 0x4e, 0x3e, 0x4e, 0x3d, 0x4e, 0x3e, 0x56, 0x3e, 0x56, 
    0x3d, 0x4e, 0x3d, 0x4e, 0x3d, 0x4e, 0x3d, 0x4e, 0x3e, 0x4e, 0x3d, 0x4e, 
    0x3d, 0x4e, 0x3d, 0x4e, 0x3d, 0x4e, 0x3d, 0x4e, 0x3d, 0x4e, 0x3d, 0x4e, 
    0x3d, 0x4e, 0x3d, 0x4e, 0x3d, 0x4e, 0x3d, 0x4e, 0x3d, 0x4e, 0x3d, 0x4e, 
    0x3d, 0x4e, 0x3d, 0x4e, 0x3d, 0x4e, 0x3d, 0x4e, 0x3d, 0x4e, 0x3d, 0x4e, 
    0x3d, 0x4e, 0x3d, 0x4e, 0x3d, 0x4e, 0x3d, 0x4e, 0x3d, 0x4e, 0x5d, 0x4e, 
    0x3d, 0x4e, 0x3d, 0x4e, 0x3d, 0x4e, 0x3d, 0x4e, 0x3d, 0x4e, 0x5d, 0x4e, 
    0x3d, 0x4e, 0x3d, 0x4e, 0x3e, 0x4e, 0x3e, 0x4e, 0x3d, 0x4e, 0x3d, 0x4e, 
    0x3d, 0x4e, 0x3d, 0x4e, 0x3d, 0x4e, 0x3e, 0x4e, 0x3d, 0x4e, 0x3d, 0x4e, 
    0x3d, 0x4e, 0x3e, 0x4e, 0x3e, 0x4e, 0x5e, 0x4e, 0x5e, 0x4e, 0x5e, 0x4e, 
    0x5e, 0x4e, 0x5e, 0x4e, 0x5d, 0x4e, 0x5e, 0x4e, 0x5e, 0x4e, 0x5d, 0x4e, 
    0x5e, 0x4e, 0x5e, 0x4e, 0x5e, 0x4e, 0x5e, 0x4e, 0x5e, 0x4e, 0x5e, 0x4e, 
    0x5e, 0x4e, 0x5e, 0x4e, 0x5e, 0x4e, 0x5e, 0x4e, 0x5e, 0x4e, 0x5e, 0x4e, 
    0x3e, 0x4e, 0x3e, 0x4e, 0x3d, 0x4e, 0x3d, 0x4e, 0x3d, 0x4e, 0x3d, 0x4e, 
    0x3e, 0x4e, 0x3e, 0x4e, 0x5e, 0x4e, 0x3e, 0x4e, 0x3e, 0x4e, 0x3e, 0x4e, 
    0x5e, 0x4e, 0x5e, 0x4e, 0x3d, 0x4e, 0x3e, 0x4e, 0x5e, 0x4e, 0x3e, 0x4e, 
    0x3e, 0x4e, 0x3e, 0x4e, 0x5e, 0x4e, 0x5e, 0x4e, 0x5e, 0x4e, 0x5d, 0x4e, 
    0x3e, 0x4e, 0x5e, 0x4e, 0x5e, 0x4e, 0x5e, 0x4e, 0x3e, 0x4e, 0x3d, 0x4e, 
    0x3e, 0x4e, 0x5d, 0x4e, 0x5e, 0x4e, 0x5e, 0x4e, 0x5e, 0x4e, 0x5e, 0x4e, 
    0x5e, 0x4e, 0x3e, 0x4e, 0x5e, 0x4e, 0x3e, 0x4e, 0x3e, 0x4e, 0x5e, 0x4e, 
    0x3e, 0x4e, 0x3e, 0x4e, 0x3e, 0x4e, 0x3e, 0x4e, 0x5e, 0x4e, 0x5e, 0x4e, 
    0x5e, 0x4e, 0x5e, 0x4e, 0x5e, 0x4e, 0x5e, 0x4e, 0x5e, 0x4e, 0x5e, 0x4e, 
    0x5e, 0x4e, 0x5e, 0x4e, 0x5e, 0x4e, 0x5e, 0x4e, 0x5e, 0x4e, 0x5e, 0x4e, 
    0x5e, 0x4e, 0x5e, 0x4e, 0x5e, 0x4e, 0x5e, 0x4e, 0x5e, 0x4e, 0x5d, 0x4e, 
    0x5e, 0x4e, 0x5e, 0x4e, 0x5e, 0x4e, 0x5e, 0x4e, 0x5e, 0x4e, 0x5e, 0x4e, 
    0x5e, 0x4e, 0x5e, 0x4e, 0x5e, 0x4e, 0x5e, 0x4e, 0x5e, 0x4e, 0x5e, 0x4e, 
    0x5e, 0x4e, 0x5e, 0x4e, 0x5e, 0x56, 0x5e, 0x56, 0x5e, 0x4e, 0x5e, 0x4e, 
    0x5e, 0x4e, 0x5e, 0x4e, 0x5e, 0x4e, 0x5e, 0x4e, 0x5e, 0x4e, 0x5e, 0x4e, 
    0x5e, 0x4e, 0x5d, 0x4e, 0x5e, 0x4e, 0x3e, 0x4e, 0x5e, 0x4e, 0x5e, 0x4e, 
    0x3e, 0x4e, 0x3d, 0x4e, 0x3e, 0x4e, 0x3e, 0x4e, 0x3d, 0x4e, 0x3e, 0x4e, 
    0x3e, 0x4e, 0x5d, 0x4e, 0x5e, 0x4e, 0x5e, 0x4e, 0x5e, 0x4e, 0x5e, 0x4e, 
    0x5e, 0x4e, 0x5e, 0x4e, 0x3e, 0x4e, 0x3d, 0x4e, 0x3d, 0x4e, 0x3d, 0x4e, 
    0x3e, 0x4e, 0x5e, 0x4e, 0x5e, 0x4e, 0x5e, 0x4e, 0x5e, 0x4e, 0x5e, 0x4e, 
    0x5e, 0x4e, 0x5e, 0x4e, 0x5e, 0x4e, 0x5e, 0x4e, 0x5e, 0x4e, 0x5e, 0x4e, 
    0x5e, 0x4e, 0x5e, 0x4e, 0x5e, 0x4e, 0x3e, 0x4e, 0x3e, 0x4e, 0x3e, 0x4e, 
    0x3e, 0x4e, 0x3d, 0x4e, 0x5e, 0x4e, 0x5e, 0x4e, 0x5e, 0x56, 0x5e, 0x56, 
    0x5e, 0x56, 0x5e, 0x56, 0x5e, 0x4e, 0x5e, 0x4e, 0x5e, 0x4e, 0x5e, 0x4e, 
    0x5e, 0x4e, 0x5e, 0x4e, 0x5e, 0x4e, 0x5e, 0x4e, 0x5e, 0x4e, 0x3e, 0x4e, 
    0x5d, 0x4e, 0x3e, 0x4e, 0x3d, 0x4e, 0x3d, 0x4e, 0x3d, 0x4e, 0x3d, 0x4e, 
    0x3d, 0x4e, 0x3d, 0x4e, 0x5e, 0x4e, 0x3e, 0x4e, 0x5e, 0x4e, 0x3d, 0x4e, 
    0x3d, 0x4e, 0x3d, 0x4e, 0x3d, 0x4e, 0x5d, 0x56, 0x3e, 0x56, 0x3e, 0x56, 
    0x3d, 0x4e, 0x3d, 0x4e, 0x3d, 0x4e, 0x3d, 0x4e, 0x3d, 0x4e, 0x3e, 0x4e, 
    0x3e, 0x4e, 0x3d, 0x4e, 0x3d, 0x4e, 0x3d, 0x4e, 0x3d, 0x4e, 0x3e, 0x4e, 
    0x3e, 0x4e, 0x3e, 0x4e, 0x3d, 0x4e, 0x3d, 0x4e, 0x3d, 0x4e, 0x3d, 0x4e, 
    0x3d, 0x4e, 0x3d, 0x4e, 0x3d, 0x4e, 0x3e, 0x4e, 0x3d, 0x4e, 0x5d, 0x4e, 
    0x3d, 0x4e, 0x3d, 0x4e, 0x3d, 0x4e, 0x3d, 0x4e, 0x3e, 0x4e, 0x3d, 0x4e, 
    0x3d, 0x4e, 0x3d, 0x4e, 0x3d, 0x4e, 0x5d, 0x4e, 0x3d, 0x4e, 0x5d, 0x4e, 
    0x3d, 0x4e, 0x3d, 0x4e, 0x3d, 0x4e, 0x3d, 0x4e, 0x3d, 0x4e, 0x3d, 0x4e, 
    0x3d, 0x4e, 0x3d, 0x4e, 0x3d, 0x4e, 0x3d, 0x4e, 0x3d, 0x4e, 0x3d, 0x4e, 
    0x3d, 0x4e, 0x3e, 0x4e, 0x3d, 0x4e, 0x5e, 0x4e, 0x5e, 0x4e, 0x5e, 0x4e, 
    0x3e, 0x4e, 0x3d, 0x4e, 0x5e, 0x4e, 0x3d, 0x4e, 0x5e, 0x4e, 0x5e, 0x4e, 
    0x5e, 0x4e, 0x5e, 0x4e, 0x5e, 0x4e, 0x5e, 0x4e, 0x5e, 0x4e, 0x5e, 0x4e, 
    0x5e, 0x4e, 0x5e, 0x4e, 0x5e, 0x4e, 0x5e, 0x4e, 0x5e, 0x4e, 0x3e, 0x4e, 
    0x3e, 0x4e, 0x3e, 0x4e, 0x3e, 0x4e, 0x3d, 0x4e, 0x3d, 0x4e, 0x3e, 0x4e, 
    0x3e, 0x4e, 0x3e, 0x4e, 0x3e, 0x4e, 0x3e, 0x4e, 0x5e, 0x4e, 0x5e, 0x4e, 
    0x5e, 0x4e, 0x3e, 0x4e, 0x3e, 0x4e, 0x5e, 0x4e, 0x3e, 0x4e, 0x3e, 0x4e, 
    0x5e, 0x4e, 0x3e, 0x4e, 0x3e, 0x4e, 0x5d, 0x4e, 0x5e, 0x4e, 0x3e, 0x4e, 
    0x5e, 0x4e, 0x5e, 0x4e, 0x5e, 0x4e, 0x5e, 0x4e, 0x3e, 0x4e, 0x3e, 0x4e, 
    0x5e, 0x4e, 0x3e, 0x4e, 0x5e, 0x4e, 0x5e, 0x4e, 0x5e, 0x4e, 0x5e, 0x4e, 
    0x3e, 0x4e, 0x5e, 0x4e, 0x3e, 0x4e, 0x3e, 0x4e, 0x5e, 0x4e, 0x3e, 0x4e, 
    0x3e, 0x4e, 0x3e, 0x4e, 0x5e, 0x4e, 0x5f, 0x4e, 0x5e, 0x4e, 0x5e, 0x4e, 
    0x5e, 0x4e, 0x5e, 0x4e, 0x5e, 0x4e, 0x5e, 0x4e, 0x5e, 0x4e, 0x5e, 0x4e, 
    0x5e, 0x4e, 0x5e, 0x4e, 0x5e, 0x4e, 0x5e, 0x4e, 0x5e, 0x4e, 0x5e, 0x4e, 
    0x5e, 0x4e, 0x5e, 0x4e, 0x5e, 0x4e, 0x5e, 0x4e, 0x5e, 0x4e, 0x5e, 0x4e, 
    0x5e, 0x4e, 0x5e, 0x4e, 0x5e, 0x4e, 0x5e, 0x4e, 0x5e, 0x4e, 0x5e, 0x4e, 
    0x5e, 0x4e, 0x5e, 0x4e, 0x5e, 0x4e, 0x5e, 0x4e, 0x5e, 0x4e, 0x5e, 0x4e, 
    0x5e, 0x4e, 0x5e, 0x4e, 0x5e, 0x56, 0x5e, 0x4e, 0x5e, 0x4e, 0x5e, 0x4e, 
    0x5e, 0x4e, 0x5e, 0x4e, 0x5e, 0x4e, 0x5e, 0x4e, 0x5e, 0x4e, 0x5e, 0x4e, 
    0x5e, 0x4e, 0x5e, 0x56, 0x5e, 0x56, 0x3d, 0x4e, 0x5e, 0x4e, 0x5e, 0x4e, 
    0x5e, 0x4e, 0x5e, 0x4e, 0x5e, 0x4e, 0x5e, 0x4e, 0x3e, 0x4e, 0x5e, 0x4e, 
    0x5e, 0x4e, 0x3e, 0x4e, 0x5e, 0x4e, 0x5e, 0x4e, 0x5e, 0x4e, 0x5e, 0x4e, 
    0x5e, 0x4e, 0x5e, 0x4e, 0x5e, 0x4e, 0x3e, 0x4e, 0x3e, 0x4e, 0x3d, 0x4e, 
    0x3e, 0x4e, 0x3e, 0x4e, 0x5e, 0x4e, 0x5e, 0x4e, 0x5e, 0x4e, 0x5e, 0x4e, 
    0x5e, 0x4e, 0x5e, 0x4e, 0x5e, 0x4e, 0x5e, 0x4e, 0x5e, 0x4e, 0x5e, 0x4e, 
    0x5e, 0x4e, 0x5e, 0x4e, 0x5e, 0x4e, 0x5e, 0x4e, 0x3e, 0x4e, 0x5e, 0x4e, 
    0x3e, 0x4e, 0x5e, 0x56, 0x5e, 0x4e, 0x5e, 0x4e, 0x5e, 0x56, 0x5e, 0x56, 
    0x5e, 0x56, 0x5e, 0x56, 0x5e, 0x4e, 0x5e, 0x4e, 0x5e, 0x4e, 0x5e, 0x4e, 
    0x5e, 0x4e, 0x5e, 0x4e, 0x5e, 0x4e, 0x5e, 0x4e, 0x5e, 0x4e, 0x3e, 0x4e, 
    0x5e, 0x4e, 0x3e, 0x4e, 0x3e, 0x4e, 0x3d, 0x4e, 0x3d, 0x4e, 0x3d, 0x4e, 
    0x3d, 0x4e, 0x3d, 0x4e, 0x3e, 0x4e, 0x5e, 0x4e, 0x3e, 0x4e, 0x3d, 0x4e, 
    0x3e, 0x4e, 0x3d, 0x4e, 0x3e, 0x56, 0x3e, 0x56, 0x5e, 0x56, 0x5e, 0x56, 
    0x3d, 0x4e, 0x3d, 0x4e, 0x3e, 0x4e, 0x3d, 0x46, 0x3d, 0x4e, 0x3e, 0x4e, 
    0x3e, 0x4e, 0x3d, 0x4e, 0x3d, 0x4e, 0x3d, 0x4e, 0x3d, 0x4e, 0x3d, 0x4e, 
    0x3d, 0x4e, 0x3d, 0x4e, 0x3e, 0x4e, 0x5e, 0x4e, 0x3d, 0x4e, 0x3e, 0x4e, 
    0x5d, 0x4e, 0x5d, 0x4e, 0x3e, 0x4e, 0x3e, 0x4e, 0x5d, 0x4e, 0x3d, 0x4e, 
    0x3d, 0x4e, 0x3d, 0x4e, 0x3d, 0x4e, 0x3d, 0x4e, 0x3d, 0x4e, 0x3e, 0x4e, 
    0x3d, 0x4e, 0x3d, 0x4e, 0x3d, 0x4e, 0x5d, 0x4e, 0x5d, 0x4e, 0x5d, 0x4e, 
    0x3e, 0x4e, 0x3d, 0x4e, 0x3d, 0x4e, 0x3d, 0x4e, 0x3e, 0x4e, 0x3d, 0x4e, 
    0x3e, 0x4e, 0x3d, 0x4e, 0x3e, 0x4e, 0x3d, 0x4e, 0x3d, 0x4e, 0x3d, 0x4e, 
    0x3e, 0x4e, 0x3d, 0x4e, 0x3d, 0x4e, 0x3e, 0x4e, 0x5e, 0x4e, 0x5e, 0x4e, 
    0x3d, 0x4e, 0x3e, 0x4e, 0x3d, 0x4e, 0x5e, 0x4e, 0x5e, 0x4e, 0x5e, 0x4e, 
    0x5e, 0x4e, 0x5e, 0x4e, 0x5e, 0x4e, 0x5e, 0x4e, 0x5e, 0x4e, 0x5e, 0x4e, 
    0x5e, 0x4e, 0x5e, 0x4e, 0x5e, 0x4e, 0x5e, 0x4e, 0x3e, 0x4e, 0x3e, 0x4e, 
    0x3e, 0x4e, 0x3e, 0x4e, 0x3e, 0x4e, 0x3d, 0x4e, 0x3e, 0x4e, 0x3d, 0x4e, 
    0x3e, 0x4e, 0x5e, 0x4e, 0x3e, 0x4e, 0x5e, 0x4e, 0x5e, 0x4e, 0x5e, 0x56, 
    0x5e, 0x4e, 0x5e, 0x4e, 0x5e, 0x4e, 0x5e, 0x4e, 0x3e, 0x4e, 0x3e, 0x4e, 
    0x5e, 0x4e, 0x3e, 0x4e, 0x3e, 0x4e, 0x5d, 0x4e, 0x5e, 0x4e, 0x3e, 0x4e, 
    0x3e, 0x4e, 0x3d, 0x4e, 0x5e, 0x4e, 0x5e, 0x4e, 0x5e, 0x4e, 0x5e, 0x4e, 
    0x5e, 0x4e, 0x3e, 0x4e, 0x5e, 0x4e, 0x3e, 0x4e, 0x5e, 0x4e, 0x5e, 0x4e, 
    0x5e, 0x4e, 0x5e, 0x4e, 0x5f, 0x4e, 0x5e, 0x4e, 0x5e, 0x4e, 0x5e, 0x4e, 
    0x5e, 0x4e, 0x5e, 0x4e, 0x5e, 0x4e, 0x5e, 0x4e, 0x5f, 0x4e, 0x5e, 0x4e, 
    0x5e, 0x4e, 0x5e, 0x4e, 0x5e, 0x4e, 0x5e, 0x4e, 0x5e, 0x4e, 0x5e, 0x4e, 
    0x5e, 0x4e, 0x5d, 0x4e, 0x5e, 0x4e, 0x5f, 0x4e, 0x5e, 0x4e, 0x5e, 0x4e, 
    0x5e, 0x4e, 0x5e, 0x4e, 0x5e, 0x4e, 0x5e, 0x4e, 0x5e, 0x4e, 0x3e, 0x4e, 
    0x5e, 0x4e, 0x5e, 0x4e, 0x5e, 0x4e, 0x5e, 0x4e, 0x5e, 0x4e, 0x5e, 0x4e, 
    0x5e, 0x4e, 0x5e, 0x4e, 0x5e, 0x4e, 0x5e, 0x4e, 0x5e, 0x4e, 0x5e, 0x4e, 
    0x5e, 0x4e, 0x5e, 0x4e, 0x5e, 0x4e, 0x5e, 0x4e, 0x5e, 0x4e, 0x5e, 0x4e, 
    0x5e, 0x4e, 0x5e, 0x4e, 0x5e, 0x4e, 0x5e, 0x4e, 0x5e, 0x56, 0x5e, 0x4e, 
    0x5e, 0x56, 0x3e, 0x56, 0x3e, 0x4e, 0x3e, 0x56, 0x5e, 0x4e, 0x5e, 0x4e, 
    0x5e, 0x4e, 0x5e, 0x4e, 0x5e, 0x4e, 0x3e, 0x4e, 0x5e, 0x4e, 0x5d, 0x4e, 
    0x5e, 0x4e, 0x5e, 0x4e, 0x5e, 0x4e, 0x5e, 0x4e, 0x5e, 0x4e, 0x5e, 0x4e, 
    0x5e, 0x4e, 0x5e, 0x4e, 0x5e, 0x4e, 0x5e, 0x4e, 0x3e, 0x4e, 0x3e, 0x4e, 
    0x5e, 0x4e, 0x5e, 0x4e, 0x5e, 0x4e, 0x5e, 0x4e, 0x5e, 0x4e, 0x5e, 0x4e, 
    0x5e, 0x4e, 0x5e, 0x4e, 0x5e, 0x4e, 0x5e, 0x4e, 0x5e, 0x4e, 0x5e, 0x4e, 
    0x5e, 0x4e, 0x5f, 0x4e, 0x5e, 0x4e, 0x5e, 0x4e, 0x3e, 0x4e, 0x3e, 0x4e, 
    0x5e, 0x56, 0x5e, 0x4e, 0x5e, 0x56, 0x5f, 0x56, 0x5e, 0x56, 0x5f, 0x56, 
    0x7e, 0x56, 0x7f, 0x56, 0x5e, 0x4e, 0x7e, 0x4e, 0x5f, 0x56, 0x5e, 0x56, 
    0x5e, 0x4e, 0x5e, 0x4e, 0x5e, 0x4e, 0x5e, 0x4e, 0x5e, 0x4e, 0x5e, 0x4e, 
    0x5e, 0x4e, 0x5e, 0x4e, 0x3e, 0x4e, 0x3d, 0x4e, 0x3d, 0x4e, 0x3d, 0x4e, 
    0x3d, 0x4e, 0x3d, 0x4e, 0x3d, 0x4e, 0x5d, 0x4e, 0x3e, 0x56, 0x3e, 0x4e, 
    0x3d, 0x4e, 0x3e, 0x56, 0x3e, 0x56, 0x3e, 0x56, 0x5e, 0x56, 0x5e, 0x56, 
    0x3d, 0x46, 0x3d, 0x46, 0x3d, 0x4e, 0x3e, 0x4e, 0x3e, 0x4e, 0x3e, 0x4e, 
    0x3d, 0x4e, 0x3e, 0x4e, 0x3e, 0x4e, 0x3d, 0x4e, 0x3d, 0x4e, 0x5d, 0x4e, 
    0x3e, 0x4e, 0x5d, 0x4e, 0x5d, 0x4e, 0x3d, 0x4e, 0x5d, 0x4e, 0x5d, 0x4e, 
    0x5e, 0x4e, 0x5e, 0x4e, 0x5e, 0x4e, 0x5d, 0x4e, 0x5e, 0x4e, 0x5e, 0x4e, 
    0x5d, 0x4e, 0x3d, 0x4e, 0x3d, 0x4e, 0x3d, 0x4e, 0x5d, 0x4e, 0x3d, 0x4e, 
    0x5d, 0x4e, 0x5d, 0x4e, 0x5d, 0x4e, 0x5d, 0x4e, 0x5e, 0x4e, 0x5d, 0x4e, 
    0x3d, 0x4e, 0x3d, 0x4e, 0x3e, 0x4e, 0x3d, 0x4e, 0x3d, 0x4e, 0x3d, 0x4e, 
    0x3e, 0x4e, 0x3d, 0x4e, 0x3d, 0x4e, 0x3e, 0x4e, 0x3d, 0x4e, 0x3d, 0x4e, 
    0x3d, 0x4e, 0x3e, 0x4e, 0x3e, 0x4e, 0x3d, 0x4e, 0x3e, 0x4e, 0x5e, 0x4e, 
    0x3d, 0x4e, 0x3d, 0x4e, 0x3e, 0x4e, 0x5e, 0x4e, 0x5e, 0x4e, 0x5e, 0x4e, 
    0x5e, 0x4e, 0x5e, 0x4e, 0x5e, 0x4e, 0x5e, 0x4e, 0x5e, 0x4e, 0x7e, 0x4e, 
    0x5e, 0x4e, 0x5e, 0x4e, 0x5e, 0x4e, 0x5e, 0x4e, 0x5e, 0x4e, 0x5e, 0x4e, 
    0x3e, 0x4e, 0x3d, 0x4e, 0x3d, 0x4e, 0x3d, 0x4e, 0x3d, 0x4e, 0x3e, 0x4e, 
    0x3e, 0x4e, 0x3e, 0x4e, 0x5e, 0x4e, 0x3e, 0x4e, 0x5e, 0x4e, 0x3e, 0x4e, 
    0x5e, 0x4e, 0x5e, 0x4e, 0x3e, 0x4e, 0x5e, 0x4e, 0x5e, 0x4e, 0x5e, 0x4e, 
    0x5e, 0x4e, 0x3e, 0x4e, 0x5e, 0x4e, 0x3e, 0x4e, 0x3e, 0x4e, 0x5d, 0x4e, 
    0x3e, 0x4e, 0x3e, 0x4e, 0x3e, 0x4e, 0x5e, 0x4e, 0x5e, 0x4e, 0x3e, 0x4e, 
    0x5d, 0x4e, 0x3e, 0x4e, 0x3e, 0x4e, 0x5e, 0x4e, 0x5e, 0x4e, 0x5e, 0x4e, 
    0x5e, 0x4e, 0x5e, 0x4e, 0x5e, 0x4e, 0x5e, 0x4e, 0x5e, 0x4e, 0x5e, 0x4e, 
    0x5e, 0x4e, 0x5e, 0x4e, 0x5e, 0x4e, 0x5e, 0x4e, 0x5e, 0x4e, 0x5e, 0x4e, 
    0x5e, 0x4e, 0x5e, 0x4e, 0x5e, 0x4e, 0x5e, 0x4e, 0x5e, 0x4e, 0x3d, 0x4e, 
    0x5e, 0x4e, 0x3e, 0x4e, 0x3e, 0x4e, 0x5e, 0x4e, 0x5e, 0x4e, 0x5e, 0x4e, 
    0x5e, 0x4e, 0x5e, 0x4e, 0x5e, 0x4e, 0x5e, 0x4e, 0x5e, 0x4e, 0x5e, 0x4e, 
    0x5e, 0x4e, 0x5e, 0x4e, 0x5e, 0x4e, 0x5e, 0x4e, 0x5e, 0x4e, 0x5e, 0x4e, 
    0x5e, 0x4e, 0x5e, 0x4e, 0x5e, 0x4e, 0x5e, 0x4e, 0x7e, 0x4e, 0x5e, 0x4e, 
    0x5e, 0x4e, 0x7e, 0x4e, 0x5e, 0x4e, 0x5e, 0x56, 0x5e, 0x4e, 0x5e, 0x4e, 
    0x5e, 0x4e, 0x5e, 0x4e, 0x5e, 0x4e, 0x5e, 0x4e, 0x5e, 0x4e, 0x5e, 0x56, 
    0x5d, 0x56, 0x5e, 0x4e, 0x5e, 0x4e, 0x5e, 0x4e, 0x5e, 0x4e, 0x5e, 0x4e, 
    0x5e, 0x4e, 0x5e, 0x4e, 0x5e, 0x4e, 0x5e, 0x4e, 0x5e, 0x4e, 0x5e, 0x4e, 
    0x5e, 0x4e, 0x5e, 0x4e, 0x5e, 0x4e, 0x5e, 0x4e, 0x5e, 0x4e, 0x5e, 0x4e, 
    0x5e, 0x4e, 0x5e, 0x4e, 0x5e, 0x4e, 0x3e, 0x4e, 0x3d, 0x4e, 0x5e, 0x4e, 
    0x5e, 0x4e, 0x5e, 0x4e, 0x5e, 0x4e, 0x5e, 0x4e, 0x5e, 0x4e, 0x7e, 0x4e, 
    0x5e, 0x4e, 0x5e, 0x4e, 0x5e, 0x4e, 0x5e, 0x4e, 0x5e, 0x4e, 0x5e, 0x4e, 
    0x5e, 0x4e, 0x5e, 0x4e, 0x5f, 0x4e, 0x5f, 0x4e, 0x5e, 0x4e, 0x5e, 0x4e, 
    0x5e, 0x4e, 0x5e, 0x56, 0x5e, 0x56, 0x5e, 0x56, 0x5e, 0x56, 0x7f, 0x56, 
    0x7f, 0x56, 0x7f, 0x56, 0x5f, 0x56, 0x7f, 0x56, 0x5e, 0x56, 0x5e, 0x4e, 
    0x5e, 0x4e, 0x3e, 0x4e, 0x5e, 0x56, 0x5e, 0x56, 0x5e, 0x4e, 0x5d, 0x4e, 
    0x5e, 0x56, 0x5e, 0x4e, 0x5d, 0x4e, 0x3d, 0x4e, 0x3d, 0x4e, 0x3e, 0x4e, 
    0x5e, 0x4e, 0x3d, 0x4e, 0x5e, 0x4e, 0x3e, 0x4e, 0x3d, 0x4e, 0x3d, 0x4e, 
    0x3e, 0x56, 0x3e, 0x56, 0x5d, 0x56, 0x3d, 0x56, 0x3e, 0x56, 0x5e, 0x56, 
    0x3d, 0x4e, 0x3d, 0x4e, 0x3d, 0x4e, 0x3d, 0x4e, 0x3d, 0x4e, 0x3d, 0x4e, 
    0x5e, 0x4e, 0x5e, 0x4e, 0x3e, 0x4e, 0x3e, 0x4e, 0x3d, 0x4e, 0x3d, 0x4e, 
    0x3d, 0x4e, 0x3d, 0x4e, 0x5d, 0x4e, 0x5e, 0x4e, 0x5d, 0x4e, 0x5e, 0x4e, 
    0x5e, 0x4e, 0x5e, 0x4e, 0x5e, 0x4e, 0x5e, 0x4e, 0x5e, 0x4e, 0x5e, 0x4e, 
    0x5e, 0x4e, 0x5d, 0x4e, 0x5d, 0x4e, 0x5d, 0x4e, 0x5d, 0x4e, 0x3d, 0x4e, 
    0x5d, 0x4e, 0x3d, 0x4e, 0x5d, 0x4e, 0x5d, 0x4e, 0x5d, 0x4e, 0x3e, 0x4e, 
    0x3e, 0x4e, 0x3e, 0x4e, 0x3e, 0x4e, 0x3e, 0x4e, 0x3d, 0x4e, 0x3d, 0x4e, 
    0x3d, 0x4e, 0x3e, 0x4e, 0x3d, 0x4e, 0x3d, 0x4e, 0x3d, 0x4e, 0x3d, 0x4e, 
    0x3d, 0x4e, 0x3d, 0x4e, 0x3e, 0x4e, 0x3e, 0x4e, 0x5e, 0x4e, 0x3e, 0x4e, 
    0x3e, 0x4e, 0x3e, 0x4e, 0x3d, 0x4e, 0x5e, 0x4e, 0x5e, 0x4e, 0x5e, 0x4e, 
    0x5e, 0x4e, 0x5e, 0x4e, 0x5e, 0x4e, 0x5e, 0x4e, 0x5e, 0x4e, 0x5e, 0x4e, 
    0x5e, 0x4e, 0x5e, 0x4e, 0x5e, 0x4e, 0x5e, 0x4e, 0x5e, 0x4e, 0x5d, 0x4e, 
    0x3e, 0x4e, 0x3e, 0x4e, 0x3d, 0x4e, 0x3d, 0x4e, 0x3d, 0x4e, 0x3e, 0x4e, 
    0x5e, 0x4e, 0x3e, 0x4e, 0x3e, 0x4e, 0x5e, 0x4e, 0x5e, 0x4e, 0x5e, 0x4e, 
    0x5e, 0x4e, 0x5e, 0x56, 0x5d, 0x4e, 0x5e, 0x4e, 0x5e, 0x4e, 0x5e, 0x4e, 
    0x5e, 0x4e, 0x5d, 0x4e, 0x5e, 0x4e, 0x3e, 0x4e, 0x3e, 0x4e, 0x5e, 0x4e, 
    0x3e, 0x4e, 0x3e, 0x4e, 0x5e, 0x4e, 0x5e, 0x4e, 0x5e, 0x4e, 0x5d, 0x4e, 
    0x5e, 0x4e, 0x3e, 0x4e, 0x3d, 0x4e, 0x5e, 0x4e, 0x3e, 0x4e, 0x5e, 0x4e, 
    0x3e, 0x4e, 0x5e, 0x4e, 0x5e, 0x4e, 0x5e, 0x4e, 0x5e, 0x4e, 0x5e, 0x4e, 
    0x5e, 0x4e, 0x5e, 0x4e, 0x5e, 0x4e, 0x5e, 0x4e, 0x5e, 0x4e, 0x5e, 0x4e, 
    0x5e, 0x4e, 0x5e, 0x4e, 0x5e, 0x4e, 0x5e, 0x4e, 0x5e, 0x4e, 0x5e, 0x4e, 
    0x5e, 0x4e, 0x5e, 0x4e, 0x3e, 0x4e, 0x5e, 0x4e, 0x5e, 0x4e, 0x5e, 0x4e, 
    0x5e, 0x4e, 0x5e, 0x4e, 0x5e, 0x4e, 0x5d, 0x4e, 0x5e, 0x4e, 0x5e, 0x4e, 
    0x5e, 0x4e, 0x5e, 0x4e, 0x5e, 0x4e, 0x5f, 0x4e, 0x5e, 0x4e, 0x5e, 0x4e, 
    0x5e, 0x4e, 0x5e, 0x4e, 0x5e, 0x4e, 0x5e, 0x4e, 0x5e, 0x4e, 0x5e, 0x4e, 
    0x5e, 0x4e, 0x5e, 0x4e, 0x5e, 0x4e, 0x5e, 0x56, 0x5e, 0x4e, 0x5e, 0x4e, 
    0x5e, 0x4e, 0x5e, 0x4e, 0x5e, 0x56, 0x5e, 0x4e, 0x5d, 0x56, 0x5e, 0x56, 
    0x3e, 0x56, 0x5d, 0x56, 0x5e, 0x56, 0x5e, 0x56, 0x5e, 0x56, 0x5e, 0x4e, 
    0x5e, 0x4e, 0x5e, 0x56, 0x5e, 0x4e, 0x5e, 0x4e, 0x5e, 0x4e, 0x5e, 0x4e, 
    0x5e, 0x4e, 0x5e, 0x4e, 0x5e, 0x4e, 0x5e, 0x4e, 0x5e, 0x4e, 0x5e, 0x4e, 
    0x5e, 0x4e, 0x5e, 0x4e, 0x5e, 0x4e, 0x5e, 0x4e, 0x5e, 0x4e, 0x5e, 0x4e, 
    0x5e, 0x4e, 0x5e, 0x4e, 0x5e, 0x4e, 0x5e, 0x4e, 0x5e, 0x4e, 0x5e, 0x4e, 
    0x5f, 0x4e, 0x5e, 0x4e, 0x5e, 0x4e, 0x5e, 0x4e, 0x5e, 0x4e, 0x5e, 0x4e, 
    0x5e, 0x4e, 0x5e, 0x4e, 0x5f, 0x56, 0x5e, 0x4e, 0x5e, 0x56, 0x5e, 0x4e, 
    0x5e, 0x56, 0x5e, 0x56, 0x5e, 0x56, 0x5e, 0x56, 0x7e, 0x56, 0x7e, 0x56, 
    0x7e, 0x56, 0x7f, 0x56, 0x7f, 0x56, 0x7f, 0x56, 0x5e, 0x56, 0x5e, 0x56, 
    0x5e, 0x4e, 0x3e, 0x4e, 0x3e, 0x4e, 0x5e, 0x4e, 0x5e, 0x4e, 0x5e, 0x4e, 
    0x5e, 0x56, 0x5e, 0x4e, 0x5d, 0x4e, 0x5e, 0x4e, 0x5d, 0x4e, 0x3e, 0x4e, 
    0x3e, 0x4e, 0x5e, 0x4e, 0x5e, 0x4e, 0x3e, 0x4e, 0x3e, 0x4e, 0x3d, 0x4e, 
    0x3d, 0x56, 0x5d, 0x56, 0x3e, 0x56, 0x5d, 0x56, 0x5e, 0x56, 0x5e, 0x56, 
    0x5e, 0x4e, 0x3e, 0x4e, 0x3e, 0x4e, 0x3d, 0x4e, 0x3e, 0x4e, 0x5d, 0x4e, 
    0x3e, 0x4e, 0x5d, 0x4e, 0x5e, 0x4e, 0x5d, 0x4e, 0x3d, 0x4e, 0x3e, 0x4e, 
    0x3d, 0x56, 0x5d, 0x4e, 0x3d, 0x4e, 0x3d, 0x4e, 0x3d, 0x4e, 0x5e, 0x4e, 
    0x5e, 0x4e, 0x3d, 0x4e, 0x5e, 0x4e, 0x5e, 0x4e, 0x5d, 0x4e, 0x3d, 0x4e, 
    0x5d, 0x4e, 0x5d, 0x4e, 0x5e, 0x4e, 0x5d, 0x4e, 0x5d, 0x4e, 0x3d, 0x4e, 
    0x3e, 0x4e, 0x5d, 0x4e, 0x3d, 0x4e, 0x3e, 0x4e, 0x5d, 0x4e, 0x5e, 0x4e, 
    0x3d, 0x4e, 0x5e, 0x4e, 0x5e, 0x4e, 0x5d, 0x4e, 0x3d, 0x4e, 0x3e, 0x4e, 
    0x3e, 0x4e, 0x5d, 0x4e, 0x3e, 0x4e, 0x5e, 0x4e, 0x3e, 0x4e, 0x3e, 0x4e, 
    0x5e, 0x4e, 0x5d, 0x4e, 0x3d, 0x4e, 0x3d, 0x4e, 0x3e, 0x4e, 0x3d, 0x4e, 
    0x3d, 0x4e, 0x5d, 0x4e, 0x3e, 0x4e, 0x5e, 0x4e, 0x5d, 0x4e, 0x5e, 0x4e, 
    0x5e, 0x4e, 0x5e, 0x4e, 0x5e, 0x4e, 0x5e, 0x4e, 0x5d, 0x4e, 0x5e, 0x4e, 
    0x5d, 0x4e, 0x5e, 0x4e, 0x5e, 0x4e, 0x5e, 0x4e, 0x5e, 0x4e, 0x5e, 0x4e, 
    0x3e, 0x4e, 0x5d, 0x4e, 0x3e, 0x4e, 0x3e, 0x4e, 0x3e, 0x4e, 0x3e, 0x4e, 
    0x5e, 0x4e, 0x5e, 0x4e, 0x5e, 0x4e, 0x5e, 0x4e, 0x5e, 0x4e, 0x5e, 0x4e, 
    0x3e, 0x56, 0x5e, 0x4e, 0x5e, 0x4e, 0x5e, 0x4e, 0x5e, 0x4e, 0x5e, 0x4e, 
    0x5e, 0x4e, 0x5e, 0x4e, 0x5e, 0x4e, 0x3e, 0x4e, 0x3d, 0x4e, 0x3e, 0x4e, 
    0x5d, 0x4e, 0x3e, 0x4e, 0x5d, 0x4e, 0x5e, 0x4e, 0x5e, 0x4e, 0x5e, 0x4e, 
    0x5d, 0x4e, 0x3e, 0x4e, 0x3d, 0x4e, 0x3d, 0x4e, 0x5e, 0x4e, 0x5e, 0x4e, 
    0x5e, 0x4e, 0x5e, 0x4e, 0x5e, 0x4e, 0x5e, 0x4e, 0x5e, 0x4e, 0x7e, 0x4e, 
    0x5e, 0x4e, 0x5f, 0x4e, 0x5e, 0x4e, 0x5e, 0x4e, 0x5e, 0x4e, 0x5e, 0x4e, 
    0x5e, 0x4e, 0x5e, 0x4e, 0x5e, 0x4e, 0x5e, 0x4e, 0x5e, 0x4e, 0x5e, 0x4e, 
    0x5e, 0x4e, 0x5e, 0x4e, 0x5d, 0x4e, 0x5e, 0x4e, 0x3e, 0x4e, 0x5e, 0x4e, 
    0x5e, 0x4e, 0x5e, 0x4e, 0x5e, 0x4e, 0x5e, 0x4e, 0x5e, 0x4e, 0x5e, 0x4e, 
    0x5e, 0x4e, 0x5e, 0x4e, 0x5e, 0x4e, 0x5e, 0x4e, 0x5e, 0x4e, 0x5e, 0x4e, 
    0x5e, 0x4e, 0x5e, 0x4e, 0x5e, 0x4e, 0x5e, 0x4e, 0x5e, 0x4e, 0x5e, 0x4e, 
    0x5e, 0x4e, 0x5e, 0x4e, 0x7e, 0x4e, 0x7e, 0x56, 0x5e, 0x4e, 0x7e, 0x4e, 
    0x5e, 0x56, 0x5e, 0x4e, 0x5e, 0x56, 0x5e, 0x56, 0x5e, 0x56, 0x3d, 0x56, 
    0x5d, 0x56, 0x5e, 0x56, 0x5e, 0x4e, 0x5e, 0x56, 0x5e, 0x56, 0x5e, 0x56, 
    0x5d, 0x4e, 0x5e, 0x56, 0x5e, 0x4e, 0x5e, 0x56, 0x5e, 0x4e, 0x5e, 0x4e, 
    0x5e, 0x4e, 0x5e, 0x4e, 0x5e, 0x4e, 0x5e, 0x4e, 0x5e, 0x4e, 0x5e, 0x4e, 
    0x5f, 0x4e, 0x5e, 0x4e, 0x5e, 0x4e, 0x5d, 0x4e, 0x5e, 0x4e, 0x5e, 0x4e, 
    0x5e, 0x4e, 0x5e, 0x4e, 0x5e, 0x4e, 0x5f, 0x4e, 0x5e, 0x4e, 0x7e, 0x56, 
    0x5e, 0x4e, 0x5e, 0x4e, 0x5e, 0x4e, 0x5f, 0x4e, 0x7e, 0x4e, 0x5e, 0x4e, 
    0x5e, 0x4e, 0x7f, 0x4e, 0x5e, 0x4e, 0x5f, 0x56, 0x5e, 0x56, 0x5e, 0x56, 
    0x5f, 0x56, 0x5e, 0x56, 0x7e, 0x56, 0x7f, 0x56, 0x7f, 0x56, 0x7f, 0x56, 
    0x7f, 0x56, 0x7f, 0x56, 0x7e, 0x56, 0x7e, 0x56, 0x7e, 0x56, 0x5e, 0x56, 
    0x5e, 0x4e, 0x5d, 0x56, 0x5d, 0x56, 0x3e, 0x4e, 0x5e, 0x56, 0x5e, 0x56, 
    0x5e, 0x56, 0x5e, 0x4e, 0x5e, 0x56, 0x5e, 0x4e, 0x5e, 0x56, 0x5d, 0x4e, 
    0x5e, 0x4e, 0x5e, 0x4e, 0x5e, 0x4e, 0x5e, 0x4e, 0x3d, 0x4e, 0x3d, 0x4e, 
    0x3e, 0x56, 0x5e, 0x56, 0x5d, 0x56, 0x5e, 0x56, 0x5e, 0x56, 0x5e, 0x56, 
    0x3e, 0x4e, 0x3d, 0x4e, 0x3e, 0x4e, 0x5e, 0x4e, 0x3d, 0x4e, 0x5e, 0x4e, 
    0x5e, 0x4e, 0x5e, 0x4e, 0x5d, 0x4e, 0x3e, 0x4e, 0x3d, 0x4e, 0x3d, 0x4e, 
    0x3d, 0x4e, 0x3d, 0x4e, 0x3d, 0x4e, 0x3e, 0x56, 0x5d, 0x4e, 0x5e, 0x4e, 
    0x5e, 0x4e, 0x5e, 0x4e, 0x3d, 0x4e, 0x5e, 0x4e, 0x5e, 0x4e, 0x5d, 0x4e, 
    0x5e, 0x4e, 0x5e, 0x4e, 0x5e, 0x4e, 0x5e, 0x4e, 0x3d, 0x4e, 0x3d, 0x4e, 
    0x3e, 0x4e, 0x5d, 0x4e, 0x3e, 0x4e, 0x5d, 0x4e, 0x5e, 0x4e, 0x5d, 0x4e, 
    0x5e, 0x4e, 0x5e, 0x4e, 0x5e, 0x4e, 0x5e, 0x4e, 0x5e, 0x4e, 0x5e, 0x4e, 
    0x5e, 0x4e, 0x5e, 0x4e, 0x5e, 0x4e, 0x5e, 0x4e, 0x3e, 0x4e, 0x3e, 0x4e, 
    0x5d, 0x4e, 0x3e, 0x4e, 0x3e, 0x4e, 0x5e, 0x4e, 0x3e, 0x4e, 0x3d, 0x4e, 
    0x3e, 0x4e, 0x5e, 0x4e, 0x3e, 0x4e, 0x5e, 0x4e, 0x5e, 0x4e, 0x5e, 0x4e, 
    0x5e, 0x4e, 0x5e, 0x4e, 0x5e, 0x4e, 0x5e, 0x4e, 0x7e, 0x4e, 0x5e, 0x4e, 
    0x5e, 0x4e, 0x5e, 0x4e, 0x5e, 0x4e, 0x5e, 0x4e, 0x5e, 0x4e, 0x5e, 0x4e, 
    0x5e, 0x4e, 0x3e, 0x4e, 0x3e, 0x4e, 0x5d, 0x4e, 0x5d, 0x4e, 0x5e, 0x4e, 
    0x5e, 0x4e, 0x5e, 0x4e, 0x5e, 0x4e, 0x5e, 0x4e, 0x5e, 0x4e, 0x5e, 0x4e, 
    0x5e, 0x4e, 0x5e, 0x56, 0x5e, 0x56, 0x5e, 0x56, 0x5e, 0x56, 0x5e, 0x4e, 
    0x5e, 0x4e, 0x5e, 0x4e, 0x5e, 0x4e, 0x3e, 0x4e, 0x5e, 0x4e, 0x5e, 0x4e, 
    0x5e, 0x4e, 0x3e, 0x4e, 0x5e, 0x4e, 0x5e, 0x4e, 0x5e, 0x4e, 0x5e, 0x4e, 
    0x5e, 0x4e, 0x5e, 0x4e, 0x5e, 0x4e, 0x5d, 0x4e, 0x5e, 0x4e, 0x5e, 0x4e, 
    0x5e, 0x4e, 0x5e, 0x4e, 0x5e, 0x4e, 0x5e, 0x4e, 0x5e, 0x4e, 0x5e, 0x4e, 
    0x5e, 0x4e, 0x7e, 0x4e, 0x5e, 0x4e, 0x5e, 0x4e, 0x5e, 0x4e, 0x5e, 0x4e, 
    0x5e, 0x4e, 0x5e, 0x4e, 0x5e, 0x4e, 0x5e, 0x4e, 0x5e, 0x4e, 0x5e, 0x4e, 
    0x3e, 0x4e, 0x5e, 0x4e, 0x3e, 0x4e, 0x5e, 0x4e, 0x5e, 0x4e, 0x5e, 0x4e, 
    0x5e, 0x4e, 0x5e, 0x4e, 0x5e, 0x4e, 0x5e, 0x4e, 0x7e, 0x4e, 0x7e, 0x4e, 
    0x7e, 0x4e, 0x5e, 0x4e, 0x5e, 0x4e, 0x5e, 0x4e, 0x5e, 0x4e, 0x5e, 0x4e, 
    0x5e, 0x4e, 0x5e, 0x4e, 0x5e, 0x4e, 0x5e, 0x4e, 0x5e, 0x4e, 0x5e, 0x4e, 
    0x5e, 0x4e, 0x5e, 0x56, 0x5e, 0x4e, 0x5e, 0x4e, 0x7e, 0x4e, 0x5e, 0x56, 
    0x5e, 0x4e, 0x7e, 0x56, 0x5e, 0x56, 0x5e, 0x56, 0x5e, 0x56, 0x5d, 0x56, 
    0x5e, 0x56, 0x5e, 0x56, 0x5e, 0x56, 0x5e, 0x56, 0x5e, 0x56, 0x5e, 0x56, 
    0x5e, 0x56, 0x5e, 0x56, 0x5e, 0x56, 0x5e, 0x4e, 0x5e, 0x56, 0x5e, 0x4e, 
    0x5e, 0x4e, 0x5e, 0x4e, 0x5e, 0x4e, 0x5e, 0x4e, 0x5e, 0x4e, 0x5e, 0x4e, 
    0x5e, 0x4e, 0x5e, 0x4e, 0x5e, 0x4e, 0x5e, 0x4e, 0x5e, 0x4e, 0x5e, 0x56, 
    0x5e, 0x56, 0x5e, 0x4e, 0x5e, 0x4e, 0x5e, 0x4e, 0x5f, 0x4e, 0x5e, 0x4e, 
    0x5e, 0x4e, 0x5e, 0x56, 0x5e, 0x4e, 0x5e, 0x56, 0x5e, 0x4e, 0x7e, 0x56, 
    0x5e, 0x4e, 0x5e, 0x56, 0x5e, 0x56, 0x5e, 0x56, 0x5e, 0x56, 0x5e, 0x56, 
    0x5e, 0x56, 0x5e, 0x56, 0x7e, 0x56, 0x7e, 0x56, 0x7f, 0x56, 0x7e, 0x56, 
    0x7e, 0x56, 0x7e, 0x56, 0x7e, 0x56, 0x7e, 0x56, 0x5e, 0x56, 0x5e, 0x56, 
    0x5e, 0x56, 0x5e, 0x56, 0x5e, 0x4e, 0x5e, 0x56, 0x5e, 0x56, 0x5e, 0x56, 
    0x5e, 0x56, 0x5e, 0x4e, 0x5e, 0x4e, 0x5e, 0x4e, 0x5e, 0x56, 0x5e, 0x4e, 
    0x5e, 0x4e, 0x5e, 0x4e, 0x3e, 0x4e, 0x5d, 0x56, 0x3e, 0x56, 0x3e, 0x56, 
    0x3d, 0x56, 0x5d, 0x56, 0x5e, 0x56, 0x5e, 0x56, 0x5e, 0x56, 0x5d, 0x56, 
    0x3e, 0x4e, 0x5e, 0x4e, 0x3e, 0x4e, 0x5e, 0x4e, 0x5e, 0x4e, 0x5e, 0x4e, 
    0x5e, 0x4e, 0x5e, 0x4e, 0x3e, 0x4e, 0x3d, 0x4e, 0x3d, 0x4e, 0x3e, 0x4e, 
    0x3e, 0x4e, 0x3e, 0x4e, 0x5d, 0x4e, 0x5e, 0x4e, 0x5e, 0x4e, 0x3e, 0x4e, 
    0x3d, 0x4e, 0x3e, 0x4e, 0x3e, 0x4e, 0x3e, 0x4e, 0x5e, 0x4e, 0x5e, 0x4e, 
    0x5e, 0x4e, 0x5e, 0x4e, 0x5e, 0x4e, 0x3e, 0x4e, 0x3d, 0x4e, 0x5d, 0x4e, 
    0x3e, 0x4e, 0x3d, 0x4e, 0x3e, 0x4e, 0x5d, 0x4e, 0x5e, 0x4e, 0x5e, 0x4e, 
    0x3d, 0x4e, 0x5d, 0x4e, 0x5e, 0x4e, 0x5e, 0x4e, 0x5e, 0x4e, 0x5e, 0x4e, 
    0x5e, 0x4e, 0x5e, 0x4e, 0x5e, 0x4e, 0x5e, 0x4e, 0x5e, 0x4e, 0x5e, 0x4e, 
    0x3e, 0x4e, 0x3e, 0x4e, 0x5e, 0x4e, 0x3d, 0x4e, 0x5e, 0x4e, 0x3e, 0x4e, 
    0x3d, 0x4e, 0x3d, 0x4e, 0x5e, 0x4e, 0x5e, 0x4e, 0x5e, 0x4e, 0x5e, 0x4e, 
    0x5e, 0x4e, 0x5e, 0x4e, 0x5e, 0x4e, 0x5e, 0x4e, 0x5e, 0x4e, 0x5e, 0x4e, 
    0x5e, 0x4e, 0x5e, 0x4e, 0x5e, 0x4e, 0x5e, 0x4e, 0x5e, 0x4e, 0x5e, 0x4e, 
    0x5e, 0x4e, 0x5e, 0x4e, 0x5e, 0x56, 0x5e, 0x4e, 0x5e, 0x4e, 0x5e, 0x4e, 
    0x5e, 0x4e, 0x5e, 0x4e, 0x5e, 0x4e, 0x5e, 0x4e, 0x5e, 0x4e, 0x5e, 0x4e, 
    0x5e, 0x4e, 0x5e, 0x4e, 0x5e, 0x56, 0x5e, 0x56, 0x5e, 0x56, 0x5e, 0x4e, 
    0x5e, 0x4e, 0x5e, 0x4e, 0x5e, 0x4e, 0x5e, 0x4e, 0x5e, 0x4e, 0x5e, 0x4e, 
    0x3d, 0x4e, 0x3e, 0x4e, 0x3e, 0x4e, 0x5e, 0x4e, 0x5e, 0x4e, 0x5e, 0x4e, 
    0x5e, 0x4e, 0x5e, 0x4e, 0x3e, 0x4e, 0x5d, 0x4e, 0x3e, 0x4e, 0x5e, 0x4e, 
    0x5e, 0x4e, 0x5e, 0x4e, 0x5e, 0x4e, 0x5e, 0x4e, 0x5e, 0x4e, 0x5e, 0x4e, 
    0x5e, 0x4e, 0x5e, 0x4e, 0x5e, 0x4e, 0x5e, 0x4e, 0x5e, 0x4e, 0x5f, 0x4e, 
    0x5e, 0x4e, 0x5e, 0x4e, 0x5e, 0x4e, 0x5e, 0x4e, 0x5e, 0x4e, 0x5e, 0x4e, 
    0x5d, 0x4e, 0x3e, 0x4e, 0x5e, 0x4e, 0x5e, 0x4e, 0x5e, 0x4e, 0x5e, 0x4e, 
    0x5e, 0x4e, 0x5e, 0x4e, 0x5e, 0x4e, 0x7e, 0x4e, 0x7e, 0x4e, 0x7e, 0x4e, 
    0x5e, 0x4e, 0x7e, 0x4e, 0x7e, 0x4e, 0x5e, 0x4e, 0x5e, 0x4e, 0x5e, 0x4e, 
    0x5e, 0x4e, 0x5e, 0x4e, 0x5e, 0x4e, 0x5e, 0x4e, 0x5e, 0x56, 0x5e, 0x56, 
    0x5e, 0x56, 0x7e, 0x56, 0x7e, 0x4e, 0x7e, 0x56, 0x5e, 0x56, 0x5d, 0x4e, 
    0x5e, 0x56, 0x5e, 0x56, 0x5e, 0x56, 0x5e, 0x56, 0x5e, 0x56, 0x5e, 0x56, 
    0x5d, 0x56, 0x5d, 0x56, 0x5e, 0x56, 0x5e, 0x56, 0x5e, 0x56, 0x5e, 0x56, 
    0x5e, 0x56, 0x5e, 0x56, 0x5e, 0x4e, 0x5e, 0x56, 0x5e, 0x4e, 0x5e, 0x4e, 
    0x5e, 0x4e, 0x5e, 0x4e, 0x5e, 0x4e, 0x5e, 0x4e, 0x5e, 0x4e, 0x5e, 0x4e, 
    0x5e, 0x4e, 0x5e, 0x4e, 0x5e, 0x4e, 0x5f, 0x4e, 0x5e, 0x4e, 0x5e, 0x56, 
    0x5e, 0x4e, 0x5e, 0x56, 0x5e, 0x56, 0x5e, 0x4e, 0x5e, 0x4e, 0x5e, 0x4e, 
    0x5e, 0x56, 0x5e, 0x4e, 0x5e, 0x4e, 0x5e, 0x4e, 0x5e, 0x4e, 0x5e, 0x56, 
    0x5e, 0x4e, 0x5e, 0x56, 0x5e, 0x56, 0x5e, 0x56, 0x5e, 0x56, 0x5e, 0x56, 
    0x5e, 0x4e, 0x5e, 0x56, 0x5e, 0x56, 0x7e, 0x56, 0x5f, 0x56, 0x7e, 0x56, 
    0x7e, 0x56, 0x7e, 0x56, 0x7e, 0x56, 0x5e, 0x56, 0x5e, 0x56, 0x5e, 0x56, 
    0x5e, 0x56, 0x5e, 0x56, 0x5e, 0x56, 0x5e, 0x56, 0x5e, 0x56, 0x5e, 0x56, 
    0x5e, 0x56, 0x5e, 0x4e, 0x5e, 0x4e, 0x5e, 0x4e, 0x5e, 0x4e, 0x5e, 0x4e, 
    0x5e, 0x4e, 0x5e, 0x4e, 0x5e, 0x4e, 0x5e, 0x4e, 0x3d, 0x56, 0x5d, 0x56, 
    0x3d, 0x56, 0x3e, 0x56, 0x5e, 0x56, 0x5e, 0x56, 0x5e, 0x56, 0x5e, 0x56, 
    0x5e, 0x4e, 0x5e, 0x4e, 0x5e, 0x4e, 0x5e, 0x4e, 0x3e, 0x4e, 0x5e, 0x4e, 
    0x5e, 0x4e, 0x5e, 0x4e, 0x3d, 0x4e, 0x3e, 0x4e, 0x3d, 0x4e, 0x3e, 0x4e, 
    0x5e, 0x4e, 0x5e, 0x4e, 0x5e, 0x4e, 0x3e, 0x4e, 0x5d, 0x4e, 0x5d, 0x4e, 
    0x5e, 0x4e, 0x3d, 0x4e, 0x5d, 0x4e, 0x5e, 0x4e, 0x5e, 0x4e, 0x5e, 0x4e, 
    0x5e, 0x4e, 0x5e, 0x4e, 0x5e, 0x4e, 0x5e, 0x4e, 0x3d, 0x4e, 0x3d, 0x4e, 
    0x3e, 0x4e, 0x5d, 0x4e, 0x5d, 0x4e, 0x3e, 0x4e, 0x5e, 0x4e, 0x5e, 0x4e, 
    0x5e, 0x4e, 0x5e, 0x4e, 0x5e, 0x4e, 0x5e, 0x4e, 0x5e, 0x4e, 0x5e, 0x4e, 
    0x5e, 0x4e, 0x5e, 0x4e, 0x5e, 0x4e, 0x5e, 0x4e, 0x5e, 0x4e, 0x5e, 0x4e, 
    0x5e, 0x4e, 0x5e, 0x4e, 0x3e, 0x4e, 0x3e, 0x4e, 0x3e, 0x4e, 0x3e, 0x4e, 
    0x3d, 0x4e, 0x5e, 0x4e, 0x5e, 0x4e, 0x5e, 0x4e, 0x5e, 0x4e, 0x5e, 0x4e, 
    0x5e, 0x4e, 0x5e, 0x4e, 0x5e, 0x4e, 0x5e, 0x4e, 0x5e, 0x4e, 0x5e, 0x4e, 
    0x5e, 0x4e, 0x5e, 0x4e, 0x5e, 0x4e, 0x5e, 0x4e, 0x5e, 0x4e, 0x5e, 0x4e, 
    0x5e, 0x4e, 0x5e, 0x4e, 0x5e, 0x56, 0x5e, 0x56, 0x5e, 0x4e, 0x5e, 0x56, 
    0x5e, 0x4e, 0x5e, 0x4e, 0x5e, 0x4e, 0x5e, 0x4e, 0x5e, 0x56, 0x5f, 0x4e, 
    0x5e, 0x4e, 0x5e, 0x56, 0x5e, 0x56, 0x5e, 0x4e, 0x5e, 0x4e, 0x5e, 0x4e, 
    0x5e, 0x4e, 0x5e, 0x4e, 0x5e, 0x4e, 0x5e, 0x4e, 0x5e, 0x4e, 0x5e, 0x4e, 
    0x5e, 0x4e, 0x5e, 0x4e, 0x5e, 0x4e, 0x5e, 0x4e, 0x5e, 0x4e, 0x5e, 0x4e, 
    0x5e, 0x4e, 0x5e, 0x4e, 0x5e, 0x4e, 0x5e, 0x4e, 0x5e, 0x4e, 0x5e, 0x4e, 
    0x5e, 0x4e, 0x5e, 0x4e, 0x5e, 0x4e, 0x5e, 0x4e, 0x5e, 0x4e, 0x5e, 0x4e, 
    0x5e, 0x4e, 0x5e, 0x4e, 0x5e, 0x4e, 0x5e, 0x4e, 0x5e, 0x4e, 0x5e, 0x4e, 
    0x5e, 0x4e, 0x5e, 0x4e, 0x5e, 0x4e, 0x5e, 0x4e, 0x5e, 0x4e, 0x5e, 0x4e, 
    0x5e, 0x4e, 0x5e, 0x4e, 0x5e, 0x4e, 0x5e, 0x4e, 0x5e, 0x4e, 0x5e, 0x4e, 
    0x5e, 0x4e, 0x7e, 0x4e, 0x5e, 0x4e, 0x7e, 0x4e, 0x7e, 0x4e, 0x5e, 0x56, 
    0x7e, 0x4e, 0x7e, 0x4e, 0x5e, 0x4e, 0x5e, 0x4e, 0x7e, 0x4e, 0x5e, 0x4e, 
    0x5e, 0x4e, 0x5e, 0x4e, 0x5e, 0x4e, 0x5e, 0x56, 0x5e, 0x56, 0x7e, 0x56, 
    0x7e, 0x56, 0x7e, 0x4e, 0x5e, 0x4e, 0x7e, 0x56, 0x5e, 0x56, 0x7e, 0x56, 
    0x5e, 0x56, 0x5e, 0x56, 0x5e, 0x56, 0x5e, 0x56, 0x5e, 0x56, 0x5e, 0x56, 
    0x5e, 0x56, 0x5e, 0x56, 0x5e, 0x56, 0x5e, 0x56, 0x5e, 0x56, 0x5e, 0x56, 
    0x5e, 0x56, 0x5e, 0x56, 0x5e, 0x56, 0x5e, 0x56, 0x5e, 0x4e, 0x5e, 0x4e, 
    0x5e, 0x4e, 0x5e, 0x4e, 0x5e, 0x4e, 0x5e, 0x4e, 0x5e, 0x4e, 0x5e, 0x4e, 
    0x5e, 0x4e, 0x5e, 0x4e, 0x5e, 0x4e, 0x7e, 0x56, 0x5e, 0x56, 0x5e, 0x56, 
    0x5e, 0x4e, 0x5e, 0x56, 0x5e, 0x56, 0x5e, 0x4e, 0x5e, 0x4e, 0x5e, 0x4e, 
    0x5e, 0x4e, 0x5e, 0x4e, 0x5e, 0x4e, 0x5e, 0x4e, 0x5e, 0x56, 0x5e, 0x56, 
    0x5e, 0x56, 0x5e, 0x56, 0x5e, 0x56, 0x5e, 0x56, 0x5e, 0x56, 0x5d, 0x56, 
    0x5e, 0x56, 0x5e, 0x56, 0x5e, 0x56, 0x5e, 0x56, 0x7f, 0x56, 0x7e, 0x56, 
    0x5e, 0x56, 0x7e, 0x56, 0x5e, 0x56, 0x5e, 0x56, 0x5e, 0x56, 0x5e, 0x56, 
    0x5d, 0x56, 0x5e, 0x56, 0x5e, 0x56, 0x5e, 0x56, 0x5e, 0x56, 0x5e, 0x56, 
    0x5e, 0x56, 0x5e, 0x56, 0x5e, 0x4e, 0x5e, 0x56, 0x5e, 0x56, 0x5e, 0x56, 
    0x5e, 0x4e, 0x5e, 0x4e, 0x5e, 0x56, 0x5e, 0x56, 0x5e, 0x56, 0x5d, 0x56, 
    0x5e, 0x56, 0x5d, 0x56, 0x5e, 0x56, 0x5e, 0x56, 0x5e, 0x56, 0x5e, 0x56, 
    0x3e, 0x4e, 0x5e, 0x4e, 0x5e, 0x4e, 0x5e, 0x4e, 0x3e, 0x4e, 0x5e, 0x4e, 
    0x5e, 0x4e, 0x5e, 0x4e, 0x3e, 0x4e, 0x3e, 0x4e, 0x5e, 0x4e, 0x5e, 0x4e, 
    0x3e, 0x4e, 0x5d, 0x4e, 0x5e, 0x4e, 0x5d, 0x4e, 0x5e, 0x4e, 0x5e, 0x4e, 
    0x5d, 0x4e, 0x5d, 0x4e, 0x3e, 0x4e, 0x5d, 0x4e, 0x5e, 0x4e, 0x5e, 0x4e, 
    0x5e, 0x4e, 0x5e, 0x4e, 0x5e, 0x4e, 0x5e, 0x4e, 0x5d, 0x4e, 0x3e, 0x4e, 
    0x3d, 0x4e, 0x5d, 0x4e, 0x5e, 0x4e, 0x5e, 0x4e, 0x5e, 0x4e, 0x5e, 0x4e, 
    0x5e, 0x4e, 0x5e, 0x4e, 0x5e, 0x4e, 0x5e, 0x4e, 0x5e, 0x4e, 0x5e, 0x4e, 
    0x5e, 0x4e, 0x5e, 0x4e, 0x5e, 0x4e, 0x5e, 0x4e, 0x5e, 0x4e, 0x5e, 0x4e, 
    0x5e, 0x4e, 0x5e, 0x4e, 0x5e, 0x4e, 0x5e, 0x4e, 0x5e, 0x4e, 0x5e, 0x4e, 
    0x5e, 0x4e, 0x5e, 0x4e, 0x5e, 0x4e, 0x5e, 0x4e, 0x5e, 0x4e, 0x5e, 0x4e, 
    0x5e, 0x4e, 0x5e, 0x4e, 0x5e, 0x4e, 0x5e, 0x4e, 0x5e, 0x4e, 0x5e, 0x4e, 
    0x5e, 0x4e, 0x5e, 0x4e, 0x5e, 0x4e, 0x5e, 0x4e, 0x5e, 0x4e, 0x5e, 0x4e, 
    0x5e, 0x56, 0x5e, 0x56, 0x5e, 0x4e, 0x5e, 0x56, 0x5e, 0x56, 0x5e, 0x56, 
    0x5f, 0x56, 0x7e, 0x56, 0x5e, 0x56, 0x5e, 0x56, 0x5e, 0x4e, 0x5e, 0x4e, 
    0x5e, 0x4e, 0x5e, 0x56, 0x5e, 0x56, 0x7e, 0x56, 0x7e, 0x4e, 0x5e, 0x4e, 
    0x5e, 0x4e, 0x5e, 0x4e, 0x5e, 0x4e, 0x5e, 0x4e, 0x5e, 0x4e, 0x5e, 0x4e, 
    0x5e, 0x4e, 0x5e, 0x4e, 0x5e, 0x4e, 0x5e, 0x4e, 0x5e, 0x4e, 0x5e, 0x4e, 
    0x5e, 0x4e, 0x5e, 0x4e, 0x5e, 0x4e, 0x5e, 0x4e, 0x5e, 0x4e, 0x5e, 0x4e, 
    0x5e, 0x4e, 0x5e, 0x4e, 0x5e, 0x4e, 0x5e, 0x4e, 0x5e, 0x4e, 0x5e, 0x4e, 
    0x5e, 0x4e, 0x5e, 0x4e, 0x5e, 0x4e, 0x5e, 0x4e, 0x5e, 0x4e, 0x5e, 0x4e, 
    0x5e, 0x4e, 0x5e, 0x4e, 0x5e, 0x4e, 0x5e, 0x4e, 0x5e, 0x4e, 0x5e, 0x4e, 
    0x5e, 0x4e, 0x5e, 0x4e, 0x5e, 0x4e, 0x5e, 0x4e, 0x5e, 0x4e, 0x5e, 0x4e, 
    0x5e, 0x4e, 0x5e, 0x4e, 0x5e, 0x4e, 0x7e, 0x4e, 0x5e, 0x56, 0x7e, 0x56, 
    0x7e, 0x56, 0x7e, 0x56, 0x7e, 0x4e, 0x7e, 0x4e, 0x7e, 0x4e, 0x5e, 0x4e, 
    0x5e, 0x56, 0x5e, 0x56, 0x5e, 0x4e, 0x5e, 0x56, 0x7e, 0x56, 0x7e, 0x56, 
    0x7e, 0x56, 0x7e, 0x56, 0x7e, 0x56, 0x7e, 0x56, 0x7e, 0x56, 0x7e, 0x56, 
    0x5e, 0x56, 0x5e, 0x56, 0x5e, 0x56, 0x7e, 0x56, 0x7e, 0x56, 0x5e, 0x56, 
    0x5e, 0x56, 0x7e, 0x56, 0x5e, 0x56, 0x5e, 0x56, 0x5e, 0x56, 0x5e, 0x56, 
    0x5e, 0x56, 0x5e, 0x56, 0x5e, 0x56, 0x5e, 0x56, 0x5e, 0x56, 0x5e, 0x56, 
    0x5e, 0x4e, 0x5e, 0x4e, 0x5e, 0x4e, 0x5e, 0x4e, 0x5e, 0x4e, 0x5e, 0x4e, 
    0x7e, 0x4e, 0x5e, 0x4e, 0x5e, 0x4e, 0x5e, 0x4e, 0x5e, 0x56, 0x5e, 0x56, 
    0x5e, 0x4e, 0x5e, 0x56, 0x5e, 0x56, 0x5e, 0x4e, 0x5e, 0x56, 0x5e, 0x56, 
    0x5e, 0x56, 0x5e, 0x56, 0x5e, 0x56, 0x5e, 0x56, 0x5e, 0x56, 0x5e, 0x56, 
    0x3e, 0x56, 0x5e, 0x56, 0x5e, 0x56, 0x5e, 0x56, 0x5e, 0x56, 0x5e, 0x56, 
    0x5e, 0x56, 0x5e, 0x56, 0x5e, 0x4e, 0x5f, 0x56, 0x5e, 0x4e, 0x5e, 0x4e, 
    0x5e, 0x56, 0x7e, 0x56, 0x7e, 0x56, 0x5e, 0x56, 0x5e, 0x56, 0x5e, 0x56, 
    0x5e, 0x56, 0x5e, 0x56, 0x5e, 0x56, 0x5e, 0x56, 0x5e, 0x56, 0x5e, 0x56, 
    0x5e, 0x56, 0x5e, 0x56, 0x5e, 0x4e, 0x5e, 0x56, 0x5e, 0x56, 0x5e, 0x56, 
    0x5e, 0x56, 0x5e, 0x56, 0x5e, 0x56, 0x5e, 0x56, 0x5e, 0x56, 0x5e, 0x56, 
    0x5e, 0x56, 0x5e, 0x56, 0x5d, 0x56, 0x5e, 0x56, 0x5e, 0x56, 0x5e, 0x56, 
    0x5d, 0x4e, 0x5e, 0x4e, 0x5e, 0x4e, 0x5e, 0x4e, 0x5e, 0x4e, 0x5e, 0x4e, 
    0x5e, 0x4e, 0x5e, 0x4e, 0x5e, 0x4e, 0x5e, 0x4e, 0x5e, 0x4e, 0x5e, 0x4e, 
    0x5d, 0x4e, 0x5d, 0x4e, 0x3e, 0x4e, 0x5d, 0x4e, 0x5e, 0x4e, 0x5d, 0x4e, 
    0x3d, 0x4e, 0x5d, 0x4e, 0x3d, 0x4e, 0x3e, 0x4e, 0x5e, 0x4e, 0x5e, 0x4e, 
    0x5e, 0x4e, 0x5e, 0x4e, 0x5e, 0x4e, 0x3e, 0x4e, 0x5d, 0x4e, 0x3e, 0x4e, 
    0x5d, 0x4e, 0x3e, 0x4e, 0x3d, 0x4e, 0x3d, 0x4e, 0x5e, 0x4e, 0x5e, 0x4e, 
    0x5e, 0x4e, 0x5e, 0x4e, 0x5e, 0x4e, 0x5e, 0x4e, 0x5e, 0x4e, 0x5e, 0x4e, 
    0x5e, 0x4e, 0x5e, 0x4e, 0x5e, 0x4e, 0x5e, 0x4e, 0x5e, 0x4e, 0x5e, 0x4e, 
    0x5e, 0x4e, 0x5d, 0x4e, 0x3e, 0x4e, 0x5e, 0x4e, 0x5e, 0x4e, 0x5e, 0x4e, 
    0x5e, 0x4e, 0x5e, 0x4e, 0x5e, 0x4e, 0x5e, 0x4e, 0x5e, 0x4e, 0x5e, 0x4e, 
    0x5e, 0x4e, 0x5e, 0x4e, 0x5e, 0x4e, 0x5e, 0x4e, 0x5e, 0x4e, 0x5e, 0x4e, 
    0x5e, 0x4e, 0x5e, 0x4e, 0x7e, 0x4e, 0x7e, 0x4e, 0x7e, 0x4e, 0x7e, 0x4e, 
    0x7e, 0x56, 0x7e, 0x56, 0x7e, 0x56, 0x7e, 0x56, 0x7e, 0x56, 0x7e, 0x56, 
    0x5e, 0x56, 0x7e, 0x56, 0x5f, 0x56, 0x7e, 0x56, 0x7e, 0x4e, 0x5e, 0x56, 
    0x5e, 0x56, 0x5e, 0x56, 0x7e, 0x56, 0x7e, 0x56, 0x7e, 0x4e, 0x7e, 0x4e, 
    0x5e, 0x4e, 0x5e, 0x4e, 0x5e, 0x4e, 0x7e, 0x4e, 0x5e, 0x4e, 0x5e, 0x4e, 
    0x5e, 0x4e, 0x5e, 0x4e, 0x5e, 0x4e, 0x5e, 0x4e, 0x5e, 0x4e, 0x5e, 0x4e, 
    0x5e, 0x4e, 0x5e, 0x4e, 0x5e, 0x4e, 0x5e, 0x4e, 0x5e, 0x4e, 0x5e, 0x4e, 
    0x5e, 0x4e, 0x5e, 0x4e, 0x5e, 0x4e, 0x5e, 0x4e, 0x5e, 0x4e, 0x5e, 0x4e, 
    0x5e, 0x4e, 0x5e, 0x4e, 0x5e, 0x4e, 0x5e, 0x4e, 0x5e, 0x4e, 0x5d, 0x4e, 
    0x5e, 0x4e, 0x5e, 0x56, 0x5d, 0x4e, 0x5e, 0x4e, 0x5e, 0x4e, 0x5e, 0x56, 
    0x5e, 0x4e, 0x7e, 0x4e, 0x5e, 0x4e, 0x5e, 0x4e, 0x5e, 0x4e, 0x5e, 0x4e, 
    0x7e, 0x4e, 0x5e, 0x4e, 0x5e, 0x4e, 0x5e, 0x4e, 0x5e, 0x4e, 0x7e, 0x4e, 
    0x7e, 0x56, 0x5f, 0x4e, 0x7e, 0x4e, 0x7e, 0x4e, 0x7e, 0x4e, 0x7e, 0x4e, 
    0x7e, 0x56, 0x5e, 0x56, 0x7e, 0x56, 0x7e, 0x56, 0x5e, 0x56, 0x7e, 0x56, 
    0x7e, 0x56, 0x7e, 0x56, 0x7e, 0x56, 0x7e, 0x56, 0x5e, 0x56, 0x7e, 0x56, 
    0x5e, 0x56, 0x5e, 0x56, 0x7e, 0x56, 0x7e, 0x56, 0x5e, 0x56, 0x5e, 0x56, 
    0x7e, 0x56, 0x5e, 0x56, 0x5e, 0x56, 0x5e, 0x56, 0x5e, 0x56, 0x5e, 0x56, 
    0x5e, 0x56, 0x5e, 0x56, 0x7e, 0x56, 0x5e, 0x56, 0x5e, 0x56, 0x5e, 0x56, 
    0x5e, 0x56, 0x5e, 0x56, 0x5e, 0x4e, 0x5e, 0x4e, 0x5e, 0x56, 0x5e, 0x4e, 
    0x5e, 0x4e, 0x7e, 0x4e, 0x5e, 0x56, 0x5e, 0x56, 0x5e, 0x56, 0x5e, 0x56, 
    0x5e, 0x56, 0x5e, 0x56, 0x5e, 0x56, 0x5e, 0x56, 0x5e, 0x4e, 0x5e, 0x56, 
    0x5e, 0x56, 0x5e, 0x56, 0x5e, 0x56, 0x5e, 0x56, 0x5e, 0x56, 0x5e, 0x56, 
    0x5e, 0x56, 0x5e, 0x56, 0x5e, 0x56, 0x5e, 0x56, 0x5e, 0x56, 0x5d, 0x56, 
    0x5e, 0x56, 0x5e, 0x56, 0x5e, 0x4e, 0x5e, 0x4e, 0x7e, 0x56, 0x5f, 0x4e, 
    0x7e, 0x4e, 0x5e, 0x56, 0x7e, 0x56, 0x5e, 0x56, 0x5e, 0x56, 0x5e, 0x56, 
    0x3e, 0x56, 0x5e, 0x56, 0x5e, 0x56, 0x5e, 0x56, 0x5e, 0x56, 0x5e, 0x56, 
    0x5e, 0x56, 0x5e, 0x56, 0x5e, 0x56, 0x5e, 0x56, 0x5e, 0x56, 0x5e, 0x56, 
    0x5e, 0x56, 0x5e, 0x56, 0x5e, 0x56, 0x5e, 0x56, 0x5e, 0x56, 0x5e, 0x56, 
    0x5e, 0x56, 0x5e, 0x56, 0x5e, 0x56, 0x5e, 0x56, 0x5d, 0x56, 0x5e, 0x56, 
    0x5e, 0x4e, 0x5e, 0x4e, 0x5e, 0x4e, 0x5e, 0x4e, 0x5e, 0x4e, 0x5e, 0x4e, 
    0x5e, 0x4e, 0x5e, 0x4e, 0x5e, 0x4e, 0x5e, 0x4e, 0x5e, 0x4e, 0x3d, 0x4e, 
    0x5e, 0x4e, 0x3d, 0x4e, 0x3d, 0x4e, 0x5d, 0x4e, 0x5e, 0x4e, 0x5d, 0x4e, 
    0x3e, 0x4e, 0x5e, 0x4e, 0x5e, 0x4e, 0x5e, 0x4e, 0x5e, 0x4e, 0x5e, 0x4e, 
    0x5d, 0x4e, 0x5e, 0x4e, 0x3d, 0x4e, 0x3e, 0x4e, 0x5d, 0x4e, 0x3e, 0x4e, 
    0x3d, 0x4e, 0x5d, 0x4e, 0x3d, 0x4e, 0x3e, 0x4e, 0x5e, 0x4e, 0x5e, 0x4e, 
    0x5e, 0x4e, 0x5e, 0x4e, 0x5e, 0x4e, 0x5e, 0x4e, 0x5e, 0x4e, 0x5e, 0x4e, 
    0x5e, 0x4e, 0x5e, 0x4e, 0x5e, 0x4e, 0x5e, 0x4e, 0x5e, 0x4e, 0x5d, 0x4e, 
    0x5e, 0x4e, 0x3d, 0x4e, 0x5e, 0x4e, 0x5e, 0x4e, 0x5d, 0x4e, 0x5e, 0x4e, 
    0x5e, 0x4e, 0x5e, 0x4e, 0x5e, 0x4e, 0x5e, 0x4e, 0x5e, 0x4e, 0x5e, 0x4e, 
    0x5e, 0x4e, 0x5e, 0x4e, 0x5e, 0x4e, 0x5e, 0x4e, 0x5e, 0x4e, 0x5e, 0x56, 
    0x5e, 0x56, 0x7e, 0x4e, 0x7e, 0x4e, 0x5f, 0x4e, 0x7e, 0x4e, 0x7f, 0x56, 
    0x7e, 0x56, 0x7e, 0x56, 0x7e, 0x56, 0x7e, 0x56, 0x7e, 0x56, 0x7e, 0x56, 
    0x5e, 0x56, 0x5e, 0x56, 0x7e, 0x56, 0x7f, 0x56, 0x7e, 0x56, 0x7e, 0x56, 
    0x7f, 0x56, 0x7e, 0x4e, 0x7f, 0x56, 0x7e, 0x56, 0x7e, 0x4e, 0x7f, 0x4e, 
    0x7e, 0x4e, 0x5e, 0x4e, 0x5e, 0x4e, 0x5e, 0x4e, 0x5e, 0x4e, 0x5e, 0x4e, 
    0x5e, 0x4e, 0x5e, 0x4e, 0x5e, 0x4e, 0x7f, 0x4e, 0x5e, 0x4e, 0x5f, 0x4e, 
    0x5e, 0x4e, 0x5e, 0x4e, 0x5e, 0x4e, 0x5e, 0x4e, 0x5e, 0x4e, 0x5e, 0x4e, 
    0x5e, 0x4e, 0x5e, 0x4e, 0x5e, 0x4e, 0x5e, 0x4e, 0x5e, 0x4e, 0x5e, 0x4e, 
    0x5e, 0x4e, 0x5e, 0x4e, 0x5e, 0x4e, 0x5e, 0x4e, 0x5e, 0x4e, 0x5e, 0x4e, 
    0x5e, 0x4e, 0x5e, 0x4e, 0x5e, 0x4e, 0x5e, 0x4e, 0x5e, 0x4e, 0x5e, 0x4e, 
    0x5e, 0x4e, 0x5e, 0x4e, 0x5e, 0x4e, 0x7f, 0x4e, 0x5e, 0x4e, 0x5e, 0x4e, 
    0x7e, 0x4e, 0x5e, 0x56, 0x7e, 0x4e, 0x7e, 0x4e, 0x5e, 0x4e, 0x5e, 0x4e, 
    0x7e, 0x4e, 0x7e, 0x4e, 0x7e, 0x4e, 0x7e, 0x56, 0x7e, 0x4e, 0x7e, 0x56, 
    0x7e, 0x56, 0x7e, 0x56, 0x7e, 0x56, 0x7e, 0x56, 0x7e, 0x56, 0x7e, 0x56, 
    0x7e, 0x56, 0x7e, 0x56, 0x7e, 0x56, 0x7e, 0x56, 0x7e, 0x56, 0x5e, 0x56, 
    0x7e, 0x56, 0x5e, 0x56, 0x5e, 0x56, 0x7e, 0x56, 0x7e, 0x56, 0x7e, 0x56, 
    0x7e, 0x56, 0x5e, 0x56, 0x5e, 0x56, 0x5e, 0x56, 0x5e, 0x56, 0x5e, 0x56, 
    0x5e, 0x56, 0x5e, 0x56, 0x5e, 0x56, 0x7e, 0x56, 0x5e, 0x56, 0x5e, 0x56, 
    0x5e, 0x56, 0x5e, 0x56, 0x5e, 0x4e, 0x5e, 0x4e, 0x5e, 0x4e, 0x7e, 0x56, 
    0x7e, 0x56, 0x7e, 0x56, 0x7e, 0x56, 0x7e, 0x56, 0x7e, 0x56, 0x5e, 0x56, 
    0x5e, 0x56, 0x5e, 0x56, 0x5e, 0x56, 0x5e, 0x4e, 0x5e, 0x4e, 0x5e, 0x56, 
    0x5e, 0x4e, 0x5e, 0x56, 0x5e, 0x56, 0x5e, 0x56, 0x5e, 0x56, 0x5e, 0x56, 
    0x5e, 0x56, 0x5e, 0x56, 0x5e, 0x56, 0x5e, 0x56, 0x5e, 0x56, 0x5e, 0x56, 
    0x5e, 0x56, 0x5e, 0x4e, 0x5e, 0x4e, 0x7e, 0x4e, 0x5e, 0x56, 0x7e, 0x4e, 
    0x7e, 0x56, 0x7f, 0x56, 0x7f, 0x56, 0x7e, 0x56, 0x5e, 0x56, 0x5e, 0x56, 
    0x5e, 0x56, 0x5e, 0x56, 0x5e, 0x56, 0x5e, 0x56, 0x5e, 0x56, 0x5e, 0x56, 
    0x5e, 0x56, 0x5e, 0x56, 0x5e, 0x56, 0x5e, 0x4e, 0x3e, 0x56, 0x5e, 0x56, 
    0x5e, 0x56, 0x5e, 0x56, 0x5e, 0x56, 0x5e, 0x56, 0x5e, 0x56, 0x5e, 0x56, 
    0x5e, 0x56, 0x5e, 0x56, 0x5e, 0x56, 0x5e, 0x56, 0x5e, 0x56, 0x5e, 0x56, 
    0x5e, 0x4e, 0x5d, 0x4e, 0x5e, 0x4e, 0x5e, 0x4e, 0x5e, 0x4e, 0x5e, 0x4e, 
    0x5e, 0x4e, 0x5e, 0x4e, 0x5e, 0x4e, 0x5e, 0x4e, 0x5e, 0x4e, 0x3e, 0x4e, 
    0x3e, 0x4e, 0x5d, 0x4e, 0x5d, 0x4e, 0x3e, 0x4e, 0x5d, 0x4e, 0x5e, 0x4e, 
    0x5e, 0x4e, 0x5d, 0x4e, 0x5e, 0x4e, 0x5e, 0x4e, 0x5e, 0x4e, 0x5e, 0x4e, 
    0x5d, 0x4e, 0x5e, 0x4e, 0x5e, 0x4e, 0x3e, 0x4e, 0x3d, 0x4e, 0x3e, 0x4e, 
    0x3e, 0x4e, 0x5d, 0x4e, 0x3e, 0x4e, 0x3e, 0x4e, 0x5d, 0x4e, 0x5e, 0x4e, 
    0x5e, 0x4e, 0x5e, 0x4e, 0x5e, 0x4e, 0x5e, 0x4e, 0x5e, 0x4e, 0x5e, 0x4e, 
    0x5e, 0x4e, 0x5e, 0x4e, 0x5e, 0x4e, 0x5e, 0x4e, 0x5d, 0x4e, 0x5e, 0x4e, 
    0x5e, 0x4e, 0x5d, 0x4e, 0x5e, 0x4e, 0x5e, 0x4e, 0x5e, 0x4e, 0x5e, 0x4e, 
    0x5e, 0x4e, 0x5e, 0x4e, 0x5e, 0x4e, 0x5e, 0x4e, 0x5e, 0x4e, 0x5e, 0x4e, 
    0x5f, 0x4e, 0x5e, 0x4e, 0x5e, 0x4e, 0x5e, 0x4e, 0x5e, 0x56, 0x5e, 0x56, 
    0x5f, 0x56, 0x7e, 0x56, 0x7e, 0x56, 0x7f, 0x56, 0x7f, 0x56, 0x7e, 0x56, 
    0x7e, 0x56, 0x7f, 0x56, 0x7e, 0x56, 0x7f, 0x56, 0x7e, 0x56, 0x7f, 0x56, 
    0x7e, 0x56, 0x5e, 0x56, 0x7f, 0x56, 0x7f, 0x56, 0x7e, 0x56, 0x7e, 0x56, 
    0x7f, 0x56, 0x7e, 0x56, 0x7f, 0x56, 0x7f, 0x4e, 0x7f, 0x4e, 0x7f, 0x4e, 
    0x7e, 0x4e, 0x7e, 0x4e, 0x5e, 0x4e, 0x7e, 0x4e, 0x7e, 0x4e, 0x5e, 0x4e, 
    0x5e, 0x4e, 0x5e, 0x4e, 0x7e, 0x4e, 0x7f, 0x4e, 0x5e, 0x4e, 0x5e, 0x4e, 
    0x5e, 0x4e, 0x7e, 0x4e, 0x5e, 0x4e, 0x5e, 0x4e, 0x5e, 0x4e, 0x5e, 0x4e, 
    0x5e, 0x4e, 0x5e, 0x4e, 0x5e, 0x4e, 0x5e, 0x4e, 0x5e, 0x4e, 0x5e, 0x4e, 
    0x5e, 0x4e, 0x5e, 0x4e, 0x5e, 0x4e, 0x5e, 0x4e, 0x5e, 0x4e, 0x5e, 0x4e, 
    0x5e, 0x4e, 0x5e, 0x4e, 0x5e, 0x4e, 0x5e, 0x4e, 0x5e, 0x4e, 0x5e, 0x4e, 
    0x5e, 0x4e, 0x7e, 0x4e, 0x7e, 0x56, 0x5e, 0x4e, 0x5e, 0x4e, 0x5e, 0x4e, 
    0x5e, 0x4e, 0x5e, 0x4e, 0x5e, 0x4e, 0x7e, 0x4e, 0x7e, 0x4e, 0x7e, 0x56, 
    0x7e, 0x4e, 0x7f, 0x4e, 0x7f, 0x4e, 0x7e, 0x4e, 0x7e, 0x56, 0x7e, 0x56, 
    0x7e, 0x56, 0x7e, 0x56, 0x7e, 0x56, 0x7e, 0x56, 0x7e, 0x56, 0x7e, 0x4e, 
    0x7e, 0x56, 0x5e, 0x56, 0x5e, 0x56, 0x7e, 0x56, 0x5e, 0x4e, 0x7e, 0x56, 
    0x5e, 0x56, 0x7e, 0x56, 0x5e, 0x56, 0x7e, 0x56, 0x7e, 0x56, 0x7e, 0x56, 
    0x7f, 0x56, 0x7e, 0x56, 0x5e, 0x56, 0x5e, 0x56, 0x7e, 0x56, 0x5e, 0x56, 
    0x5e, 0x56, 0x5e, 0x56, 0x5e, 0x56, 0x5e, 0x56, 0x7e, 0x56, 0x5e, 0x56, 
    0x7e, 0x4e, 0x7e, 0x56, 0x5e, 0x4e, 0x7e, 0x4e, 0x7e, 0x4e, 0x7e, 0x56, 
    0x7e, 0x56, 0x7e, 0x56, 0x7e, 0x56, 0x7e, 0x56, 0x7e, 0x56, 0x5e, 0x56, 
    0x5e, 0x56, 0x5e, 0x56, 0x5e, 0x56, 0x5e, 0x56, 0x5e, 0x56, 0x5e, 0x56, 
    0x5e, 0x56, 0x5e, 0x56, 0x5d, 0x56, 0x5e, 0x56, 0x5e, 0x56, 0x5e, 0x56, 
    0x5e, 0x56, 0x3e, 0x56, 0x5e, 0x56, 0x5e, 0x56, 0x5e, 0x56, 0x5e, 0x56, 
    0x5e, 0x56, 0x5e, 0x56, 0x7e, 0x56, 0x5e, 0x56, 0x7e, 0x56, 0x7e, 0x56, 
    0x5e, 0x4e, 0x5e, 0x56, 0x7e, 0x56, 0x7e, 0x56, 0x5e, 0x56, 0x5e, 0x56, 
    0x5e, 0x56, 0x5e, 0x56, 0x5e, 0x56, 0x5e, 0x56, 0x5e, 0x56, 0x5e, 0x56, 
    0x5e, 0x56, 0x5e, 0x56, 0x5e, 0x56, 0x5e, 0x56, 0x5e, 0x56, 0x5d, 0x4e, 
    0x5e, 0x56, 0x5e, 0x56, 0x5e, 0x56, 0x5e, 0x56, 0x7e, 0x56, 0x7e, 0x56, 
    0x5e, 0x56, 0x5e, 0x56, 0x5e, 0x56, 0x5e, 0x56, 0x5e, 0x56, 0x5e, 0x56, 
    0x5e, 0x4e, 0x5e, 0x4e, 0x5e, 0x4e, 0x5d, 0x4e, 0x5e, 0x4e, 0x5e, 0x4e, 
    0x5e, 0x4e, 0x5e, 0x4e, 0x5e, 0x4e, 0x5e, 0x4e, 0x5e, 0x4e, 0x5e, 0x4e, 
    0x5d, 0x4e, 0x5e, 0x4e, 0x5d, 0x4e, 0x5e, 0x4e, 0x5e, 0x4e, 0x5e, 0x4e, 
    0x5e, 0x4e, 0x5e, 0x4e, 0x5e, 0x4e, 0x5d, 0x4e, 0x5e, 0x4e, 0x5e, 0x4e, 
    0x5e, 0x4e, 0x3e, 0x4e, 0x3d, 0x4e, 0x3d, 0x4e, 0x3e, 0x4e, 0x5d, 0x4e, 
    0x3d, 0x4e, 0x3d, 0x4e, 0x3d, 0x4e, 0x5d, 0x4e, 0x5e, 0x4e, 0x5e, 0x4e, 
    0x5e, 0x4e, 0x5e, 0x4e, 0x5e, 0x4e, 0x5e, 0x4e, 0x5e, 0x4e, 0x5e, 0x4e, 
    0x5e, 0x4e, 0x5e, 0x4e, 0x5d, 0x4e, 0x5e, 0x4e, 0x5d, 0x4e, 0x5e, 0x4e, 
    0x5d, 0x4e, 0x5e, 0x4e, 0x5e, 0x4e, 0x5d, 0x4e, 0x5e, 0x4e, 0x5e, 0x4e, 
    0x5e, 0x4e, 0x5e, 0x4e, 0x5e, 0x4e, 0x5e, 0x56, 0x5e, 0x4e, 0x5e, 0x4e, 
    0x5e, 0x4e, 0x5e, 0x4e, 0x5e, 0x4e, 0x7e, 0x4e, 0x7e, 0x56, 0x5e, 0x56, 
    0x7e, 0x56, 0x7e, 0x56, 0x7e, 0x56, 0x7e, 0x56, 0x7e, 0x56, 0x7e, 0x56, 
    0x7e, 0x56, 0x7e, 0x56, 0x7e, 0x56, 0x7e, 0x56, 0x7f, 0x56, 0x7e, 0x56, 
    0x7e, 0x56, 0x7e, 0x56, 0x7e, 0x56, 0x7e, 0x56, 0x7e, 0x56, 0x7e, 0x56, 
    0x7e, 0x56, 0x7e, 0x56, 0x7e, 0x4e, 0x7f, 0x4e, 0x7e, 0x4e, 0x7e, 0x4e, 
    0x7e, 0x4e, 0x7e, 0x4e, 0x7e, 0x4e, 0x7f, 0x4e, 0x7e, 0x4e, 0x7e, 0x4e, 
    0x7e, 0x4e, 0x5e, 0x4e, 0x5e, 0x4e, 0x7e, 0x4e, 0x5e, 0x4e, 0x7e, 0x4e, 
    0x7f, 0x4e, 0x7e, 0x4e, 0x5e, 0x4e, 0x5e, 0x4e, 0x5e, 0x4e, 0x5e, 0x4e, 
    0x5e, 0x4e, 0x5e, 0x4e, 0x5e, 0x4e, 0x5e, 0x4e, 0x5e, 0x4e, 0x5e, 0x4e, 
    0x5e, 0x4e, 0x5e, 0x4e, 0x5e, 0x4e, 0x5e, 0x4e, 0x5d, 0x4e, 0x5e, 0x4e, 
    0x5e, 0x4e, 0x5e, 0x4e, 0x5e, 0x4e, 0x5e, 0x4e, 0x7e, 0x56, 0x7e, 0x4e, 
    0x7e, 0x56, 0x7f, 0x4e, 0x7e, 0x4e, 0x7f, 0x4e, 0x7e, 0x4e, 0x7e, 0x4e, 
    0x7e, 0x4e, 0x7e, 0x4e, 0x7e, 0x4e, 0x7e, 0x4e, 0x7e, 0x4e, 0x7e, 0x56, 
    0x7e, 0x4e, 0x7e, 0x56, 0x7e, 0x4e, 0x7e, 0x56, 0x7e, 0x4e, 0x7e, 0x56, 
    0x7e, 0x4e, 0x7e, 0x4e, 0x7e, 0x4e, 0x7e, 0x4e, 0x7e, 0x56, 0x7e, 0x56, 
    0x7e, 0x56, 0x7e, 0x56, 0x7e, 0x56, 0x5e, 0x4e, 0x5e, 0x56, 0x5e, 0x4e, 
    0x7e, 0x56, 0x5e, 0x56, 0x7e, 0x56, 0x7e, 0x56, 0x7e, 0x56, 0x7e, 0x56, 
    0x7e, 0x56, 0x7e, 0x56, 0x9e, 0x56, 0x7e, 0x56, 0x5e, 0x56, 0x5e, 0x56, 
    0x7e, 0x56, 0x5e, 0x56, 0x5e, 0x56, 0x5e, 0x56, 0x5e, 0x56, 0x5e, 0x56, 
    0x5e, 0x56, 0x7e, 0x56, 0x7e, 0x56, 0x7e, 0x4e, 0x7e, 0x56, 0x7e, 0x56, 
    0x7e, 0x56, 0x7e, 0x56, 0x5e, 0x56, 0x7e, 0x56, 0x7e, 0x56, 0x7e, 0x56, 
    0x5e, 0x56, 0x5e, 0x56, 0x5e, 0x56, 0x5e, 0x56, 0x7e, 0x56, 0x5e, 0x56, 
    0x7e, 0x56, 0x5e, 0x56, 0x5e, 0x56, 0x5e, 0x56, 0x5e, 0x56, 0x5e, 0x56, 
    0x5d, 0x56, 0x5d, 0x56, 0x5e, 0x56, 0x5e, 0x56, 0x5e, 0x56, 0x5e, 0x56, 
    0x5e, 0x56, 0x5e, 0x56, 0x5e, 0x56, 0x5e, 0x56, 0x5e, 0x56, 0x5e, 0x56, 
    0x7e, 0x56, 0x7e, 0x56, 0x7e, 0x56, 0x5e, 0x56, 0x5e, 0x56, 0x5e, 0x56, 
    0x5e, 0x56, 0x5e, 0x56, 0x5d, 0x56, 0x5e, 0x56, 0x5e, 0x56, 0x5e, 0x56, 
    0x5d, 0x56, 0x5e, 0x56, 0x5e, 0x56, 0x5e, 0x4e, 0x5d, 0x4e, 0x5e, 0x56, 
    0x5e, 0x56, 0x5e, 0x56, 0x7e, 0x56, 0x5e, 0x56, 0x7e, 0x56, 0x5e, 0x56, 
    0x7e, 0x56, 0x5e, 0x56, 0x5e, 0x56, 0x5e, 0x56, 0x5e, 0x5e, 0x5e, 0x5e, 
    0x5e, 0x4e, 0x5e, 0x4e, 0x5e, 0x4e, 0x5e, 0x4e, 0x5e, 0x4e, 0x5e, 0x4e, 
    0x5e, 0x4e, 0x5e, 0x4e, 0x5e, 0x4e, 0x5e, 0x4e, 0x5d, 0x56, 0x5d, 0x4e, 
    0x5e, 0x4e, 0x5e, 0x4e, 0x5e, 0x4e, 0x5d, 0x4e, 0x5e, 0x4e, 0x5d, 0x4e, 
    0x5e, 0x4e, 0x5e, 0x4e, 0x5e, 0x4e, 0x5e, 0x4e, 0x5e, 0x4e, 0x5e, 0x4e, 
    0x5e, 0x4e, 0x3d, 0x4e, 0x5d, 0x4e, 0x3d, 0x4e, 0x5d, 0x4e, 0x5d, 0x4e, 
    0x3d, 0x4e, 0x3d, 0x4e, 0x5d, 0x4e, 0x5e, 0x4e, 0x5e, 0x4e, 0x5e, 0x4e, 
    0x5d, 0x4e, 0x5e, 0x4e, 0x5e, 0x4e, 0x5e, 0x4e, 0x5e, 0x4e, 0x5d, 0x4e, 
    0x5e, 0x4e, 0x5e, 0x4e, 0x5d, 0x4e, 0x5d, 0x4e, 0x5e, 0x4e, 0x5d, 0x4e, 
    0x5e, 0x4e, 0x5e, 0x4e, 0x5d, 0x4e, 0x5d, 0x4e, 0x5e, 0x56, 0x5e, 0x4e, 
    0x5e, 0x56, 0x5e, 0x4e, 0x5e, 0x4e, 0x5e, 0x4e, 0x7e, 0x4e, 0x5e, 0x4e, 
    0x7e, 0x56, 0x7e, 0x4e, 0x7e, 0x56, 0x5e, 0x56, 0x7e, 0x56, 0x7e, 0x56, 
    0x7e, 0x56, 0x7e, 0x56, 0x7f, 0x56, 0x7e, 0x56, 0x7e, 0x56, 0x7e, 0x56, 
    0x7e, 0x56, 0x7e, 0x56, 0x7e, 0x56, 0x7e, 0x56, 0x7e, 0x56, 0x7e, 0x56, 
    0x7f, 0x56, 0x7f, 0x56, 0x7e, 0x56, 0x7e, 0x56, 0x7e, 0x56, 0x7e, 0x56, 
    0x7e, 0x56, 0x7e, 0x56, 0x7f, 0x56, 0x7e, 0x4e, 0x7e, 0x4e, 0x7e, 0x4e, 
    0x7e, 0x4e, 0x7e, 0x4e, 0x5e, 0x4e, 0x7f, 0x4e, 0x7f, 0x4e, 0x7e, 0x4e, 
    0x5e, 0x4e, 0x7f, 0x4e, 0x5f, 0x4e, 0x7e, 0x4e, 0x7e, 0x4e, 0x5f, 0x4e, 
    0x7e, 0x4e, 0x7e, 0x4e, 0x7e, 0x4e, 0x5e, 0x4e, 0x5e, 0x4e, 0x5e, 0x4e, 
    0x5e, 0x4e, 0x5e, 0x4e, 0x5e, 0x4e, 0x5d, 0x4e, 0x5e, 0x4e, 0x5e, 0x4e, 
    0x5e, 0x4e, 0x5e, 0x4e, 0x5e, 0x4e, 0x5e, 0x4e, 0x5e, 0x4e, 0x7e, 0x4e, 
    0x5f, 0x4e, 0x7e, 0x4e, 0x5f, 0x56, 0x5f, 0x56, 0x7e, 0x56, 0x7e, 0x56, 
    0x7e, 0x4e, 0x7e, 0x56, 0x7f, 0x4e, 0x7e, 0x56, 0x7e, 0x4e, 0x7e, 0x4e, 
    0x7e, 0x4e, 0x7e, 0x4e, 0x7e, 0x4e, 0x7e, 0x4e, 0x7e, 0x4e, 0x5e, 0x4e, 
    0x7f, 0x4e, 0x7e, 0x4e, 0x7e, 0x4e, 0x7e, 0x4e, 0x7e, 0x4e, 0x7e, 0x56, 
    0x7e, 0x4e, 0x7e, 0x4e, 0x7e, 0x56, 0x7e, 0x56, 0x7e, 0x56, 0x7e, 0x56, 
    0x5e, 0x56, 0x7e, 0x56, 0x5e, 0x4e, 0x5e, 0x56, 0x5d, 0x56, 0x5d, 0x4e, 
    0x5e, 0x56, 0x7e, 0x56, 0x7e, 0x56, 0x7e, 0x56, 0x7e, 0x56, 0x7e, 0x56, 
    0x7e, 0x56, 0x7e, 0x56, 0x7e, 0x56, 0x7e, 0x56, 0x7e, 0x56, 0x7e, 0x56, 
    0x5e, 0x56, 0x5e, 0x56, 0x5d, 0x56, 0x5e, 0x56, 0x5e, 0x56, 0x7d, 0x56, 
    0x7e, 0x56, 0x7e, 0x56, 0x5e, 0x56, 0x7e, 0x56, 0x7e, 0x56, 0x7e, 0x56, 
    0x7e, 0x56, 0x7e, 0x56, 0x7e, 0x56, 0x7e, 0x56, 0x7e, 0x56, 0x7e, 0x56, 
    0x7e, 0x56, 0x5e, 0x56, 0x5e, 0x56, 0x5e, 0x56, 0x5e, 0x56, 0x5e, 0x56, 
    0x5e, 0x56, 0x5e, 0x56, 0x5e, 0x56, 0x5d, 0x56, 0x5e, 0x56, 0x5e, 0x56, 
    0x5e, 0x56, 0x5e, 0x56, 0x5e, 0x56, 0x5e, 0x56, 0x5e, 0x56, 0x5d, 0x56, 
    0x5e, 0x56, 0x5e, 0x56, 0x5e, 0x56, 0x5e, 0x56, 0x7e, 0x56, 0x5e, 0x56, 
    0x5e, 0x56, 0x5e, 0x56, 0x5e, 0x56, 0x5e, 0x56, 0x5e, 0x56, 0x5e, 0x56, 
    0x5e, 0x4e, 0x5e, 0x56, 0x5e, 0x56, 0x5e, 0x56, 0x5e, 0x56, 0x5e, 0x56, 
    0x5e, 0x56, 0x5d, 0x56, 0x5e, 0x56, 0x5d, 0x4e, 0x5e, 0x56, 0x5e, 0x56, 
    0x5e, 0x56, 0x5e, 0x56, 0x5e, 0x56, 0x7e, 0x56, 0x7e, 0x56, 0x7e, 0x56, 
    0x7e, 0x56, 0x7e, 0x5e, 0x5e, 0x56, 0x7e, 0x56, 0x5d, 0x5e, 0x5e, 0x5e, 
    0x5e, 0x4e, 0x5e, 0x4e, 0x5e, 0x4e, 0x5e, 0x4e, 0x5e, 0x4e, 0x5e, 0x4e, 
    0x5e, 0x4e, 0x5e, 0x4e, 0x5e, 0x4e, 0x5e, 0x4e, 0x5e, 0x4e, 0x5e, 0x4e, 
    0x5e, 0x4e, 0x5e, 0x4e, 0x5e, 0x4e, 0x5e, 0x4e, 0x5e, 0x4e, 0x5e, 0x4e, 
    0x5e, 0x4e, 0x5e, 0x4e, 0x5e, 0x4e, 0x5e, 0x4e, 0x5e, 0x4e, 0x5d, 0x4e, 
    0x5e, 0x4e, 0x3d, 0x4e, 0x3d, 0x4e, 0x3d, 0x4e, 0x3d, 0x4e, 0x3e, 0x4e, 
    0x3d, 0x4e, 0x3d, 0x4e, 0x3d, 0x4e, 0x5d, 0x4e, 0x5d, 0x4e, 0x5e, 0x4e, 
    0x5e, 0x4e, 0x5e, 0x4e, 0x5e, 0x4e, 0x5e, 0x4e, 0x5e, 0x4e, 0x5e, 0x4e, 
    0x5e, 0x4e, 0x5e, 0x4e, 0x3e, 0x4e, 0x5e, 0x4e, 0x5e, 0x4e, 0x5e, 0x4e, 
    0x5e, 0x4e, 0x5e, 0x4e, 0x5e, 0x4e, 0x5e, 0x4e, 0x5e, 0x4e, 0x5d, 0x4e, 
    0x5e, 0x4e, 0x5e, 0x4e, 0x5e, 0x4e, 0x5e, 0x4e, 0x5e, 0x56, 0x5f, 0x4e, 
    0x7e, 0x56, 0x5e, 0x4e, 0x7e, 0x4e, 0x7e, 0x56, 0x7e, 0x56, 0x5e, 0x56, 
    0x7e, 0x56, 0x5e, 0x56, 0x7e, 0x56, 0x7e, 0x56, 0x7e, 0x56, 0x7e, 0x56, 
    0x7e, 0x56, 0x7f, 0x56, 0x7f, 0x56, 0x7e, 0x56, 0x7f, 0x56, 0x7e, 0x56, 
    0x7e, 0x56, 0x7e, 0x56, 0x7f, 0x56, 0x7e, 0x56, 0x7e, 0x56, 0x7e, 0x56, 
    0x7e, 0x56, 0x7e, 0x56, 0x7f, 0x56, 0x7e, 0x4e, 0x7f, 0x4e, 0x7f, 0x4e, 
    0x7e, 0x4e, 0x7f, 0x4e, 0x7e, 0x4e, 0x7e, 0x4e, 0x7e, 0x4e, 0x7f, 0x4e, 
    0x5e, 0x4e, 0x5e, 0x4e, 0x5e, 0x4e, 0x5e, 0x4e, 0x5e, 0x4e, 0x5e, 0x4e, 
    0x5e, 0x4e, 0x5f, 0x4e, 0x5e, 0x4e, 0x5e, 0x4e, 0x5e, 0x4e, 0x5e, 0x4e, 
    0x5e, 0x4e, 0x5e, 0x4e, 0x5e, 0x4e, 0x5e, 0x4e, 0x5e, 0x4e, 0x5e, 0x4e, 
    0x5e, 0x4e, 0x5e, 0x4e, 0x5e, 0x4e, 0x5e, 0x4e, 0x5f, 0x4e, 0x5e, 0x4e, 
    0x5e, 0x4e, 0x5e, 0x4e, 0x7e, 0x56, 0x7e, 0x56, 0x7e, 0x56, 0x7f, 0x56, 
    0x7e, 0x56, 0x7e, 0x56, 0x7e, 0x56, 0x7f, 0x56, 0x7e, 0x56, 0x7f, 0x56, 
    0x7e, 0x4e, 0x7f, 0x4e, 0x7e, 0x4e, 0x7e, 0x4e, 0x7e, 0x4e, 0x7e, 0x4e, 
    0x7e, 0x4e, 0x7e, 0x56, 0x7e, 0x4e, 0x7e, 0x4e, 0x7e, 0x4e, 0x7e, 0x56, 
    0x7e, 0x56, 0x7e, 0x4e, 0x7e, 0x56, 0x7e, 0x4e, 0x7f, 0x56, 0x7e, 0x56, 
    0x7e, 0x56, 0x7e, 0x4e, 0x7e, 0x4e, 0x5e, 0x56, 0x5e, 0x56, 0x5e, 0x4e, 
    0x5e, 0x56, 0x7e, 0x56, 0x7e, 0x56, 0x7e, 0x56, 0x7e, 0x56, 0x7e, 0x56, 
    0x7e, 0x56, 0x7f, 0x56, 0x7e, 0x56, 0x7f, 0x56, 0x7e, 0x56, 0x7e, 0x56, 
    0x7e, 0x56, 0x5e, 0x56, 0x5e, 0x56, 0x5e, 0x56, 0x5e, 0x56, 0x7e, 0x56, 
    0x7e, 0x56, 0x7e, 0x56, 0x7e, 0x56, 0x5e, 0x56, 0x7e, 0x56, 0x7e, 0x56, 
    0x7e, 0x56, 0x7e, 0x56, 0x7e, 0x56, 0x7e, 0x56, 0x7f, 0x56, 0x7e, 0x56, 
    0x5e, 0x56, 0x7e, 0x4e, 0x5e, 0x56, 0x5e, 0x56, 0x5e, 0x56, 0x7e, 0x56, 
    0x5e, 0x56, 0x5e, 0x56, 0x5e, 0x56, 0x5e, 0x56, 0x5e, 0x56, 0x5d, 0x56, 
    0x5e, 0x56, 0x5e, 0x56, 0x5e, 0x56, 0x5d, 0x56, 0x5e, 0x56, 0x5e, 0x56, 
    0x5e, 0x56, 0x5e, 0x56, 0x5e, 0x56, 0x5f, 0x56, 0x5e, 0x56, 0x5e, 0x56, 
    0x7e, 0x56, 0x5e, 0x56, 0x5e, 0x56, 0x5e, 0x56, 0x5e, 0x56, 0x5e, 0x56, 
    0x5e, 0x56, 0x5e, 0x56, 0x3e, 0x56, 0x5e, 0x56, 0x5e, 0x56, 0x5e, 0x56, 
    0x5e, 0x56, 0x5e, 0x56, 0x5e, 0x56, 0x5e, 0x56, 0x5e, 0x56, 0x5e, 0x56, 
    0x5e, 0x56, 0x5e, 0x56, 0x5e, 0x56, 0x7e, 0x56, 0x7e, 0x56, 0x7e, 0x56, 
    0x7e, 0x56, 0x7e, 0x5e, 0x7e, 0x5e, 0x5e, 0x5e, 0x5e, 0x5e, 0x5e, 0x5e, 
    0x5e, 0x4e, 0x5e, 0x4e, 0x5e, 0x4e, 0x5e, 0x4e, 0x5e, 0x4e, 0x5e, 0x4e, 
    0x5e, 0x4e, 0x5e, 0x4e, 0x5e, 0x4e, 0x5e, 0x4e, 0x5e, 0x4e, 0x5e, 0x4e, 
    0x5e, 0x4e, 0x5e, 0x4e, 0x5d, 0x4e, 0x5e, 0x4e, 0x5e, 0x4e, 0x5e, 0x4e, 
    0x5e, 0x4e, 0x5e, 0x4e, 0x5e, 0x4e, 0x5e, 0x4e, 0x5e, 0x4e, 0x5e, 0x4e, 
    0x5d, 0x4e, 0x5d, 0x4e, 0x3d, 0x4e, 0x3d, 0x4e, 0x3d, 0x4e, 0x5d, 0x4e, 
    0x3e, 0x4e, 0x5d, 0x4e, 0x3d, 0x4e, 0x5d, 0x4e, 0x5d, 0x4e, 0x5e, 0x4e, 
    0x5e, 0x4e, 0x5e, 0x4e, 0x5e, 0x4e, 0x5e, 0x4e, 0x5d, 0x4e, 0x5e, 0x4e, 
    0x5e, 0x4e, 0x5d, 0x4e, 0x5e, 0x4e, 0x5e, 0x4e, 0x5e, 0x4e, 0x5e, 0x4e, 
    0x5e, 0x4e, 0x5e, 0x4e, 0x5e, 0x4e, 0x5e, 0x4e, 0x5e, 0x4e, 0x5e, 0x4e, 
    0x5e, 0x4e, 0x5e, 0x4e, 0x5e, 0x4e, 0x7e, 0x4e, 0x7e, 0x56, 0x5e, 0x56, 
    0x5e, 0x4e, 0x7e, 0x4e, 0x7f, 0x4e, 0x7e, 0x56, 0x7e, 0x56, 0x7e, 0x56, 
    0x7e, 0x56, 0x5e, 0x56, 0x5e, 0x56, 0x7e, 0x56, 0x5e, 0x56, 0x7e, 0x56, 
    0x7e, 0x56, 0x7e, 0x56, 0x7e, 0x56, 0x7f, 0x56, 0x7e, 0x56, 0x7f, 0x56, 
    0x7f, 0x56, 0x7e, 0x56, 0x7e, 0x56, 0x7e, 0x56, 0x7e, 0x56, 0x7e, 0x56, 
    0x7e, 0x56, 0x7e, 0x56, 0x7f, 0x56, 0x7e, 0x4e, 0x7e, 0x4e, 0x7e, 0x4e, 
    0x7e, 0x4e, 0x5e, 0x4e, 0x5e, 0x56, 0x7e, 0x56, 0x5e, 0x4e, 0x5e, 0x4e, 
    0x5e, 0x4e, 0x5e, 0x4e, 0x5e, 0x4e, 0x5e, 0x4e, 0x5e, 0x4e, 0x5e, 0x4e, 
    0x5e, 0x4e, 0x5e, 0x4e, 0x5e, 0x4e, 0x5e, 0x4e, 0x5e, 0x4e, 0x5e, 0x4e, 
    0x5e, 0x4e, 0x5e, 0x4e, 0x5e, 0x4e, 0x5e, 0x4e, 0x5e, 0x4e, 0x5e, 0x4e, 
    0x5e, 0x4e, 0x5e, 0x4e, 0x5e, 0x4e, 0x5e, 0x4e, 0x5e, 0x56, 0x5f, 0x56, 
    0x5e, 0x56, 0x5f, 0x56, 0x7e, 0x56, 0x7f, 0x56, 0x7e, 0x56, 0x7e, 0x56, 
    0x7e, 0x56, 0x7f, 0x56, 0x7e, 0x56, 0x7e, 0x56, 0x7e, 0x56, 0x7e, 0x56, 
    0x7e, 0x56, 0x7e, 0x56, 0x7f, 0x4e, 0x7e, 0x4e, 0x7e, 0x4e, 0x7e, 0x56, 
    0x7e, 0x56, 0x7e, 0x4e, 0x7e, 0x4e, 0x7e, 0x4e, 0x7e, 0x56, 0x7e, 0x56, 
    0x7e, 0x56, 0x7e, 0x56, 0x7e, 0x56, 0x7e, 0x56, 0x7e, 0x56, 0x7e, 0x56, 
    0x7e, 0x56, 0x7f, 0x56, 0x7e, 0x56, 0x5e, 0x4e, 0x7e, 0x4e, 0x5e, 0x56, 
    0x7e, 0x56, 0x7e, 0x56, 0x7e, 0x56, 0x7e, 0x56, 0x7e, 0x56, 0x7e, 0x56, 
    0x7e, 0x56, 0x7f, 0x56, 0x7f, 0x56, 0x7e, 0x56, 0x7e, 0x56, 0x7e, 0x56, 
    0x7e, 0x56, 0x7e, 0x56, 0x7e, 0x56, 0x7e, 0x56, 0x5e, 0x56, 0x7e, 0x56, 
    0x5e, 0x56, 0x5e, 0x56, 0x5e, 0x56, 0x7e, 0x56, 0x7e, 0x56, 0x7e, 0x56, 
    0x5e, 0x56, 0x7f, 0x56, 0x7e, 0x56, 0x7e, 0x56, 0x7e, 0x56, 0x5e, 0x56, 
    0x7e, 0x56, 0x7e, 0x56, 0x5e, 0x56, 0x5e, 0x56, 0x7e, 0x4e, 0x5e, 0x4e, 
    0x5e, 0x56, 0x5e, 0x56, 0x5e, 0x56, 0x5e, 0x56, 0x5e, 0x56, 0x5e, 0x56, 
    0x5e, 0x56, 0x5d, 0x56, 0x5d, 0x56, 0x5e, 0x56, 0x5d, 0x56, 0x5d, 0x56, 
    0x5e, 0x56, 0x5e, 0x56, 0x5e, 0x56, 0x5e, 0x56, 0x5e, 0x56, 0x7e, 0x56, 
    0x5e, 0x56, 0x7e, 0x56, 0x5e, 0x56, 0x5e, 0x56, 0x5e, 0x56, 0x7e, 0x56, 
    0x5e, 0x56, 0x5e, 0x56, 0x5e, 0x56, 0x5e, 0x56, 0x5e, 0x56, 0x5e, 0x56, 
    0x5d, 0x56, 0x5e, 0x56, 0x5e, 0x56, 0x5e, 0x56, 0x5e, 0x56, 0x5e, 0x56, 
    0x5d, 0x56, 0x5e, 0x56, 0x7e, 0x56, 0x7e, 0x56, 0x7e, 0x56, 0x7e, 0x56, 
    0x7e, 0x56, 0x7e, 0x56, 0x7e, 0x5e, 0x7e, 0x5e, 0x7e, 0x5e, 0x5e, 0x5e, 
    0x5e, 0x4e, 0x5e, 0x4e, 0x5d, 0x4e, 0x5e, 0x4e, 0x5e, 0x4e, 0x5e, 0x4e, 
    0x5e, 0x4e, 0x5e, 0x4e, 0x5e, 0x4e, 0x5e, 0x4e, 0x5e, 0x4e, 0x5e, 0x4e, 
    0x5e, 0x4e, 0x5e, 0x4e, 0x5e, 0x4e, 0x5e, 0x4e, 0x5e, 0x4e, 0x5e, 0x4e, 
    0x5e, 0x4e, 0x5e, 0x4e, 0x5e, 0x4e, 0x5e, 0x4e, 0x5e, 0x4e, 0x5e, 0x4e, 
    0x5e, 0x4e, 0x5d, 0x4e, 0x3d, 0x4e, 0x5d, 0x4e, 0x5d, 0x4e, 0x5e, 0x4e, 
    0x5d, 0x4e, 0x5d, 0x4e, 0x5d, 0x4e, 0x5e, 0x4e, 0x5e, 0x4e, 0x5e, 0x4e, 
    0x5e, 0x4e, 0x5e, 0x4e, 0x5e, 0x4e, 0x5e, 0x4e, 0x5e, 0x4e, 0x5e, 0x4e, 
    0x5e, 0x4e, 0x7e, 0x4e, 0x5e, 0x4e, 0x5e, 0x4e, 0x5e, 0x4e, 0x5e, 0x4e, 
    0x5d, 0x4e, 0x5e, 0x4e, 0x5e, 0x4e, 0x5e, 0x4e, 0x5e, 0x4e, 0x5e, 0x4e, 
    0x5e, 0x4e, 0x5e, 0x4e, 0x5e, 0x4e, 0x5e, 0x56, 0x7e, 0x56, 0x5e, 0x4e, 
    0x7e, 0x4e, 0x7e, 0x56, 0x7e, 0x4e, 0x7e, 0x56, 0x7e, 0x56, 0x5e, 0x56, 
    0x7e, 0x56, 0x5f, 0x56, 0x7e, 0x56, 0x5f, 0x4e, 0x5e, 0x4e, 0x5e, 0x56, 
    0x7e, 0x56, 0x7f, 0x56, 0x7e, 0x56, 0x7f, 0x56, 0x7e, 0x56, 0x7e, 0x56, 
    0x7e, 0x56, 0x7e, 0x56, 0x7e, 0x56, 0x7e, 0x56, 0x7f, 0x56, 0x7e, 0x56, 
    0x7f, 0x56, 0x7e, 0x56, 0x7e, 0x56, 0x7e, 0x56, 0x5e, 0x4e, 0x7e, 0x4e, 
    0x7e, 0x4e, 0x7e, 0x4e, 0x7e, 0x4e, 0x7e, 0x4e, 0x5e, 0x56, 0x5e, 0x4e, 
    0x5e, 0x4e, 0x5e, 0x4e, 0x5e, 0x4e, 0x5e, 0x4e, 0x5e, 0x4e, 0x5d, 0x4e, 
    0x5e, 0x4e, 0x5e, 0x4e, 0x5e, 0x4e, 0x5e, 0x4e, 0x5e, 0x4e, 0x5e, 0x4e, 
    0x5e, 0x4e, 0x5e, 0x4e, 0x5e, 0x56, 0x5e, 0x4e, 0x5d, 0x4e, 0x5e, 0x4e, 
    0x5e, 0x4e, 0x5e, 0x4e, 0x5d, 0x4e, 0x5e, 0x56, 0x5e, 0x56, 0x5e, 0x56, 
    0x5e, 0x56, 0x7e, 0x56, 0x7e, 0x56, 0x7f, 0x56, 0x7f, 0x56, 0x7e, 0x56, 
    0x7e, 0x56, 0x7f, 0x56, 0x7e, 0x56, 0x7e, 0x56, 0x7e, 0x56, 0x7e, 0x56, 
    0x7f, 0x56, 0x7f, 0x56, 0x7e, 0x56, 0x7e, 0x56, 0x7e, 0x56, 0x7e, 0x56, 
    0x7e, 0x56, 0x7f, 0x56, 0x7e, 0x4e, 0x5f, 0x4e, 0x7e, 0x4e, 0x7f, 0x56, 
    0x7e, 0x56, 0x7e, 0x56, 0x7e, 0x56, 0x7e, 0x56, 0x7e, 0x56, 0x7e, 0x4e, 
    0x7e, 0x56, 0x7e, 0x4e, 0x7e, 0x4e, 0x7e, 0x56, 0x5e, 0x4e, 0x7e, 0x56, 
    0x7f, 0x56, 0x7e, 0x56, 0x7f, 0x56, 0x7e, 0x56, 0x7e, 0x56, 0x7e, 0x56, 
    0x7f, 0x56, 0x9e, 0x56, 0x7f, 0x56, 0x7e, 0x56, 0x7e, 0x56, 0x7e, 0x56, 
    0x7e, 0x56, 0x5e, 0x56, 0x5e, 0x56, 0x5e, 0x56, 0x5e, 0x56, 0x5e, 0x56, 
    0x5e, 0x56, 0x7e, 0x56, 0x7e, 0x56, 0x7f, 0x56, 0x7e, 0x56, 0x7e, 0x56, 
    0x7e, 0x56, 0x7e, 0x56, 0x7e, 0x56, 0x5e, 0x56, 0x7e, 0x56, 0x7e, 0x56, 
    0x5e, 0x56, 0x5e, 0x56, 0x5e, 0x56, 0x7e, 0x56, 0x7e, 0x56, 0x7e, 0x56, 
    0x5e, 0x56, 0x5e, 0x56, 0x5e, 0x56, 0x5e, 0x56, 0x5e, 0x56, 0x5e, 0x56, 
    0x5e, 0x56, 0x5e, 0x56, 0x5e, 0x56, 0x5e, 0x56, 0x5e, 0x56, 0x5e, 0x56, 
    0x5e, 0x56, 0x5e, 0x56, 0x5e, 0x56, 0x5e, 0x56, 0x5e, 0x56, 0x7e, 0x56, 
    0x5e, 0x56, 0x7e, 0x56, 0x5e, 0x56, 0x5e, 0x56, 0x5e, 0x56, 0x5e, 0x56, 
    0x5e, 0x56, 0x5e, 0x56, 0x5e, 0x56, 0x5e, 0x56, 0x5e, 0x56, 0x5e, 0x56, 
    0x5e, 0x56, 0x5e, 0x56, 0x5e, 0x56, 0x5e, 0x56, 0x5e, 0x56, 0x5e, 0x56, 
    0x5e, 0x56, 0x5e, 0x56, 0x5e, 0x56, 0x5e, 0x56, 0x5e, 0x5e, 0x7e, 0x56, 
    0x7e, 0x56, 0x7e, 0x56, 0x7e, 0x5e, 0x7e, 0x5e, 0x7e, 0x56, 0x7e, 0x5e, 
    0x5e, 0x4e, 0x5e, 0x4e, 0x5e, 0x4e, 0x5e, 0x4e, 0x5e, 0x4e, 0x5e, 0x4e, 
    0x5e, 0x4e, 0x5e, 0x4e, 0x5e, 0x4e, 0x5e, 0x4e, 0x5e, 0x4e, 0x5e, 0x4e, 
    0x5e, 0x4e, 0x5e, 0x4e, 0x5e, 0x4e, 0x5e, 0x4e, 0x5e, 0x4e, 0x5e, 0x4e, 
    0x5e, 0x4e, 0x5e, 0x4e, 0x5e, 0x4e, 0x7e, 0x4e, 0x7e, 0x4e, 0x5e, 0x4e, 
    0x5d, 0x4e, 0x5d, 0x4e, 0x5d, 0x4e, 0x5d, 0x4e, 0x5d, 0x4e, 0x5d, 0x4e, 
    0x5e, 0x4e, 0x5e, 0x4e, 0x5e, 0x4e, 0x5e, 0x4e, 0x5e, 0x4e, 0x5e, 0x4e, 
    0x5e, 0x4e, 0x5e, 0x4e, 0x5e, 0x4e, 0x5e, 0x4e, 0x5e, 0x4e, 0x5e, 0x4e, 
    0x5e, 0x4e, 0x5e, 0x4e, 0x5e, 0x4e, 0x5e, 0x4e, 0x5e, 0x4e, 0x5e, 0x4e, 
    0x5e, 0x4e, 0x5d, 0x4e, 0x5e, 0x4e, 0x5e, 0x56, 0x5e, 0x4e, 0x5e, 0x4e, 
    0x7e, 0x4e, 0x7e, 0x4e, 0x7e, 0x56, 0x5e, 0x56, 0x7e, 0x56, 0x7f, 0x56, 
    0x7e, 0x4e, 0x7f, 0x4e, 0x7e, 0x4e, 0x7e, 0x56, 0x7e, 0x56, 0x7e, 0x56, 
    0x7e, 0x56, 0x7e, 0x56, 0x5e, 0x4e, 0x5e, 0x4e, 0x5e, 0x56, 0x7e, 0x56, 
    0x7e, 0x56, 0x7e, 0x56, 0x7f, 0x56, 0x7f, 0x56, 0x7f, 0x56, 0x7e, 0x56, 
    0x7e, 0x56, 0x7e, 0x56, 0x7e, 0x56, 0x7e, 0x56, 0x7e, 0x56, 0x9e, 0x56, 
    0x7e, 0x56, 0x7e, 0x56, 0x7e, 0x56, 0x7e, 0x56, 0x7e, 0x56, 0x5e, 0x56, 
    0x7e, 0x4e, 0x7e, 0x56, 0x7e, 0x56, 0x7e, 0x4e, 0x5e, 0x56, 0x5e, 0x56, 
    0x5e, 0x4e, 0x5e, 0x4e, 0x5e, 0x4e, 0x5e, 0x4e, 0x5e, 0x4e, 0x5e, 0x4e, 
    0x5e, 0x4e, 0x5e, 0x4e, 0x5e, 0x4e, 0x5e, 0x4e, 0x5e, 0x4e, 0x5e, 0x4e, 
    0x5e, 0x4e, 0x5e, 0x56, 0x3d, 0x4e, 0x5d, 0x56, 0x3e, 0x56, 0x5d, 0x56, 
    0x5d, 0x56, 0x5e, 0x4e, 0x5e, 0x56, 0x3d, 0x56, 0x5d, 0x56, 0x5e, 0x56, 
    0x7e, 0x56, 0x5e, 0x56, 0x7e, 0x56, 0x7e, 0x56, 0x7f, 0x56, 0x7e, 0x56, 
    0x7e, 0x56, 0x7e, 0x56, 0x7e, 0x56, 0x7e, 0x56, 0x7e, 0x56, 0x7f, 0x56, 
    0x7e, 0x56, 0x7e, 0x56, 0x7e, 0x56, 0x7f, 0x56, 0x7f, 0x56, 0x7e, 0x56, 
    0x7e, 0x56, 0x7e, 0x56, 0x7e, 0x56, 0x7e, 0x56, 0x7e, 0x56, 0x7e, 0x56, 
    0x7e, 0x56, 0x7e, 0x56, 0x7f, 0x56, 0x7e, 0x4e, 0x7e, 0x4e, 0x7e, 0x56, 
    0x7f, 0x4e, 0x7e, 0x4e, 0x7e, 0x56, 0x7e, 0x4e, 0x5e, 0x56, 0x5e, 0x56, 
    0x7e, 0x56, 0x7e, 0x56, 0x7e, 0x56, 0x7e, 0x56, 0x7e, 0x56, 0x7e, 0x56, 
    0x7e, 0x56, 0x7e, 0x56, 0x7e, 0x56, 0x7f, 0x56, 0x7f, 0x56, 0x7e, 0x56, 
    0x7e, 0x56, 0x5e, 0x56, 0x7e, 0x56, 0x5e, 0x56, 0x5e, 0x56, 0x5e, 0x56, 
    0x5e, 0x56, 0x7e, 0x56, 0x7e, 0x56, 0x7e, 0x56, 0x7f, 0x56, 0x7e, 0x56, 
    0x5e, 0x56, 0x7e, 0x56, 0x5e, 0x56, 0x7e, 0x56, 0x7e, 0x56, 0x7e, 0x56, 
    0x5e, 0x56, 0x5e, 0x56, 0x5e, 0x56, 0x5e, 0x56, 0x5e, 0x56, 0x5e, 0x56, 
    0x7e, 0x56, 0x7e, 0x56, 0x7e, 0x56, 0x5e, 0x56, 0x5e, 0x56, 0x5e, 0x56, 
    0x5e, 0x56, 0x5e, 0x56, 0x5d, 0x56, 0x5e, 0x56, 0x5e, 0x56, 0x5e, 0x56, 
    0x5e, 0x56, 0x5e, 0x56, 0x5e, 0x56, 0x7e, 0x56, 0x7e, 0x56, 0x7e, 0x56, 
    0x7e, 0x56, 0x5e, 0x56, 0x5e, 0x56, 0x5e, 0x56, 0x5e, 0x56, 0x7e, 0x56, 
    0x5e, 0x56, 0x7e, 0x56, 0x7e, 0x56, 0x5e, 0x56, 0x5e, 0x56, 0x5e, 0x56, 
    0x5e, 0x56, 0x5e, 0x56, 0x5e, 0x56, 0x5e, 0x56, 0x7e, 0x56, 0x5e, 0x56, 
    0x5e, 0x56, 0x5e, 0x56, 0x5e, 0x56, 0x5e, 0x56, 0x5e, 0x56, 0x7e, 0x5e, 
    0x7e, 0x56, 0x7e, 0x56, 0x7e, 0x5e, 0x7e, 0x5e, 0x7e, 0x5e, 0x5e, 0x5e, 
    0x5e, 0x4e, 0x5d, 0x4e, 0x5e, 0x4e, 0x5e, 0x4e, 0x5e, 0x4e, 0x5e, 0x4e, 
    0x7e, 0x4e, 0x5e, 0x4e, 0x5e, 0x4e, 0x5e, 0x4e, 0x5e, 0x4e, 0x5e, 0x4e, 
    0x5e, 0x4e, 0x5e, 0x4e, 0x5e, 0x4e, 0x5e, 0x4e, 0x5d, 0x4e, 0x5e, 0x4e, 
    0x5e, 0x4e, 0x5e, 0x4e, 0x5e, 0x4e, 0x7e, 0x4e, 0x7e, 0x4e, 0x5e, 0x4e, 
    0x5e, 0x4e, 0x5e, 0x4e, 0x5d, 0x4e, 0x5d, 0x4e, 0x5e, 0x4e, 0x5e, 0x4e, 
    0x5e, 0x4e, 0x5d, 0x4e, 0x5e, 0x4e, 0x5e, 0x4e, 0x5e, 0x4e, 0x5e, 0x4e, 
    0x5e, 0x4e, 0x5e, 0x4e, 0x5e, 0x4e, 0x5e, 0x56, 0x5e, 0x4e, 0x5e, 0x4e, 
    0x5e, 0x4e, 0x5e, 0x4e, 0x5e, 0x4e, 0x5e, 0x4e, 0x5e, 0x4e, 0x5e, 0x4e, 
    0x5d, 0x4e, 0x5e, 0x56, 0x5d, 0x4e, 0x5e, 0x56, 0x5e, 0x4e, 0x5e, 0x56, 
    0x7e, 0x56, 0x7f, 0x4e, 0x7e, 0x4e, 0x7e, 0x56, 0x7f, 0x4e, 0x7e, 0x4e, 
    0x7e, 0x4e, 0x7e, 0x56, 0x7e, 0x56, 0x7e, 0x56, 0x7e, 0x56, 0x7e, 0x56, 
    0x7e, 0x56, 0x5f, 0x4e, 0x7e, 0x4e, 0x7e, 0x4e, 0x5e, 0x56, 0x7e, 0x56, 
    0x7e, 0x56, 0x7e, 0x56, 0x7e, 0x56, 0x7e, 0x56, 0x9e, 0x56, 0x7e, 0x56, 
    0x7e, 0x56, 0x7e, 0x56, 0x7e, 0x56, 0x7e, 0x56, 0x7f, 0x56, 0x7e, 0x56, 
    0x7e, 0x56, 0x7e, 0x56, 0x7e, 0x56, 0x7e, 0x56, 0x7e, 0x56, 0x5e, 0x56, 
    0x7e, 0x56, 0x5d, 0x56, 0x5e, 0x4e, 0x5e, 0x56, 0x5e, 0x56, 0x5e, 0x4e, 
    0x5e, 0x56, 0x5e, 0x56, 0x5e, 0x56, 0x5e, 0x56, 0x5e, 0x56, 0x5e, 0x56, 
    0x5e, 0x4e, 0x5e, 0x4e, 0x5e, 0x4e, 0x5d, 0x4e, 0x5d, 0x4e, 0x5e, 0x4e, 
    0x5d, 0x4e, 0x5d, 0x56, 0x5d, 0x56, 0x5e, 0x56, 0x3d, 0x56, 0x5d, 0x56, 
    0x3e, 0x56, 0x5e, 0x56, 0x5e, 0x56, 0x3e, 0x56, 0x5e, 0x56, 0x5e, 0x56, 
    0x5e, 0x56, 0x7e, 0x56, 0x7e, 0x56, 0x7f, 0x56, 0x7e, 0x56, 0x7e, 0x56, 
    0x7e, 0x56, 0x7e, 0x56, 0x7e, 0x56, 0x7e, 0x56, 0x7e, 0x56, 0x7e, 0x56, 
    0x7e, 0x56, 0x7e, 0x56, 0x7e, 0x56, 0x7e, 0x56, 0x7e, 0x56, 0x7e, 0x56, 
    0x7e, 0x56, 0x7e, 0x56, 0x7e, 0x56, 0x7f, 0x4e, 0x7e, 0x56, 0x7e, 0x56, 
    0x7e, 0x56, 0x7e, 0x56, 0x7e, 0x56, 0x7e, 0x56, 0x7e, 0x56, 0x7e, 0x56, 
    0x7e, 0x56, 0x7e, 0x4e, 0x7e, 0x56, 0x5e, 0x56, 0x5d, 0x56, 0x5e, 0x56, 
    0x5e, 0x56, 0x5e, 0x56, 0x7e, 0x56, 0x7f, 0x56, 0x7e, 0x56, 0x7e, 0x56, 
    0x7e, 0x56, 0x7f, 0x56, 0x7e, 0x56, 0x7e, 0x56, 0x7e, 0x56, 0x7e, 0x56, 
    0x7e, 0x56, 0x7e, 0x56, 0x5e, 0x56, 0x5e, 0x56, 0x5e, 0x56, 0x5e, 0x56, 
    0x5e, 0x56, 0x5e, 0x56, 0x7e, 0x56, 0x7e, 0x56, 0x7e, 0x56, 0x7e, 0x56, 
    0x7e, 0x56, 0x7e, 0x56, 0x7e, 0x56, 0x7e, 0x56, 0x7e, 0x56, 0x5e, 0x56, 
    0x5e, 0x56, 0x5e, 0x56, 0x5e, 0x56, 0x5e, 0x56, 0x5e, 0x56, 0x7e, 0x56, 
    0x7e, 0x56, 0x7e, 0x56, 0x7e, 0x56, 0x5e, 0x56, 0x5e, 0x56, 0x5e, 0x56, 
    0x5d, 0x56, 0x5e, 0x56, 0x5e, 0x56, 0x5d, 0x56, 0x5e, 0x56, 0x5e, 0x56, 
    0x5e, 0x56, 0x5e, 0x56, 0x5e, 0x56, 0x7e, 0x56, 0x5e, 0x56, 0x7e, 0x56, 
    0x5e, 0x56, 0x5e, 0x56, 0x5e, 0x56, 0x5e, 0x56, 0x7e, 0x56, 0x5e, 0x56, 
    0x7e, 0x56, 0x7e, 0x56, 0x7f, 0x56, 0x7e, 0x56, 0x7e, 0x56, 0x7e, 0x56, 
    0x7e, 0x56, 0x7e, 0x56, 0x7e, 0x56, 0x7e, 0x56, 0x5e, 0x56, 0x7e, 0x56, 
    0x5d, 0x56, 0x5e, 0x56, 0x5e, 0x56, 0x5d, 0x56, 0x5e, 0x56, 0x5e, 0x56, 
    0x5e, 0x56, 0x7e, 0x56, 0x7e, 0x5e, 0x7e, 0x5e, 0x5e, 0x5e, 0x5e, 0x5e, 
    0x5e, 0x4e, 0x5e, 0x4e, 0x5e, 0x4e, 0x5e, 0x4e, 0x7e, 0x4e, 0x5e, 0x4e, 
    0x5e, 0x4e, 0x5e, 0x4e, 0x5e, 0x4e, 0x5e, 0x4e, 0x5e, 0x4e, 0x5e, 0x4e, 
    0x7e, 0x4e, 0x5e, 0x4e, 0x5e, 0x4e, 0x5e, 0x4e, 0x7e, 0x4e, 0x7e, 0x4e, 
    0x7e, 0x4e, 0x5e, 0x4e, 0x5e, 0x4e, 0x7e, 0x4e, 0x7e, 0x4e, 0x5e, 0x4e, 
    0x5e, 0x4e, 0x5e, 0x4e, 0x5e, 0x4e, 0x5e, 0x4e, 0x5e, 0x4e, 0x5d, 0x4e, 
    0x5e, 0x4e, 0x5e, 0x4e, 0x5e, 0x4e, 0x5e, 0x4e, 0x5e, 0x4e, 0x5e, 0x4e, 
    0x5e, 0x4e, 0x5d, 0x4e, 0x5e, 0x4e, 0x7e, 0x56, 0x5e, 0x4e, 0x5e, 0x4e, 
    0x5e, 0x4e, 0x5e, 0x4e, 0x5e, 0x4e, 0x5e, 0x4e, 0x5e, 0x4e, 0x5e, 0x4e, 
    0x3d, 0x56, 0x5e, 0x4e, 0x5e, 0x56, 0x7e, 0x4e, 0x5e, 0x56, 0x7e, 0x56, 
    0x7e, 0x56, 0x7e, 0x56, 0x7f, 0x4e, 0x7f, 0x4e, 0x7e, 0x4e, 0x7f, 0x56, 
    0x7f, 0x4e, 0x7e, 0x4e, 0x7e, 0x56, 0x7e, 0x56, 0x7f, 0x56, 0x7e, 0x56, 
    0x7e, 0x56, 0x7e, 0x56, 0x7e, 0x4e, 0x5e, 0x4e, 0x5e, 0x56, 0x7e, 0x56, 
    0x7e, 0x4e, 0x7e, 0x56, 0x7e, 0x56, 0x7f, 0x56, 0x7e, 0x56, 0x7e, 0x56, 
    0x7e, 0x56, 0x7e, 0x56, 0x7e, 0x56, 0x7e, 0x56, 0x9e, 0x56, 0x7e, 0x56, 
    0x7e, 0x56, 0x7e, 0x56, 0x7e, 0x56, 0x7e, 0x56, 0x7e, 0x56, 0x7e, 0x56, 
    0x5e, 0x56, 0x5e, 0x4e, 0x5d, 0x4e, 0x5d, 0x56, 0x5e, 0x56, 0x5e, 0x56, 
    0x5d, 0x56, 0x5e, 0x56, 0x5e, 0x56, 0x5d, 0x56, 0x5e, 0x56, 0x5d, 0x56, 
    0x5e, 0x4e, 0x5e, 0x4e, 0x5e, 0x4e, 0x5e, 0x4e, 0x5e, 0x4e, 0x5e, 0x4e, 
    0x5d, 0x56, 0x5e, 0x56, 0x5e, 0x56, 0x5d, 0x56, 0x3e, 0x56, 0x5d, 0x56, 
    0x5d, 0x56, 0x5e, 0x56, 0x5e, 0x56, 0x5e, 0x56, 0x5e, 0x56, 0x5e, 0x56, 
    0x5e, 0x56, 0x7e, 0x56, 0x7e, 0x56, 0x7f, 0x56, 0x7f, 0x56, 0x7e, 0x56, 
    0x9e, 0x56, 0x7f, 0x56, 0x7e, 0x56, 0x7e, 0x56, 0x7e, 0x56, 0x7e, 0x56, 
    0x7e, 0x56, 0x7e, 0x56, 0x7f, 0x56, 0x7e, 0x56, 0x7e, 0x56, 0x7f, 0x56, 
    0x7f, 0x56, 0x7e, 0x56, 0x7e, 0x56, 0x7e, 0x56, 0x7f, 0x56, 0x7e, 0x56, 
    0x7e, 0x56, 0x7e, 0x56, 0x7f, 0x56, 0x7e, 0x56, 0x7e, 0x56, 0x5e, 0x56, 
    0x5e, 0x56, 0x5e, 0x56, 0x5e, 0x56, 0x5e, 0x56, 0x5e, 0x56, 0x5d, 0x56, 
    0x5e, 0x56, 0x5e, 0x56, 0x7e, 0x56, 0x7e, 0x56, 0x7e, 0x56, 0x7f, 0x56, 
    0x7f, 0x56, 0x7f, 0x56, 0x7f, 0x56, 0x7f, 0x56, 0x7e, 0x56, 0x7e, 0x56, 
    0x7e, 0x56, 0x5e, 0x56, 0x7e, 0x56, 0x7e, 0x56, 0x5e, 0x56, 0x5e, 0x56, 
    0x5e, 0x56, 0x7e, 0x56, 0x7e, 0x56, 0x7e, 0x56, 0x5e, 0x56, 0x7f, 0x56, 
    0x7f, 0x56, 0x7e, 0x56, 0x7e, 0x56, 0x7e, 0x56, 0x7e, 0x56, 0x7e, 0x56, 
    0x7e, 0x56, 0x7e, 0x56, 0x7e, 0x56, 0x7e, 0x56, 0x5e, 0x56, 0x5e, 0x56, 
    0x5e, 0x56, 0x5e, 0x56, 0x7e, 0x56, 0x5e, 0x56, 0x5e, 0x56, 0x5e, 0x56, 
    0x5e, 0x56, 0x5e, 0x56, 0x5d, 0x56, 0x5e, 0x56, 0x5e, 0x56, 0x5d, 0x56, 
    0x5e, 0x56, 0x5e, 0x56, 0x5e, 0x56, 0x5e, 0x56, 0x5e, 0x56, 0x7e, 0x56, 
    0x7e, 0x56, 0x5e, 0x56, 0x5e, 0x56, 0x5e, 0x56, 0x7e, 0x56, 0x7e, 0x56, 
    0x7f, 0x56, 0x7e, 0x56, 0x7e, 0x56, 0x7e, 0x56, 0x5e, 0x56, 0x7e, 0x56, 
    0x7e, 0x56, 0x7e, 0x56, 0x7e, 0x56, 0x7e, 0x56, 0x7e, 0x56, 0x7e, 0x56, 
    0x7e, 0x56, 0x7e, 0x56, 0x5e, 0x56, 0x5e, 0x56, 0x5e, 0x56, 0x5e, 0x5e, 
    0x5e, 0x56, 0x7e, 0x5e, 0x5e, 0x56, 0x5e, 0x56, 0x5e, 0x5e, 0x5e, 0x5e, 
    0x5e, 0x4e, 0x5e, 0x4e, 0x5e, 0x4e, 0x5e, 0x4e, 0x5e, 0x4e, 0x5e, 0x4e, 
    0x5e, 0x4e, 0x5e, 0x4e, 0x5e, 0x4e, 0x5e, 0x4e, 0x7e, 0x4e, 0x7e, 0x4e, 
    0x5e, 0x4e, 0x5e, 0x4e, 0x5e, 0x4e, 0x7e, 0x4e, 0x7e, 0x4e, 0x7e, 0x4e, 
    0x5e, 0x4e, 0x5e, 0x4e, 0x5e, 0x4e, 0x7e, 0x4e, 0x7e, 0x4e, 0x7e, 0x4e, 
    0x7e, 0x4e, 0x7e, 0x4e, 0x5e, 0x4e, 0x5e, 0x4e, 0x5e, 0x56, 0x5d, 0x4e, 
    0x5e, 0x4e, 0x5d, 0x4e, 0x5e, 0x56, 0x5e, 0x4e, 0x5e, 0x4e, 0x5e, 0x4e, 
    0x5e, 0x4e, 0x5e, 0x4e, 0x7d, 0x56, 0x7e, 0x56, 0x5d, 0x4e, 0x5e, 0x4e, 
    0x5e, 0x4e, 0x5e, 0x4e, 0x5e, 0x4e, 0x5e, 0x4e, 0x5e, 0x4e, 0x5d, 0x4e, 
    0x5e, 0x56, 0x5e, 0x56, 0x5e, 0x4e, 0x7e, 0x56, 0x7e, 0x56, 0x7e, 0x56, 
    0x7e, 0x56, 0x7e, 0x56, 0x7f, 0x56, 0x7f, 0x4e, 0x7f, 0x56, 0x7e, 0x56, 
    0x7f, 0x56, 0x7f, 0x56, 0x7e, 0x56, 0x7f, 0x56, 0x7e, 0x4e, 0x7f, 0x4e, 
    0x7f, 0x56, 0x5f, 0x4e, 0x5e, 0x4e, 0x5e, 0x56, 0x7e, 0x56, 0x7e, 0x56, 
    0x7e, 0x4e, 0x7e, 0x56, 0x7e, 0x56, 0x7e, 0x56, 0x7f, 0x56, 0x7e, 0x56, 
    0x7e, 0x56, 0x7e, 0x56, 0x7e, 0x56, 0x9e, 0x56, 0x7f, 0x56, 0x9e, 0x56, 
    0x9e, 0x56, 0x7e, 0x56, 0x9e, 0x56, 0x7e, 0x56, 0x7e, 0x56, 0x7e, 0x56, 
    0x5e, 0x56, 0x5e, 0x56, 0x5e, 0x56, 0x5e, 0x56, 0x7e, 0x56, 0x5e, 0x56, 
    0x5e, 0x56, 0x5e, 0x56, 0x5e, 0x56, 0x5d, 0x56, 0x5e, 0x56, 0x5e, 0x56, 
    0x5e, 0x56, 0x5e, 0x4e, 0x5e, 0x4e, 0x5e, 0x4e, 0x5e, 0x4e, 0x5e, 0x4e, 
    0x5e, 0x4e, 0x5e, 0x4e, 0x5e, 0x56, 0x3e, 0x56, 0x5d, 0x56, 0x5e, 0x56, 
    0x5d, 0x56, 0x5e, 0x56, 0x5e, 0x56, 0x5e, 0x56, 0x5e, 0x56, 0x5e, 0x56, 
    0x5e, 0x56, 0x7e, 0x56, 0x7e, 0x56, 0x7f, 0x56, 0x7f, 0x56, 0x7f, 0x56, 
    0x9f, 0x56, 0x9e, 0x56, 0x9e, 0x56, 0x9e, 0x56, 0x7e, 0x56, 0x7e, 0x56, 
    0x7e, 0x56, 0x7e, 0x56, 0x7e, 0x56, 0x7e, 0x56, 0x7e, 0x56, 0x7e, 0x56, 
    0x7e, 0x56, 0x7e, 0x56, 0x7e, 0x56, 0x7f, 0x56, 0x7e, 0x56, 0x7e, 0x56, 
    0x7e, 0x56, 0x7e, 0x56, 0x7e, 0x56, 0x5e, 0x56, 0x5e, 0x56, 0x7e, 0x56, 
    0x5e, 0x56, 0x5e, 0x56, 0x5e, 0x56, 0x5e, 0x56, 0x5e, 0x56, 0x5e, 0x56, 
    0x5e, 0x56, 0x5e, 0x56, 0x5e, 0x56, 0x7e, 0x56, 0x7e, 0x56, 0x7e, 0x56, 
    0x7f, 0x56, 0x7e, 0x56, 0x7f, 0x56, 0x7f, 0x56, 0x7e, 0x56, 0x7e, 0x56, 
    0x7e, 0x56, 0x7e, 0x56, 0x5e, 0x56, 0x5e, 0x56, 0x5e, 0x56, 0x5e, 0x56, 
    0x7e, 0x56, 0x7e, 0x56, 0x7e, 0x56, 0x5f, 0x56, 0x5e, 0x56, 0x7e, 0x56, 
    0x7f, 0x56, 0x7e, 0x56, 0x7f, 0x56, 0x7e, 0x56, 0x7e, 0x56, 0x7e, 0x56, 
    0x7e, 0x56, 0x7e, 0x56, 0x7e, 0x56, 0x7e, 0x56, 0x7e, 0x56, 0x7e, 0x56, 
    0x5e, 0x56, 0x5e, 0x56, 0x5e, 0x56, 0x5e, 0x56, 0x5e, 0x56, 0x5e, 0x56, 
    0x5e, 0x56, 0x5e, 0x56, 0x5e, 0x56, 0x5d, 0x56, 0x5e, 0x56, 0x5d, 0x56, 
    0x5e, 0x56, 0x5e, 0x56, 0x5e, 0x56, 0x5e, 0x56, 0x5e, 0x56, 0x7e, 0x56, 
    0x5e, 0x56, 0x5e, 0x56, 0x5e, 0x56, 0x7e, 0x56, 0x7e, 0x56, 0x5e, 0x56, 
    0x7e, 0x56, 0x7e, 0x56, 0x7e, 0x56, 0x7e, 0x56, 0x7e, 0x56, 0x7f, 0x56, 
    0x7e, 0x56, 0x7e, 0x56, 0x7e, 0x56, 0x7e, 0x5e, 0x7e, 0x56, 0x7e, 0x56, 
    0x7e, 0x56, 0x7e, 0x56, 0x5e, 0x56, 0x7e, 0x56, 0x5e, 0x56, 0x5d, 0x56, 
    0x5e, 0x56, 0x5e, 0x56, 0x5e, 0x56, 0x5e, 0x56, 0x5e, 0x56, 0x5e, 0x56, 
    0x7e, 0x4e, 0x7e, 0x4e, 0x7e, 0x4e, 0x7e, 0x4e, 0x7e, 0x4e, 0x7e, 0x4e, 
    0x5e, 0x4e, 0x7e, 0x4e, 0x5e, 0x4e, 0x7e, 0x4e, 0x7e, 0x4e, 0x7e, 0x4e, 
    0x7e, 0x4e, 0x5d, 0x4e, 0x7e, 0x4e, 0x7e, 0x4e, 0x7e, 0x4e, 0x7e, 0x4e, 
    0x7e, 0x4e, 0x7e, 0x4e, 0x7e, 0x4e, 0x7e, 0x4e, 0x7e, 0x4e, 0x5e, 0x4e, 
    0x7e, 0x4e, 0x7e, 0x4e, 0x7e, 0x4e, 0x7e, 0x4e, 0x7e, 0x4e, 0x5e, 0x4e, 
    0x5e, 0x4e, 0x7e, 0x56, 0x5e, 0x4e, 0x5e, 0x56, 0x5d, 0x4e, 0x5e, 0x4e, 
    0x5e, 0x56, 0x5d, 0x56, 0x5e, 0x4e, 0x5e, 0x56, 0x5e, 0x56, 0x5e, 0x4e, 
    0x5e, 0x56, 0x5e, 0x4e, 0x5e, 0x4e, 0x5e, 0x56, 0x5e, 0x56, 0x5e, 0x56, 
    0x5e, 0x4e, 0x5d, 0x56, 0x5e, 0x56, 0x7e, 0x56, 0x7e, 0x56, 0x5e, 0x56, 
    0x7e, 0x56, 0x5f, 0x56, 0x7e, 0x56, 0x7f, 0x4e, 0x7e, 0x4e, 0x7f, 0x56, 
    0x7f, 0x56, 0x7e, 0x56, 0x7e, 0x56, 0x7e, 0x56, 0x7e, 0x56, 0x5e, 0x56, 
    0x7e, 0x4e, 0x5e, 0x56, 0x5e, 0x4e, 0x5e, 0x4e, 0x5e, 0x4e, 0x7e, 0x4e, 
    0x7e, 0x4e, 0x7e, 0x56, 0x7f, 0x56, 0x7e, 0x56, 0x7e, 0x56, 0x7e, 0x56, 
    0x7e, 0x56, 0x7e, 0x56, 0x7e, 0x56, 0x9e, 0x56, 0x7f, 0x56, 0x9f, 0x56, 
    0x9e, 0x56, 0x7e, 0x56, 0x9e, 0x56, 0x9e, 0x56, 0x7e, 0x56, 0x7e, 0x56, 
    0x7e, 0x56, 0x7d, 0x56, 0x7e, 0x56, 0x5d, 0x56, 0x5e, 0x56, 0x7e, 0x56, 
    0x7e, 0x56, 0x7e, 0x56, 0x5e, 0x56, 0x5e, 0x56, 0x5e, 0x56, 0x5e, 0x56, 
    0x5d, 0x56, 0x5e, 0x4e, 0x5e, 0x4e, 0x5e, 0x4e, 0x5e, 0x4e, 0x5e, 0x56, 
    0x5e, 0x56, 0x5e, 0x4e, 0x5e, 0x56, 0x5d, 0x56, 0x3e, 0x56, 0x5e, 0x56, 
    0x5e, 0x56, 0x5e, 0x56, 0x5e, 0x56, 0x7e, 0x56, 0x5e, 0x56, 0x7e, 0x56, 
    0x7e, 0x56, 0x7e, 0x56, 0x7e, 0x5e, 0x7e, 0x56, 0x9f, 0x56, 0x7f, 0x56, 
    0x7e, 0x56, 0x9f, 0x56, 0x9f, 0x56, 0x9f, 0x56, 0x7e, 0x56, 0x7e, 0x56, 
    0x7e, 0x56, 0x7f, 0x56, 0x7e, 0x56, 0x7e, 0x56, 0x7e, 0x56, 0x7e, 0x56, 
    0x7e, 0x56, 0x7e, 0x56, 0x7e, 0x56, 0x7e, 0x56, 0x7f, 0x56, 0x7e, 0x56, 
    0x7f, 0x56, 0x7e, 0x56, 0x7e, 0x56, 0x7e, 0x56, 0x5e, 0x56, 0x5e, 0x56, 
    0x5e, 0x56, 0x5e, 0x56, 0x5d, 0x56, 0x5e, 0x56, 0x5e, 0x56, 0x7d, 0x56, 
    0x5e, 0x56, 0x5e, 0x56, 0x7e, 0x56, 0x5e, 0x4e, 0x7e, 0x56, 0x7e, 0x56, 
    0x7e, 0x56, 0x7f, 0x56, 0x7e, 0x56, 0x7e, 0x56, 0x7e, 0x56, 0x7e, 0x56, 
    0x5e, 0x56, 0x5e, 0x56, 0x7d, 0x56, 0x5e, 0x56, 0x5e, 0x56, 0x5e, 0x56, 
    0x5e, 0x56, 0x7e, 0x56, 0x7e, 0x56, 0x5e, 0x56, 0x7f, 0x56, 0x7e, 0x56, 
    0x7e, 0x56, 0x7e, 0x56, 0x7e, 0x56, 0x7e, 0x56, 0x7f, 0x56, 0x7e, 0x56, 
    0x7e, 0x56, 0x7e, 0x56, 0x9f, 0x56, 0x7e, 0x56, 0x7e, 0x56, 0x7e, 0x56, 
    0x5e, 0x56, 0x5e, 0x56, 0x5e, 0x56, 0x5d, 0x56, 0x5e, 0x56, 0x5e, 0x56, 
    0x5e, 0x56, 0x5e, 0x56, 0x7d, 0x56, 0x5e, 0x56, 0x5e, 0x56, 0x5e, 0x56, 
    0x5e, 0x56, 0x7e, 0x56, 0x7e, 0x56, 0x7e, 0x56, 0x5e, 0x56, 0x5e, 0x56, 
    0x7e, 0x56, 0x5e, 0x56, 0x7e, 0x56, 0x7e, 0x56, 0x7e, 0x56, 0x7e, 0x56, 
    0x7f, 0x56, 0x7e, 0x56, 0x7f, 0x56, 0x7e, 0x56, 0x7e, 0x56, 0x7e, 0x56, 
    0x7f, 0x56, 0x7f, 0x56, 0x7e, 0x56, 0x7e, 0x56, 0x7e, 0x56, 0x7e, 0x5e, 
    0x7e, 0x5e, 0x7e, 0x56, 0x7e, 0x56, 0x5e, 0x56, 0x5e, 0x56, 0x5e, 0x56, 
    0x5e, 0x56, 0x5e, 0x56, 0x5d, 0x56, 0x5e, 0x56, 0x5e, 0x56, 0x5e, 0x5e, 
    0x7e, 0x4e, 0x7e, 0x4e, 0x7e, 0x4e, 0x7e, 0x4e, 0x7e, 0x4e, 0x7e, 0x4e, 
    0x7e, 0x4e, 0x7e, 0x4e, 0x7e, 0x4e, 0x5e, 0x4e, 0x7e, 0x4e, 0x7e, 0x4e, 
    0x7e, 0x4e, 0x5e, 0x4e, 0x7e, 0x4e, 0x7e, 0x4e, 0x7e, 0x4e, 0x7e, 0x4e, 
    0x7e, 0x4e, 0x7e, 0x4e, 0x7e, 0x4e, 0x7e, 0x4e, 0x7e, 0x4e, 0x7e, 0x4e, 
    0x7e, 0x4e, 0x7e, 0x4e, 0x7e, 0x4e, 0x7e, 0x56, 0x7e, 0x4e, 0x5e, 0x4e, 
    0x7e, 0x56, 0x5e, 0x4e, 0x7e, 0x56, 0x5e, 0x56, 0x5e, 0x56, 0x5e, 0x4e, 
    0x5e, 0x4e, 0x5d, 0x4e, 0x5e, 0x56, 0x5e, 0x56, 0x5e, 0x56, 0x5e, 0x56, 
    0x5e, 0x4e, 0x5e, 0x56, 0x5e, 0x56, 0x7e, 0x56, 0x5e, 0x4e, 0x5e, 0x56, 
    0x5e, 0x56, 0x5e, 0x56, 0x5e, 0x56, 0x7e, 0x56, 0x7e, 0x56, 0x7e, 0x56, 
    0x7f, 0x56, 0x7e, 0x56, 0x7f, 0x56, 0x7f, 0x56, 0x9f, 0x56, 0x7f, 0x56, 
    0x7e, 0x56, 0x7e, 0x56, 0x7e, 0x56, 0x7f, 0x56, 0x5e, 0x56, 0x7f, 0x56, 
    0x5e, 0x56, 0x7e, 0x4e, 0x7f, 0x4e, 0x5e, 0x4e, 0x7e, 0x4e, 0x7e, 0x4e, 
    0x7e, 0x4e, 0x7e, 0x56, 0x7f, 0x4e, 0x7e, 0x56, 0x7e, 0x56, 0x7e, 0x56, 
    0x7e, 0x56, 0x7e, 0x56, 0x7e, 0x56, 0x7e, 0x56, 0x7e, 0x56, 0x7e, 0x56, 
    0x7e, 0x56, 0x9e, 0x56, 0x7f, 0x56, 0x7e, 0x56, 0x7e, 0x56, 0x7e, 0x56, 
    0x7e, 0x56, 0x7e, 0x56, 0x7e, 0x56, 0x5e, 0x56, 0x7e, 0x56, 0x7e, 0x56, 
    0x7e, 0x56, 0x7e, 0x56, 0x7e, 0x56, 0x7e, 0x56, 0x7e, 0x56, 0x5e, 0x56, 
    0x5e, 0x56, 0x5e, 0x4e, 0x5e, 0x4e, 0x5e, 0x4e, 0x5e, 0x4e, 0x5e, 0x56, 
    0x5e, 0x56, 0x5e, 0x56, 0x7e, 0x56, 0x5e, 0x56, 0x5e, 0x56, 0x5e, 0x56, 
    0x5e, 0x56, 0x5e, 0x56, 0x5e, 0x56, 0x7e, 0x56, 0x7e, 0x56, 0x7e, 0x56, 
    0x7f, 0x56, 0x7f, 0x56, 0x7f, 0x56, 0x7e, 0x56, 0x9f, 0x56, 0x9f, 0x56, 
    0x9f, 0x56, 0x9f, 0x5e, 0x9f, 0x5e, 0x7f, 0x56, 0x7e, 0x56, 0x7f, 0x56, 
    0x9e, 0x56, 0x7f, 0x56, 0x9e, 0x56, 0x7f, 0x56, 0x7e, 0x56, 0x7e, 0x56, 
    0x7e, 0x56, 0x7e, 0x56, 0x7e, 0x56, 0x7e, 0x56, 0x7e, 0x56, 0x7e, 0x56, 
    0x7e, 0x56, 0x7e, 0x56, 0x7e, 0x56, 0x7e, 0x56, 0x5e, 0x56, 0x7e, 0x56, 
    0x5e, 0x56, 0x5e, 0x56, 0x5e, 0x56, 0x5e, 0x56, 0x5e, 0x56, 0x5e, 0x56, 
    0x5e, 0x56, 0x5e, 0x56, 0x5e, 0x56, 0x7e, 0x56, 0x5e, 0x56, 0x7e, 0x56, 
    0x7e, 0x56, 0x7f, 0x56, 0x7e, 0x56, 0x7e, 0x56, 0x7e, 0x56, 0x7e, 0x56, 
    0x5e, 0x56, 0x7e, 0x56, 0x7e, 0x56, 0x5e, 0x56, 0x7e, 0x56, 0x5e, 0x56, 
    0x7e, 0x56, 0x5e, 0x56, 0x7e, 0x56, 0x7e, 0x56, 0x7e, 0x56, 0x7e, 0x56, 
    0x7f, 0x56, 0x7f, 0x56, 0x7f, 0x56, 0x7e, 0x56, 0x7e, 0x56, 0x7e, 0x56, 
    0x7e, 0x56, 0x7f, 0x56, 0x9f, 0x56, 0x7f, 0x5e, 0x7e, 0x56, 0x7e, 0x56, 
    0x5e, 0x56, 0x7e, 0x56, 0x5e, 0x56, 0x5e, 0x56, 0x5e, 0x56, 0x5e, 0x56, 
    0x5d, 0x56, 0x5e, 0x56, 0x5e, 0x56, 0x5e, 0x56, 0x5e, 0x56, 0x5e, 0x56, 
    0x5e, 0x56, 0x5e, 0x56, 0x7e, 0x56, 0x5e, 0x56, 0x7e, 0x56, 0x7e, 0x56, 
    0x7e, 0x56, 0x5e, 0x56, 0x7e, 0x56, 0x7e, 0x56, 0x7e, 0x56, 0x7e, 0x56, 
    0x7e, 0x56, 0x7e, 0x5e, 0x7f, 0x5e, 0x7e, 0x5e, 0x7e, 0x5e, 0x7e, 0x5e, 
    0x7f, 0x5e, 0x7e, 0x5e, 0x7e, 0x56, 0x7e, 0x56, 0x7f, 0x56, 0x7e, 0x5e, 
    0x7e, 0x56, 0x7e, 0x56, 0x7e, 0x56, 0x5e, 0x56, 0x5e, 0x56, 0x5e, 0x56, 
    0x5e, 0x5e, 0x5e, 0x56, 0x5e, 0x56, 0x5e, 0x56, 0x5e, 0x5e, 0x5e, 0x5e, 
    0x7e, 0x4e, 0x7e, 0x4e, 0x7e, 0x4e, 0x7e, 0x4e, 0x7e, 0x4e, 0x7e, 0x4e, 
    0x7e, 0x4e, 0x7e, 0x4e, 0x7e, 0x4e, 0x7e, 0x4e, 0x7e, 0x4e, 0x7e, 0x4e, 
    0x7e, 0x4e, 0x5e, 0x4e, 0x7e, 0x4e, 0x7e, 0x4e, 0x7e, 0x4e, 0x7e, 0x4e, 
    0x7e, 0x4e, 0x7e, 0x4e, 0x7e, 0x4e, 0x7e, 0x4e, 0x7e, 0x4e, 0x7e, 0x4e, 
    0x7e, 0x4e, 0x7e, 0x56, 0x7e, 0x4e, 0x7e, 0x4e, 0x7e, 0x56, 0x7e, 0x56, 
    0x7e, 0x4e, 0x5e, 0x56, 0x5d, 0x4e, 0x5e, 0x56, 0x5e, 0x4e, 0x5e, 0x56, 
    0x5e, 0x56, 0x5e, 0x56, 0x5e, 0x56, 0x5e, 0x56, 0x5e, 0x56, 0x5e, 0x56, 
    0x5e, 0x56, 0x5e, 0x56, 0x5e, 0x56, 0x5e, 0x56, 0x5e, 0x56, 0x5d, 0x56, 
    0x5e, 0x4e, 0x5e, 0x4e, 0x5e, 0x56, 0x5e, 0x56, 0x7e, 0x56, 0x7e, 0x56, 
    0x7e, 0x56, 0x7f, 0x56, 0x7e, 0x56, 0x7e, 0x56, 0x7f, 0x56, 0x7e, 0x56, 
    0x7e, 0x56, 0x7e, 0x56, 0x7e, 0x56, 0x7e, 0x56, 0x7e, 0x56, 0x7e, 0x56, 
    0x5e, 0x56, 0x7e, 0x56, 0x7e, 0x56, 0x5e, 0x56, 0x5e, 0x56, 0x7e, 0x56, 
    0x7e, 0x56, 0x7e, 0x56, 0x7e, 0x56, 0x7e, 0x56, 0x7e, 0x56, 0x7e, 0x56, 
    0x7e, 0x56, 0x7e, 0x56, 0x7e, 0x56, 0x7e, 0x56, 0x7e, 0x56, 0x9e, 0x56, 
    0x9f, 0x56, 0x9e, 0x56, 0x9e, 0x56, 0x9e, 0x56, 0x7e, 0x56, 0x7e, 0x56, 
    0x7e, 0x56, 0x7e, 0x56, 0x7e, 0x56, 0x7e, 0x56, 0x7e, 0x56, 0x7e, 0x56, 
    0x7e, 0x56, 0x7e, 0x56, 0x7e, 0x56, 0x7e, 0x56, 0x7e, 0x56, 0x7e, 0x56, 
    0x7e, 0x56, 0x5e, 0x56, 0x5e, 0x4e, 0x5e, 0x4e, 0x5e, 0x4e, 0x7e, 0x4e, 
    0x5e, 0x56, 0x7e, 0x56, 0x5e, 0x56, 0x7e, 0x56, 0x5e, 0x56, 0x7e, 0x56, 
    0x7e, 0x56, 0x7e, 0x56, 0x7e, 0x56, 0x7e, 0x56, 0x7e, 0x56, 0x7e, 0x56, 
    0x7e, 0x56, 0x7e, 0x56, 0x7e, 0x56, 0x7f, 0x56, 0x9f, 0x5e, 0x7f, 0x56, 
    0x9f, 0x56, 0x9f, 0x5e, 0x7e, 0x56, 0x7f, 0x56, 0x9e, 0x56, 0x9f, 0x56, 
    0x9f, 0x56, 0x9f, 0x56, 0x9f, 0x56, 0x7e, 0x56, 0x7e, 0x56, 0x7f, 0x56, 
    0x7e, 0x56, 0x7e, 0x56, 0x7e, 0x56, 0x7e, 0x56, 0x7e, 0x56, 0x7e, 0x56, 
    0x7e, 0x56, 0x7e, 0x56, 0x7e, 0x56, 0x7e, 0x56, 0x7e, 0x56, 0x5e, 0x56, 
    0x5e, 0x56, 0x5d, 0x56, 0x5e, 0x56, 0x5e, 0x56, 0x5e, 0x56, 0x5e, 0x56, 
    0x5e, 0x56, 0x5e, 0x56, 0x5e, 0x56, 0x5e, 0x56, 0x7e, 0x56, 0x7e, 0x56, 
    0x7e, 0x56, 0x7e, 0x56, 0x7e, 0x56, 0x7e, 0x56, 0x7e, 0x56, 0x7e, 0x56, 
    0x5e, 0x56, 0x7e, 0x56, 0x5e, 0x56, 0x5e, 0x56, 0x7e, 0x56, 0x7e, 0x56, 
    0x7e, 0x56, 0x7e, 0x56, 0x7e, 0x56, 0x7e, 0x56, 0x7e, 0x56, 0x7e, 0x56, 
    0x7f, 0x56, 0x9e, 0x56, 0x9e, 0x56, 0x9f, 0x56, 0x9f, 0x56, 0x7f, 0x56, 
    0x9f, 0x56, 0x7e, 0x56, 0x7f, 0x56, 0x7e, 0x56, 0x7e, 0x56, 0x7e, 0x56, 
    0x5e, 0x56, 0x7e, 0x56, 0x7e, 0x56, 0x5e, 0x56, 0x5e, 0x56, 0x5e, 0x56, 
    0x5e, 0x56, 0x5d, 0x56, 0x5e, 0x56, 0x5e, 0x56, 0x5e, 0x56, 0x5e, 0x56, 
    0x7e, 0x56, 0x7e, 0x56, 0x7e, 0x56, 0x7e, 0x56, 0x7e, 0x56, 0x7e, 0x56, 
    0x7e, 0x56, 0x7e, 0x56, 0x7e, 0x56, 0x7e, 0x56, 0x7e, 0x56, 0x7e, 0x56, 
    0x7f, 0x5e, 0x9e, 0x5e, 0x7f, 0x5e, 0x9e, 0x5e, 0x9e, 0x5e, 0x7e, 0x5e, 
    0x9e, 0x5e, 0x7e, 0x5e, 0x7f, 0x5e, 0x7e, 0x56, 0x7e, 0x56, 0x7e, 0x56, 
    0x7e, 0x56, 0x7e, 0x56, 0x7e, 0x56, 0x7e, 0x56, 0x5e, 0x56, 0x5e, 0x5e, 
    0x5d, 0x56, 0x5d, 0x5e, 0x5e, 0x56, 0x5e, 0x56, 0x5e, 0x56, 0x5e, 0x5e, 
    0x7e, 0x56, 0x7e, 0x4e, 0x7e, 0x4e, 0x7e, 0x4e, 0x7e, 0x4e, 0x7e, 0x4e, 
    0x7e, 0x4e, 0x7e, 0x4e, 0x7e, 0x4e, 0x7e, 0x4e, 0x7e, 0x4e, 0x7e, 0x4e, 
    0x7e, 0x4e, 0x7e, 0x4e, 0x7e, 0x4e, 0x7e, 0x4e, 0x7e, 0x4e, 0x7e, 0x4e, 
    0x7e, 0x4e, 0x7e, 0x4e, 0x7e, 0x4e, 0x7e, 0x4e, 0x7e, 0x4e, 0x7e, 0x56, 
    0x7e, 0x4e, 0x7e, 0x4e, 0x7e, 0x4e, 0x7e, 0x4e, 0x7e, 0x4e, 0x7e, 0x4e, 
    0x7e, 0x56, 0x7e, 0x56, 0x7e, 0x56, 0x7e, 0x56, 0x7e, 0x56, 0x7e, 0x56, 
    0x7e, 0x56, 0x5e, 0x56, 0x5e, 0x56, 0x5e, 0x56, 0x7e, 0x56, 0x5e, 0x56, 
    0x5e, 0x56, 0x5d, 0x56, 0x5d, 0x56, 0x5e, 0x56, 0x5e, 0x4e, 0x5e, 0x56, 
    0x5e, 0x56, 0x5e, 0x56, 0x5e, 0x56, 0x7e, 0x56, 0x7e, 0x56, 0x7e, 0x56, 
    0x7e, 0x56, 0x7f, 0x56, 0x7e, 0x56, 0x7e, 0x56, 0x7e, 0x56, 0x7e, 0x56, 
    0x7f, 0x56, 0x7e, 0x56, 0x7e, 0x56, 0x7e, 0x56, 0x7e, 0x56, 0x7e, 0x56, 
    0x7e, 0x56, 0x7e, 0x56, 0x5e, 0x56, 0x5e, 0x56, 0x7e, 0x56, 0x5e, 0x56, 
    0x7e, 0x56, 0x7e, 0x56, 0x7e, 0x56, 0x7e, 0x56, 0x7e, 0x56, 0x7e, 0x56, 
    0x7e, 0x56, 0x7e, 0x56, 0x7e, 0x56, 0x7e, 0x56, 0x7e, 0x56, 0x7e, 0x56, 
    0x7f, 0x56, 0x9f, 0x56, 0x9e, 0x56, 0x9e, 0x56, 0x7e, 0x56, 0x7e, 0x56, 
    0x7e, 0x56, 0x7e, 0x56, 0x7e, 0x56, 0x7e, 0x56, 0x7e, 0x56, 0x7e, 0x56, 
    0x7e, 0x56, 0x7e, 0x56, 0x7e, 0x56, 0x7f, 0x56, 0x7e, 0x56, 0x7e, 0x56, 
    0x7e, 0x56, 0x7e, 0x56, 0x5e, 0x4e, 0x7e, 0x4e, 0x5e, 0x4e, 0x5e, 0x4e, 
    0x7e, 0x56, 0x7e, 0x56, 0x7e, 0x56, 0x7e, 0x56, 0x7e, 0x56, 0x7e, 0x56, 
    0x7e, 0x56, 0x7e, 0x56, 0x7e, 0x56, 0x7e, 0x56, 0x7e, 0x56, 0x7e, 0x56, 
    0x7e, 0x56, 0x7e, 0x56, 0x9e, 0x56, 0x7f, 0x5e, 0x9f, 0x5e, 0x9f, 0x56, 
    0x9f, 0x56, 0x7f, 0x56, 0x7f, 0x56, 0x7f, 0x56, 0x7e, 0x56, 0x9f, 0x56, 
    0x9f, 0x56, 0x9e, 0x56, 0x9f, 0x56, 0x9f, 0x56, 0x7f, 0x56, 0x7e, 0x56, 
    0x7e, 0x56, 0x7e, 0x56, 0x7e, 0x56, 0x7e, 0x56, 0x7e, 0x56, 0x7e, 0x56, 
    0x7e, 0x56, 0x7e, 0x56, 0x7e, 0x56, 0x5e, 0x56, 0x5e, 0x56, 0x5e, 0x56, 
    0x5e, 0x56, 0x5d, 0x56, 0x5e, 0x56, 0x5e, 0x56, 0x5e, 0x56, 0x5e, 0x56, 
    0x5e, 0x56, 0x5d, 0x56, 0x5e, 0x56, 0x5e, 0x56, 0x7e, 0x56, 0x7e, 0x56, 
    0x7e, 0x56, 0x5e, 0x56, 0x7e, 0x56, 0x7e, 0x56, 0x5e, 0x56, 0x7e, 0x56, 
    0x7e, 0x56, 0x5e, 0x56, 0x5e, 0x56, 0x7e, 0x56, 0x7e, 0x56, 0x5e, 0x56, 
    0x5e, 0x56, 0x7e, 0x56, 0x7e, 0x56, 0x7e, 0x56, 0x7e, 0x56, 0x7e, 0x56, 
    0x7f, 0x56, 0x7f, 0x56, 0x7f, 0x56, 0x9f, 0x56, 0x7f, 0x56, 0x7f, 0x56, 
    0x7f, 0x56, 0x7e, 0x56, 0x7e, 0x56, 0x7e, 0x56, 0x7e, 0x56, 0x7e, 0x5e, 
    0x7e, 0x5e, 0x5e, 0x5e, 0x5e, 0x56, 0x7e, 0x56, 0x5e, 0x56, 0x5e, 0x56, 
    0x5e, 0x56, 0x5e, 0x56, 0x5e, 0x56, 0x5e, 0x56, 0x5e, 0x56, 0x5e, 0x56, 
    0x5e, 0x56, 0x7e, 0x56, 0x7e, 0x56, 0x7e, 0x56, 0x7e, 0x56, 0x7e, 0x56, 
    0x5e, 0x56, 0x7e, 0x56, 0x7e, 0x56, 0x7e, 0x56, 0x7e, 0x56, 0x7e, 0x56, 
    0x7f, 0x56, 0x7e, 0x56, 0x7f, 0x5e, 0x7e, 0x5e, 0x9e, 0x5e, 0x7e, 0x5e, 
    0x7e, 0x5e, 0x7e, 0x56, 0x7e, 0x5e, 0x7e, 0x5e, 0x7e, 0x5e, 0x7e, 0x5e, 
    0x7f, 0x5e, 0x7e, 0x56, 0x7e, 0x56, 0x7e, 0x56, 0x5e, 0x56, 0x5e, 0x56, 
    0x5e, 0x5e, 0x5e, 0x5e, 0x5e, 0x5e, 0x5e, 0x56, 0x5e, 0x5e, 0x5e, 0x56, 
    0x7e, 0x56, 0x7e, 0x56, 0x7e, 0x4e, 0x7e, 0x4e, 0x7e, 0x4e, 0x7e, 0x4e, 
    0x7e, 0x4e, 0x7e, 0x4e, 0x7e, 0x4e, 0x7e, 0x4e, 0x7e, 0x4e, 0x7e, 0x4e, 
    0x7e, 0x4e, 0x7e, 0x4e, 0x7e, 0x4e, 0x7e, 0x4e, 0x7e, 0x4e, 0x7e, 0x4e, 
    0x7e, 0x4e, 0x7e, 0x4e, 0x7e, 0x4e, 0x7e, 0x4e, 0x7e, 0x4e, 0x7e, 0x4e, 
    0x7e, 0x56, 0x7e, 0x56, 0x7f, 0x56, 0x7e, 0x4e, 0x7e, 0x56, 0x7e, 0x56, 
    0x7e, 0x56, 0x7e, 0x56, 0x7e, 0x56, 0x7e, 0x56, 0x7e, 0x56, 0x7e, 0x56, 
    0x7e, 0x56, 0x7e, 0x56, 0x7e, 0x56, 0x5e, 0x56, 0x5d, 0x56, 0x5e, 0x56, 
    0x5d, 0x56, 0x5e, 0x56, 0x5d, 0x56, 0x5e, 0x56, 0x5d, 0x56, 0x5e, 0x56, 
    0x5e, 0x56, 0x5e, 0x56, 0x5e, 0x56, 0x7e, 0x56, 0x7e, 0x56, 0x7e, 0x56, 
    0x7e, 0x56, 0x7e, 0x56, 0x7f, 0x56, 0x7e, 0x56, 0x7f, 0x56, 0x7f, 0x56, 
    0x7e, 0x56, 0x7e, 0x56, 0x7f, 0x56, 0x7e, 0x56, 0x7e, 0x56, 0x7e, 0x56, 
    0x7e, 0x56, 0x5e, 0x56, 0x7e, 0x56, 0x7e, 0x56, 0x5e, 0x56, 0x7e, 0x56, 
    0x7e, 0x56, 0x7e, 0x56, 0x7e, 0x56, 0x7e, 0x56, 0x7e, 0x56, 0x7e, 0x56, 
    0x7e, 0x56, 0x7e, 0x56, 0x7e, 0x56, 0x7e, 0x56, 0x7e, 0x56, 0x7e, 0x56, 
    0x9f, 0x56, 0x9f, 0x56, 0x9e, 0x56, 0x9f, 0x56, 0x7e, 0x56, 0x7e, 0x56, 
    0x7e, 0x56, 0x7e, 0x56, 0x7e, 0x56, 0x7e, 0x56, 0x7e, 0x56, 0x7e, 0x56, 
    0x7e, 0x56, 0x7e, 0x56, 0x7e, 0x56, 0x7e, 0x56, 0x7e, 0x56, 0x7e, 0x56, 
    0x5e, 0x56, 0x7e, 0x56, 0x7e, 0x4e, 0x7e, 0x56, 0x5e, 0x4e, 0x7e, 0x4e, 
    0x7e, 0x4e, 0x7e, 0x56, 0x7e, 0x56, 0x7e, 0x56, 0x7e, 0x56, 0x7e, 0x56, 
    0x7e, 0x56, 0x7e, 0x56, 0x7e, 0x56, 0x7f, 0x56, 0x7e, 0x56, 0x7e, 0x56, 
    0x9e, 0x56, 0x9f, 0x56, 0x9e, 0x5e, 0x7f, 0x5e, 0x7f, 0x56, 0x7f, 0x56, 
    0x9f, 0x56, 0x9f, 0x56, 0x9f, 0x56, 0x9e, 0x56, 0x9f, 0x56, 0x9f, 0x56, 
    0x9f, 0x56, 0x9e, 0x56, 0x9e, 0x56, 0x7e, 0x56, 0x7f, 0x56, 0x7e, 0x56, 
    0x7e, 0x56, 0x7e, 0x56, 0x7e, 0x56, 0x7e, 0x56, 0x7e, 0x56, 0x7e, 0x56, 
    0x7e, 0x56, 0x7e, 0x56, 0x5e, 0x56, 0x5e, 0x56, 0x5e, 0x56, 0x5e, 0x56, 
    0x5e, 0x56, 0x5e, 0x56, 0x5d, 0x56, 0x5e, 0x56, 0x5e, 0x56, 0x5e, 0x56, 
    0x5e, 0x56, 0x5e, 0x56, 0x5e, 0x56, 0x5e, 0x56, 0x7e, 0x56, 0x7e, 0x56, 
    0x7e, 0x56, 0x5e, 0x56, 0x7e, 0x56, 0x7e, 0x56, 0x7e, 0x56, 0x5e, 0x56, 
    0x7e, 0x56, 0x7e, 0x56, 0x7e, 0x56, 0x7e, 0x56, 0x7e, 0x56, 0x7e, 0x56, 
    0x7e, 0x56, 0x7e, 0x56, 0x7e, 0x56, 0x7e, 0x56, 0x7e, 0x56, 0x7e, 0x56, 
    0x7e, 0x56, 0x7f, 0x56, 0x9f, 0x56, 0x7f, 0x56, 0x9f, 0x56, 0x7e, 0x56, 
    0x7e, 0x56, 0x7e, 0x56, 0x7e, 0x56, 0x7f, 0x5e, 0x7e, 0x5e, 0x7e, 0x5e, 
    0x7e, 0x5e, 0x7e, 0x5e, 0x7e, 0x5e, 0x5e, 0x56, 0x5e, 0x5e, 0x5e, 0x56, 
    0x5e, 0x5e, 0x5e, 0x56, 0x5e, 0x5e, 0x5e, 0x56, 0x5e, 0x56, 0x5e, 0x56, 
    0x5e, 0x56, 0x7e, 0x56, 0x7e, 0x56, 0x7e, 0x56, 0x7e, 0x56, 0x7e, 0x56, 
    0x5e, 0x56, 0x7e, 0x56, 0x7e, 0x56, 0x7e, 0x56, 0x7e, 0x56, 0x7f, 0x56, 
    0x7e, 0x5e, 0x7e, 0x56, 0x9e, 0x5e, 0x7f, 0x5e, 0x7e, 0x5e, 0x7f, 0x5e, 
    0x7e, 0x5e, 0x7e, 0x5e, 0x7e, 0x5e, 0x7f, 0x5e, 0x7e, 0x5e, 0x7e, 0x5e, 
    0x7e, 0x56, 0x7e, 0x56, 0x7e, 0x5e, 0x7e, 0x56, 0x7e, 0x56, 0x5e, 0x56, 
    0x5e, 0x5e, 0x5e, 0x5e, 0x5e, 0x5e, 0x5e, 0x5e, 0x5e, 0x5e, 0x5e, 0x5e, 
    0x7e, 0x56, 0x7e, 0x4e, 0x7e, 0x56, 0x7e, 0x4e, 0x7e, 0x4e, 0x7e, 0x4e, 
    0x7e, 0x4e, 0x7e, 0x4e, 0x7e, 0x4e, 0x7e, 0x4e, 0x7e, 0x4e, 0x7e, 0x4e, 
    0x7e, 0x4e, 0x7e, 0x4e, 0x7e, 0x4e, 0x7e, 0x4e, 0x7e, 0x4e, 0x7e, 0x4e, 
    0x7e, 0x4e, 0x7e, 0x4e, 0x7e, 0x4e, 0x7e, 0x4e, 0x7e, 0x4e, 0x7e, 0x4e, 
    0x7f, 0x56, 0x7e, 0x56, 0x7e, 0x56, 0x7e, 0x56, 0x7e, 0x56, 0x7e, 0x56, 
    0x7e, 0x56, 0x7e, 0x56, 0x7e, 0x56, 0x7e, 0x56, 0x7e, 0x56, 0x7e, 0x56, 
    0x7e, 0x56, 0x7e, 0x56, 0x7e, 0x56, 0x5e, 0x56, 0x5e, 0x56, 0x5d, 0x56, 
    0x5e, 0x56, 0x5d, 0x56, 0x5e, 0x56, 0x5d, 0x56, 0x5e, 0x56, 0x5d, 0x56, 
    0x5e, 0x56, 0x5e, 0x56, 0x5e, 0x56, 0x7e, 0x56, 0x7e, 0x56, 0x7e, 0x56, 
    0x7e, 0x56, 0x7e, 0x56, 0x7e, 0x56, 0x7f, 0x56, 0x7e, 0x56, 0x7f, 0x56, 
    0x7e, 0x56, 0x7e, 0x56, 0x7e, 0x56, 0x7e, 0x56, 0x7e, 0x56, 0x7e, 0x56, 
    0x7e, 0x56, 0x5e, 0x56, 0x5e, 0x56, 0x7e, 0x56, 0x7e, 0x56, 0x5e, 0x56, 
    0x7e, 0x56, 0x7e, 0x56, 0x7e, 0x56, 0x7e, 0x56, 0x7e, 0x56, 0x7e, 0x56, 
    0x7e, 0x4e, 0x7e, 0x4e, 0x7e, 0x56, 0x7e, 0x56, 0x7e, 0x56, 0x7f, 0x56, 
    0x7e, 0x56, 0x9e, 0x56, 0x7f, 0x56, 0x9e, 0x56, 0x9e, 0x56, 0x7e, 0x56, 
    0x7e, 0x56, 0x7e, 0x56, 0x7e, 0x56, 0x7e, 0x56, 0x7e, 0x56, 0x7e, 0x56, 
    0x7e, 0x56, 0x7e, 0x56, 0x7f, 0x56, 0x7e, 0x56, 0x7e, 0x56, 0x7e, 0x56, 
    0x7e, 0x56, 0x7e, 0x56, 0x7e, 0x56, 0x7e, 0x56, 0x7e, 0x56, 0x7e, 0x56, 
    0x7e, 0x56, 0x7e, 0x4e, 0x7e, 0x56, 0x7e, 0x56, 0x7e, 0x56, 0x7e, 0x56, 
    0x7e, 0x56, 0x7e, 0x56, 0x7f, 0x56, 0x7f, 0x56, 0x7e, 0x56, 0x7e, 0x56, 
    0x7f, 0x56, 0x9e, 0x56, 0x9f, 0x5e, 0x7f, 0x5e, 0x7e, 0x56, 0x7e, 0x5e, 
    0x7f, 0x5e, 0x7e, 0x56, 0x9f, 0x56, 0x7e, 0x56, 0x9e, 0x56, 0x9f, 0x56, 
    0x9f, 0x5e, 0x9f, 0x56, 0x9e, 0x56, 0x7f, 0x56, 0x9e, 0x56, 0x7f, 0x56, 
    0x7e, 0x56, 0x7e, 0x56, 0x7e, 0x56, 0x7e, 0x56, 0x7e, 0x56, 0x7e, 0x56, 
    0x7e, 0x56, 0x7e, 0x56, 0x5e, 0x56, 0x5e, 0x56, 0x5e, 0x56, 0x5d, 0x56, 
    0x5e, 0x56, 0x5d, 0x56, 0x5e, 0x56, 0x5e, 0x56, 0x7e, 0x56, 0x5e, 0x56, 
    0x5e, 0x56, 0x5e, 0x56, 0x7e, 0x56, 0x5e, 0x56, 0x5e, 0x56, 0x7e, 0x56, 
    0x7e, 0x56, 0x7e, 0x56, 0x7e, 0x56, 0x7e, 0x56, 0x7e, 0x56, 0x7e, 0x56, 
    0x7e, 0x56, 0x7e, 0x56, 0x7e, 0x56, 0x7e, 0x56, 0x7e, 0x56, 0x5d, 0x56, 
    0x7e, 0x56, 0x7e, 0x56, 0x7e, 0x56, 0x7e, 0x56, 0x7e, 0x56, 0x7e, 0x56, 
    0x7e, 0x56, 0x9e, 0x56, 0x9e, 0x56, 0x7e, 0x56, 0x9e, 0x56, 0x9e, 0x56, 
    0x7e, 0x56, 0x7e, 0x56, 0x9e, 0x5e, 0x9e, 0x5e, 0x7e, 0x5e, 0x7e, 0x5e, 
    0x7e, 0x5e, 0x7e, 0x5e, 0x5e, 0x5e, 0x7e, 0x5e, 0x5e, 0x56, 0x5e, 0x5e, 
    0x5e, 0x5e, 0x5e, 0x5e, 0x5e, 0x5e, 0x7e, 0x56, 0x7e, 0x56, 0x7e, 0x56, 
    0x7e, 0x56, 0x7e, 0x56, 0x7e, 0x56, 0x7e, 0x56, 0x7e, 0x56, 0x7e, 0x56, 
    0x7e, 0x56, 0x7e, 0x56, 0x7e, 0x56, 0x7e, 0x56, 0x7f, 0x56, 0x7f, 0x56, 
    0x9f, 0x56, 0x7f, 0x56, 0x7f, 0x5e, 0x7e, 0x5e, 0x7e, 0x5e, 0x7e, 0x5e, 
    0x7e, 0x5e, 0x7e, 0x5e, 0x7f, 0x5e, 0x7e, 0x5e, 0x7f, 0x5e, 0x7e, 0x5e, 
    0x7e, 0x56, 0x7e, 0x56, 0x5e, 0x5e, 0x7e, 0x56, 0x5e, 0x5e, 0x5e, 0x5e, 
    0x5e, 0x5e, 0x5e, 0x5e, 0x5e, 0x5e, 0x5e, 0x5e, 0x5e, 0x5e, 0x5e, 0x5e, 
    0x7e, 0x56, 0x7e, 0x56, 0x7e, 0x56, 0x7e, 0x56, 0x7e, 0x56, 0x7e, 0x56, 
    0x7e, 0x56, 0x7e, 0x4e, 0x7e, 0x4e, 0x7e, 0x4e, 0x7e, 0x4e, 0x7e, 0x4e, 
    0x7e, 0x4e, 0x7d, 0x4e, 0x7e, 0x4e, 0x7e, 0x4e, 0x7e, 0x4e, 0x7e, 0x4e, 
    0x7e, 0x4e, 0x7e, 0x4e, 0x7e, 0x4e, 0x7e, 0x56, 0x9e, 0x56, 0x7e, 0x56, 
    0x7e, 0x4e, 0x7e, 0x56, 0x7e, 0x56, 0x7e, 0x4e, 0x7e, 0x56, 0x7e, 0x56, 
    0x7e, 0x56, 0x7e, 0x56, 0x7e, 0x56, 0x7e, 0x56, 0x7e, 0x56, 0x7e, 0x56, 
    0x7e, 0x56, 0x7e, 0x56, 0x7e, 0x56, 0x7e, 0x56, 0x5e, 0x56, 0x5e, 0x56, 
    0x5e, 0x56, 0x5d, 0x56, 0x5e, 0x56, 0x5e, 0x56, 0x5e, 0x56, 0x5e, 0x56, 
    0x5e, 0x56, 0x5e, 0x56, 0x7e, 0x56, 0x7e, 0x56, 0x7e, 0x56, 0x7e, 0x56, 
    0x7e, 0x56, 0x7e, 0x56, 0x7e, 0x56, 0x7e, 0x56, 0x7e, 0x56, 0x7f, 0x56, 
    0x7e, 0x56, 0x7e, 0x56, 0x7e, 0x56, 0x7e, 0x56, 0x7e, 0x56, 0x7e, 0x56, 
    0x7e, 0x56, 0x7e, 0x56, 0x7e, 0x56, 0x7e, 0x56, 0x5e, 0x56, 0x5e, 0x56, 
    0x7e, 0x56, 0x7e, 0x56, 0x7e, 0x56, 0x7e, 0x56, 0x7e, 0x56, 0x7e, 0x56, 
    0x7e, 0x56, 0x7e, 0x4e, 0x7e, 0x56, 0x7e, 0x56, 0x9e, 0x56, 0x7e, 0x56, 
    0x9e, 0x56, 0x9e, 0x56, 0x9e, 0x56, 0x9e, 0x56, 0x7f, 0x5e, 0x7e, 0x56, 
    0x7e, 0x56, 0x7e, 0x56, 0x7e, 0x56, 0x7e, 0x5e, 0x7e, 0x56, 0x7e, 0x56, 
    0x7e, 0x56, 0x7e, 0x56, 0x7e, 0x56, 0x7e, 0x56, 0x7e, 0x56, 0x7e, 0x56, 
    0x7e, 0x56, 0x7e, 0x56, 0x7e, 0x56, 0x7e, 0x56, 0x7e, 0x56, 0x7e, 0x56, 
    0x7e, 0x56, 0x7e, 0x56, 0x7e, 0x56, 0x7e, 0x56, 0x7e, 0x56, 0x7e, 0x56, 
    0x7e, 0x56, 0x7e, 0x56, 0x9f, 0x56, 0x9e, 0x56, 0x7f, 0x56, 0x9e, 0x56, 
    0x9e, 0x56, 0x9f, 0x56, 0x9f, 0x5e, 0x9e, 0x5e, 0x7e, 0x5e, 0x7e, 0x56, 
    0x7e, 0x5e, 0x7e, 0x56, 0x7e, 0x56, 0x9f, 0x56, 0x9f, 0x56, 0x9f, 0x56, 
    0x9f, 0x5e, 0x9f, 0x5e, 0x7e, 0x5e, 0x7e, 0x56, 0x7f, 0x56, 0x7e, 0x5e, 
    0x7e, 0x56, 0x7e, 0x56, 0x7e, 0x56, 0x7e, 0x56, 0x7e, 0x56, 0x7e, 0x56, 
    0x7e, 0x5e, 0x5e, 0x56, 0x5e, 0x56, 0x5e, 0x56, 0x5e, 0x56, 0x5d, 0x56, 
    0x5e, 0x56, 0x5e, 0x56, 0x5e, 0x56, 0x7e, 0x56, 0x7e, 0x56, 0x7e, 0x56, 
    0x5e, 0x56, 0x7e, 0x56, 0x5e, 0x56, 0x7e, 0x56, 0x7e, 0x56, 0x5e, 0x56, 
    0x7e, 0x56, 0x5e, 0x56, 0x7e, 0x56, 0x7e, 0x56, 0x7e, 0x56, 0x7e, 0x56, 
    0x7e, 0x56, 0x7e, 0x56, 0x7e, 0x56, 0x7e, 0x56, 0x7e, 0x56, 0x5e, 0x56, 
    0x7e, 0x56, 0x7e, 0x56, 0x7e, 0x56, 0x7e, 0x56, 0x7e, 0x56, 0x7e, 0x56, 
    0x7e, 0x5e, 0x9e, 0x5e, 0x9e, 0x56, 0x7e, 0x56, 0x7e, 0x56, 0x7e, 0x56, 
    0x7e, 0x56, 0x7e, 0x56, 0x7e, 0x56, 0x7e, 0x5e, 0x7e, 0x5e, 0x7e, 0x5e, 
    0x7e, 0x5e, 0x7e, 0x5e, 0x7e, 0x5e, 0x7e, 0x5e, 0x7e, 0x5e, 0x5e, 0x56, 
    0x7e, 0x5e, 0x7e, 0x5e, 0x5e, 0x5e, 0x7e, 0x5e, 0x7e, 0x56, 0x7e, 0x56, 
    0x7e, 0x56, 0x7e, 0x56, 0x7e, 0x56, 0x7e, 0x56, 0x7e, 0x56, 0x7e, 0x56, 
    0x7e, 0x56, 0x7e, 0x56, 0x7e, 0x56, 0x7e, 0x56, 0x7f, 0x56, 0x7f, 0x56, 
    0x7f, 0x56, 0x7e, 0x56, 0x7e, 0x5e, 0x7e, 0x56, 0x7e, 0x5e, 0x7e, 0x5e, 
    0x7e, 0x5e, 0x7e, 0x5e, 0x7e, 0x5e, 0x7e, 0x5e, 0x7e, 0x56, 0x7e, 0x56, 
    0x5e, 0x56, 0x5e, 0x56, 0x5e, 0x5e, 0x5e, 0x56, 0x5e, 0x56, 0x5e, 0x5e, 
    0x5e, 0x5e, 0x5e, 0x5e, 0x7e, 0x5e, 0x5e, 0x5e, 0x5e, 0x5e, 0x5e, 0x5e, 
    0x7e, 0x56, 0x7e, 0x56, 0x7e, 0x56, 0x7e, 0x56, 0x7e, 0x56, 0x7e, 0x56, 
    0x7e, 0x56, 0x7e, 0x4e, 0x7e, 0x4e, 0x7e, 0x4e, 0x7e, 0x4e, 0x7e, 0x4e, 
    0x7e, 0x4e, 0x7e, 0x4e, 0x7e, 0x56, 0x7e, 0x4e, 0x7e, 0x4e, 0x7e, 0x4e, 
    0x7e, 0x4e, 0x7e, 0x4e, 0x7e, 0x4e, 0x7e, 0x4e, 0x7e, 0x56, 0x7e, 0x56, 
    0x7e, 0x56, 0x7e, 0x56, 0x7e, 0x56, 0x7e, 0x56, 0x7e, 0x56, 0x7e, 0x56, 
    0x7f, 0x56, 0x7e, 0x56, 0x7f, 0x56, 0x7e, 0x56, 0x9e, 0x56, 0x7e, 0x56, 
    0x7e, 0x56, 0x7e, 0x56, 0x7e, 0x56, 0x7e, 0x56, 0x7e, 0x56, 0x7e, 0x56, 
    0x7e, 0x56, 0x5e, 0x56, 0x5e, 0x56, 0x5e, 0x56, 0x5e, 0x56, 0x5e, 0x56, 
    0x7e, 0x56, 0x5e, 0x56, 0x7e, 0x56, 0x7e, 0x56, 0x7e, 0x56, 0x7e, 0x56, 
    0x7e, 0x56, 0x7e, 0x56, 0x7e, 0x56, 0x7e, 0x56, 0x7e, 0x56, 0x7e, 0x56, 
    0x7e, 0x56, 0x7e, 0x56, 0x5e, 0x56, 0x7e, 0x56, 0x7e, 0x56, 0x7e, 0x56, 
    0x7e, 0x56, 0x7e, 0x56, 0x7e, 0x56, 0x7e, 0x56, 0x5e, 0x56, 0x5e, 0x56, 
    0x5e, 0x56, 0x5e, 0x56, 0x7e, 0x56, 0x7e, 0x56, 0x7e, 0x56, 0x7e, 0x56, 
    0x7e, 0x56, 0x7e, 0x56, 0x7e, 0x56, 0x7e, 0x56, 0x7e, 0x56, 0x9e, 0x56, 
    0x9e, 0x56, 0x9e, 0x56, 0x9e, 0x56, 0x9e, 0x56, 0x9e, 0x56, 0x7e, 0x56, 
    0x7e, 0x56, 0x7f, 0x56, 0x7e, 0x56, 0x7e, 0x56, 0x7e, 0x56, 0x7e, 0x56, 
    0x7e, 0x56, 0x7e, 0x56, 0x7e, 0x56, 0x7e, 0x56, 0x7e, 0x56, 0x7e, 0x56, 
    0x7e, 0x56, 0x7e, 0x56, 0x7e, 0x56, 0x7e, 0x56, 0x7e, 0x56, 0x7e, 0x56, 
    0x7e, 0x56, 0x7e, 0x56, 0x7e, 0x56, 0x7e, 0x56, 0x7e, 0x56, 0x7e, 0x56, 
    0x7e, 0x56, 0x9e, 0x56, 0x9f, 0x56, 0x9e, 0x56, 0x9e, 0x56, 0x7f, 0x56, 
    0x9e, 0x56, 0x9f, 0x5e, 0x9e, 0x5e, 0x9f, 0x5e, 0x7e, 0x5e, 0x7e, 0x5e, 
    0x7e, 0x5e, 0x9f, 0x56, 0x7e, 0x56, 0x9e, 0x5e, 0x9f, 0x56, 0x9f, 0x56, 
    0x9e, 0x56, 0x9f, 0x56, 0x7f, 0x5e, 0x9e, 0x56, 0x7f, 0x56, 0x7e, 0x56, 
    0x7e, 0x56, 0x7e, 0x56, 0x7e, 0x56, 0x7e, 0x56, 0x7e, 0x56, 0x7e, 0x56, 
    0x7e, 0x56, 0x7e, 0x5e, 0x7e, 0x56, 0x5e, 0x56, 0x5e, 0x56, 0x5e, 0x56, 
    0x7d, 0x56, 0x5e, 0x56, 0x7e, 0x56, 0x7e, 0x56, 0x7e, 0x56, 0x7e, 0x56, 
    0x7e, 0x56, 0x7e, 0x56, 0x7e, 0x56, 0x7e, 0x56, 0x7e, 0x56, 0x7e, 0x56, 
    0x7e, 0x56, 0x7e, 0x56, 0x5e, 0x56, 0x7e, 0x56, 0x7e, 0x56, 0x7e, 0x56, 
    0x7e, 0x56, 0x7e, 0x56, 0x7e, 0x56, 0x7e, 0x56, 0x7e, 0x56, 0x7e, 0x56, 
    0x7e, 0x56, 0x7e, 0x56, 0x7e, 0x56, 0x7e, 0x56, 0x7e, 0x56, 0x7e, 0x56, 
    0x7e, 0x56, 0x9e, 0x5e, 0x9e, 0x56, 0x9e, 0x56, 0x7e, 0x56, 0x9e, 0x56, 
    0x7e, 0x56, 0x7e, 0x56, 0x7e, 0x56, 0x7e, 0x5e, 0x7e, 0x5e, 0x7e, 0x5e, 
    0x7e, 0x5e, 0x7e, 0x5e, 0x7e, 0x5e, 0x7e, 0x5e, 0x7e, 0x5e, 0x7e, 0x5e, 
    0x5e, 0x5e, 0x5e, 0x56, 0x7e, 0x5e, 0x7e, 0x5e, 0x7e, 0x56, 0x7e, 0x56, 
    0x7e, 0x5e, 0x7e, 0x56, 0x7e, 0x5e, 0x7e, 0x5e, 0x7e, 0x5e, 0x7e, 0x56, 
    0x7e, 0x56, 0x7e, 0x56, 0x7e, 0x56, 0x7e, 0x56, 0x7f, 0x56, 0x7e, 0x56, 
    0x7f, 0x56, 0x7e, 0x56, 0x7e, 0x56, 0x7e, 0x5e, 0x7e, 0x56, 0x7e, 0x5e, 
    0x7e, 0x5e, 0x7e, 0x5e, 0x7e, 0x56, 0x5e, 0x56, 0x7d, 0x56, 0x5e, 0x56, 
    0x7e, 0x5e, 0x5e, 0x56, 0x5e, 0x5e, 0x5e, 0x5e, 0x5e, 0x56, 0x5e, 0x5e, 
    0x5e, 0x5e, 0x5e, 0x5e, 0x7e, 0x5e, 0x7e, 0x5e, 0x5e, 0x5e, 0x5e, 0x5e, 
    0x7e, 0x56, 0x7e, 0x56, 0x7e, 0x56, 0x7e, 0x56, 0x5e, 0x4e, 0x7e, 0x56, 
    0x7e, 0x56, 0x7e, 0x56, 0x7e, 0x56, 0x7e, 0x4e, 0x7e, 0x4e, 0x7e, 0x4e, 
    0x7e, 0x56, 0x7e, 0x4e, 0x7e, 0x4e, 0x7e, 0x4e, 0x7e, 0x4e, 0x7e, 0x4e, 
    0x7e, 0x56, 0x7e, 0x56, 0x7e, 0x4e, 0x7e, 0x4e, 0x7e, 0x4e, 0x7e, 0x56, 
    0x7e, 0x56, 0x9f, 0x56, 0x7e, 0x56, 0x7e, 0x56, 0x7e, 0x56, 0x7e, 0x56, 
    0x7e, 0x56, 0x9e, 0x56, 0x9f, 0x56, 0x9f, 0x56, 0x7e, 0x56, 0x7f, 0x56, 
    0x7e, 0x56, 0x7f, 0x56, 0x7e, 0x56, 0x7e, 0x56, 0x7e, 0x56, 0x7e, 0x56, 
    0x7e, 0x56, 0x5e, 0x56, 0x7e, 0x56, 0x7e, 0x56, 0x7e, 0x56, 0x7e, 0x56, 
    0x5e, 0x56, 0x7e, 0x56, 0x5e, 0x56, 0x7e, 0x56, 0x7e, 0x56, 0x7e, 0x56, 
    0x7e, 0x56, 0x7e, 0x56, 0x7e, 0x56, 0x7f, 0x56, 0x9e, 0x56, 0x7e, 0x56, 
    0x7e, 0x56, 0x7e, 0x56, 0x7e, 0x56, 0x7e, 0x56, 0x7e, 0x56, 0x7e, 0x56, 
    0x7e, 0x56, 0x5e, 0x56, 0x7e, 0x56, 0x5e, 0x56, 0x7e, 0x56, 0x5e, 0x56, 
    0x5e, 0x56, 0x5e, 0x56, 0x7e, 0x56, 0x7e, 0x56, 0x7e, 0x56, 0x7e, 0x56, 
    0x7e, 0x56, 0x7e, 0x56, 0x7f, 0x56, 0x9e, 0x56, 0x7f, 0x56, 0x9e, 0x56, 
    0x7f, 0x56, 0x7e, 0x56, 0x9e, 0x56, 0x7e, 0x56, 0x7f, 0x56, 0x9e, 0x56, 
    0x9e, 0x56, 0x9e, 0x56, 0x9f, 0x56, 0x7e, 0x56, 0x7e, 0x56, 0x7e, 0x56, 
    0x7e, 0x56, 0x7f, 0x56, 0x7e, 0x56, 0x7f, 0x56, 0x7e, 0x56, 0x7e, 0x56, 
    0x7e, 0x56, 0x7e, 0x56, 0x7e, 0x56, 0x7e, 0x56, 0x7e, 0x56, 0x7e, 0x56, 
    0x7e, 0x56, 0x7e, 0x56, 0x7e, 0x56, 0x7e, 0x56, 0x9e, 0x56, 0x7e, 0x56, 
    0x7e, 0x56, 0x9f, 0x56, 0x9e, 0x56, 0x9e, 0x56, 0x9f, 0x56, 0x9f, 0x56, 
    0x9e, 0x5e, 0x9e, 0x5e, 0x9e, 0x5e, 0x7e, 0x5e, 0x7f, 0x5e, 0x7e, 0x5e, 
    0x7f, 0x5e, 0x7e, 0x5e, 0x7e, 0x56, 0x7e, 0x56, 0x7e, 0x56, 0x9e, 0x56, 
    0x9f, 0x56, 0x9f, 0x56, 0x9f, 0x56, 0x9e, 0x56, 0x9e, 0x56, 0x7e, 0x5e, 
    0x7e, 0x56, 0x7f, 0x5e, 0x7e, 0x5e, 0x7e, 0x56, 0x7e, 0x56, 0x7e, 0x56, 
    0x7e, 0x56, 0x7e, 0x56, 0x7e, 0x56, 0x7e, 0x5e, 0x7e, 0x56, 0x5e, 0x56, 
    0x7e, 0x56, 0x7e, 0x56, 0x7e, 0x56, 0x7e, 0x56, 0x7f, 0x56, 0x7e, 0x5e, 
    0x7f, 0x56, 0x7e, 0x5e, 0x7f, 0x5e, 0x7e, 0x56, 0x7e, 0x56, 0x7e, 0x56, 
    0x7e, 0x56, 0x7e, 0x56, 0x7e, 0x56, 0x7e, 0x5e, 0x7e, 0x56, 0x7e, 0x56, 
    0x7e, 0x56, 0x7e, 0x56, 0x7e, 0x56, 0x7f, 0x56, 0x7e, 0x56, 0x7f, 0x56, 
    0x7e, 0x56, 0x7e, 0x5e, 0x7e, 0x56, 0x7e, 0x5e, 0x7e, 0x5e, 0x7e, 0x56, 
    0x9e, 0x5e, 0x9e, 0x56, 0x9e, 0x5e, 0x9e, 0x5e, 0x9f, 0x56, 0x7e, 0x56, 
    0x7e, 0x56, 0x7e, 0x56, 0x7e, 0x5e, 0x7e, 0x56, 0x9e, 0x5e, 0x7e, 0x5e, 
    0x9e, 0x5e, 0x7e, 0x5e, 0x7e, 0x5e, 0x7e, 0x5e, 0x7e, 0x5e, 0x7e, 0x56, 
    0x7e, 0x5e, 0x7e, 0x5e, 0x7e, 0x56, 0x7e, 0x5e, 0x7e, 0x56, 0x7e, 0x5e, 
    0x7e, 0x56, 0x7e, 0x56, 0x7e, 0x56, 0x7e, 0x56, 0x7e, 0x56, 0x7e, 0x56, 
    0x7e, 0x56, 0x7e, 0x56, 0x7e, 0x56, 0x7e, 0x56, 0x7e, 0x56, 0x7e, 0x56, 
    0x7f, 0x56, 0x7e, 0x56, 0x7e, 0x56, 0x7e, 0x56, 0x7e, 0x56, 0x7e, 0x56, 
    0x5e, 0x5e, 0x7e, 0x5e, 0x5e, 0x56, 0x5e, 0x56, 0x5e, 0x56, 0x5d, 0x56, 
    0x5e, 0x5e, 0x5e, 0x5e, 0x5e, 0x5e, 0x5e, 0x5e, 0x5d, 0x5e, 0x5e, 0x5e, 
    0x5e, 0x5e, 0x7e, 0x5e, 0x5e, 0x5e, 0x7e, 0x5e, 0x5e, 0x5e, 0x7e, 0x5e, 
    0x7e, 0x56, 0x7e, 0x56, 0x7e, 0x56, 0x7e, 0x56, 0x7e, 0x56, 0x5e, 0x56, 
    0x7e, 0x56, 0x7d, 0x56, 0x7e, 0x56, 0x7e, 0x4e, 0x7e, 0x4e, 0x7e, 0x4e, 
    0x7e, 0x4e, 0x7e, 0x4e, 0x7e, 0x56, 0x7e, 0x56, 0x7e, 0x56, 0x7f, 0x56, 
    0x9e, 0x56, 0x7e, 0x4e, 0x7e, 0x56, 0x7e, 0x4e, 0x9e, 0x56, 0x7e, 0x4e, 
    0x9f, 0x56, 0x9e, 0x56, 0x9e, 0x56, 0x7f, 0x56, 0x7f, 0x56, 0x9e, 0x56, 
    0x9e, 0x56, 0x7e, 0x56, 0x7f, 0x56, 0x9e, 0x56, 0x9f, 0x56, 0x7f, 0x56, 
    0x7e, 0x56, 0x9e, 0x56, 0x7e, 0x56, 0x7e, 0x56, 0x7e, 0x56, 0x7e, 0x56, 
    0x7e, 0x56, 0x7e, 0x56, 0x7e, 0x56, 0x7e, 0x56, 0x5e, 0x56, 0x5e, 0x56, 
    0x7e, 0x56, 0x7e, 0x56, 0x5e, 0x56, 0x7e, 0x56, 0x7e, 0x56, 0x7f, 0x56, 
    0x7e, 0x56, 0x7e, 0x56, 0x7e, 0x56, 0x7f, 0x56, 0x7f, 0x56, 0x7e, 0x56, 
    0x7e, 0x56, 0x7e, 0x56, 0x7e, 0x56, 0x7e, 0x56, 0x7e, 0x56, 0x7e, 0x56, 
    0x7e, 0x56, 0x7e, 0x56, 0x7e, 0x56, 0x7e, 0x56, 0x7e, 0x56, 0x7e, 0x56, 
    0x7e, 0x56, 0x5e, 0x56, 0x5e, 0x56, 0x7e, 0x56, 0x7e, 0x56, 0x7e, 0x56, 
    0x7e, 0x56, 0x9e, 0x56, 0x7e, 0x56, 0x7e, 0x56, 0x7e, 0x56, 0x7f, 0x56, 
    0x9e, 0x56, 0x9e, 0x56, 0x7e, 0x56, 0x9e, 0x56, 0x7e, 0x56, 0x7e, 0x56, 
    0x7e, 0x56, 0x7e, 0x56, 0x7e, 0x56, 0x7e, 0x56, 0x7e, 0x56, 0x7e, 0x5e, 
    0x7e, 0x56, 0x7e, 0x56, 0x7f, 0x56, 0x7e, 0x56, 0x9e, 0x56, 0x7e, 0x56, 
    0x7f, 0x56, 0x9e, 0x56, 0x7e, 0x56, 0x7e, 0x56, 0x7e, 0x56, 0x9e, 0x56, 
    0x7e, 0x56, 0x9e, 0x56, 0x9e, 0x56, 0x9e, 0x56, 0x7e, 0x56, 0x7e, 0x56, 
    0x9e, 0x56, 0x9e, 0x56, 0x9f, 0x56, 0x9f, 0x56, 0x9e, 0x56, 0x9e, 0x56, 
    0x7f, 0x56, 0x7f, 0x56, 0x7e, 0x5e, 0x7e, 0x5e, 0x7e, 0x56, 0x7e, 0x5e, 
    0x7e, 0x5e, 0x7e, 0x5e, 0x7f, 0x56, 0x7e, 0x56, 0x7e, 0x56, 0x9f, 0x5e, 
    0x9f, 0x56, 0x9e, 0x56, 0x9e, 0x5e, 0x9f, 0x56, 0x9f, 0x5e, 0x7e, 0x56, 
    0x7e, 0x56, 0x7e, 0x5e, 0x7e, 0x56, 0x7e, 0x5e, 0x9e, 0x56, 0x7e, 0x56, 
    0x7e, 0x56, 0x7e, 0x5e, 0x7e, 0x56, 0x7e, 0x5e, 0x5d, 0x56, 0x5e, 0x56, 
    0x7e, 0x56, 0x5e, 0x56, 0x7e, 0x56, 0x7e, 0x5e, 0x7f, 0x56, 0x7e, 0x5e, 
    0x7e, 0x5e, 0x7f, 0x5e, 0x7e, 0x56, 0x7e, 0x56, 0x7e, 0x56, 0x7e, 0x5e, 
    0x7e, 0x56, 0x7e, 0x5e, 0x7e, 0x56, 0x7e, 0x56, 0x7f, 0x56, 0x9e, 0x5e, 
    0x7e, 0x56, 0x7e, 0x56, 0x7e, 0x5e, 0x7e, 0x56, 0x7f, 0x56, 0x7e, 0x5e, 
    0x7e, 0x5e, 0x7e, 0x56, 0x7e, 0x5e, 0x7e, 0x5e, 0x9e, 0x5e, 0x7e, 0x56, 
    0x7e, 0x5e, 0x7e, 0x5e, 0x9e, 0x5e, 0x9e, 0x5e, 0x9e, 0x5e, 0x7e, 0x56, 
    0x9e, 0x56, 0x7e, 0x56, 0x7e, 0x56, 0x7e, 0x5e, 0x7e, 0x5e, 0x7f, 0x5e, 
    0x9e, 0x5e, 0x7e, 0x5e, 0x7e, 0x5e, 0x7e, 0x5e, 0x7e, 0x56, 0x7e, 0x5e, 
    0x7e, 0x5e, 0x5e, 0x56, 0x7e, 0x56, 0x7e, 0x5e, 0x7e, 0x5e, 0x7e, 0x56, 
    0x7e, 0x56, 0x7e, 0x56, 0x7f, 0x56, 0x7e, 0x56, 0x7e, 0x56, 0x9e, 0x56, 
    0x7e, 0x56, 0x7e, 0x56, 0x7e, 0x56, 0x7e, 0x56, 0x7e, 0x56, 0x7e, 0x56, 
    0x9e, 0x5e, 0x7f, 0x56, 0x7e, 0x56, 0x5d, 0x56, 0x7e, 0x56, 0x5e, 0x56, 
    0x5e, 0x56, 0x5e, 0x5e, 0x5e, 0x5e, 0x5e, 0x5e, 0x7d, 0x5e, 0x5e, 0x5e, 
    0x5e, 0x5e, 0x5d, 0x5e, 0x5d, 0x5e, 0x5e, 0x5e, 0x5d, 0x5e, 0x5d, 0x5e, 
    0x5e, 0x5e, 0x7e, 0x5e, 0x7e, 0x5e, 0x7e, 0x5e, 0x5e, 0x5e, 0x7e, 0x5e, 
    0x7e, 0x56, 0x7e, 0x56, 0x7e, 0x56, 0x7e, 0x56, 0x7e, 0x56, 0x7e, 0x56, 
    0x7e, 0x56, 0x7e, 0x56, 0x7e, 0x4e, 0x7e, 0x56, 0x7e, 0x56, 0x7e, 0x4e, 
    0x7e, 0x56, 0x7e, 0x4e, 0x7e, 0x56, 0x7e, 0x4e, 0x7e, 0x56, 0x7e, 0x4e, 
    0x7e, 0x56, 0x7e, 0x56, 0x9e, 0x56, 0x9f, 0x56, 0x9f, 0x56, 0x9e, 0x56, 
    0x9e, 0x56, 0x9f, 0x56, 0x9f, 0x56, 0x9e, 0x56, 0x9e, 0x56, 0x7e, 0x56, 
    0x7e, 0x56, 0x9e, 0x56, 0x9f, 0x56, 0x7e, 0x56, 0x9e, 0x56, 0x9e, 0x56, 
    0x9e, 0x56, 0x7e, 0x56, 0x7e, 0x56, 0x7e, 0x56, 0x7e, 0x56, 0x7e, 0x56, 
    0x7e, 0x56, 0x7e, 0x56, 0x7e, 0x56, 0x7e, 0x56, 0x7e, 0x56, 0x7e, 0x56, 
    0x7e, 0x56, 0x7e, 0x56, 0x7e, 0x56, 0x7e, 0x56, 0x7f, 0x56, 0x7e, 0x56, 
    0x7e, 0x56, 0x7f, 0x56, 0x7e, 0x56, 0x7e, 0x56, 0x7e, 0x56, 0x7e, 0x56, 
    0x7e, 0x56, 0x9e, 0x56, 0x9e, 0x56, 0x9e, 0x56, 0x7e, 0x56, 0x7e, 0x56, 
    0x7e, 0x56, 0x7e, 0x56, 0x7e, 0x56, 0x7e, 0x56, 0x7e, 0x56, 0x7e, 0x56, 
    0x7e, 0x56, 0x7e, 0x56, 0x7e, 0x56, 0x7e, 0x56, 0x7e, 0x56, 0x7e, 0x56, 
    0x7e, 0x56, 0x7e, 0x56, 0x7e, 0x56, 0x9e, 0x56, 0x7f, 0x56, 0x9e, 0x56, 
    0x9e, 0x56, 0x9e, 0x56, 0x9e, 0x56, 0x7e, 0x56, 0x7e, 0x56, 0x7e, 0x56, 
    0x7e, 0x56, 0x7e, 0x56, 0x7e, 0x56, 0x7e, 0x56, 0x7e, 0x56, 0x7e, 0x5e, 
    0x7e, 0x5e, 0x7e, 0x5e, 0x7e, 0x56, 0x7e, 0x56, 0x7e, 0x56, 0x7e, 0x56, 
    0x7e, 0x56, 0x7e, 0x56, 0x7e, 0x56, 0x9e, 0x56, 0x9e, 0x56, 0x7e, 0x56, 
    0x9e, 0x56, 0x7e, 0x56, 0x7e, 0x56, 0x7e, 0x56, 0x7e, 0x56, 0x7e, 0x56, 
    0x7e, 0x56, 0x9e, 0x56, 0x9e, 0x56, 0x9e, 0x56, 0x9e, 0x56, 0x9f, 0x56, 
    0x9e, 0x5e, 0x9e, 0x5e, 0x7e, 0x56, 0x7e, 0x56, 0x7e, 0x56, 0x7e, 0x56, 
    0x7e, 0x56, 0x7e, 0x56, 0x7e, 0x56, 0x7f, 0x56, 0x7e, 0x56, 0x9e, 0x56, 
    0x9f, 0x56, 0x9f, 0x56, 0x9e, 0x5e, 0x9e, 0x5e, 0x9e, 0x5e, 0x7e, 0x56, 
    0x7e, 0x56, 0x7d, 0x5e, 0x7e, 0x56, 0x7f, 0x5e, 0x7e, 0x56, 0x7e, 0x56, 
    0x7f, 0x56, 0x7e, 0x56, 0x7e, 0x56, 0x7e, 0x56, 0x7e, 0x56, 0x5d, 0x56, 
    0x5d, 0x56, 0x7e, 0x5e, 0x7e, 0x5e, 0x7e, 0x5e, 0x7e, 0x5e, 0x7e, 0x5e, 
    0x7f, 0x5e, 0x9e, 0x5e, 0x7e, 0x5e, 0x7e, 0x5e, 0x7e, 0x56, 0x7e, 0x56, 
    0x7e, 0x5e, 0x7e, 0x56, 0x7e, 0x56, 0x7e, 0x5e, 0x7e, 0x5e, 0x9e, 0x5e, 
    0x7e, 0x5e, 0x7e, 0x5e, 0x7e, 0x56, 0x7e, 0x5e, 0x7e, 0x56, 0x7e, 0x5e, 
    0x7e, 0x5e, 0x7e, 0x5e, 0x7e, 0x5e, 0x7e, 0x5e, 0x7e, 0x5e, 0x9e, 0x5e, 
    0x9e, 0x5e, 0x7e, 0x5e, 0x7e, 0x5e, 0x9e, 0x5e, 0x9e, 0x5e, 0x7e, 0x56, 
    0x9e, 0x5e, 0x7e, 0x56, 0x9e, 0x5e, 0x9e, 0x5e, 0x9e, 0x5e, 0x9e, 0x5e, 
    0x9e, 0x5e, 0x9e, 0x5e, 0x7e, 0x5e, 0x7e, 0x5e, 0x7e, 0x5e, 0x7e, 0x5e, 
    0x7e, 0x5e, 0x7e, 0x5e, 0x7e, 0x5e, 0x7e, 0x5e, 0x7e, 0x56, 0x7e, 0x56, 
    0x7e, 0x5e, 0x7e, 0x56, 0x7e, 0x56, 0x9e, 0x5e, 0x7e, 0x56, 0x9e, 0x56, 
    0x9e, 0x56, 0x7e, 0x56, 0x7e, 0x56, 0x7e, 0x56, 0x7e, 0x56, 0x7e, 0x5e, 
    0x7e, 0x56, 0x7e, 0x56, 0x5e, 0x56, 0x5e, 0x56, 0x7e, 0x56, 0x7e, 0x56, 
    0x7e, 0x5e, 0x5e, 0x5e, 0x7e, 0x5e, 0x7e, 0x5e, 0x5e, 0x5e, 0x5e, 0x5e, 
    0x7d, 0x5e, 0x5d, 0x5e, 0x5e, 0x5e, 0x5d, 0x5e, 0x5d, 0x5e, 0x5e, 0x5e, 
    0x7e, 0x5e, 0x5d, 0x5e, 0x5e, 0x5e, 0x7e, 0x5e, 0x7e, 0x5e, 0x7d, 0x5e, 
    0x7e, 0x56, 0x7e, 0x56, 0x7e, 0x56, 0x7e, 0x56, 0x7e, 0x56, 0x7e, 0x56, 
    0x7e, 0x56, 0x7e, 0x56, 0x7e, 0x56, 0x7e, 0x56, 0x7e, 0x56, 0x7e, 0x56, 
    0x7e, 0x56, 0x9e, 0x56, 0x7d, 0x56, 0x7e, 0x56, 0x7e, 0x4e, 0x7e, 0x56, 
    0x7e, 0x4e, 0x7e, 0x56, 0x9f, 0x56, 0x9e, 0x56, 0x9e, 0x56, 0x9f, 0x56, 
    0x9f, 0x56, 0x9e, 0x56, 0x9f, 0x56, 0x9e, 0x56, 0x7e, 0x56, 0x9e, 0x56, 
    0x7f, 0x56, 0x9e, 0x56, 0x9e, 0x56, 0x7f, 0x56, 0x9e, 0x56, 0x7e, 0x56, 
    0x7e, 0x56, 0x9e, 0x56, 0x7e, 0x56, 0x7e, 0x56, 0x7e, 0x56, 0x7e, 0x56, 
    0x7e, 0x56, 0x7e, 0x56, 0x7e, 0x56, 0x7e, 0x56, 0x7e, 0x56, 0x7e, 0x56, 
    0x7f, 0x56, 0x7e, 0x56, 0x7f, 0x56, 0x7e, 0x56, 0x7e, 0x56, 0x7f, 0x56, 
    0x7e, 0x56, 0x7e, 0x56, 0x7e, 0x56, 0x7f, 0x56, 0x9e, 0x56, 0x9f, 0x56, 
    0x9f, 0x56, 0x9e, 0x56, 0x9e, 0x56, 0x9e, 0x56, 0x9e, 0x56, 0x7e, 0x56, 
    0x7e, 0x56, 0x7e, 0x56, 0x7f, 0x56, 0x7e, 0x56, 0x7e, 0x56, 0x7e, 0x56, 
    0x7f, 0x56, 0x7e, 0x56, 0x7e, 0x56, 0x7e, 0x56, 0x7e, 0x56, 0x9e, 0x56, 
    0x7e, 0x56, 0x7e, 0x56, 0x7e, 0x56, 0x7e, 0x56, 0x7e, 0x56, 0x7f, 0x56, 
    0x9e, 0x56, 0x9f, 0x56, 0x9e, 0x56, 0x7e, 0x56, 0x7e, 0x56, 0x7e, 0x56, 
    0x7e, 0x56, 0x7e, 0x56, 0x9e, 0x5e, 0x9e, 0x5e, 0x7e, 0x56, 0x9e, 0x5e, 
    0x7e, 0x5e, 0x7e, 0x5e, 0x7e, 0x5e, 0x9e, 0x5e, 0x7e, 0x56, 0x7e, 0x56, 
    0x7e, 0x56, 0x9e, 0x56, 0x7f, 0x56, 0x9e, 0x56, 0x9e, 0x56, 0x9e, 0x56, 
    0x9e, 0x56, 0x9e, 0x56, 0x7e, 0x56, 0x9e, 0x56, 0x7e, 0x56, 0x7e, 0x56, 
    0x9e, 0x56, 0x9f, 0x56, 0x9e, 0x56, 0x9e, 0x56, 0x9e, 0x56, 0x9f, 0x56, 
    0x9e, 0x56, 0x9e, 0x5e, 0x7f, 0x5e, 0x7e, 0x5e, 0x7e, 0x5e, 0x7e, 0x5e, 
    0x7e, 0x5e, 0x7e, 0x56, 0x7e, 0x56, 0x7e, 0x5e, 0x7f, 0x56, 0x9e, 0x56, 
    0x9e, 0x56, 0x9e, 0x56, 0x9f, 0x5e, 0x9e, 0x5e, 0x9e, 0x5e, 0x7e, 0x56, 
    0x7e, 0x56, 0x7e, 0x56, 0x7e, 0x5e, 0x7e, 0x56, 0x7e, 0x56, 0x7e, 0x56, 
    0x7e, 0x56, 0x7e, 0x56, 0x7e, 0x5e, 0x7e, 0x5e, 0x7e, 0x56, 0x5e, 0x56, 
    0x7d, 0x56, 0x7d, 0x56, 0x7e, 0x56, 0x7e, 0x5e, 0x7e, 0x5e, 0x7e, 0x5e, 
    0x7e, 0x5e, 0x7e, 0x5e, 0x7e, 0x5e, 0x7e, 0x5e, 0x7e, 0x5e, 0x7e, 0x5e, 
    0x7e, 0x5e, 0x7e, 0x5e, 0x7e, 0x5e, 0x7e, 0x5e, 0x7e, 0x5e, 0x7e, 0x5e, 
    0x7e, 0x5e, 0x7e, 0x5e, 0x7e, 0x5e, 0x7e, 0x5e, 0x7e, 0x5e, 0x7e, 0x5e, 
    0x7e, 0x5e, 0x7e, 0x5e, 0x7e, 0x5e, 0x7e, 0x5e, 0x7e, 0x5e, 0x7e, 0x5e, 
    0x9e, 0x5e, 0x7e, 0x5e, 0x9e, 0x5e, 0x9e, 0x5e, 0x9e, 0x5e, 0x9e, 0x5e, 
    0x9e, 0x5e, 0x9e, 0x5e, 0x7e, 0x56, 0x7e, 0x5e, 0x9e, 0x5e, 0x9e, 0x5e, 
    0x9e, 0x5e, 0x7f, 0x5e, 0x7e, 0x5e, 0x7e, 0x56, 0x7e, 0x5e, 0x7e, 0x5e, 
    0x7e, 0x56, 0x7e, 0x56, 0x7e, 0x5e, 0x7e, 0x5e, 0x7e, 0x56, 0x7e, 0x56, 
    0x7e, 0x56, 0x7e, 0x56, 0x9e, 0x5e, 0x9e, 0x5e, 0x7e, 0x5e, 0x9e, 0x56, 
    0x9e, 0x56, 0x7e, 0x56, 0x7e, 0x56, 0x7e, 0x56, 0x7e, 0x56, 0x7e, 0x5e, 
    0x7e, 0x5e, 0x7e, 0x56, 0x7e, 0x56, 0x7e, 0x56, 0x7e, 0x56, 0x7e, 0x56, 
    0x7e, 0x56, 0x7f, 0x5e, 0x7e, 0x5e, 0x7d, 0x5e, 0x5e, 0x5e, 0x5d, 0x5e, 
    0x5e, 0x5e, 0x5e, 0x5e, 0x5d, 0x5e, 0x5e, 0x5e, 0x5e, 0x5e, 0x5e, 0x5e, 
    0x5e, 0x5e, 0x7e, 0x5e, 0x7e, 0x5e, 0x7e, 0x5e, 0x5e, 0x5e, 0x7e, 0x5e, 
    0x7e, 0x56, 0x7e, 0x56, 0x7e, 0x56, 0x7e, 0x56, 0x7e, 0x56, 0x7e, 0x56, 
    0x7e, 0x56, 0x7e, 0x56, 0x7e, 0x56, 0x7e, 0x56, 0x7e, 0x56, 0x7e, 0x56, 
    0x7e, 0x56, 0x7e, 0x56, 0x7e, 0x56, 0x7e, 0x56, 0x7e, 0x4e, 0x7e, 0x4e, 
    0x7e, 0x56, 0x7f, 0x56, 0x9e, 0x56, 0x9f, 0x56, 0x9f, 0x56, 0x9e, 0x56, 
    0x9e, 0x56, 0x9e, 0x56, 0x9f, 0x56, 0x7e, 0x56, 0x7e, 0x56, 0x7e, 0x56, 
    0x7e, 0x56, 0x7e, 0x56, 0x9e, 0x56, 0x9e, 0x56, 0x9f, 0x56, 0x9e, 0x56, 
    0x9e, 0x56, 0x7f, 0x56, 0x9e, 0x56, 0x7e, 0x56, 0x9e, 0x56, 0x7e, 0x56, 
    0x7e, 0x56, 0x7e, 0x56, 0x7e, 0x56, 0x7e, 0x56, 0x7e, 0x56, 0x7e, 0x56, 
    0x9e, 0x56, 0x7e, 0x56, 0x7e, 0x56, 0x9e, 0x56, 0x7f, 0x56, 0x9e, 0x56, 
    0x9e, 0x56, 0x7e, 0x56, 0x7e, 0x56, 0x9f, 0x56, 0x9f, 0x56, 0x9e, 0x56, 
    0x9f, 0x56, 0x9e, 0x56, 0x9e, 0x56, 0x9e, 0x56, 0x9e, 0x56, 0x9e, 0x56, 
    0x9e, 0x56, 0x7f, 0x56, 0x7e, 0x56, 0x7e, 0x56, 0x7e, 0x56, 0x9e, 0x56, 
    0x7e, 0x56, 0x7e, 0x56, 0x7e, 0x56, 0x9e, 0x56, 0x7e, 0x56, 0x9e, 0x56, 
    0x9e, 0x56, 0x7e, 0x56, 0x7e, 0x56, 0x7e, 0x56, 0x7e, 0x56, 0x9e, 0x56, 
    0x9e, 0x56, 0x9e, 0x56, 0x9e, 0x56, 0x9e, 0x56, 0x9f, 0x56, 0x7e, 0x56, 
    0x7e, 0x56, 0x7f, 0x5e, 0x9f, 0x56, 0x7f, 0x5e, 0x9e, 0x5e, 0x9e, 0x5e, 
    0x9e, 0x5e, 0x9e, 0x5e, 0x7e, 0x5e, 0x7e, 0x5e, 0x7e, 0x56, 0x7e, 0x56, 
    0x7e, 0x56, 0x7f, 0x56, 0x9e, 0x56, 0x9e, 0x56, 0x9f, 0x56, 0x9e, 0x56, 
    0x9e, 0x56, 0x9e, 0x56, 0x7e, 0x56, 0x9e, 0x56, 0x9e, 0x56, 0x9e, 0x56, 
    0x7e, 0x56, 0x9e, 0x56, 0x9e, 0x56, 0x9e, 0x56, 0x9f, 0x56, 0x9f, 0x56, 
    0x9e, 0x56, 0x7e, 0x5e, 0x7e, 0x5e, 0x7e, 0x56, 0x7e, 0x56, 0x7e, 0x56, 
    0x7e, 0x56, 0x7e, 0x56, 0x7e, 0x5e, 0x7e, 0x56, 0x9e, 0x56, 0x9e, 0x56, 
    0x9e, 0x56, 0x9f, 0x56, 0x9f, 0x5e, 0x9e, 0x5e, 0x9e, 0x56, 0x7e, 0x56, 
    0x7e, 0x56, 0x7e, 0x56, 0x7e, 0x56, 0x7e, 0x56, 0x7e, 0x56, 0x7e, 0x56, 
    0x7e, 0x56, 0x7e, 0x56, 0x7e, 0x56, 0x7e, 0x56, 0x7e, 0x56, 0x5e, 0x56, 
    0x5e, 0x56, 0x5e, 0x56, 0x7e, 0x56, 0x7e, 0x5e, 0x7e, 0x5e, 0x7e, 0x5e, 
    0x7e, 0x5e, 0x7e, 0x5e, 0x7e, 0x5e, 0x7e, 0x5e, 0x7e, 0x5e, 0x7e, 0x5e, 
    0x7e, 0x5e, 0x7e, 0x5e, 0x7e, 0x5e, 0x7e, 0x5e, 0x7e, 0x5e, 0x9e, 0x5e, 
    0x9e, 0x5e, 0x7e, 0x5e, 0x7e, 0x5e, 0x7e, 0x5e, 0x7e, 0x5e, 0x9e, 0x5e, 
    0x7e, 0x5e, 0x9e, 0x5e, 0x9e, 0x5e, 0x7e, 0x5e, 0x7e, 0x5e, 0x9e, 0x5e, 
    0x7e, 0x5e, 0x9e, 0x5e, 0x9f, 0x5e, 0x9e, 0x5e, 0x9e, 0x5e, 0x9e, 0x5e, 
    0x9f, 0x5e, 0x9e, 0x5e, 0x7e, 0x5e, 0x9e, 0x5e, 0x9e, 0x5e, 0x9e, 0x5e, 
    0x7f, 0x5e, 0x9e, 0x5e, 0x7e, 0x5e, 0x7e, 0x5e, 0x7e, 0x5e, 0x7e, 0x5e, 
    0x7e, 0x5e, 0x7e, 0x56, 0x7e, 0x5e, 0x7e, 0x56, 0x7e, 0x5e, 0x7e, 0x5e, 
    0x7e, 0x56, 0x7e, 0x5e, 0x9e, 0x5e, 0x7e, 0x5e, 0x9e, 0x5e, 0x7e, 0x5e, 
    0x7e, 0x56, 0x7e, 0x56, 0x7e, 0x56, 0x7e, 0x56, 0x7e, 0x56, 0x7e, 0x56, 
    0x7e, 0x5e, 0x7e, 0x5e, 0x7e, 0x56, 0x7e, 0x5e, 0x7e, 0x56, 0x7e, 0x56, 
    0x7e, 0x5e, 0x7e, 0x5e, 0x7e, 0x5e, 0x7e, 0x5e, 0x5e, 0x5e, 0x5e, 0x5e, 
    0x5e, 0x5e, 0x5e, 0x5e, 0x5e, 0x5e, 0x7d, 0x5e, 0x5e, 0x5e, 0x7e, 0x5e, 
    0x7e, 0x5e, 0x7e, 0x5e, 0x7e, 0x5e, 0x7d, 0x66, 0x7e, 0x66, 0x7e, 0x5e, 
    0x7e, 0x56, 0x7e, 0x56, 0x7e, 0x56, 0x7e, 0x56, 0x7e, 0x56, 0x7e, 0x56, 
    0x7e, 0x56, 0x7e, 0x56, 0x7e, 0x56, 0x7e, 0x56, 0x7e, 0x56, 0x7e, 0x56, 
    0x7e, 0x56, 0x7d, 0x56, 0x7e, 0x56, 0x7e, 0x56, 0x7e, 0x4e, 0x7e, 0x4e, 
    0x7e, 0x56, 0x7e, 0x56, 0x9e, 0x56, 0x9e, 0x56, 0x9e, 0x56, 0x9f, 0x56, 
    0x9e, 0x56, 0x9e, 0x56, 0x9e, 0x56, 0x7e, 0x56, 0x9e, 0x56, 0x7e, 0x56, 
    0x7e, 0x56, 0x9e, 0x56, 0x9e, 0x56, 0x9e, 0x56, 0x9e, 0x56, 0x9e, 0x56, 
    0x9e, 0x56, 0x9e, 0x56, 0x9e, 0x56, 0x9e, 0x56, 0x9e, 0x56, 0x9e, 0x56, 
    0x7e, 0x56, 0x9e, 0x56, 0x7e, 0x56, 0x7e, 0x56, 0x7e, 0x56, 0x7e, 0x56, 
    0x9e, 0x56, 0x9e, 0x56, 0x9f, 0x56, 0x9e, 0x56, 0x9e, 0x56, 0x7f, 0x56, 
    0x9e, 0x56, 0x7e, 0x56, 0x7e, 0x56, 0x9e, 0x56, 0x9e, 0x56, 0x9f, 0x56, 
    0x9e, 0x56, 0x9e, 0x56, 0x9e, 0x56, 0x9e, 0x56, 0x9e, 0x56, 0x9e, 0x56, 
    0x9e, 0x56, 0x9f, 0x56, 0x7e, 0x56, 0x9e, 0x56, 0x7e, 0x56, 0x9e, 0x56, 
    0x9e, 0x56, 0x9e, 0x56, 0x9e, 0x56, 0x9e, 0x56, 0x9e, 0x56, 0x9e, 0x56, 
    0x9e, 0x56, 0x9e, 0x56, 0x7e, 0x56, 0x7e, 0x56, 0x9e, 0x56, 0x7e, 0x56, 
    0x7e, 0x56, 0x9e, 0x56, 0x7e, 0x56, 0x9e, 0x56, 0x9e, 0x56, 0x9e, 0x56, 
    0x7e, 0x56, 0x9e, 0x56, 0x9e, 0x5e, 0x9e, 0x5e, 0x9e, 0x5e, 0x9f, 0x5e, 
    0x9e, 0x5e, 0x9e, 0x5e, 0x9e, 0x5e, 0x9e, 0x5e, 0x7e, 0x56, 0x9e, 0x5e, 
    0x9e, 0x56, 0x9e, 0x56, 0x9e, 0x56, 0x9e, 0x56, 0x9e, 0x56, 0x9e, 0x56, 
    0x9e, 0x5e, 0x9e, 0x56, 0x9f, 0x56, 0x9e, 0x56, 0x9e, 0x5e, 0x9e, 0x56, 
    0x9e, 0x56, 0x9e, 0x56, 0x9e, 0x5e, 0x9e, 0x56, 0x9f, 0x56, 0x7e, 0x5e, 
    0x7e, 0x56, 0x7e, 0x5e, 0x7e, 0x56, 0x7e, 0x5e, 0x7e, 0x5e, 0x7e, 0x56, 
    0x7e, 0x56, 0x7e, 0x56, 0x9e, 0x5e, 0x9e, 0x56, 0x9e, 0x56, 0x9e, 0x56, 
    0x9e, 0x56, 0x9f, 0x56, 0x9e, 0x5e, 0x9f, 0x5e, 0x9e, 0x56, 0x9e, 0x56, 
    0x9e, 0x56, 0x7e, 0x56, 0x9e, 0x56, 0x7e, 0x56, 0x7e, 0x56, 0x7e, 0x56, 
    0x7e, 0x56, 0x7e, 0x56, 0x7e, 0x5e, 0x7d, 0x56, 0x5e, 0x5e, 0x7d, 0x5e, 
    0x5e, 0x56, 0x7e, 0x5e, 0x7e, 0x56, 0x7e, 0x5e, 0x7e, 0x5e, 0x7e, 0x5e, 
    0x7e, 0x5e, 0x7e, 0x5e, 0x7e, 0x5e, 0x7e, 0x5e, 0x7e, 0x5e, 0x7e, 0x5e, 
    0x7e, 0x5e, 0x7e, 0x5e, 0x7e, 0x5e, 0x7e, 0x5e, 0x9e, 0x5e, 0x9e, 0x5e, 
    0x9e, 0x5e, 0x9e, 0x5e, 0x9e, 0x5e, 0x9e, 0x5e, 0x9e, 0x5e, 0x9e, 0x5e, 
    0x9e, 0x5e, 0x9e, 0x5e, 0x9e, 0x5e, 0x7e, 0x5e, 0x9e, 0x5e, 0x9e, 0x5e, 
    0x9e, 0x5e, 0x9e, 0x56, 0x9e, 0x5e, 0x9e, 0x5e, 0x9f, 0x5e, 0x9e, 0x5e, 
    0x9f, 0x5e, 0x9e, 0x5e, 0x9e, 0x5e, 0x9e, 0x5e, 0x9e, 0x5e, 0x9e, 0x5e, 
    0x9e, 0x5e, 0x9e, 0x5e, 0x7e, 0x5e, 0x7e, 0x5e, 0x7e, 0x5e, 0x7e, 0x5e, 
    0x7e, 0x5e, 0x7e, 0x56, 0x7e, 0x56, 0x7e, 0x56, 0x7e, 0x5e, 0x7e, 0x5e, 
    0x7e, 0x5e, 0x7e, 0x5e, 0x7d, 0x5e, 0x7e, 0x5e, 0x7e, 0x5e, 0x7e, 0x5e, 
    0x7e, 0x56, 0x7e, 0x56, 0x7e, 0x56, 0x7e, 0x56, 0x7e, 0x56, 0x7e, 0x5e, 
    0x7e, 0x5e, 0x7e, 0x5e, 0x7e, 0x56, 0x7e, 0x5e, 0x7e, 0x5e, 0x7e, 0x5e, 
    0x7f, 0x5e, 0x7e, 0x5e, 0x7e, 0x5e, 0x7e, 0x5e, 0x7e, 0x5e, 0x7d, 0x5e, 
    0x7e, 0x5e, 0x5e, 0x5e, 0x5e, 0x5e, 0x7e, 0x5e, 0x7e, 0x5e, 0x7e, 0x5e, 
    0x7e, 0x5e, 0x7e, 0x5e, 0x7d, 0x66, 0x7e, 0x66, 0x7d, 0x66, 0x7e, 0x66, 
    0x7e, 0x56, 0x7e, 0x56, 0x7e, 0x56, 0x7e, 0x56, 0x7e, 0x56, 0x7e, 0x56, 
    0x7e, 0x56, 0x7e, 0x56, 0x7e, 0x56, 0x7e, 0x56, 0x7e, 0x56, 0x7e, 0x56, 
    0x7e, 0x56, 0x7e, 0x56, 0x7e, 0x56, 0x7e, 0x56, 0x7e, 0x56, 0x7e, 0x56, 
    0x7e, 0x56, 0x7e, 0x56, 0x7e, 0x56, 0x9e, 0x56, 0x7e, 0x56, 0x9f, 0x56, 
    0x9f, 0x56, 0x9f, 0x56, 0x9e, 0x56, 0x9f, 0x56, 0x9e, 0x56, 0x7e, 0x56, 
    0x9e, 0x56, 0x7e, 0x56, 0x9e, 0x56, 0x9f, 0x56, 0x9e, 0x56, 0x9e, 0x56, 
    0x9f, 0x56, 0x9e, 0x56, 0x9f, 0x56, 0x9f, 0x56, 0x9e, 0x56, 0x7e, 0x56, 
    0x7f, 0x56, 0x7e, 0x56, 0x7e, 0x56, 0x7e, 0x56, 0x9e, 0x56, 0x9e, 0x56, 
    0x7f, 0x56, 0x9f, 0x56, 0x9f, 0x56, 0x9f, 0x56, 0x9e, 0x56, 0x9f, 0x56, 
    0x9f, 0x56, 0x9f, 0x56, 0x7f, 0x56, 0x7f, 0x56, 0x9f, 0x56, 0x9f, 0x56, 
    0x9e, 0x56, 0x9e, 0x56, 0x9e, 0x56, 0x7f, 0x56, 0x9e, 0x56, 0x9e, 0x56, 
    0x9e, 0x56, 0x9e, 0x56, 0x9e, 0x56, 0x9f, 0x56, 0x9e, 0x56, 0x9f, 0x56, 
    0x9f, 0x56, 0x9f, 0x56, 0x9f, 0x56, 0x9e, 0x56, 0x9e, 0x5e, 0x7e, 0x56, 
    0x7e, 0x5e, 0x7e, 0x56, 0x7e, 0x56, 0x7e, 0x56, 0x7e, 0x56, 0x9e, 0x56, 
    0x7f, 0x56, 0x9e, 0x56, 0x7e, 0x56, 0x9e, 0x56, 0x9e, 0x56, 0x7f, 0x56, 
    0x9e, 0x56, 0x9f, 0x56, 0x9f, 0x5e, 0x9f, 0x5e, 0x9f, 0x5e, 0x9e, 0x5e, 
    0x9e, 0x5e, 0x9e, 0x5e, 0x9e, 0x5e, 0x9f, 0x5e, 0x9e, 0x56, 0x9f, 0x56, 
    0x9e, 0x56, 0x9f, 0x56, 0x9e, 0x56, 0x9e, 0x56, 0x9e, 0x56, 0x9f, 0x5e, 
    0x9f, 0x5e, 0x9f, 0x5e, 0x9e, 0x56, 0x9f, 0x5e, 0x9f, 0x5e, 0x9f, 0x5e, 
    0x9f, 0x5e, 0x9f, 0x56, 0x7f, 0x5e, 0x7e, 0x56, 0x7f, 0x5e, 0x7e, 0x5e, 
    0x7e, 0x56, 0x7e, 0x5e, 0x7e, 0x56, 0x7e, 0x56, 0x7e, 0x56, 0x7e, 0x56, 
    0x7e, 0x56, 0x7e, 0x5e, 0x7e, 0x56, 0x9e, 0x5e, 0x7e, 0x56, 0x9f, 0x56, 
    0x9e, 0x56, 0x9e, 0x56, 0x9e, 0x56, 0x9e, 0x5e, 0x9e, 0x56, 0x9f, 0x5e, 
    0x7e, 0x56, 0x7e, 0x56, 0x9e, 0x56, 0x9e, 0x56, 0x9e, 0x56, 0x7e, 0x56, 
    0x7e, 0x56, 0x7e, 0x5e, 0x7e, 0x56, 0x7e, 0x5e, 0x5e, 0x5e, 0x7d, 0x5e, 
    0x5e, 0x56, 0x5e, 0x56, 0x5e, 0x5e, 0x5e, 0x5e, 0x7e, 0x5e, 0x7e, 0x5e, 
    0x7e, 0x5e, 0x7e, 0x5e, 0x7e, 0x5e, 0x7e, 0x5e, 0x7e, 0x5e, 0x7e, 0x5e, 
    0x7e, 0x5e, 0x7e, 0x5e, 0x7e, 0x5e, 0x7e, 0x5e, 0x9e, 0x5e, 0x9f, 0x5e, 
    0x9e, 0x5e, 0x9e, 0x5e, 0x9e, 0x5e, 0x9e, 0x5e, 0x9e, 0x5e, 0x9f, 0x5e, 
    0x9e, 0x5e, 0x7e, 0x5e, 0x9e, 0x5e, 0x9e, 0x5e, 0x9f, 0x5e, 0x9e, 0x5e, 
    0x9f, 0x5e, 0x9f, 0x5e, 0x9f, 0x5e, 0x9e, 0x5e, 0x9e, 0x5e, 0x9f, 0x5e, 
    0x9e, 0x5e, 0x9f, 0x5e, 0x9f, 0x5e, 0x9e, 0x5e, 0x7f, 0x5e, 0x9e, 0x5e, 
    0x9e, 0x5e, 0x7f, 0x5e, 0x7e, 0x5e, 0x7e, 0x5e, 0x7e, 0x5e, 0x7f, 0x5e, 
    0x7e, 0x5e, 0x7e, 0x56, 0x7e, 0x56, 0x7e, 0x56, 0x7e, 0x56, 0x7e, 0x5e, 
    0x7e, 0x5e, 0x7e, 0x5e, 0x7e, 0x5e, 0x7e, 0x5e, 0x7e, 0x5e, 0x7e, 0x56, 
    0x7e, 0x5e, 0x7e, 0x5e, 0x7e, 0x56, 0x7e, 0x56, 0x7e, 0x56, 0x7e, 0x5e, 
    0x7e, 0x5e, 0x7e, 0x5e, 0x7e, 0x5e, 0x7e, 0x56, 0x7f, 0x5e, 0x7e, 0x5e, 
    0x7e, 0x5e, 0x7e, 0x5e, 0x7e, 0x5e, 0x7e, 0x5e, 0x7e, 0x5e, 0x7e, 0x5e, 
    0x5e, 0x5e, 0x7e, 0x5e, 0x7e, 0x5e, 0x7e, 0x5e, 0x7e, 0x5e, 0x7e, 0x5e, 
    0x7e, 0x5e, 0x7e, 0x66, 0x7e, 0x66, 0x7e, 0x66, 0x7e, 0x66, 0x7e, 0x66, 
    0x7e, 0x56, 0x7e, 0x56, 0x7e, 0x5e, 0x7e, 0x56, 0x7e, 0x56, 0x7e, 0x56, 
    0x7e, 0x56, 0x7e, 0x56, 0x7e, 0x56, 0x9e, 0x56, 0x9e, 0x56, 0x9e, 0x56, 
    0x7e, 0x56, 0x7e, 0x56, 0x7e, 0x56, 0x7e, 0x56, 0x7e, 0x56, 0x7e, 0x56, 
    0x7e, 0x56, 0x7e, 0x56, 0x7e, 0x56, 0x7e, 0x4e, 0x9f, 0x56, 0x9e, 0x56, 
    0x9e, 0x56, 0x7e, 0x56, 0x9e, 0x56, 0x9e, 0x56, 0x9e, 0x56, 0x9e, 0x56, 
    0x9e, 0x56, 0x9e, 0x56, 0x9e, 0x56, 0x7e, 0x56, 0x9e, 0x56, 0x9e, 0x56, 
    0x9e, 0x56, 0x9f, 0x56, 0x9e, 0x56, 0x9e, 0x56, 0x9f, 0x56, 0x9e, 0x56, 
    0x9e, 0x56, 0x9e, 0x56, 0x9e, 0x56, 0x9e, 0x56, 0x9e, 0x56, 0x9e, 0x56, 
    0x7f, 0x56, 0x9e, 0x56, 0x9f, 0x56, 0x9f, 0x56, 0x9e, 0x56, 0x9e, 0x56, 
    0x9e, 0x56, 0x9f, 0x56, 0x9e, 0x56, 0x9e, 0x56, 0x9f, 0x56, 0x9e, 0x56, 
    0x9e, 0x56, 0x9e, 0x56, 0x9e, 0x56, 0x9e, 0x56, 0x9e, 0x56, 0x9e, 0x56, 
    0x9f, 0x56, 0x9e, 0x56, 0x9e, 0x56, 0x9f, 0x56, 0x9e, 0x56, 0x9e, 0x56, 
    0x9e, 0x56, 0x9f, 0x56, 0x9e, 0x56, 0x9f, 0x56, 0x9e, 0x5e, 0x9e, 0x5e, 
    0x7e, 0x5e, 0x7e, 0x56, 0x7e, 0x56, 0x7f, 0x56, 0x7e, 0x56, 0x7e, 0x56, 
    0x9e, 0x56, 0x9e, 0x56, 0x7e, 0x56, 0x9e, 0x56, 0x9e, 0x56, 0x9e, 0x56, 
    0x9e, 0x56, 0x7f, 0x56, 0x9e, 0x56, 0x9e, 0x5e, 0x9e, 0x5e, 0x9e, 0x5e, 
    0x9f, 0x5e, 0x9e, 0x5e, 0x9e, 0x5e, 0x9f, 0x5e, 0x9e, 0x5e, 0x9f, 0x5e, 
    0x9f, 0x56, 0x9f, 0x56, 0x9e, 0x56, 0x9e, 0x56, 0x9e, 0x56, 0x9e, 0x5e, 
    0x9e, 0x5e, 0x9e, 0x56, 0x9f, 0x5e, 0x9f, 0x5e, 0x9f, 0x5e, 0x9e, 0x5e, 
    0x9f, 0x5e, 0x9e, 0x5e, 0x9f, 0x5e, 0x7e, 0x5e, 0x7e, 0x5e, 0x7e, 0x5e, 
    0x7e, 0x56, 0x7e, 0x5e, 0x7e, 0x5e, 0x7e, 0x5e, 0x7e, 0x5e, 0x7e, 0x5e, 
    0x7f, 0x56, 0x9e, 0x5e, 0x7e, 0x56, 0x7e, 0x56, 0x9e, 0x56, 0x9e, 0x56, 
    0x9e, 0x56, 0x9e, 0x56, 0x9e, 0x56, 0x9e, 0x56, 0x9e, 0x56, 0x9e, 0x56, 
    0x7e, 0x56, 0x7e, 0x56, 0x7e, 0x56, 0x7e, 0x56, 0x9e, 0x56, 0x9e, 0x56, 
    0x7e, 0x56, 0x7e, 0x5e, 0x7d, 0x56, 0x7e, 0x5e, 0x7e, 0x56, 0x5e, 0x56, 
    0x5e, 0x56, 0x5d, 0x56, 0x7e, 0x5e, 0x7d, 0x5e, 0x7e, 0x5e, 0x5e, 0x5e, 
    0x7e, 0x5e, 0x7e, 0x5e, 0x7e, 0x5e, 0x7e, 0x5e, 0x7e, 0x5e, 0x7e, 0x5e, 
    0x7e, 0x5e, 0x7e, 0x5e, 0x9e, 0x5e, 0x9e, 0x5e, 0x9e, 0x5e, 0x9e, 0x5e, 
    0x9e, 0x5e, 0x9e, 0x5e, 0x9f, 0x5e, 0x9e, 0x5e, 0x9e, 0x5e, 0x9f, 0x5e, 
    0x9e, 0x5e, 0x9f, 0x5e, 0x9e, 0x5e, 0x9e, 0x5e, 0x9f, 0x5e, 0x9f, 0x5e, 
    0x9f, 0x5e, 0x9e, 0x5e, 0x9e, 0x5e, 0x9e, 0x5e, 0x9e, 0x5e, 0x9f, 0x5e, 
    0x9f, 0x5e, 0x9e, 0x5e, 0x9f, 0x5e, 0x9e, 0x5e, 0x9f, 0x5e, 0x9e, 0x5e, 
    0x9e, 0x5e, 0x7e, 0x5e, 0x7e, 0x5e, 0x7e, 0x5e, 0x7e, 0x56, 0x7e, 0x56, 
    0x7e, 0x56, 0x9e, 0x5e, 0x7f, 0x5e, 0x7e, 0x56, 0x7e, 0x56, 0x7e, 0x56, 
    0x7e, 0x56, 0x9e, 0x56, 0x7e, 0x5e, 0x7e, 0x56, 0x7e, 0x5e, 0x9e, 0x5e, 
    0x7e, 0x56, 0x7e, 0x56, 0x7e, 0x56, 0x7e, 0x56, 0x7e, 0x5e, 0x7e, 0x5e, 
    0x7e, 0x5e, 0x7e, 0x56, 0x7f, 0x5e, 0x7e, 0x5e, 0x7e, 0x5e, 0x7e, 0x5e, 
    0x7e, 0x5e, 0x7e, 0x5e, 0x7e, 0x5e, 0x7e, 0x5e, 0x7e, 0x5e, 0x7e, 0x5e, 
    0x7e, 0x5e, 0x7e, 0x5e, 0x7e, 0x5e, 0x7e, 0x5e, 0x7e, 0x5e, 0x7e, 0x5e, 
    0x7e, 0x5e, 0x7e, 0x66, 0x7e, 0x66, 0x7e, 0x66, 0x7e, 0x66, 0x7e, 0x66, 
    0x7d, 0x5e, 0x7e, 0x56, 0x7e, 0x5e, 0x7e, 0x5e, 0x7e, 0x56, 0x9e, 0x5e, 
    0x7e, 0x56, 0x7e, 0x56, 0x9e, 0x56, 0x9e, 0x56, 0x9e, 0x56, 0x7e, 0x56, 
    0x9e, 0x56, 0x9e, 0x56, 0x9e, 0x56, 0x7e, 0x56, 0x9e, 0x56, 0x7e, 0x56, 
    0x7e, 0x56, 0x7e, 0x56, 0x7e, 0x4e, 0x7e, 0x4e, 0x9e, 0x56, 0x7e, 0x56, 
    0x7e, 0x56, 0x7e, 0x56, 0x7e, 0x56, 0x9e, 0x56, 0x9e, 0x56, 0x9e, 0x56, 
    0x9e, 0x56, 0x9e, 0x56, 0x7e, 0x56, 0x9e, 0x56, 0x9e, 0x56, 0x9e, 0x56, 
    0x9e, 0x56, 0x9e, 0x56, 0x9f, 0x56, 0x9e, 0x56, 0x9e, 0x56, 0x9e, 0x56, 
    0x9e, 0x56, 0x9e, 0x56, 0x9e, 0x56, 0x9e, 0x56, 0x9e, 0x56, 0x9f, 0x56, 
    0x9e, 0x56, 0x9f, 0x56, 0x9f, 0x56, 0x9f, 0x56, 0x9f, 0x56, 0x9f, 0x56, 
    0x9f, 0x56, 0x9e, 0x56, 0x9f, 0x56, 0x7f, 0x56, 0x9f, 0x56, 0x9e, 0x56, 
    0x9e, 0x56, 0x9e, 0x56, 0x9e, 0x56, 0x9e, 0x56, 0x9e, 0x56, 0x9e, 0x56, 
    0x9e, 0x56, 0x9e, 0x56, 0x9e, 0x56, 0x9f, 0x56, 0x9f, 0x56, 0x9e, 0x56, 
    0x9e, 0x56, 0x9e, 0x56, 0x9e, 0x56, 0x9e, 0x5e, 0x9e, 0x5e, 0x9e, 0x5e, 
    0x9e, 0x5e, 0x7e, 0x5e, 0x7e, 0x5e, 0x7e, 0x56, 0x7e, 0x5e, 0x9e, 0x5e, 
    0x9f, 0x56, 0x9e, 0x56, 0x9e, 0x56, 0x9e, 0x56, 0x9e, 0x56, 0x9e, 0x56, 
    0x9f, 0x56, 0x9f, 0x56, 0x9e, 0x5e, 0x9f, 0x5e, 0x9e, 0x5e, 0x9e, 0x5e, 
    0x9e, 0x5e, 0x9e, 0x5e, 0x9e, 0x5e, 0x9f, 0x5e, 0x9f, 0x5e, 0x9e, 0x56, 
    0x9e, 0x56, 0x9e, 0x56, 0x9f, 0x5e, 0x9e, 0x56, 0x9e, 0x5e, 0x9e, 0x5e, 
    0x9e, 0x5e, 0x9e, 0x5e, 0x9e, 0x5e, 0x9f, 0x5e, 0x9f, 0x5e, 0x9f, 0x5e, 
    0x9f, 0x5e, 0x9f, 0x5e, 0x9e, 0x5e, 0x9e, 0x5e, 0x9e, 0x5e, 0x7e, 0x5e, 
    0x7e, 0x5e, 0x7e, 0x56, 0x7e, 0x5e, 0x7e, 0x5e, 0x9e, 0x5e, 0x7e, 0x5e, 
    0x7e, 0x56, 0x7e, 0x5e, 0x7e, 0x5e, 0x9e, 0x5e, 0x9e, 0x56, 0x9e, 0x56, 
    0x9e, 0x56, 0x9e, 0x56, 0x9e, 0x56, 0x9e, 0x56, 0x7e, 0x56, 0x9e, 0x56, 
    0x7e, 0x56, 0x7e, 0x56, 0x9e, 0x56, 0x9e, 0x56, 0x9e, 0x56, 0x9e, 0x5e, 
    0x7e, 0x5e, 0x7e, 0x5e, 0x7e, 0x56, 0x7e, 0x5e, 0x7d, 0x56, 0x7e, 0x5e, 
    0x7d, 0x5e, 0x5d, 0x5e, 0x7e, 0x5e, 0x5e, 0x5e, 0x5e, 0x5e, 0x7e, 0x5e, 
    0x7e, 0x5e, 0x7e, 0x5e, 0x7e, 0x5e, 0x7e, 0x5e, 0x7e, 0x5e, 0x9e, 0x5e, 
    0x9e, 0x5e, 0x7e, 0x5e, 0x9e, 0x5e, 0x9e, 0x5e, 0x9e, 0x5e, 0x9f, 0x5e, 
    0x9f, 0x5e, 0x9f, 0x5e, 0x9e, 0x5e, 0x9e, 0x5e, 0x9e, 0x5e, 0x9f, 0x5e, 
    0x9e, 0x5e, 0x9e, 0x5e, 0x9e, 0x5e, 0x9e, 0x5e, 0x9f, 0x5e, 0x9f, 0x5e, 
    0x9f, 0x5e, 0x9f, 0x5e, 0x9f, 0x5e, 0x9e, 0x5e, 0x9e, 0x5e, 0x9f, 0x5e, 
    0x9f, 0x5e, 0x9f, 0x5e, 0x9f, 0x5e, 0x9f, 0x5e, 0x9e, 0x5e, 0x9f, 0x5e, 
    0x9e, 0x5e, 0x9e, 0x5e, 0x9e, 0x56, 0x7e, 0x56, 0x7e, 0x56, 0x7f, 0x56, 
    0x9e, 0x56, 0x9e, 0x5e, 0x9e, 0x5e, 0x7e, 0x56, 0x7e, 0x56, 0x7e, 0x56, 
    0x7e, 0x56, 0x7e, 0x56, 0x7e, 0x5e, 0x9e, 0x56, 0x7e, 0x5e, 0x9e, 0x5e, 
    0x7e, 0x5e, 0x7e, 0x56, 0x7e, 0x5e, 0x7e, 0x5e, 0x9e, 0x5e, 0x7e, 0x5e, 
    0x7f, 0x5e, 0x7e, 0x5e, 0x7e, 0x5e, 0x9e, 0x5e, 0x9e, 0x5e, 0x9e, 0x5e, 
    0x9e, 0x5e, 0x7e, 0x5e, 0x7e, 0x5e, 0x7e, 0x5e, 0x7e, 0x5e, 0x7e, 0x5e, 
    0x7e, 0x5e, 0x7e, 0x5e, 0x7e, 0x5e, 0x7e, 0x5e, 0x7e, 0x66, 0x9e, 0x66, 
    0x7e, 0x66, 0x7e, 0x66, 0x7e, 0x66, 0x7e, 0x66, 0x7e, 0x66, 0x9e, 0x66, 
    0x7e, 0x5e, 0x7d, 0x5e, 0x7e, 0x5e, 0x7e, 0x5e, 0x7e, 0x5e, 0x9e, 0x5e, 
    0x7e, 0x5e, 0x9e, 0x56, 0x9e, 0x56, 0x9e, 0x56, 0x7e, 0x56, 0x9e, 0x56, 
    0x7e, 0x56, 0x7e, 0x56, 0x7e, 0x56, 0x7e, 0x56, 0x7e, 0x56, 0x7e, 0x56, 
    0x9e, 0x56, 0x7e, 0x56, 0x9e, 0x56, 0x9e, 0x56, 0x9e, 0x56, 0x7e, 0x56, 
    0x7e, 0x56, 0x9e, 0x56, 0x9f, 0x56, 0x9e, 0x56, 0x9f, 0x56, 0x9e, 0x56, 
    0x9e, 0x56, 0x9e, 0x56, 0x7e, 0x56, 0x9e, 0x56, 0x9e, 0x56, 0x9e, 0x56, 
    0x9e, 0x56, 0x9e, 0x56, 0x9e, 0x56, 0x9e, 0x56, 0x9e, 0x56, 0x9f, 0x56, 
    0x9e, 0x56, 0x9f, 0x56, 0x9f, 0x56, 0x9e, 0x56, 0x9e, 0x56, 0x9f, 0x56, 
    0x9e, 0x56, 0x9e, 0x56, 0x9f, 0x56, 0x9f, 0x56, 0x9f, 0x56, 0x9e, 0x56, 
    0x9e, 0x56, 0x9e, 0x56, 0x9f, 0x56, 0x9e, 0x56, 0x9f, 0x56, 0x9f, 0x56, 
    0x9e, 0x56, 0x9e, 0x56, 0x9f, 0x56, 0x9e, 0x56, 0x9e, 0x56, 0xbe, 0x56, 
    0x9e, 0x56, 0x9e, 0x56, 0x9e, 0x56, 0x9e, 0x56, 0x9e, 0x56, 0x9e, 0x56, 
    0x9e, 0x56, 0x9f, 0x56, 0x9f, 0x56, 0x9e, 0x56, 0x9e, 0x5e, 0x9e, 0x5e, 
    0x9e, 0x5e, 0x7e, 0x5e, 0x7e, 0x5e, 0x9e, 0x5e, 0x9e, 0x56, 0x9e, 0x5e, 
    0x9e, 0x56, 0x7f, 0x56, 0x9f, 0x5e, 0x7e, 0x5e, 0x9e, 0x56, 0x9f, 0x56, 
    0x9f, 0x56, 0x9f, 0x5e, 0x9f, 0x5e, 0x9e, 0x5e, 0x9e, 0x5e, 0x9e, 0x5e, 
    0x9e, 0x5e, 0x9e, 0x5e, 0x9e, 0x5e, 0x9e, 0x5e, 0x9f, 0x5e, 0x9f, 0x5e, 
    0x9f, 0x5e, 0x9e, 0x5e, 0x9f, 0x56, 0x9e, 0x56, 0x9e, 0x5e, 0x9e, 0x5e, 
    0x9e, 0x5e, 0x9e, 0x5e, 0x9f, 0x5e, 0x9f, 0x5e, 0x9e, 0x5e, 0x9f, 0x5e, 
    0x9e, 0x5e, 0x9f, 0x5e, 0x9f, 0x5e, 0x9f, 0x5e, 0x9f, 0x5e, 0x7e, 0x5e, 
    0x7e, 0x5e, 0x7f, 0x5e, 0x9e, 0x5e, 0x9e, 0x5e, 0x9e, 0x5e, 0x9e, 0x5e, 
    0x9e, 0x5e, 0x9e, 0x5e, 0x9e, 0x5e, 0x9e, 0x5e, 0x9f, 0x5e, 0x9e, 0x56, 
    0x9f, 0x56, 0x9e, 0x5e, 0x9e, 0x56, 0x7e, 0x56, 0x7e, 0x56, 0x7e, 0x5e, 
    0x7e, 0x56, 0x7e, 0x56, 0x7e, 0x56, 0x7e, 0x56, 0x9e, 0x56, 0x7e, 0x56, 
    0x9e, 0x5e, 0x7e, 0x5e, 0x7d, 0x56, 0x7e, 0x56, 0x7e, 0x5e, 0x7e, 0x5e, 
    0x7d, 0x5e, 0x7e, 0x5e, 0x7e, 0x5e, 0x7e, 0x5e, 0x7e, 0x5e, 0x7e, 0x5e, 
    0x7e, 0x5e, 0x7e, 0x5e, 0x7e, 0x5e, 0x7e, 0x5e, 0x7e, 0x5e, 0x9e, 0x5e, 
    0x9e, 0x5e, 0x9e, 0x5e, 0x9e, 0x5e, 0x9e, 0x5e, 0x9f, 0x5e, 0x9e, 0x5e, 
    0x9f, 0x5e, 0x9f, 0x5e, 0x9f, 0x5e, 0x9e, 0x5e, 0x9e, 0x5e, 0x9f, 0x5e, 
    0x9f, 0x5e, 0x9e, 0x5e, 0x9f, 0x5e, 0x9f, 0x5e, 0x9f, 0x5e, 0x9f, 0x5e, 
    0x9f, 0x5e, 0x9f, 0x5e, 0x9f, 0x5e, 0x9f, 0x5e, 0x9f, 0x5e, 0x9f, 0x5e, 
    0x9f, 0x5e, 0x9f, 0x5e, 0x9e, 0x5e, 0x9f, 0x5e, 0x9f, 0x5e, 0x9f, 0x5e, 
    0x9f, 0x5e, 0x9f, 0x56, 0x9f, 0x56, 0x9e, 0x56, 0x9e, 0x56, 0x9e, 0x56, 
    0x9f, 0x56, 0x9f, 0x56, 0x9e, 0x5e, 0x9e, 0x56, 0x7e, 0x56, 0x7e, 0x56, 
    0x7f, 0x56, 0x7e, 0x56, 0x7e, 0x56, 0x9e, 0x5e, 0x9e, 0x5e, 0x7e, 0x5e, 
    0x9e, 0x5e, 0x9e, 0x5e, 0x9e, 0x5e, 0x9e, 0x5e, 0x9e, 0x5e, 0x9e, 0x5e, 
    0x7e, 0x5e, 0x9e, 0x5e, 0x7e, 0x5e, 0x9f, 0x5e, 0x9e, 0x5e, 0x9f, 0x5e, 
    0x9e, 0x5e, 0x9e, 0x5e, 0x7e, 0x5e, 0x7e, 0x5e, 0x7e, 0x5e, 0x7e, 0x5e, 
    0x7e, 0x5e, 0x7e, 0x5e, 0x7e, 0x5e, 0x7e, 0x5e, 0x7e, 0x5e, 0x9e, 0x66, 
    0x7e, 0x66, 0x9e, 0x66, 0x7f, 0x66, 0x9f, 0x66, 0x9e, 0x6e, 0x9e, 0x6e, 
    0x7e, 0x5e, 0x7e, 0x5e, 0x7e, 0x5e, 0x7e, 0x5e, 0x7e, 0x5e, 0x9e, 0x5e, 
    0x7e, 0x56, 0x9e, 0x56, 0x9e, 0x56, 0x9f, 0x56, 0x9e, 0x56, 0x9e, 0x56, 
    0x9e, 0x56, 0x7e, 0x56, 0x7e, 0x56, 0x7e, 0x56, 0x7e, 0x56, 0x7e, 0x56, 
    0x7e, 0x56, 0x7e, 0x56, 0x9e, 0x56, 0x7e, 0x56, 0x7e, 0x56, 0x9e, 0x56, 
    0x7e, 0x56, 0x9e, 0x56, 0x9e, 0x56, 0x7e, 0x56, 0x9e, 0x56, 0x7f, 0x56, 
    0x9e, 0x56, 0x9f, 0x56, 0x9e, 0x56, 0x7e, 0x56, 0x9e, 0x56, 0x9e, 0x56, 
    0x9f, 0x56, 0x9e, 0x56, 0x9e, 0x56, 0x9e, 0x56, 0x9f, 0x56, 0x9e, 0x56, 
    0x9e, 0x56, 0x9f, 0x56, 0x9f, 0x56, 0x9e, 0x56, 0x9f, 0x56, 0x9e, 0x56, 
    0x9f, 0x56, 0x9f, 0x56, 0xbf, 0x56, 0x9f, 0x56, 0x9f, 0x56, 0x9e, 0x56, 
    0x9e, 0x56, 0x9f, 0x56, 0x9f, 0x56, 0x9f, 0x56, 0x9f, 0x56, 0x9f, 0x56, 
    0x9e, 0x56, 0x9f, 0x56, 0x9e, 0x56, 0x9e, 0x56, 0x9e, 0x56, 0x9e, 0x56, 
    0x9e, 0x56, 0x9e, 0x56, 0x9e, 0x56, 0x9e, 0x56, 0x9e, 0x56, 0x9f, 0x56, 
    0x9e, 0x56, 0x9f, 0x56, 0x9f, 0x5e, 0x9e, 0x5e, 0x9f, 0x5e, 0x9e, 0x5e, 
    0x9e, 0x5e, 0x7e, 0x5e, 0x9e, 0x5e, 0x9e, 0x5e, 0x9e, 0x5e, 0x9f, 0x5e, 
    0x9e, 0x5e, 0x9e, 0x5e, 0x9e, 0x5e, 0x9e, 0x5e, 0x7e, 0x5e, 0x7f, 0x56, 
    0x9e, 0x56, 0x9f, 0x5e, 0x9f, 0x5e, 0x9e, 0x5e, 0x9f, 0x5e, 0x9f, 0x5e, 
    0x9e, 0x5e, 0x9e, 0x5e, 0x9e, 0x5e, 0x9e, 0x5e, 0x9e, 0x5e, 0x9f, 0x56, 
    0xbe, 0x5e, 0x9f, 0x56, 0x9f, 0x56, 0x9f, 0x56, 0x9e, 0x5e, 0x9e, 0x5e, 
    0x9e, 0x5e, 0x9e, 0x5e, 0x9f, 0x5e, 0x9e, 0x5e, 0x9e, 0x5e, 0x9e, 0x5e, 
    0x9f, 0x5e, 0x9f, 0x5e, 0x9f, 0x5e, 0x9f, 0x5e, 0x9f, 0x5e, 0x9e, 0x5e, 
    0x9e, 0x5e, 0x7e, 0x5e, 0x7f, 0x5e, 0x9e, 0x5e, 0x9e, 0x5e, 0x7e, 0x5e, 
    0x7e, 0x5e, 0x9e, 0x5e, 0x9e, 0x5e, 0x9f, 0x5e, 0x9e, 0x5e, 0x9f, 0x5e, 
    0x9f, 0x56, 0x9f, 0x56, 0x9e, 0x5e, 0x9e, 0x5e, 0x9e, 0x5e, 0x7e, 0x56, 
    0x7e, 0x56, 0x7e, 0x56, 0x7e, 0x56, 0x7e, 0x56, 0x7e, 0x56, 0x9e, 0x5e, 
    0x7e, 0x5e, 0x7e, 0x56, 0x7e, 0x56, 0x7e, 0x5e, 0x5e, 0x5e, 0x5e, 0x5e, 
    0x5e, 0x5e, 0x5d, 0x5e, 0x7e, 0x5e, 0x7e, 0x5e, 0x7d, 0x5e, 0x7e, 0x5e, 
    0x7e, 0x5e, 0x7e, 0x5e, 0x7e, 0x5e, 0x7e, 0x5e, 0x9e, 0x5e, 0x9e, 0x5e, 
    0x9e, 0x66, 0x9e, 0x5e, 0x9e, 0x5e, 0x9f, 0x5e, 0x9e, 0x5e, 0x9e, 0x5e, 
    0x9f, 0x5e, 0x9f, 0x5e, 0x9f, 0x5e, 0x9f, 0x5e, 0x9e, 0x5e, 0x9e, 0x5e, 
    0x9e, 0x5e, 0x9f, 0x5e, 0x9f, 0x5e, 0x9f, 0x5e, 0x9f, 0x5e, 0x9f, 0x5e, 
    0x9f, 0x5e, 0x9f, 0x5e, 0x9e, 0x5e, 0x9f, 0x5e, 0x9f, 0x5e, 0x9f, 0x5e, 
    0x9f, 0x5e, 0x9f, 0x5e, 0x9f, 0x5e, 0x9e, 0x5e, 0xbf, 0x5e, 0x9f, 0x5e, 
    0x9f, 0x5e, 0x9f, 0x56, 0x9f, 0x56, 0x9f, 0x56, 0x9e, 0x56, 0x9e, 0x56, 
    0x9f, 0x5e, 0x9f, 0x56, 0x9f, 0x5e, 0x9e, 0x5e, 0x9e, 0x56, 0x9e, 0x56, 
    0x7e, 0x56, 0x9e, 0x56, 0x9e, 0x5e, 0x9f, 0x56, 0x9e, 0x56, 0x9f, 0x5e, 
    0x9e, 0x5e, 0x9e, 0x5e, 0x9e, 0x5e, 0x9e, 0x5e, 0x9f, 0x5e, 0x9e, 0x5e, 
    0x7e, 0x5e, 0x7e, 0x5e, 0x7e, 0x5e, 0x7e, 0x5e, 0x9e, 0x5e, 0x9e, 0x5e, 
    0x9f, 0x5e, 0x7e, 0x5e, 0x7e, 0x5e, 0x7e, 0x5e, 0x7e, 0x5e, 0x7e, 0x5e, 
    0x7e, 0x5e, 0x7e, 0x5e, 0x7e, 0x5e, 0x7e, 0x5e, 0x7e, 0x66, 0x7f, 0x66, 
    0x7e, 0x66, 0x9e, 0x66, 0x9e, 0x66, 0x9f, 0x6e, 0x9f, 0x6e, 0x9f, 0x6e, 
    0x7e, 0x5e, 0x7e, 0x5e, 0x7e, 0x5e, 0x7e, 0x5e, 0x7e, 0x5e, 0x7e, 0x5e, 
    0x9e, 0x5e, 0x9e, 0x56, 0x9e, 0x56, 0x9e, 0x56, 0x9e, 0x56, 0x9e, 0x56, 
    0x9e, 0x56, 0x9e, 0x56, 0x7e, 0x56, 0x7e, 0x56, 0x7e, 0x56, 0x9e, 0x56, 
    0x7e, 0x56, 0x7e, 0x56, 0x9e, 0x56, 0x9e, 0x56, 0x9e, 0x56, 0x9e, 0x56, 
    0x7e, 0x56, 0x9e, 0x56, 0x9e, 0x56, 0x7e, 0x56, 0x9e, 0x56, 0x9e, 0x56, 
    0x7e, 0x56, 0x9e, 0x56, 0x9e, 0x56, 0x9e, 0x56, 0x9e, 0x56, 0x9e, 0x56, 
    0x9e, 0x56, 0x9e, 0x56, 0x9e, 0x56, 0x9e, 0x56, 0x9e, 0x5e, 0x9e, 0x56, 
    0x9e, 0x56, 0x9e, 0x56, 0x9e, 0x56, 0x9e, 0x56, 0x9f, 0x56, 0xbf, 0x56, 
    0x9f, 0x56, 0x9f, 0x56, 0x9f, 0x56, 0x9e, 0x56, 0x9f, 0x56, 0x9f, 0x56, 
    0x9f, 0x56, 0x9e, 0x56, 0x9e, 0x56, 0x9f, 0x56, 0x9e, 0x56, 0x9e, 0x56, 
    0x9e, 0x56, 0x9f, 0x56, 0x9e, 0x56, 0x9e, 0x56, 0x9f, 0x56, 0x9e, 0x56, 
    0x9e, 0x56, 0x9e, 0x56, 0x9e, 0x56, 0x9e, 0x56, 0x9e, 0x56, 0x9e, 0x5e, 
    0x9f, 0x5e, 0x9e, 0x5e, 0x9e, 0x5e, 0x9e, 0x5e, 0x9e, 0x5e, 0x9e, 0x5e, 
    0x7e, 0x5e, 0x7e, 0x5e, 0x9e, 0x5e, 0x9e, 0x5e, 0x9e, 0x5e, 0x9e, 0x5e, 
    0x9e, 0x5e, 0x9e, 0x5e, 0x9e, 0x5e, 0x9e, 0x5e, 0x9e, 0x5e, 0x9e, 0x5e, 
    0x9f, 0x5e, 0x9f, 0x5e, 0x9f, 0x5e, 0x9f, 0x5e, 0x9e, 0x5e, 0x9e, 0x5e, 
    0x9e, 0x5e, 0xbf, 0x5e, 0x9f, 0x5e, 0xbe, 0x5e, 0xbf, 0x5e, 0xbe, 0x5e, 
    0x9e, 0x5e, 0x9f, 0x5e, 0x9e, 0x5e, 0x9e, 0x5e, 0x9e, 0x5e, 0x9e, 0x5e, 
    0x9e, 0x5e, 0x9e, 0x5e, 0xbe, 0x5e, 0x9e, 0x5e, 0x9e, 0x5e, 0x9e, 0x5e, 
    0x9e, 0x5e, 0x9f, 0x5e, 0x9f, 0x5e, 0x9e, 0x5e, 0x9e, 0x5e, 0x9e, 0x5e, 
    0x9e, 0x5e, 0x9e, 0x5e, 0x9e, 0x5e, 0x9e, 0x5e, 0x9e, 0x5e, 0x7e, 0x5e, 
    0x7e, 0x5e, 0x9e, 0x5e, 0x9e, 0x5e, 0x9e, 0x5e, 0x9e, 0x5e, 0x9f, 0x5e, 
    0x9e, 0x56, 0x9e, 0x5e, 0x9e, 0x5e, 0x9e, 0x56, 0x7e, 0x56, 0x9e, 0x5e, 
    0x7e, 0x56, 0x7e, 0x56, 0x7e, 0x56, 0x7e, 0x56, 0x7e, 0x5e, 0x7e, 0x5e, 
    0x7e, 0x5e, 0x7e, 0x56, 0x7e, 0x5e, 0x7d, 0x5e, 0x7d, 0x5e, 0x7e, 0x5e, 
    0x7d, 0x5e, 0x7d, 0x5e, 0x7e, 0x5e, 0x7e, 0x5e, 0x7e, 0x5e, 0x5e, 0x5e, 
    0x7e, 0x5e, 0x7e, 0x5e, 0x7e, 0x5e, 0x9e, 0x5e, 0x9e, 0x5e, 0x9e, 0x5e, 
    0x9e, 0x5e, 0x9e, 0x5e, 0x9e, 0x5e, 0x9e, 0x5e, 0x9e, 0x5e, 0x9f, 0x5e, 
    0x9f, 0x5e, 0x9f, 0x5e, 0xbf, 0x5e, 0x9f, 0x5e, 0x9e, 0x5e, 0x9f, 0x5e, 
    0x9e, 0x5e, 0x9f, 0x5e, 0x9e, 0x5e, 0x9f, 0x5e, 0x9f, 0x5e, 0x9f, 0x5e, 
    0x9f, 0x5e, 0xbf, 0x5e, 0x9f, 0x5e, 0x9f, 0x5e, 0x9f, 0x5e, 0x9f, 0x5e, 
    0x9f, 0x5e, 0x9f, 0x5e, 0x9f, 0x5e, 0xbf, 0x5e, 0x9f, 0x5e, 0x9e, 0x56, 
    0x9f, 0x5e, 0x9f, 0x5e, 0x9e, 0x5e, 0x9e, 0x56, 0x9f, 0x5e, 0x9f, 0x5e, 
    0x9f, 0x5e, 0x9e, 0x5e, 0x9f, 0x56, 0x9f, 0x5e, 0x9e, 0x56, 0x9e, 0x56, 
    0x9e, 0x56, 0x9e, 0x56, 0x9e, 0x56, 0x9e, 0x5e, 0x9e, 0x56, 0x9e, 0x5e, 
    0x9e, 0x5e, 0x9e, 0x5e, 0x9f, 0x5e, 0x9e, 0x5e, 0x9e, 0x5e, 0x9f, 0x5e, 
    0x9e, 0x5e, 0x9e, 0x5e, 0x9e, 0x5e, 0x7e, 0x5e, 0x7e, 0x5e, 0x9e, 0x5e, 
    0x7e, 0x5e, 0x7e, 0x5e, 0x7e, 0x5e, 0x7e, 0x5e, 0x7e, 0x5e, 0x7e, 0x5e, 
    0x7e, 0x5e, 0x7e, 0x5e, 0x7e, 0x5e, 0x7e, 0x66, 0x7e, 0x66, 0x7e, 0x66, 
    0x7e, 0x66, 0x7f, 0x6e, 0x9e, 0x6e, 0x9e, 0x76, 0xbf, 0x76, 0xbf, 0x7e, 
    0x7e, 0x66, 0x7e, 0x5e, 0x7e, 0x5e, 0x7e, 0x5e, 0x9e, 0x5e, 0x9e, 0x5e, 
    0x9e, 0x5e, 0x9e, 0x5e, 0x9e, 0x5e, 0x9e, 0x56, 0x9e, 0x56, 0x9e, 0x56, 
    0x9e, 0x56, 0x9e, 0x56, 0x9e, 0x56, 0x9e, 0x56, 0x7e, 0x56, 0x9e, 0x56, 
    0x7e, 0x56, 0x9e, 0x56, 0x9e, 0x56, 0x9e, 0x56, 0x9e, 0x56, 0x9e, 0x56, 
    0x7e, 0x56, 0x9e, 0x56, 0x9e, 0x56, 0x7e, 0x56, 0x9e, 0x56, 0x9e, 0x56, 
    0x7e, 0x56, 0x7e, 0x56, 0x9e, 0x56, 0x9e, 0x56, 0x9e, 0x56, 0x9e, 0x56, 
    0x9e, 0x5e, 0x9e, 0x56, 0x9e, 0x56, 0x9e, 0x56, 0x9e, 0x56, 0x9e, 0x56, 
    0x9e, 0x56, 0x9f, 0x56, 0x9e, 0x56, 0x9e, 0x56, 0x9e, 0x56, 0x9f, 0x56, 
    0xbe, 0x56, 0x9f, 0x56, 0x9f, 0x56, 0x9f, 0x56, 0x9f, 0x56, 0x9f, 0x56, 
    0x9f, 0x56, 0x9e, 0x56, 0x9e, 0x56, 0x9e, 0x56, 0x9f, 0x56, 0x9e, 0x56, 
    0x9f, 0x56, 0x9e, 0x56, 0x9f, 0x56, 0x9e, 0x56, 0x9e, 0x56, 0x9f, 0x56, 
    0x9e, 0x56, 0x9f, 0x56, 0x9e, 0x56, 0x9e, 0x5e, 0x9e, 0x5e, 0x9e, 0x5e, 
    0x9e, 0x5e, 0x9f, 0x5e, 0x9e, 0x5e, 0x9e, 0x5e, 0x9e, 0x5e, 0x9e, 0x5e, 
    0x9e, 0x5e, 0x9e, 0x5e, 0x9e, 0x5e, 0x9e, 0x5e, 0x9f, 0x5e, 0x9e, 0x5e, 
    0x9f, 0x5e, 0x9e, 0x5e, 0x9e, 0x5e, 0x9e, 0x5e, 0x9e, 0x5e, 0x9e, 0x5e, 
    0x9f, 0x5e, 0x9f, 0x5e, 0x9f, 0x5e, 0x9f, 0x5e, 0x9f, 0x5e, 0x9e, 0x5e, 
    0x9f, 0x5e, 0x9f, 0x5e, 0x9e, 0x5e, 0x9f, 0x5e, 0x9e, 0x5e, 0xbe, 0x5e, 
    0x9e, 0x5e, 0x9e, 0x5e, 0x9f, 0x5e, 0x9e, 0x5e, 0x9e, 0x5e, 0x9e, 0x5e, 
    0x9e, 0x5e, 0x9e, 0x5e, 0x9e, 0x5e, 0x9e, 0x5e, 0x9e, 0x5e, 0x9e, 0x5e, 
    0x9e, 0x5e, 0x9e, 0x5e, 0x9f, 0x5e, 0x9f, 0x5e, 0x9e, 0x5e, 0x9e, 0x5e, 
    0xbe, 0x5e, 0x9f, 0x5e, 0x9e, 0x5e, 0x9e, 0x5e, 0x9e, 0x5e, 0x7e, 0x5e, 
    0x7e, 0x5e, 0x9e, 0x5e, 0x9e, 0x5e, 0x9e, 0x5e, 0x9e, 0x5e, 0x9e, 0x5e, 
    0x9f, 0x5e, 0x9f, 0x5e, 0x9f, 0x56, 0x9e, 0x56, 0x9e, 0x5e, 0x9e, 0x56, 
    0x9e, 0x5e, 0x7e, 0x56, 0x7e, 0x56, 0x7e, 0x56, 0x7e, 0x5e, 0x7e, 0x5e, 
    0x7e, 0x5e, 0x7e, 0x5e, 0x7e, 0x5e, 0x7e, 0x5e, 0x7e, 0x5e, 0x7e, 0x5e, 
    0x7d, 0x5e, 0x7e, 0x5e, 0x7e, 0x5e, 0x7e, 0x5e, 0x7e, 0x5e, 0x7e, 0x5e, 
    0x7e, 0x5e, 0x7e, 0x5e, 0x7e, 0x5e, 0x9e, 0x5e, 0x9e, 0x5e, 0x9f, 0x66, 
    0x9e, 0x5e, 0x9e, 0x5e, 0x9e, 0x66, 0x9e, 0x5e, 0x9f, 0x5e, 0x9e, 0x5e, 
    0x9f, 0x5e, 0xbf, 0x5e, 0xbf, 0x5e, 0x9f, 0x5e, 0x9f, 0x5e, 0x9f, 0x5e, 
    0x9f, 0x5e, 0x9e, 0x5e, 0x9f, 0x5e, 0x9f, 0x5e, 0x9f, 0x5e, 0x9f, 0x5e, 
    0x9f, 0x66, 0x9f, 0x5e, 0x9f, 0x66, 0x9f, 0x5e, 0x9f, 0x5e, 0x9f, 0x5e, 
    0x9f, 0x5e, 0x9f, 0x5e, 0x9f, 0x5e, 0x9f, 0x5e, 0x9e, 0x5e, 0x9f, 0x5e, 
    0x9f, 0x5e, 0x9f, 0x5e, 0x9e, 0x5e, 0x9e, 0x5e, 0x9e, 0x5e, 0x9f, 0x5e, 
    0x9f, 0x5e, 0x9f, 0x5e, 0x9f, 0x5e, 0x9f, 0x5e, 0x9e, 0x56, 0x9e, 0x56, 
    0x9e, 0x5e, 0x9e, 0x5e, 0x9e, 0x5e, 0x9f, 0x5e, 0x9e, 0x56, 0x9e, 0x5e, 
    0x9f, 0x5e, 0x9e, 0x5e, 0x9f, 0x5e, 0x9f, 0x5e, 0x9e, 0x5e, 0x9f, 0x5e, 
    0x9e, 0x5e, 0x7e, 0x5e, 0x7e, 0x5e, 0x7e, 0x5e, 0x9e, 0x5e, 0x9e, 0x5e, 
    0x7e, 0x5e, 0x7e, 0x5e, 0x7e, 0x5e, 0x7e, 0x5e, 0x7d, 0x5e, 0x7e, 0x5e, 
    0x7e, 0x5e, 0x7e, 0x5e, 0x7e, 0x66, 0x7e, 0x66, 0x7e, 0x66, 0x7e, 0x66, 
    0x9e, 0x6e, 0x9f, 0x6e, 0x9f, 0x76, 0xbf, 0x7e, 0xff, 0x9e, 0x5f, 0xcf, 
    0x9e, 0x66, 0x9e, 0x66, 0x9e, 0x66, 0x9e, 0x66, 0x9e, 0x5e, 0x9e, 0x5e, 
    0x9e, 0x5e, 0x9e, 0x5e, 0x9e, 0x5e, 0x9e, 0x56, 0x9e, 0x5e, 0x9f, 0x56, 
    0x9e, 0x56, 0x9e, 0x56, 0x9e, 0x56, 0x9e, 0x56, 0x9e, 0x56, 0x9e, 0x56, 
    0x9e, 0x56, 0x9e, 0x56, 0x9e, 0x56, 0x9e, 0x56, 0x9e, 0x56, 0x9e, 0x56, 
    0x9e, 0x56, 0x9e, 0x56, 0x7e, 0x56, 0x9e, 0x56, 0x9e, 0x56, 0x7e, 0x56, 
    0x7e, 0x56, 0x7e, 0x56, 0x7e, 0x56, 0x9e, 0x5e, 0x9e, 0x56, 0x9e, 0x56, 
    0x9e, 0x56, 0x9e, 0x56, 0x9e, 0x5e, 0x9e, 0x56, 0x9e, 0x56, 0x9e, 0x56, 
    0x9f, 0x56, 0x9e, 0x56, 0x9f, 0x56, 0x9f, 0x56, 0x9f, 0x56, 0x9f, 0x56, 
    0x9f, 0x56, 0xbe, 0x56, 0x9f, 0x56, 0x9e, 0x56, 0x9f, 0x56, 0x9e, 0x56, 
    0x9e, 0x56, 0x9e, 0x56, 0x9f, 0x56, 0x9e, 0x56, 0x9e, 0x56, 0x9f, 0x56, 
    0x9f, 0x56, 0x9f, 0x56, 0x9f, 0x56, 0x9f, 0x56, 0x9e, 0x56, 0x9e, 0x56, 
    0x9e, 0x5e, 0x9f, 0x5e, 0x9e, 0x5e, 0x9e, 0x5e, 0x9e, 0x5e, 0x9e, 0x5e, 
    0x9e, 0x5e, 0x9e, 0x5e, 0x9e, 0x5e, 0x9e, 0x5e, 0x9e, 0x5e, 0x9e, 0x5e, 
    0x9e, 0x5e, 0x9e, 0x5e, 0x9f, 0x5e, 0xbe, 0x5e, 0x9f, 0x5e, 0x9e, 0x5e, 
    0x9f, 0x5e, 0x9f, 0x5e, 0x9e, 0x5e, 0x9e, 0x5e, 0x9e, 0x5e, 0x9f, 0x5e, 
    0x9e, 0x5e, 0x9f, 0x5e, 0x9e, 0x5e, 0x9f, 0x5e, 0x9e, 0x5e, 0x9f, 0x5e, 
    0x9e, 0x5e, 0x9e, 0x5e, 0x9e, 0x5e, 0x9f, 0x5e, 0x9f, 0x5e, 0xbe, 0x5e, 
    0x9e, 0x5e, 0x9e, 0x5e, 0x9e, 0x5e, 0x9e, 0x5e, 0x9e, 0x5e, 0x9e, 0x5e, 
    0x9e, 0x5e, 0x9e, 0x5e, 0x9e, 0x5e, 0x9e, 0x5e, 0x9e, 0x5e, 0x9e, 0x5e, 
    0x9e, 0x5e, 0x9f, 0x5e, 0x9e, 0x5e, 0x9e, 0x5e, 0x9f, 0x5e, 0x9e, 0x5e, 
    0x9e, 0x5e, 0x9e, 0x5e, 0x9e, 0x5e, 0x9e, 0x5e, 0x9e, 0x5e, 0x9e, 0x5e, 
    0x9e, 0x5e, 0x7e, 0x5e, 0x9e, 0x5e, 0x9e, 0x5e, 0x9e, 0x5e, 0x9e, 0x5e, 
    0xbe, 0x5e, 0x9f, 0x5e, 0x9e, 0x56, 0x9e, 0x56, 0x9e, 0x56, 0x9e, 0x56, 
    0x9e, 0x56, 0x9e, 0x56, 0x9e, 0x5e, 0x7e, 0x5e, 0x7e, 0x5e, 0x7e, 0x5e, 
    0x7e, 0x5e, 0x7e, 0x5e, 0x9e, 0x5e, 0x7e, 0x5e, 0x7e, 0x5e, 0x7e, 0x5e, 
    0x7e, 0x5e, 0x7e, 0x5e, 0x7e, 0x5e, 0x7e, 0x5e, 0x7e, 0x5e, 0x7e, 0x5e, 
    0x7e, 0x5e, 0x7e, 0x5e, 0x9e, 0x5e, 0x9f, 0x5e, 0x9e, 0x5e, 0x9e, 0x5e, 
    0x9e, 0x5e, 0x9e, 0x66, 0x9e, 0x66, 0x9f, 0x5e, 0x9f, 0x5e, 0x9f, 0x5e, 
    0xbf, 0x5e, 0x9f, 0x5e, 0xbe, 0x5e, 0x9f, 0x5e, 0x9e, 0x5e, 0x9f, 0x5e, 
    0x9f, 0x5e, 0x9e, 0x5e, 0x9e, 0x5e, 0x9f, 0x5e, 0x9f, 0x5e, 0x9e, 0x5e, 
    0x9f, 0x66, 0x9e, 0x5e, 0x9f, 0x5e, 0x9e, 0x5e, 0x9f, 0x5e, 0x9e, 0x5e, 
    0x9f, 0x5e, 0x9e, 0x5e, 0x9f, 0x5e, 0x9f, 0x5e, 0x9e, 0x5e, 0x9e, 0x5e, 
    0x9f, 0x5e, 0x9f, 0x5e, 0x9e, 0x5e, 0x9f, 0x5e, 0x9e, 0x5e, 0x9f, 0x5e, 
    0x9e, 0x5e, 0x9f, 0x5e, 0x9e, 0x5e, 0x9f, 0x5e, 0x9e, 0x5e, 0x9e, 0x5e, 
    0x9f, 0x5e, 0x9e, 0x5e, 0x9e, 0x5e, 0x9f, 0x5e, 0x9f, 0x5e, 0x9f, 0x5e, 
    0x9f, 0x5e, 0x9f, 0x5e, 0x9f, 0x5e, 0x9f, 0x5e, 0x9e, 0x5e, 0x9e, 0x5e, 
    0x9e, 0x5e, 0x9e, 0x5e, 0x7e, 0x5e, 0x7e, 0x5e, 0x7e, 0x5e, 0x9e, 0x5e, 
    0x7e, 0x5e, 0x7e, 0x5e, 0x7e, 0x5e, 0x7e, 0x5e, 0x7e, 0x5e, 0x7d, 0x5e, 
    0x7e, 0x5e, 0x7d, 0x5e, 0x7e, 0x66, 0x7e, 0x66, 0x7e, 0x66, 0x9e, 0x66, 
    0x9f, 0x6e, 0x9f, 0x76, 0xff, 0x8e, 0x7f, 0xd7, 0x9f, 0xe7, 0x9e, 0xe7, 
    0x9e, 0x6e, 0x9e, 0x66, 0x9e, 0x66, 0x9e, 0x66, 0x9e, 0x66, 0x9e, 0x66, 
    0x9e, 0x5e, 0x9e, 0x5e, 0x9e, 0x5e, 0x9e, 0x5e, 0x9e, 0x5e, 0x9e, 0x5e, 
    0x9e, 0x56, 0x9f, 0x56, 0x9e, 0x56, 0x9e, 0x56, 0x9e, 0x56, 0x9e, 0x56, 
    0x9e, 0x56, 0x9e, 0x56, 0x9e, 0x56, 0x9e, 0x56, 0x9e, 0x56, 0x9e, 0x56, 
    0x9e, 0x56, 0x9e, 0x56, 0x9e, 0x5e, 0x7e, 0x5e, 0x7e, 0x5e, 0x7e, 0x5e, 
    0x7e, 0x5e, 0x9e, 0x5e, 0x9e, 0x5e, 0x9e, 0x56, 0x9e, 0x5e, 0x9e, 0x5e, 
    0x9e, 0x5e, 0x9e, 0x5e, 0x9e, 0x5e, 0x9e, 0x5e, 0x9e, 0x56, 0x9e, 0x5e, 
    0x9f, 0x56, 0x9f, 0x56, 0x9f, 0x56, 0x9f, 0x56, 0x9e, 0x56, 0xbf, 0x5e, 
    0x9e, 0x56, 0x9e, 0x56, 0x9f, 0x56, 0x9e, 0x56, 0x9e, 0x5e, 0x9e, 0x5e, 
    0x9e, 0x5e, 0x9e, 0x5e, 0x9e, 0x56, 0x9e, 0x56, 0x9f, 0x56, 0x9f, 0x56, 
    0x9f, 0x5e, 0x9f, 0x5e, 0x9f, 0x5e, 0x9e, 0x5e, 0x9e, 0x5e, 0x9e, 0x5e, 
    0x9e, 0x5e, 0x9f, 0x5e, 0x9e, 0x5e, 0x9e, 0x5e, 0x9e, 0x5e, 0xbe, 0x5e, 
    0x9e, 0x5e, 0x9e, 0x5e, 0x9e, 0x5e, 0x9e, 0x5e, 0x9e, 0x5e, 0x9f, 0x5e, 
    0x9e, 0x5e, 0x9e, 0x5e, 0x9e, 0x5e, 0x9e, 0x5e, 0x9e, 0x5e, 0x9f, 0x5e, 
    0xbe, 0x5e, 0x9e, 0x5e, 0x9f, 0x5e, 0x9e, 0x5e, 0x9e, 0x5e, 0x9e, 0x5e, 
    0x9e, 0x5e, 0x9e, 0x5e, 0x9e, 0x5e, 0x9e, 0x5e, 0x9e, 0x5e, 0x9f, 0x5e, 
    0x9e, 0x5e, 0x9e, 0x5e, 0x9f, 0x5e, 0x9e, 0x5e, 0x9e, 0x5e, 0x9f, 0x5e, 
    0x9f, 0x5e, 0x9e, 0x5e, 0x9e, 0x5e, 0x9e, 0x5e, 0x9e, 0x5e, 0x9e, 0x5e, 
    0x9e, 0x5e, 0x9e, 0x5e, 0x9e, 0x5e, 0x9e, 0x5e, 0x9e, 0x5e, 0x9e, 0x5e, 
    0x9e, 0x5e, 0x9e, 0x5e, 0x9e, 0x5e, 0x9f, 0x5e, 0x9e, 0x5e, 0x9e, 0x5e, 
    0x9e, 0x5e, 0x9f, 0x5e, 0x9e, 0x5e, 0x9e, 0x5e, 0x9e, 0x5e, 0x7e, 0x5e, 
    0x9e, 0x5e, 0x7e, 0x5e, 0x9e, 0x5e, 0x9e, 0x5e, 0x9e, 0x5e, 0x9f, 0x5e, 
    0x9f, 0x5e, 0x9e, 0x5e, 0x9e, 0x5e, 0x9e, 0x56, 0x9f, 0x56, 0x9e, 0x5e, 
    0x9e, 0x5e, 0x9e, 0x5e, 0x9e, 0x5e, 0x7e, 0x5e, 0x7e, 0x5e, 0x9e, 0x5e, 
    0x9e, 0x5e, 0x9e, 0x5e, 0x9e, 0x5e, 0x7e, 0x5e, 0x9e, 0x5e, 0x9e, 0x5e, 
    0x9e, 0x5e, 0x9e, 0x5e, 0x7e, 0x5e, 0x9e, 0x5e, 0x7e, 0x5e, 0x9e, 0x5e, 
    0x9e, 0x5e, 0x9f, 0x5e, 0x9e, 0x5e, 0x9e, 0x5e, 0x9e, 0x5e, 0x9e, 0x5e, 
    0x9f, 0x5e, 0x9f, 0x66, 0x9e, 0x5e, 0x9e, 0x66, 0x9f, 0x66, 0x9f, 0x5e, 
    0xbf, 0x5e, 0xbf, 0x5e, 0xbf, 0x5e, 0xbf, 0x5e, 0x9f, 0x5e, 0x9e, 0x5e, 
    0x9e, 0x5e, 0x9f, 0x5e, 0x9e, 0x5e, 0x9e, 0x5e, 0x9e, 0x5e, 0x9e, 0x5e, 
    0x9e, 0x5e, 0xbf, 0x66, 0x9e, 0x5e, 0xbf, 0x5e, 0x9f, 0x5e, 0x9e, 0x5e, 
    0x9e, 0x5e, 0xbf, 0x5e, 0x9e, 0x5e, 0x9e, 0x5e, 0x9f, 0x5e, 0x9f, 0x5e, 
    0x9e, 0x5e, 0x9e, 0x5e, 0x9e, 0x5e, 0x9e, 0x5e, 0x9e, 0x5e, 0x9e, 0x5e, 
    0x9e, 0x5e, 0x9e, 0x5e, 0x9f, 0x5e, 0x9e, 0x5e, 0x7e, 0x5e, 0x9e, 0x5e, 
    0x9e, 0x5e, 0x9e, 0x5e, 0x9f, 0x5e, 0x9e, 0x5e, 0x9f, 0x5e, 0x9f, 0x5e, 
    0x9f, 0x5e, 0xbf, 0x5e, 0x9f, 0x5e, 0x9e, 0x5e, 0x9e, 0x5e, 0x9e, 0x5e, 
    0x9e, 0x5e, 0x7e, 0x5e, 0x7e, 0x5e, 0x7e, 0x5e, 0x7e, 0x5e, 0x7e, 0x5e, 
    0x7d, 0x5e, 0x7e, 0x5e, 0x7e, 0x5e, 0x7e, 0x5e, 0x7d, 0x5e, 0x7d, 0x5e, 
    0x7d, 0x5e, 0x7e, 0x66, 0x7e, 0x66, 0x7e, 0x66, 0x9e, 0x6e, 0x9f, 0x6e, 
    0xbf, 0x76, 0xdf, 0x86, 0x7f, 0xd7, 0x9f, 0xe7, 0x9e, 0xe7, 0x9e, 0xe7, 
    0x9e, 0x6e, 0x9e, 0x6e, 0x9e, 0x66, 0x9e, 0x66, 0x9e, 0x66, 0x9e, 0x66, 
    0x9e, 0x66, 0x9e, 0x5e, 0x9e, 0x5e, 0x9e, 0x5e, 0x9e, 0x5e, 0x9e, 0x5e, 
    0x9e, 0x5e, 0x9e, 0x56, 0x9e, 0x56, 0x9f, 0x56, 0x9e, 0x56, 0x9e, 0x56, 
    0x9e, 0x56, 0x9e, 0x56, 0x9e, 0x56, 0x9e, 0x56, 0x9e, 0x56, 0x9e, 0x56, 
    0x9e, 0x56, 0x9e, 0x56, 0x7e, 0x5e, 0x7e, 0x5e, 0x7e, 0x5e, 0x7e, 0x5e, 
    0x7e, 0x5e, 0x9e, 0x5e, 0x9e, 0x5e, 0x9e, 0x5e, 0x9f, 0x5e, 0x9e, 0x5e, 
    0x9e, 0x5e, 0x9e, 0x5e, 0x9e, 0x5e, 0x9e, 0x56, 0x7e, 0x56, 0x9e, 0x56, 
    0x9e, 0x56, 0x9e, 0x56, 0x9f, 0x5e, 0x9f, 0x5e, 0xbe, 0x5e, 0xbf, 0x5e, 
    0xbf, 0x5e, 0x9f, 0x5e, 0x9e, 0x5e, 0x9e, 0x5e, 0x9f, 0x5e, 0x9e, 0x5e, 
    0x9e, 0x5e, 0x9e, 0x5e, 0x9e, 0x5e, 0x9f, 0x56, 0x9f, 0x56, 0x9e, 0x5e, 
    0x9f, 0x5e, 0xbe, 0x5e, 0x9f, 0x5e, 0x9e, 0x5e, 0x9e, 0x5e, 0x9e, 0x5e, 
    0x9e, 0x5e, 0x9f, 0x5e, 0x9e, 0x5e, 0x9e, 0x5e, 0x9e, 0x5e, 0x9e, 0x5e, 
    0xbe, 0x5e, 0x9e, 0x5e, 0xbe, 0x5e, 0x9e, 0x5e, 0x9e, 0x5e, 0x9e, 0x5e, 
    0x9e, 0x5e, 0x9f, 0x5e, 0xbe, 0x5e, 0x9e, 0x5e, 0x9e, 0x5e, 0xbe, 0x5e, 
    0x9e, 0x5e, 0x9f, 0x5e, 0x9e, 0x5e, 0x9f, 0x5e, 0x9e, 0x66, 0x9e, 0x5e, 
    0x9e, 0x5e, 0x9e, 0x5e, 0x9e, 0x5e, 0x9e, 0x5e, 0x9f, 0x5e, 0x9e, 0x5e, 
    0x9e, 0x5e, 0x9f, 0x5e, 0x9e, 0x5e, 0x9e, 0x5e, 0x9e, 0x5e, 0x9e, 0x5e, 
    0x9e, 0x66, 0x9e, 0x5e, 0x9e, 0x5e, 0x9e, 0x5e, 0x9e, 0x5e, 0x9e, 0x5e, 
    0x9e, 0x5e, 0x9e, 0x5e, 0x9e, 0x5e, 0x9e, 0x5e, 0x9e, 0x5e, 0x9e, 0x5e, 
    0x9e, 0x5e, 0x9e, 0x5e, 0x9e, 0x5e, 0x9e, 0x5e, 0x9e, 0x5e, 0x9f, 0x5e, 
    0x9e, 0x5e, 0x9e, 0x5e, 0x9e, 0x5e, 0x9e, 0x5e, 0x9e, 0x5e, 0x9e, 0x5e, 
    0x9e, 0x5e, 0x7e, 0x5e, 0x7e, 0x5e, 0x9f, 0x5e, 0x9e, 0x5e, 0x9f, 0x5e, 
    0x9e, 0x5e, 0x9e, 0x5e, 0x9f, 0x5e, 0xbe, 0x5e, 0x9e, 0x5e, 0x9e, 0x5e, 
    0x9e, 0x5e, 0x9e, 0x5e, 0x9e, 0x5e, 0x7e, 0x5e, 0x9e, 0x5e, 0x9e, 0x5e, 
    0x9e, 0x5e, 0x9e, 0x5e, 0x9e, 0x5e, 0x9e, 0x5e, 0x9e, 0x5e, 0x9e, 0x5e, 
    0x9e, 0x5e, 0x9e, 0x5e, 0x9e, 0x66, 0x9e, 0x66, 0x9e, 0x5e, 0x9e, 0x5e, 
    0x9f, 0x5e, 0x9e, 0x5e, 0x9e, 0x5e, 0x9e, 0x5e, 0x9e, 0x5e, 0x9e, 0x66, 
    0x9e, 0x66, 0x9e, 0x5e, 0x9f, 0x66, 0x9f, 0x66, 0x9e, 0x66, 0xbf, 0x5e, 
    0xbf, 0x5e, 0xbf, 0x5e, 0xbf, 0x5e, 0xbf, 0x5e, 0xbf, 0x5e, 0x9f, 0x5e, 
    0x9e, 0x5e, 0x9e, 0x5e, 0x9e, 0x5e, 0x9e, 0x5e, 0x9e, 0x5e, 0x9e, 0x5e, 
    0x9e, 0x66, 0x9e, 0x5e, 0x9e, 0x66, 0x9f, 0x5e, 0x9f, 0x5e, 0x9e, 0x5e, 
    0x9f, 0x5e, 0xbf, 0x5e, 0x9f, 0x5e, 0x9f, 0x5e, 0x9f, 0x5e, 0x9f, 0x5e, 
    0x9e, 0x5e, 0x9e, 0x5e, 0x9e, 0x5e, 0x9e, 0x5e, 0x9e, 0x5e, 0x9e, 0x5e, 
    0x9e, 0x5e, 0x9f, 0x5e, 0x9e, 0x5e, 0x9e, 0x5e, 0x9e, 0x5e, 0x9e, 0x5e, 
    0x9e, 0x5e, 0x9e, 0x5e, 0x9e, 0x5e, 0x9f, 0x5e, 0x9f, 0x5e, 0x9e, 0x5e, 
    0x9f, 0x5e, 0x9f, 0x5e, 0x9f, 0x5e, 0x9e, 0x5e, 0x9e, 0x5e, 0x9e, 0x5e, 
    0x7e, 0x5e, 0x7e, 0x5e, 0x7e, 0x5e, 0x7e, 0x5e, 0x7e, 0x5e, 0x7e, 0x5e, 
    0x7d, 0x5e, 0x7e, 0x5e, 0x7d, 0x5e, 0x7e, 0x5e, 0x7d, 0x5e, 0x7e, 0x5e, 
    0x7d, 0x66, 0x7e, 0x66, 0x7e, 0x66, 0x9e, 0x66, 0xbe, 0x6e, 0xbf, 0x76, 
    0xff, 0x8e, 0x7f, 0xcf, 0xbe, 0xe7, 0x9e, 0xe7, 0x9e, 0xdf, 0x9e, 0xdf, 
    0xbe, 0x76, 0x9e, 0x6e, 0x9e, 0x6e, 0x9e, 0x66, 0x9e, 0x66, 0x9e, 0x66, 
    0x9e, 0x66, 0x9e, 0x5e, 0x9e, 0x5e, 0x9f, 0x5e, 0x9e, 0x5e, 0x9e, 0x5e, 
    0x9e, 0x5e, 0x9e, 0x5e, 0x9e, 0x56, 0x9f, 0x56, 0x9e, 0x56, 0x9e, 0x56, 
    0x9e, 0x56, 0x9e, 0x56, 0x9e, 0x56, 0x9e, 0x56, 0x9e, 0x56, 0x9e, 0x56, 
    0x9e, 0x56, 0x9e, 0x56, 0x7e, 0x5e, 0x9e, 0x5e, 0x7e, 0x5e, 0x7e, 0x5e, 
    0x7e, 0x5e, 0x9e, 0x5e, 0x9e, 0x5e, 0x9f, 0x5e, 0x9e, 0x5e, 0x9e, 0x5e, 
    0x9e, 0x5e, 0x9e, 0x5e, 0x9e, 0x5e, 0x9e, 0x5e, 0x9e, 0x56, 0x9f, 0x56, 
    0x9e, 0x56, 0x9f, 0x5e, 0x9f, 0x5e, 0x9f, 0x5e, 0xbf, 0x5e, 0xbe, 0x5e, 
    0xbf, 0x5e, 0xbe, 0x5e, 0xbf, 0x5e, 0x9f, 0x5e, 0x9f, 0x5e, 0x9f, 0x5e, 
    0x9e, 0x5e, 0x9e, 0x5e, 0x9f, 0x5e, 0x9f, 0x5e, 0x9f, 0x5e, 0xbf, 0x5e, 
    0xbf, 0x5e, 0xbf, 0x5e, 0xbe, 0x5e, 0x9f, 0x5e, 0x9e, 0x5e, 0xbf, 0x5e, 
    0xbe, 0x5e, 0x9e, 0x5e, 0x9f, 0x5e, 0xbe, 0x5e, 0xbf, 0x5e, 0xbf, 0x5e, 
    0xbf, 0x5e, 0x9e, 0x5e, 0x9e, 0x5e, 0x9f, 0x5e, 0x9e, 0x5e, 0x9e, 0x5e, 
    0x9f, 0x5e, 0x9e, 0x5e, 0x9f, 0x5e, 0x9e, 0x5e, 0x9e, 0x5e, 0x9f, 0x5e, 
    0xbe, 0x5e, 0x9f, 0x5e, 0xbf, 0x5e, 0x9f, 0x5e, 0x9e, 0x66, 0x9e, 0x66, 
    0x9e, 0x66, 0x9e, 0x66, 0x9e, 0x5e, 0x9e, 0x5e, 0x9e, 0x5e, 0x9e, 0x5e, 
    0x9e, 0x5e, 0x9e, 0x5e, 0x9f, 0x5e, 0x9e, 0x5e, 0x9f, 0x5e, 0x9e, 0x5e, 
    0x9e, 0x66, 0x9e, 0x5e, 0x9e, 0x5e, 0x9e, 0x5e, 0x9e, 0x5e, 0x9e, 0x5e, 
    0x9e, 0x5e, 0x9e, 0x5e, 0xbf, 0x5e, 0x9e, 0x5e, 0x9e, 0x5e, 0x9f, 0x5e, 
    0x9e, 0x5e, 0x9f, 0x5e, 0x9e, 0x5e, 0x9e, 0x5e, 0xbe, 0x5e, 0x9f, 0x5e, 
    0xbe, 0x5e, 0x9e, 0x5e, 0x9f, 0x5e, 0x9e, 0x5e, 0x9e, 0x5e, 0x9e, 0x5e, 
    0x9e, 0x5e, 0x9e, 0x5e, 0x9e, 0x5e, 0x9e, 0x5e, 0x9f, 0x5e, 0x9e, 0x5e, 
    0x9f, 0x5e, 0x9e, 0x5e, 0x9f, 0x5e, 0xbe, 0x5e, 0xbe, 0x5e, 0x9f, 0x5e, 
    0x9e, 0x5e, 0x9e, 0x5e, 0x9e, 0x5e, 0x9e, 0x5e, 0x9e, 0x5e, 0x9e, 0x5e, 
    0x9e, 0x5e, 0x9e, 0x5e, 0x9e, 0x5e, 0x9e, 0x5e, 0x9e, 0x5e, 0x9f, 0x66, 
    0x9e, 0x5e, 0x9e, 0x5e, 0x9f, 0x66, 0x9e, 0x5e, 0x9f, 0x66, 0x9f, 0x66, 
    0x9e, 0x5e, 0x9f, 0x5e, 0x9e, 0x5e, 0x9e, 0x66, 0x9e, 0x66, 0x9e, 0x66, 
    0x9e, 0x5e, 0x9f, 0x66, 0x9f, 0x66, 0xbe, 0x5e, 0xbf, 0x66, 0x9f, 0x5e, 
    0x9e, 0x5e, 0x9f, 0x5e, 0xbf, 0x5e, 0x9f, 0x5e, 0xbf, 0x5e, 0x9e, 0x5e, 
    0x9f, 0x5e, 0x9e, 0x5e, 0x9e, 0x5e, 0x9e, 0x5e, 0x9f, 0x5e, 0x9e, 0x5e, 
    0x9e, 0x66, 0x9e, 0x5e, 0x9f, 0x5e, 0xbe, 0x5e, 0x9f, 0x5e, 0x9e, 0x5e, 
    0x9e, 0x5e, 0x9f, 0x5e, 0xbe, 0x5e, 0xbf, 0x5e, 0x9e, 0x5e, 0x9e, 0x5e, 
    0x9f, 0x5e, 0x9f, 0x5e, 0x9e, 0x5e, 0x9e, 0x5e, 0x9e, 0x5e, 0x9e, 0x5e, 
    0x9e, 0x5e, 0x9e, 0x5e, 0x9e, 0x5e, 0x9e, 0x5e, 0x7e, 0x5e, 0x9e, 0x5e, 
    0x7e, 0x5e, 0x9e, 0x5e, 0x9e, 0x5e, 0x9e, 0x5e, 0x9f, 0x5e, 0xbe, 0x5e, 
    0x9e, 0x5e, 0x9f, 0x5e, 0x9e, 0x5e, 0x9e, 0x5e, 0x9e, 0x5e, 0x9e, 0x5e, 
    0x7e, 0x5e, 0x7e, 0x5e, 0x7e, 0x5e, 0x7e, 0x5e, 0x7e, 0x5e, 0x7e, 0x5e, 
    0x7d, 0x5e, 0x7e, 0x5e, 0x7d, 0x5e, 0x7d, 0x66, 0x7e, 0x66, 0x7d, 0x66, 
    0x7e, 0x66, 0x7e, 0x66, 0x9e, 0x66, 0x9e, 0x6e, 0xbf, 0x7e, 0x1f, 0x9f, 
    0x9f, 0xc7, 0xbf, 0xe7, 0x9e, 0xe7, 0x9e, 0xdf, 0x9e, 0xdf, 0x9e, 0xdf, 
    0xbe, 0x7e, 0xbe, 0x76, 0x9e, 0x6e, 0x9e, 0x66, 0x9e, 0x66, 0x9e, 0x66, 
    0x9e, 0x66, 0x9e, 0x66, 0x9e, 0x5e, 0x9e, 0x5e, 0x9e, 0x5e, 0x9e, 0x5e, 
    0x9e, 0x5e, 0x9e, 0x5e, 0x9e, 0x5e, 0x9e, 0x5e, 0x9e, 0x5e, 0x9e, 0x56, 
    0x9e, 0x56, 0x9e, 0x56, 0x9e, 0x56, 0x9e, 0x56, 0x9f, 0x56, 0x9e, 0x56, 
    0x9e, 0x56, 0x9e, 0x5e, 0x9e, 0x5e, 0x7e, 0x5e, 0x7e, 0x5e, 0x7e, 0x5e, 
    0x9e, 0x5e, 0x9e, 0x5e, 0x9e, 0x5e, 0x9e, 0x5e, 0x9f, 0x5e, 0x9f, 0x5e, 
    0x9e, 0x5e, 0x9f, 0x5e, 0x9e, 0x5e, 0x9e, 0x5e, 0x9e, 0x5e, 0x9e, 0x5e, 
    0x9f, 0x56, 0x9f, 0x5e, 0x9f, 0x5e, 0x9f, 0x5e, 0xbf, 0x5e, 0x9f, 0x5e, 
    0xbf, 0x5e, 0xbf, 0x5e, 0x9f, 0x5e, 0x9f, 0x5e, 0x9f, 0x5e, 0xbe, 0x5e, 
    0xbe, 0x5e, 0xbe, 0x5e, 0xbf, 0x5e, 0x9f, 0x5e, 0xbf, 0x5e, 0xbf, 0x5e, 
    0xbf, 0x5e, 0xbf, 0x5e, 0x9e, 0x5e, 0x9e, 0x5e, 0x9e, 0x5e, 0x9e, 0x5e, 
    0xbe, 0x5e, 0x9e, 0x5e, 0x9e, 0x5e, 0x9e, 0x5e, 0xbe, 0x5e, 0xbe, 0x5e, 
    0x9f, 0x5e, 0x9f, 0x5e, 0x9e, 0x5e, 0x9e, 0x5e, 0x9f, 0x5e, 0x9e, 0x5e, 
    0x9e, 0x5e, 0x9e, 0x5e, 0xbe, 0x5e, 0x9e, 0x5e, 0xbf, 0x5e, 0x9e, 0x5e, 
    0x9f, 0x5e, 0xbf, 0x5e, 0xbf, 0x5e, 0xbf, 0x5e, 0x9f, 0x66, 0x9e, 0x5e, 
    0x9e, 0x66, 0x9e, 0x66, 0x9e, 0x5e, 0x9f, 0x5e, 0x9f, 0x5e, 0x9f, 0x5e, 
    0x9e, 0x5e, 0xbf, 0x5e, 0x9f, 0x66, 0xbf, 0x66, 0x9e, 0x5e, 0x9e, 0x5e, 
    0x9e, 0x66, 0xbf, 0x5e, 0x9e, 0x5e, 0x9e, 0x5e, 0x9e, 0x5e, 0x9e, 0x5e, 
    0x9e, 0x5e, 0x9e, 0x5e, 0xbf, 0x5e, 0xbf, 0x5e, 0xbe, 0x5e, 0x9e, 0x5e, 
    0x9e, 0x5e, 0x9e, 0x5e, 0x9e, 0x5e, 0xbe, 0x5e, 0x9f, 0x5e, 0xbe, 0x5e, 
    0x9e, 0x5e, 0x9e, 0x5e, 0x9e, 0x5e, 0x9e, 0x5e, 0x9e, 0x5e, 0x9e, 0x5e, 
    0x9e, 0x5e, 0x9f, 0x5e, 0x9f, 0x5e, 0x9e, 0x5e, 0x9f, 0x5e, 0x9f, 0x5e, 
    0xbf, 0x5e, 0xbf, 0x5e, 0xbe, 0x5e, 0x9e, 0x5e, 0x9e, 0x5e, 0x9e, 0x5e, 
    0x9e, 0x5e, 0x9e, 0x5e, 0x9e, 0x5e, 0x9e, 0x5e, 0x9e, 0x5e, 0x9e, 0x5e, 
    0x9e, 0x5e, 0x9e, 0x5e, 0x9e, 0x5e, 0x9e, 0x5e, 0x9e, 0x66, 0x9f, 0x66, 
    0x9f, 0x66, 0x9f, 0x5e, 0x9e, 0x5e, 0x9e, 0x66, 0x9f, 0x66, 0x9f, 0x66, 
    0x9f, 0x66, 0x9e, 0x5e, 0x9e, 0x5e, 0x9e, 0x5e, 0x9e, 0x5e, 0x9f, 0x66, 
    0x9f, 0x66, 0x9e, 0x66, 0x9f, 0x66, 0x9f, 0x66, 0xbf, 0x66, 0xbf, 0x66, 
    0xbf, 0x66, 0xbf, 0x5e, 0x9f, 0x5e, 0x9f, 0x5e, 0xbf, 0x5e, 0xbf, 0x5e, 
    0x9f, 0x5e, 0x9e, 0x5e, 0x9e, 0x5e, 0x9e, 0x5e, 0x9e, 0x5e, 0x9e, 0x5e, 
    0x9e, 0x66, 0x9e, 0x5e, 0x9f, 0x66, 0xbe, 0x5e, 0x9e, 0x5e, 0xbf, 0x5e, 
    0x9e, 0x5e, 0xbf, 0x5e, 0xbf, 0x5e, 0x9e, 0x5e, 0x9f, 0x5e, 0xbe, 0x5e, 
    0x9f, 0x5e, 0x9e, 0x5e, 0x9e, 0x5e, 0x9e, 0x5e, 0x9e, 0x5e, 0x9e, 0x5e, 
    0x9e, 0x5e, 0x9e, 0x5e, 0x9e, 0x5e, 0x9e, 0x5e, 0x9e, 0x5e, 0x7e, 0x5e, 
    0x7e, 0x5e, 0x9e, 0x5e, 0x9e, 0x5e, 0x9f, 0x5e, 0x9e, 0x5e, 0x9f, 0x5e, 
    0x9f, 0x5e, 0xbf, 0x5e, 0x9f, 0x5e, 0x9e, 0x5e, 0x9e, 0x5e, 0x9e, 0x5e, 
    0x9e, 0x5e, 0x9e, 0x5e, 0x7e, 0x5e, 0x9e, 0x66, 0x7e, 0x5e, 0x7e, 0x5e, 
    0x7e, 0x66, 0x7e, 0x66, 0x7e, 0x66, 0x7e, 0x66, 0x7e, 0x66, 0x7d, 0x66, 
    0x7e, 0x66, 0x9e, 0x6e, 0xbe, 0x76, 0xfe, 0x9e, 0x5e, 0xc7, 0x9e, 0xdf, 
    0xbf, 0xe7, 0x9f, 0xdf, 0x9e, 0xdf, 0x9e, 0xdf, 0x9e, 0xdf, 0x7e, 0xdf, 
    0xbe, 0x7e, 0xbe, 0x76, 0xbe, 0x6e, 0xbe, 0x6e, 0xbe, 0x6e, 0x9e, 0x6e, 
    0x9e, 0x66, 0x9e, 0x66, 0x9e, 0x66, 0x9e, 0x5e, 0x9e, 0x5e, 0x9e, 0x5e, 
    0x9e, 0x5e, 0x9e, 0x5e, 0x9e, 0x5e, 0x9e, 0x5e, 0x9e, 0x5e, 0x9e, 0x5e, 
    0x9e, 0x5e, 0x9e, 0x5e, 0x9e, 0x56, 0x9e, 0x56, 0x9e, 0x5e, 0x9e, 0x56, 
    0x9e, 0x56, 0x9e, 0x56, 0x9e, 0x5e, 0x9e, 0x5e, 0x9e, 0x5e, 0x9e, 0x5e, 
    0x9d, 0x5e, 0x7e, 0x5e, 0x9e, 0x5e, 0x9e, 0x5e, 0x9e, 0x5e, 0xbf, 0x5e, 
    0x9f, 0x5e, 0x9f, 0x5e, 0x9e, 0x5e, 0x9e, 0x5e, 0x9e, 0x5e, 0x9e, 0x5e, 
    0x9e, 0x56, 0x9e, 0x5e, 0x9f, 0x5e, 0xbe, 0x5e, 0xbf, 0x5e, 0xbf, 0x5e, 
    0xbe, 0x5e, 0xbe, 0x5e, 0x9f, 0x5e, 0x9f, 0x5e, 0x9f, 0x5e, 0x9f, 0x5e, 
    0xbe, 0x5e, 0xbf, 0x5e, 0xbf, 0x5e, 0xbf, 0x5e, 0xbe, 0x5e, 0x9f, 0x5e, 
    0xbe, 0x5e, 0x9f, 0x5e, 0x9e, 0x5e, 0x9e, 0x5e, 0xbe, 0x5e, 0x9e, 0x5e, 
    0x9e, 0x5e, 0x9e, 0x5e, 0x9e, 0x5e, 0x9e, 0x5e, 0x9e, 0x5e, 0x9e, 0x5e, 
    0xbe, 0x5e, 0xbe, 0x5e, 0x9e, 0x5e, 0x9e, 0x5e, 0x9e, 0x5e, 0xbe, 0x5e, 
    0x9e, 0x5e, 0xbe, 0x5e, 0x9e, 0x5e, 0xbf, 0x5e, 0x9f, 0x5e, 0xbf, 0x5e, 
    0xbe, 0x5e, 0xbf, 0x5e, 0xbe, 0x66, 0xbe, 0x66, 0xbf, 0x5e, 0x9e, 0x5e, 
    0x9e, 0x66, 0x9e, 0x5e, 0xbf, 0x66, 0xbf, 0x5e, 0xbe, 0x5e, 0xbf, 0x5e, 
    0xbf, 0x66, 0xbf, 0x5e, 0xbf, 0x66, 0xbe, 0x5e, 0x9e, 0x66, 0xbe, 0x66, 
    0xbe, 0x5e, 0x9e, 0x66, 0xbe, 0x66, 0x9e, 0x66, 0x9e, 0x5e, 0x9e, 0x5e, 
    0xbe, 0x5e, 0xbf, 0x5e, 0xbf, 0x5e, 0xbf, 0x5e, 0x9e, 0x5e, 0x9e, 0x5e, 
    0x9e, 0x5e, 0x9e, 0x5e, 0x9e, 0x5e, 0xbe, 0x5e, 0x9f, 0x5e, 0xbe, 0x5e, 
    0xbf, 0x5e, 0x9e, 0x5e, 0x9e, 0x5e, 0xbe, 0x5e, 0x9e, 0x5e, 0x9e, 0x5e, 
    0x9f, 0x5e, 0xbf, 0x66, 0x9e, 0x5e, 0x9e, 0x5e, 0x9e, 0x5e, 0xbe, 0x5e, 
    0xbe, 0x5e, 0xbf, 0x5e, 0xbe, 0x5e, 0x9f, 0x5e, 0xbf, 0x5e, 0xbe, 0x5e, 
    0xbe, 0x5e, 0x9e, 0x5e, 0x9e, 0x5e, 0x9e, 0x5e, 0x9e, 0x5e, 0x9e, 0x5e, 
    0x9e, 0x5e, 0x9e, 0x5e, 0x9e, 0x5e, 0x9e, 0x66, 0x9e, 0x66, 0xbe, 0x66, 
    0x9f, 0x66, 0x9e, 0x66, 0x9e, 0x66, 0x9e, 0x66, 0x9f, 0x66, 0x9f, 0x5e, 
    0x9f, 0x66, 0x9e, 0x5e, 0x9e, 0x5e, 0x9e, 0x5e, 0x9e, 0x5e, 0x9e, 0x5e, 
    0x9e, 0x5e, 0x9e, 0x66, 0xbe, 0x66, 0xbf, 0x66, 0xbf, 0x66, 0x9f, 0x5e, 
    0xbf, 0x5e, 0xbf, 0x5e, 0x9f, 0x66, 0xbf, 0x66, 0xbf, 0x5e, 0xbe, 0x66, 
    0xbe, 0x5e, 0x9e, 0x66, 0xbe, 0x5e, 0x9e, 0x66, 0x9e, 0x66, 0x9e, 0x66, 
    0x9e, 0x66, 0x9e, 0x66, 0x9e, 0x66, 0x9e, 0x5e, 0x9e, 0x5e, 0x9e, 0x5e, 
    0x9f, 0x5e, 0x9e, 0x5e, 0xbe, 0x5e, 0xbf, 0x5e, 0x9e, 0x5e, 0xbe, 0x5e, 
    0x9f, 0x5e, 0x9e, 0x66, 0x9e, 0x5e, 0x9e, 0x5e, 0x9e, 0x5e, 0x9e, 0x66, 
    0x9e, 0x5e, 0x9e, 0x5e, 0x9e, 0x5e, 0x9e, 0x5e, 0x9e, 0x5e, 0x9e, 0x5e, 
    0x7e, 0x5e, 0x9e, 0x5e, 0x9e, 0x5e, 0x9f, 0x5e, 0x9e, 0x5e, 0x9f, 0x5e, 
    0x9e, 0x5e, 0x9e, 0x5e, 0x9e, 0x5e, 0x9f, 0x5e, 0x9e, 0x5e, 0x9e, 0x5e, 
    0x9e, 0x66, 0x9e, 0x66, 0x7e, 0x5e, 0x9e, 0x5e, 0x7e, 0x66, 0x7d, 0x66, 
    0x7e, 0x66, 0x7d, 0x66, 0x7e, 0x66, 0x7e, 0x66, 0x9e, 0x66, 0x7d, 0x66, 
    0x9e, 0x66, 0x9e, 0x6e, 0xbe, 0x7e, 0x3e, 0xbf, 0x5e, 0xd7, 0x7e, 0xd7, 
    0x9e, 0xd7, 0x9f, 0xdf, 0x9e, 0xdf, 0x7f, 0xd7, 0x7e, 0xcf, 0x7f, 0xd7, 
    0xbe, 0x86, 0xbe, 0x7e, 0xbe, 0x76, 0xbe, 0x6e, 0xbe, 0x6e, 0x9e, 0x66, 
    0xbe, 0x66, 0xbe, 0x66, 0x9e, 0x66, 0x9e, 0x66, 0x9e, 0x5e, 0x9e, 0x5e, 
    0x9e, 0x5e, 0x9e, 0x5e, 0x7e, 0x5e, 0x9e, 0x5e, 0x9e, 0x5e, 0x9e, 0x5e, 
    0x7e, 0x5e, 0x9e, 0x5e, 0x9e, 0x56, 0x9e, 0x5e, 0x9e, 0x5e, 0x9e, 0x5e, 
    0x9e, 0x5e, 0x9e, 0x5e, 0x7e, 0x5e, 0x9e, 0x5e, 0x7e, 0x5e, 0x9e, 0x5e, 
    0x7e, 0x5e, 0x7e, 0x5e, 0x9e, 0x5e, 0x9f, 0x5e, 0x9f, 0x5e, 0x9e, 0x5e, 
    0x9f, 0x5e, 0x9e, 0x5e, 0x9e, 0x5e, 0x9e, 0x5e, 0x9e, 0x5e, 0x9e, 0x5e, 
    0x9f, 0x5e, 0x9f, 0x5e, 0x9f, 0x5e, 0x9f, 0x5e, 0x9f, 0x5e, 0x9e, 0x5e, 
    0x9f, 0x5e, 0xbf, 0x5e, 0xbf, 0x5e, 0x9e, 0x5e, 0xbe, 0x5e, 0xbf, 0x5e, 
    0xbf, 0x5e, 0xbe, 0x5e, 0xbf, 0x5e, 0xbf, 0x5e, 0xbf, 0x5e, 0x9f, 0x5e, 
    0xbe, 0x5e, 0xbe, 0x5e, 0xbe, 0x5e, 0x9f, 0x5e, 0x9e, 0x5e, 0x9e, 0x66, 
    0x9e, 0x66, 0x9e, 0x66, 0x9e, 0x66, 0x9f, 0x5e, 0x9e, 0x5e, 0x9f, 0x5e, 
    0x9f, 0x5e, 0x9e, 0x5e, 0xbf, 0x5e, 0x9e, 0x5e, 0x9e, 0x5e, 0x9e, 0x5e, 
    0x9f, 0x5e, 0xbe, 0x5e, 0x9e, 0x5e, 0x9e, 0x5e, 0xbe, 0x5e, 0xbe, 0x5e, 
    0xbf, 0x66, 0xbf, 0x5e, 0xbf, 0x66, 0xbf, 0x5e, 0xbf, 0x66, 0x9f, 0x5e, 
    0xbf, 0x5e, 0xbe, 0x66, 0x9f, 0x5e, 0xbf, 0x66, 0xbf, 0x5e, 0xbf, 0x66, 
    0xbf, 0x5e, 0xbf, 0x66, 0xbf, 0x5e, 0x9f, 0x66, 0x9e, 0x5e, 0x9f, 0x66, 
    0x9e, 0x5e, 0x9e, 0x66, 0x9e, 0x5e, 0x9e, 0x66, 0xbe, 0x66, 0x9f, 0x5e, 
    0x9f, 0x5e, 0xbe, 0x5e, 0xbf, 0x5e, 0xbe, 0x5e, 0x9e, 0x5e, 0x9e, 0x5e, 
    0x9e, 0x5e, 0x9e, 0x5e, 0x9f, 0x5e, 0x9e, 0x5e, 0xbf, 0x5e, 0xbf, 0x5e, 
    0x9e, 0x5e, 0x9e, 0x5e, 0x9f, 0x5e, 0x9e, 0x5e, 0x9e, 0x5e, 0x9e, 0x5e, 
    0x9e, 0x66, 0x9e, 0x66, 0xbf, 0x66, 0x9f, 0x5e, 0xbf, 0x5e, 0xbf, 0x5e, 
    0xbf, 0x5e, 0xbf, 0x5e, 0xbf, 0x5e, 0xbf, 0x5e, 0xbf, 0x5e, 0xbf, 0x5e, 
    0x9e, 0x5e, 0x9e, 0x5e, 0x9e, 0x5e, 0xbe, 0x5e, 0x9e, 0x5e, 0x9f, 0x5e, 
    0x9f, 0x5e, 0x9f, 0x5e, 0x9f, 0x5e, 0x9e, 0x66, 0x9f, 0x66, 0xbf, 0x66, 
    0xbf, 0x66, 0xbf, 0x66, 0x9f, 0x66, 0xbe, 0x66, 0x9f, 0x66, 0x9f, 0x66, 
    0x9e, 0x66, 0x9e, 0x66, 0x9f, 0x66, 0x9e, 0x66, 0x9f, 0x66, 0x9f, 0x66, 
    0x9f, 0x66, 0x9f, 0x66, 0x9f, 0x5e, 0x9f, 0x66, 0x9f, 0x66, 0xbf, 0x66, 
    0x9f, 0x66, 0xbf, 0x5e, 0x9f, 0x5e, 0xbe, 0x5e, 0x9e, 0x5e, 0x9f, 0x66, 
    0xbe, 0x66, 0x9f, 0x66, 0x9f, 0x66, 0x9e, 0x66, 0x9e, 0x66, 0x9e, 0x66, 
    0x7e, 0x66, 0x9e, 0x66, 0x9f, 0x66, 0x9f, 0x5e, 0x9e, 0x66, 0x9e, 0x5e, 
    0xbe, 0x5e, 0x9f, 0x5e, 0x9f, 0x5e, 0xbf, 0x5e, 0x9f, 0x5e, 0xbe, 0x5e, 
    0x9e, 0x5e, 0x9f, 0x5e, 0x9e, 0x5e, 0x9e, 0x66, 0x9e, 0x5e, 0x9f, 0x66, 
    0x9e, 0x5e, 0x9e, 0x5e, 0x9e, 0x5e, 0x9e, 0x5e, 0x9e, 0x5e, 0x9e, 0x5e, 
    0x9e, 0x5e, 0x7e, 0x5e, 0x9e, 0x66, 0x9e, 0x5e, 0x9e, 0x5e, 0x9e, 0x5e, 
    0x9e, 0x5e, 0x9f, 0x5e, 0x9f, 0x66, 0x9f, 0x66, 0x9e, 0x66, 0x9e, 0x66, 
    0x9e, 0x66, 0x9e, 0x66, 0x9e, 0x5e, 0x7e, 0x66, 0x9e, 0x66, 0x7e, 0x66, 
    0x7e, 0x66, 0x7e, 0x66, 0x7e, 0x66, 0x9e, 0x66, 0x7e, 0x66, 0x7e, 0x66, 
    0x9e, 0x66, 0x9e, 0x66, 0x9e, 0x6e, 0xde, 0x96, 0x3e, 0xbf, 0x7e, 0xcf, 
    0x7e, 0xcf, 0x5f, 0xc7, 0x3f, 0xbf, 0x1f, 0xb7, 0x1f, 0xbf, 0x1e, 0xbf, 
    0xbe, 0x8e, 0xbf, 0x7e, 0xbf, 0x76, 0xbe, 0x6e, 0xbe, 0x6e, 0xbe, 0x6e, 
    0x9e, 0x66, 0x9e, 0x66, 0xbe, 0x66, 0x9e, 0x66, 0x9e, 0x5e, 0x9e, 0x5e, 
    0x9e, 0x5e, 0x9e, 0x5e, 0x9e, 0x5e, 0x9e, 0x5e, 0x9e, 0x5e, 0x9e, 0x5e, 
    0x9e, 0x5e, 0x9e, 0x5e, 0x9e, 0x5e, 0x9e, 0x5e, 0x9e, 0x5e, 0x9e, 0x5e, 
    0x9e, 0x5e, 0x9e, 0x5e, 0x9e, 0x5e, 0x9e, 0x5e, 0x9e, 0x5e, 0x9e, 0x5e, 
    0x7e, 0x5e, 0x9e, 0x5e, 0x9e, 0x5e, 0x9f, 0x5e, 0x9e, 0x5e, 0x9f, 0x5e, 
    0x9f, 0x5e, 0x9f, 0x5e, 0x9e, 0x5e, 0x9e, 0x5e, 0x9e, 0x5e, 0x9f, 0x5e, 
    0x9f, 0x5e, 0x9f, 0x5e, 0x9f, 0x5e, 0x9f, 0x5e, 0x9e, 0x5e, 0x9f, 0x5e, 
    0x9f, 0x5e, 0xbe, 0x5e, 0x9f, 0x5e, 0xbf, 0x5e, 0xbf, 0x5e, 0xbe, 0x5e, 
    0xbf, 0x5e, 0xbf, 0x5e, 0xbf, 0x5e, 0xbe, 0x5e, 0xbf, 0x5e, 0x9e, 0x5e, 
    0x9f, 0x5e, 0xbe, 0x5e, 0xbe, 0x5e, 0xbf, 0x5e, 0xbe, 0x66, 0x9e, 0x66, 
    0x9f, 0x66, 0x9e, 0x5e, 0x9e, 0x5e, 0x9e, 0x66, 0x9e, 0x5e, 0x9e, 0x5e, 
    0x9e, 0x5e, 0x9f, 0x5e, 0x9e, 0x5e, 0xbf, 0x5e, 0xbe, 0x5e, 0xbe, 0x5e, 
    0xbe, 0x5e, 0xbe, 0x5e, 0x9e, 0x5e, 0x9f, 0x5e, 0xbe, 0x66, 0xbe, 0x5e, 
    0xbf, 0x5e, 0xbf, 0x5e, 0xbf, 0x5e, 0xbf, 0x5e, 0xbf, 0x66, 0x9f, 0x66, 
    0xbf, 0x66, 0xbf, 0x66, 0x9f, 0x66, 0xbf, 0x66, 0xbf, 0x66, 0xbf, 0x5e, 
    0xbf, 0x5e, 0xbe, 0x5e, 0xbe, 0x5e, 0x9f, 0x66, 0x9e, 0x66, 0x9f, 0x5e, 
    0x9e, 0x5e, 0x9f, 0x66, 0x9f, 0x66, 0x9e, 0x5e, 0x9e, 0x5e, 0xbf, 0x5e, 
    0xbe, 0x5e, 0xbf, 0x5e, 0xbf, 0x5e, 0xbf, 0x5e, 0x9e, 0x5e, 0x9e, 0x5e, 
    0x9f, 0x5e, 0x9e, 0x5e, 0x9e, 0x5e, 0x9e, 0x5e, 0x9f, 0x5e, 0x9f, 0x5e, 
    0xbe, 0x5e, 0x9e, 0x5e, 0x9e, 0x5e, 0x9e, 0x5e, 0x9e, 0x5e, 0x9e, 0x66, 
    0x9e, 0x66, 0x9e, 0x66, 0xbe, 0x5e, 0xbf, 0x66, 0xbf, 0x5e, 0xbf, 0x5e, 
    0xbf, 0x5e, 0xbf, 0x5e, 0xbf, 0x5e, 0xbf, 0x5e, 0xbf, 0x5e, 0xbf, 0x5e, 
    0xbe, 0x5e, 0x9f, 0x5e, 0x9f, 0x5e, 0xbe, 0x5e, 0xbe, 0x5e, 0x9f, 0x5e, 
    0x9e, 0x5e, 0x9f, 0x5e, 0x9f, 0x66, 0x9f, 0x5e, 0x9f, 0x66, 0xbf, 0x66, 
    0xbf, 0x5e, 0xbf, 0x66, 0x9f, 0x66, 0xbe, 0x66, 0x9f, 0x66, 0x9f, 0x66, 
    0x9e, 0x66, 0x9e, 0x66, 0x9f, 0x66, 0x9e, 0x66, 0x9f, 0x5e, 0x9f, 0x66, 
    0x9f, 0x66, 0x9f, 0x5e, 0x9f, 0x5e, 0x9f, 0x5e, 0x9f, 0x66, 0x9f, 0x5e, 
    0xbe, 0x66, 0x9f, 0x5e, 0x9f, 0x5e, 0xbe, 0x5e, 0xbe, 0x66, 0x9f, 0x66, 
    0xbe, 0x66, 0xbf, 0x66, 0x9f, 0x66, 0x9f, 0x66, 0x9e, 0x66, 0x9e, 0x66, 
    0x9e, 0x66, 0x9e, 0x66, 0x9e, 0x66, 0x9e, 0x66, 0x9e, 0x5e, 0x9f, 0x5e, 
    0x9e, 0x5e, 0xbe, 0x5e, 0x9f, 0x5e, 0xbf, 0x5e, 0xbf, 0x5e, 0x9e, 0x5e, 
    0x9f, 0x5e, 0x9f, 0x66, 0x9e, 0x5e, 0x9e, 0x5e, 0x9e, 0x66, 0x9e, 0x5e, 
    0x9e, 0x5e, 0x9e, 0x5e, 0x9e, 0x5e, 0x9e, 0x5e, 0x9e, 0x5e, 0x9e, 0x5e, 
    0x9e, 0x5e, 0x9e, 0x5e, 0x9e, 0x5e, 0x9e, 0x66, 0x9f, 0x5e, 0x9e, 0x5e, 
    0x9e, 0x5e, 0x9f, 0x5e, 0xbe, 0x5e, 0xbf, 0x66, 0x9f, 0x66, 0x9f, 0x66, 
    0x9e, 0x66, 0x9e, 0x66, 0x9e, 0x66, 0x9e, 0x66, 0x9e, 0x66, 0x9e, 0x66, 
    0x7e, 0x66, 0x7e, 0x66, 0x9e, 0x66, 0x9e, 0x66, 0x7e, 0x66, 0x9e, 0x66, 
    0x7e, 0x66, 0x9e, 0x66, 0x9e, 0x66, 0x9e, 0x66, 0x9e, 0x6e, 0xbf, 0x76, 
    0xbf, 0x76, 0xbf, 0x76, 0xbf, 0x6e, 0xbf, 0x76, 0xbf, 0x86, 0xbe, 0xa6, 
    0x5f, 0xc7, 0xde, 0x7e, 0xbe, 0x76, 0xbe, 0x76, 0xbf, 0x6e, 0xbe, 0x6e, 
    0xbe, 0x6e, 0xbe, 0x66, 0xbe, 0x66, 0x9e, 0x66, 0x9e, 0x66, 0x9e, 0x66, 
    0xbe, 0x66, 0x9e, 0x66, 0x9d, 0x5e, 0x9e, 0x5e, 0x9e, 0x5e, 0x9e, 0x5e, 
    0x9e, 0x5e, 0x9e, 0x5e, 0x9e, 0x5e, 0x9e, 0x5e, 0x9e, 0x5e, 0x9e, 0x5e, 
    0x9e, 0x5e, 0x9e, 0x5e, 0x9e, 0x5e, 0x9e, 0x5e, 0x9e, 0x5e, 0x9e, 0x5e, 
    0x9e, 0x5e, 0x9e, 0x5e, 0x9e, 0x5e, 0x9e, 0x5e, 0x9e, 0x5e, 0x9e, 0x5e, 
    0x9e, 0x5e, 0x9e, 0x5e, 0x9f, 0x5e, 0x9f, 0x5e, 0x9f, 0x5e, 0x9e, 0x5e, 
    0x9e, 0x5e, 0x9f, 0x5e, 0x9e, 0x5e, 0x9f, 0x5e, 0x9e, 0x5e, 0x9e, 0x5e, 
    0x9e, 0x5e, 0x9e, 0x5e, 0xbe, 0x5e, 0xbf, 0x5e, 0xbf, 0x5e, 0xbf, 0x5e, 
    0xbf, 0x5e, 0xbe, 0x5e, 0xbe, 0x5e, 0xbe, 0x5e, 0xbe, 0x5e, 0xbe, 0x5e, 
    0xbe, 0x5e, 0xbe, 0x5e, 0xbe, 0x5e, 0xbe, 0x5e, 0x9e, 0x5e, 0x9e, 0x5e, 
    0x9e, 0x66, 0x9e, 0x66, 0xbe, 0x66, 0x9e, 0x66, 0x9e, 0x66, 0xbe, 0x66, 
    0xbf, 0x5e, 0x9e, 0x5e, 0xbe, 0x66, 0xbf, 0x5e, 0xbe, 0x5e, 0xbe, 0x5e, 
    0xbe, 0x66, 0x9e, 0x5e, 0x9e, 0x5e, 0x9e, 0x5e, 0xbf, 0x5e, 0xbf, 0x5e, 
    0xbf, 0x5e, 0xbf, 0x5e, 0xbe, 0x5e, 0xbf, 0x66, 0xbe, 0x66, 0xbf, 0x66, 
    0xbf, 0x5e, 0xbf, 0x66, 0xbe, 0x66, 0x9f, 0x5e, 0xbf, 0x66, 0xbe, 0x66, 
    0xbf, 0x5e, 0xbf, 0x5e, 0x9f, 0x66, 0xbe, 0x66, 0x9e, 0x66, 0xbe, 0x5e, 
    0x9e, 0x5e, 0xbe, 0x66, 0x9e, 0x66, 0x9e, 0x5e, 0x9f, 0x5e, 0xbf, 0x5e, 
    0xbf, 0x5e, 0xbf, 0x5e, 0xbe, 0x5e, 0xbf, 0x5e, 0x9f, 0x5e, 0xbe, 0x5e, 
    0xbe, 0x5e, 0x9e, 0x5e, 0x9e, 0x5e, 0x9e, 0x5e, 0x9e, 0x5e, 0x9e, 0x5e, 
    0x9e, 0x5e, 0x9e, 0x5e, 0x9e, 0x5e, 0x9e, 0x5e, 0x9e, 0x66, 0x9e, 0x5e, 
    0x9e, 0x5e, 0x9f, 0x5e, 0xbf, 0x66, 0xbf, 0x66, 0xbf, 0x5e, 0xbe, 0x5e, 
    0xbf, 0x5e, 0xbe, 0x5e, 0xbf, 0x5e, 0xbe, 0x5e, 0xbe, 0x5e, 0xbe, 0x5e, 
    0xbe, 0x5e, 0xbe, 0x5e, 0xbe, 0x5e, 0xbf, 0x5e, 0x9f, 0x5e, 0xbe, 0x5e, 
    0xbe, 0x5e, 0xbe, 0x5e, 0x9f, 0x5e, 0xbf, 0x5e, 0xbf, 0x66, 0xbf, 0x66, 
    0xbf, 0x66, 0xbf, 0x66, 0xbe, 0x66, 0xbf, 0x66, 0x9f, 0x66, 0x9f, 0x66, 
    0x9e, 0x66, 0x9f, 0x5e, 0x9e, 0x66, 0x9e, 0x66, 0x9e, 0x66, 0x9f, 0x66, 
    0xbe, 0x66, 0xbe, 0x66, 0xbf, 0x66, 0x9f, 0x66, 0x9f, 0x66, 0xbf, 0x66, 
    0x9f, 0x66, 0xbf, 0x66, 0xbe, 0x66, 0xbf, 0x66, 0x9e, 0x66, 0x9e, 0x66, 
    0xbf, 0x66, 0xbe, 0x66, 0xbf, 0x66, 0xbe, 0x66, 0xbe, 0x66, 0x9e, 0x66, 
    0x9e, 0x66, 0x9e, 0x66, 0x9f, 0x66, 0x9e, 0x66, 0x9e, 0x66, 0x9e, 0x5e, 
    0x9f, 0x5e, 0x9e, 0x5e, 0x9f, 0x5e, 0xbf, 0x5e, 0xbe, 0x5e, 0x9f, 0x5e, 
    0x9e, 0x5e, 0x9e, 0x5e, 0x9e, 0x5e, 0x9e, 0x66, 0x9e, 0x66, 0x9e, 0x66, 
    0x9e, 0x5e, 0x9e, 0x5e, 0x9e, 0x5e, 0x9f, 0x5e, 0x9e, 0x5e, 0x9e, 0x5e, 
    0x9e, 0x5e, 0x9e, 0x5e, 0x9e, 0x5e, 0x9e, 0x66, 0x9e, 0x66, 0x9e, 0x5e, 
    0xbf, 0x5e, 0xbe, 0x5e, 0xbf, 0x66, 0x9f, 0x66, 0x9e, 0x66, 0x9f, 0x66, 
    0x9f, 0x66, 0x9e, 0x66, 0x9e, 0x66, 0x9e, 0x66, 0x9e, 0x66, 0x9e, 0x66, 
    0x9d, 0x66, 0x9e, 0x66, 0x7e, 0x66, 0x7e, 0x66, 0x7d, 0x66, 0x9e, 0x66, 
    0x9e, 0x66, 0x9e, 0x66, 0x9e, 0x66, 0x7e, 0x66, 0x9e, 0x66, 0x9e, 0x66, 
    0x9e, 0x66, 0x9e, 0x66, 0x9e, 0x66, 0x7e, 0x66, 0x7e, 0x66, 0x7e, 0x6e, 
    0xbe, 0xe7, 0xbe, 0x86, 0xde, 0x7e, 0xbe, 0x76, 0xbe, 0x76, 0xbf, 0x6e, 
    0xbe, 0x6e, 0xbe, 0x6e, 0xbe, 0x66, 0x9e, 0x66, 0xbe, 0x66, 0xbe, 0x66, 
    0x9e, 0x66, 0x9e, 0x66, 0x9e, 0x66, 0x9e, 0x66, 0x9e, 0x5e, 0x9e, 0x5e, 
    0x9e, 0x5e, 0x9e, 0x5e, 0x9e, 0x5e, 0x9e, 0x5e, 0x9e, 0x5e, 0x9e, 0x5e, 
    0x9e, 0x5e, 0x9e, 0x5e, 0x9e, 0x5e, 0x9e, 0x5e, 0x9e, 0x5e, 0x9e, 0x5e, 
    0x9e, 0x5e, 0x9f, 0x5e, 0x9e, 0x5e, 0x9e, 0x5e, 0x9e, 0x5e, 0x9e, 0x5e, 
    0x9e, 0x5e, 0x9e, 0x5e, 0x9e, 0x5e, 0x9f, 0x5e, 0x9e, 0x5e, 0x9f, 0x5e, 
    0x9f, 0x5e, 0x9f, 0x5e, 0x9f, 0x5e, 0x9e, 0x5e, 0x9f, 0x5e, 0x9f, 0x5e, 
    0x9f, 0x5e, 0x9f, 0x5e, 0xbf, 0x5e, 0xbf, 0x5e, 0xbf, 0x5e, 0xbf, 0x5e, 
    0xbf, 0x5e, 0xbe, 0x5e, 0xbf, 0x5e, 0xbf, 0x5e, 0xbf, 0x5e, 0xbe, 0x5e, 
    0xbe, 0x5e, 0xbf, 0x5e, 0xbe, 0x5e, 0xbe, 0x5e, 0x9e, 0x5e, 0x9e, 0x66, 
    0x9e, 0x66, 0x9f, 0x66, 0x9f, 0x66, 0x9e, 0x66, 0x9e, 0x66, 0x9f, 0x66, 
    0xbf, 0x66, 0xbf, 0x66, 0xbf, 0x66, 0xbe, 0x5e, 0xbe, 0x5e, 0xbe, 0x5e, 
    0x9e, 0x5e, 0x9f, 0x66, 0x9e, 0x66, 0xbe, 0x5e, 0xbf, 0x5e, 0xbf, 0x5e, 
    0xbf, 0x66, 0xbe, 0x66, 0xbf, 0x5e, 0xbf, 0x66, 0xbe, 0x66, 0xbe, 0x5e, 
    0xbe, 0x66, 0xbe, 0x66, 0x9e, 0x5e, 0x9e, 0x5e, 0x9f, 0x5e, 0xbe, 0x66, 
    0xbe, 0x5e, 0xbf, 0x5e, 0xbf, 0x66, 0xbe, 0x5e, 0x9e, 0x5e, 0xbe, 0x66, 
    0x9f, 0x66, 0xbe, 0x66, 0xbe, 0x66, 0x9f, 0x5e, 0xbf, 0x5e, 0xbf, 0x5e, 
    0xbf, 0x5e, 0xbf, 0x5e, 0xbf, 0x66, 0xbf, 0x66, 0xbf, 0x5e, 0xbf, 0x5e, 
    0xbe, 0x5e, 0xbe, 0x5e, 0x9e, 0x5e, 0x9e, 0x5e, 0x9e, 0x5e, 0x9e, 0x5e, 
    0x9f, 0x5e, 0x9e, 0x5e, 0x9e, 0x5e, 0x9f, 0x5e, 0xbe, 0x5e, 0xbf, 0x66, 
    0xbf, 0x5e, 0xbf, 0x5e, 0xbf, 0x66, 0xbf, 0x66, 0xbf, 0x66, 0xbf, 0x5e, 
    0x9f, 0x5e, 0x9e, 0x5e, 0xbe, 0x5e, 0xbf, 0x5e, 0xbe, 0x66, 0xbf, 0x5e, 
    0x9f, 0x5e, 0xbe, 0x5e, 0xbe, 0x5e, 0xbf, 0x5e, 0xbe, 0x5e, 0xbe, 0x5e, 
    0xbe, 0x5e, 0xbf, 0x5e, 0xbf, 0x5e, 0xbf, 0x5e, 0xbf, 0x5e, 0xbf, 0x66, 
    0xbf, 0x66, 0xbf, 0x66, 0xbf, 0x66, 0xbf, 0x66, 0xbe, 0x66, 0xbe, 0x66, 
    0x9f, 0x66, 0x9f, 0x66, 0x9e, 0x66, 0x9e, 0x66, 0x9e, 0x66, 0x9f, 0x66, 
    0xbf, 0x66, 0x9f, 0x66, 0xbe, 0x66, 0xbf, 0x66, 0xbf, 0x66, 0xbf, 0x66, 
    0x9f, 0x66, 0x9e, 0x66, 0xbe, 0x66, 0xbf, 0x66, 0x9f, 0x66, 0x9e, 0x66, 
    0xbe, 0x66, 0xbf, 0x66, 0xbf, 0x66, 0xbe, 0x66, 0xbe, 0x66, 0x9e, 0x66, 
    0x9e, 0x66, 0x9e, 0x66, 0x9e, 0x66, 0x9e, 0x66, 0x9e, 0x5e, 0x9e, 0x5e, 
    0x9f, 0x5e, 0x9f, 0x5e, 0xbe, 0x5e, 0x9f, 0x5e, 0x9f, 0x5e, 0xbf, 0x5e, 
    0x9e, 0x5e, 0x9e, 0x66, 0x9e, 0x66, 0x9e, 0x66, 0x9e, 0x66, 0x9e, 0x5e, 
    0x9e, 0x66, 0x9e, 0x5e, 0x9e, 0x5e, 0x9e, 0x5e, 0x9f, 0x5e, 0x9e, 0x5e, 
    0x9e, 0x5e, 0x9e, 0x66, 0x9e, 0x5e, 0x9e, 0x66, 0x9e, 0x66, 0x9f, 0x5e, 
    0xbf, 0x5e, 0xbf, 0x5e, 0xbf, 0x5e, 0x9f, 0x66, 0xbe, 0x66, 0x9f, 0x66, 
    0x9e, 0x66, 0x9e, 0x66, 0x9e, 0x66, 0x9e, 0x66, 0x9e, 0x66, 0x9e, 0x66, 
    0x9e, 0x66, 0x9e, 0x66, 0x9e, 0x66, 0x7e, 0x66, 0x7e, 0x66, 0x9e, 0x66, 
    0x7e, 0x66, 0x9e, 0x66, 0x7e, 0x66, 0x7e, 0x66, 0x7e, 0x66, 0x7e, 0x66, 
    0x7e, 0x66, 0x9e, 0x66, 0x7e, 0x66, 0x7e, 0x66, 0x7e, 0x66, 0x7e, 0x66, 
    0xff, 0xf7, 0x1e, 0xaf, 0xdf, 0x7e, 0xbe, 0x7e, 0xbe, 0x76, 0xbe, 0x76, 
    0xbf, 0x6e, 0xbe, 0x6e, 0xbe, 0x6e, 0xbe, 0x6e, 0xbe, 0x66, 0xbe, 0x66, 
    0xbf, 0x66, 0xbe, 0x66, 0x9e, 0x66, 0x9e, 0x66, 0x9e, 0x66, 0x9e, 0x66, 
    0x9e, 0x66, 0x9e, 0x5e, 0x9e, 0x5e, 0x9e, 0x5e, 0x9e, 0x5e, 0x9e, 0x5e, 
    0x9e, 0x5e, 0x9e, 0x5e, 0x9e, 0x5e, 0x9e, 0x5e, 0x9e, 0x5e, 0x9e, 0x5e, 
    0x7e, 0x5e, 0x9e, 0x5e, 0x9e, 0x5e, 0x9e, 0x5e, 0x9e, 0x5e, 0x9e, 0x5e, 
    0x9e, 0x5e, 0x9e, 0x5e, 0x9e, 0x5e, 0x9f, 0x5e, 0x9f, 0x5e, 0x9f, 0x5e, 
    0x9f, 0x5e, 0x9f, 0x5e, 0x9f, 0x5e, 0x9f, 0x5e, 0x9f, 0x5e, 0xbf, 0x5e, 
    0x9f, 0x5e, 0xbf, 0x5e, 0xbf, 0x5e, 0xbf, 0x5e, 0xbf, 0x5e, 0xbf, 0x5e, 
    0xbf, 0x5e, 0xbf, 0x5e, 0xbf, 0x5e, 0xbe, 0x5e, 0xbf, 0x5e, 0xbf, 0x5e, 
    0xbe, 0x5e, 0x9f, 0x5e, 0xbe, 0x5e, 0xbe, 0x5e, 0xbe, 0x5e, 0x9e, 0x66, 
    0xbf, 0x66, 0x9e, 0x66, 0xbe, 0x66, 0xbe, 0x66, 0x9f, 0x66, 0xbf, 0x66, 
    0xbf, 0x66, 0x9f, 0x66, 0x9f, 0x66, 0x9e, 0x66, 0x9e, 0x5e, 0x9e, 0x5e, 
    0x9e, 0x5e, 0x9e, 0x5e, 0x9e, 0x66, 0x9e, 0x66, 0xbe, 0x5e, 0xbe, 0x66, 
    0xbe, 0x66, 0xbe, 0x5e, 0x9e, 0x5e, 0xbe, 0x66, 0x9f, 0x66, 0xbf, 0x66, 
    0xbe, 0x66, 0x9f, 0x66, 0xbf, 0x66, 0xbe, 0x5e, 0x9e, 0x5e, 0x9f, 0x5e, 
    0xbe, 0x66, 0xbe, 0x5e, 0xbf, 0x66, 0xbf, 0x5e, 0xbf, 0x5e, 0xbf, 0x5e, 
    0xbe, 0x66, 0xbf, 0x66, 0xbf, 0x5e, 0xbf, 0x5e, 0xbf, 0x5e, 0xbf, 0x5e, 
    0xbf, 0x5e, 0xbf, 0x5e, 0xbf, 0x5e, 0xbf, 0x66, 0xbf, 0x66, 0xbf, 0x66, 
    0xbf, 0x5e, 0xbe, 0x5e, 0x9e, 0x66, 0x9e, 0x66, 0x9e, 0x66, 0x9e, 0x66, 
    0x9e, 0x5e, 0x9e, 0x5e, 0x9f, 0x5e, 0xbf, 0x5e, 0xbf, 0x5e, 0xbf, 0x66, 
    0xbf, 0x66, 0xbf, 0x66, 0xbf, 0x66, 0xbf, 0x66, 0x9e, 0x66, 0x9e, 0x66, 
    0x9e, 0x66, 0x9f, 0x66, 0x9e, 0x66, 0x9e, 0x66, 0xbe, 0x5e, 0xbf, 0x66, 
    0x9e, 0x5e, 0xbe, 0x5e, 0xbe, 0x5e, 0xbe, 0x5e, 0xbe, 0x5e, 0xbe, 0x5e, 
    0xbf, 0x5e, 0xbf, 0x5e, 0xbf, 0x5e, 0xbf, 0x5e, 0xbf, 0x66, 0xbf, 0x66, 
    0xbf, 0x66, 0xbf, 0x66, 0xbf, 0x66, 0xbf, 0x66, 0x9e, 0x66, 0xbe, 0x66, 
    0x9e, 0x66, 0x9e, 0x66, 0x9e, 0x66, 0x9f, 0x66, 0x9e, 0x66, 0x9e, 0x66, 
    0x9f, 0x66, 0xbf, 0x66, 0x9e, 0x66, 0xbf, 0x66, 0xbf, 0x66, 0xbe, 0x66, 
    0x9e, 0x66, 0xbf, 0x66, 0xbf, 0x66, 0xbf, 0x66, 0xbf, 0x66, 0xbf, 0x66, 
    0xbf, 0x66, 0xbf, 0x66, 0xbf, 0x66, 0xbf, 0x66, 0x9e, 0x66, 0x9e, 0x66, 
    0x9e, 0x66, 0x9e, 0x66, 0x9d, 0x66, 0x9e, 0x5e, 0x9f, 0x5e, 0x9e, 0x5e, 
    0x9e, 0x5e, 0x9f, 0x5e, 0x9f, 0x5e, 0x9e, 0x5e, 0x9e, 0x5e, 0x9e, 0x5e, 
    0x9e, 0x5e, 0x9e, 0x5e, 0x9e, 0x66, 0x9e, 0x66, 0x9e, 0x66, 0x9e, 0x66, 
    0x9e, 0x66, 0x9e, 0x5e, 0x9e, 0x5e, 0x9e, 0x5e, 0x9e, 0x5e, 0x9f, 0x5e, 
    0x9e, 0x5e, 0x9e, 0x66, 0x9e, 0x66, 0x9f, 0x66, 0x9e, 0x66, 0x9f, 0x5e, 
    0xbf, 0x66, 0xbf, 0x66, 0xbf, 0x66, 0xbf, 0x66, 0x9f, 0x66, 0x9e, 0x66, 
    0x9e, 0x66, 0x9e, 0x66, 0x9f, 0x66, 0x9e, 0x66, 0x9e, 0x66, 0x9e, 0x66, 
    0x9e, 0x66, 0x9e, 0x66, 0x9e, 0x66, 0x9e, 0x66, 0x9e, 0x66, 0x9e, 0x5e, 
    0x9e, 0x66, 0x7e, 0x66, 0x7e, 0x66, 0x7e, 0x66, 0x7e, 0x66, 0x7e, 0x66, 
    0x7e, 0x66, 0x7e, 0x66, 0x7e, 0x66, 0x7e, 0x66, 0x7e, 0x66, 0x7e, 0x66, 
    0xde, 0xf7, 0x7e, 0xcf, 0xbe, 0x86, 0xbe, 0x7e, 0xbe, 0x7e, 0xbe, 0x76, 
    0xde, 0x6e, 0xbe, 0x6e, 0xbe, 0x6e, 0xbe, 0x6e, 0xbe, 0x6e, 0xbe, 0x6e, 
    0xbe, 0x66, 0xbe, 0x66, 0xbe, 0x66, 0xbe, 0x66, 0x9e, 0x66, 0x9e, 0x66, 
    0x9e, 0x66, 0x9e, 0x5e, 0x9e, 0x5e, 0x9e, 0x5e, 0x9e, 0x5e, 0x9e, 0x5e, 
    0x9e, 0x5e, 0x9e, 0x5e, 0x9e, 0x5e, 0x9e, 0x5e, 0x9e, 0x5e, 0x9e, 0x5e, 
    0x9e, 0x5e, 0x9e, 0x5e, 0x9f, 0x5e, 0x9e, 0x5e, 0x9e, 0x5e, 0x9e, 0x5e, 
    0x9e, 0x5e, 0x9e, 0x5e, 0x9e, 0x5e, 0x9e, 0x5e, 0xbf, 0x5e, 0x9f, 0x5e, 
    0x9f, 0x5e, 0x9f, 0x5e, 0xbf, 0x5e, 0x9f, 0x5e, 0xbf, 0x5e, 0xbf, 0x5e, 
    0xbf, 0x5e, 0x9f, 0x5e, 0xbf, 0x5e, 0xbf, 0x5e, 0xbf, 0x5e, 0xbf, 0x5e, 
    0xbf, 0x5e, 0xbe, 0x5e, 0xbf, 0x5e, 0xbf, 0x5e, 0xbe, 0x5e, 0xbe, 0x5e, 
    0xbe, 0x5e, 0xbe, 0x5e, 0x9f, 0x5e, 0xbe, 0x5e, 0xbf, 0x5e, 0xbf, 0x66, 
    0x9e, 0x5e, 0xbf, 0x66, 0xbf, 0x66, 0x9e, 0x66, 0xbe, 0x66, 0x9f, 0x66, 
    0xbf, 0x66, 0xbe, 0x66, 0x9e, 0x66, 0x9e, 0x66, 0x9e, 0x66, 0x9e, 0x66, 
    0x9e, 0x66, 0x9e, 0x66, 0x9e, 0x66, 0x9e, 0x5e, 0x9e, 0x5e, 0x9e, 0x5e, 
    0x9e, 0x5e, 0x9e, 0x66, 0xbe, 0x66, 0x9e, 0x5e, 0x9e, 0x66, 0xbe, 0x66, 
    0x9e, 0x66, 0x9e, 0x66, 0xbf, 0x66, 0x9f, 0x66, 0x9e, 0x5e, 0x9e, 0x66, 
    0x9e, 0x66, 0xbe, 0x66, 0xbf, 0x66, 0xbf, 0x66, 0xbf, 0x5e, 0xbf, 0x5e, 
    0xbe, 0x66, 0xbf, 0x66, 0xbf, 0x66, 0xbf, 0x5e, 0xbf, 0x5e, 0xbf, 0x66, 
    0xbf, 0x66, 0xbf, 0x5e, 0xbf, 0x66, 0xbf, 0x66, 0xbf, 0x66, 0xbf, 0x66, 
    0xbe, 0x66, 0xbe, 0x66, 0x9f, 0x66, 0x9e, 0x66, 0x9e, 0x66, 0x9e, 0x66, 
    0xbe, 0x66, 0xbf, 0x5e, 0xbf, 0x66, 0xbf, 0x66, 0xbf, 0x66, 0xbe, 0x66, 
    0xbf, 0x66, 0xbf, 0x66, 0xbf, 0x66, 0xbe, 0x66, 0xbe, 0x66, 0x9e, 0x66, 
    0x9e, 0x66, 0x9e, 0x66, 0xbe, 0x66, 0xbe, 0x66, 0xbe, 0x66, 0xbe, 0x66, 
    0x9e, 0x66, 0xbe, 0x5e, 0x9e, 0x66, 0xbe, 0x5e, 0x9f, 0x5e, 0xbe, 0x5e, 
    0xbe, 0x66, 0xbf, 0x66, 0xbf, 0x5e, 0xbf, 0x66, 0xbf, 0x5e, 0xbf, 0x66, 
    0xbf, 0x66, 0xbf, 0x66, 0xbf, 0x66, 0xbf, 0x66, 0xbe, 0x66, 0x9e, 0x66, 
    0xbe, 0x66, 0x9f, 0x66, 0x9e, 0x66, 0xbf, 0x66, 0x9f, 0x66, 0xbf, 0x66, 
    0xbe, 0x66, 0xbf, 0x66, 0x9f, 0x66, 0xbe, 0x66, 0xbf, 0x66, 0xbf, 0x66, 
    0xbf, 0x66, 0xbf, 0x66, 0xbf, 0x66, 0xbf, 0x66, 0xbf, 0x66, 0xbf, 0x66, 
    0xbf, 0x66, 0xbf, 0x66, 0xbf, 0x66, 0xbe, 0x66, 0x9e, 0x66, 0x9e, 0x66, 
    0x9e, 0x66, 0x9e, 0x66, 0x9e, 0x66, 0x9e, 0x66, 0x9e, 0x5e, 0x9e, 0x66, 
    0x9e, 0x5e, 0x9e, 0x5e, 0xbe, 0x5e, 0x9e, 0x5e, 0x9e, 0x5e, 0x9e, 0x5e, 
    0x9e, 0x5e, 0x9e, 0x5e, 0x9e, 0x66, 0x9e, 0x66, 0x9e, 0x66, 0x9e, 0x66, 
    0x9e, 0x66, 0x9e, 0x66, 0x9e, 0x5e, 0x9f, 0x5e, 0x9e, 0x5e, 0xbe, 0x5e, 
    0xbf, 0x66, 0x9f, 0x66, 0x9e, 0x66, 0x9e, 0x66, 0x9f, 0x66, 0xbe, 0x66, 
    0xbf, 0x66, 0xbf, 0x66, 0xbf, 0x66, 0xbe, 0x66, 0xbe, 0x66, 0x9e, 0x66, 
    0x9e, 0x66, 0xbe, 0x66, 0x9e, 0x66, 0x9e, 0x66, 0x9e, 0x66, 0x9e, 0x66, 
    0x9e, 0x66, 0x9f, 0x66, 0x9e, 0x66, 0x9e, 0x66, 0x9e, 0x5e, 0x9e, 0x66, 
    0x7e, 0x5e, 0x7e, 0x5e, 0x7e, 0x66, 0x7e, 0x66, 0x7e, 0x66, 0x7e, 0x66, 
    0x7e, 0x66, 0x7e, 0x66, 0x7d, 0x66, 0x7e, 0x66, 0x7e, 0x66, 0x7e, 0x66, 
    0xde, 0xf7, 0x9e, 0xdf, 0xde, 0x8e, 0xbe, 0x86, 0xbe, 0x7e, 0xdf, 0x76, 
    0xdf, 0x76, 0xdf, 0x76, 0xbe, 0x6e, 0xbf, 0x6e, 0xdf, 0x6e, 0xbe, 0x6e, 
    0xbe, 0x6e, 0xbe, 0x6e, 0xbe, 0x6e, 0xbe, 0x66, 0xbe, 0x66, 0x9e, 0x66, 
    0x9e, 0x66, 0xbe, 0x66, 0x9e, 0x66, 0x9e, 0x5e, 0x9e, 0x5e, 0x9e, 0x66, 
    0x9e, 0x66, 0x9e, 0x5e, 0x9e, 0x5e, 0x9e, 0x5e, 0x9e, 0x5e, 0x9e, 0x5e, 
    0x9e, 0x5e, 0x9e, 0x5e, 0x9e, 0x5e, 0x9e, 0x5e, 0x9e, 0x5e, 0x9f, 0x5e, 
    0x9e, 0x5e, 0x9e, 0x5e, 0x9e, 0x5e, 0x9e, 0x5e, 0x9e, 0x5e, 0x9e, 0x5e, 
    0x9e, 0x5e, 0x9f, 0x5e, 0xbf, 0x5e, 0x9f, 0x5e, 0xbe, 0x5e, 0xbf, 0x5e, 
    0xbf, 0x5e, 0xbf, 0x5e, 0xbf, 0x5e, 0xbe, 0x5e, 0xbf, 0x5e, 0xbf, 0x5e, 
    0xbf, 0x5e, 0xbf, 0x5e, 0xbe, 0x5e, 0xbe, 0x5e, 0xbe, 0x5e, 0xbe, 0x5e, 
    0xbf, 0x5e, 0xbe, 0x5e, 0x9e, 0x5e, 0xbe, 0x5e, 0xbe, 0x66, 0xbf, 0x66, 
    0xbf, 0x66, 0xbf, 0x66, 0xbf, 0x66, 0x9f, 0x66, 0xbf, 0x66, 0xbe, 0x66, 
    0x9f, 0x66, 0x9f, 0x66, 0x9e, 0x66, 0x9e, 0x66, 0x9e, 0x66, 0x9e, 0x66, 
    0x9e, 0x66, 0x9e, 0x66, 0x9e, 0x66, 0x9e, 0x5e, 0x9e, 0x5e, 0x9e, 0x5e, 
    0x9f, 0x66, 0x9e, 0x66, 0x9e, 0x66, 0x9e, 0x66, 0x9e, 0x66, 0x9e, 0x66, 
    0x9e, 0x66, 0xbe, 0x66, 0x9e, 0x66, 0x9e, 0x66, 0x9e, 0x66, 0x9e, 0x66, 
    0xbf, 0x66, 0xbf, 0x66, 0xbf, 0x66, 0xbf, 0x66, 0xbf, 0x66, 0xbe, 0x66, 
    0xbf, 0x66, 0xbf, 0x5e, 0xbf, 0x5e, 0xbf, 0x5e, 0xbf, 0x5e, 0xbf, 0x66, 
    0x9f, 0x5e, 0xbf, 0x66, 0xbf, 0x66, 0xbf, 0x66, 0xbf, 0x66, 0xbf, 0x66, 
    0xbf, 0x66, 0xbe, 0x66, 0xbe, 0x66, 0x9e, 0x66, 0x9f, 0x66, 0x9f, 0x66, 
    0xbe, 0x5e, 0xbf, 0x5e, 0xbf, 0x66, 0xbf, 0x66, 0xbf, 0x66, 0xbf, 0x66, 
    0xbf, 0x66, 0xbf, 0x66, 0xbf, 0x66, 0xbf, 0x66, 0xbe, 0x66, 0x9e, 0x66, 
    0xbe, 0x66, 0x9e, 0x66, 0xbe, 0x66, 0xbe, 0x66, 0xbe, 0x66, 0xbe, 0x66, 
    0xbe, 0x66, 0x9f, 0x5e, 0x9e, 0x66, 0x9e, 0x66, 0xbe, 0x66, 0x9f, 0x5e, 
    0xbf, 0x66, 0xbf, 0x5e, 0xbf, 0x5e, 0xbf, 0x5e, 0xbf, 0x5e, 0xbf, 0x66, 
    0xbe, 0x66, 0xbf, 0x66, 0xbf, 0x66, 0xbf, 0x66, 0x9f, 0x66, 0xbf, 0x66, 
    0x9f, 0x66, 0xbe, 0x66, 0xbf, 0x66, 0xbf, 0x66, 0xbe, 0x66, 0x9e, 0x66, 
    0xbf, 0x66, 0xbe, 0x66, 0xbf, 0x66, 0xbe, 0x66, 0xbf, 0x66, 0xbe, 0x66, 
    0xbf, 0x66, 0xbf, 0x66, 0xbf, 0x66, 0xbf, 0x66, 0xbf, 0x66, 0xbf, 0x66, 
    0xbf, 0x66, 0xbe, 0x66, 0xbf, 0x66, 0x9f, 0x66, 0xbe, 0x66, 0x9e, 0x66, 
    0x9e, 0x66, 0x9e, 0x66, 0x7e, 0x66, 0x9e, 0x66, 0x9e, 0x5e, 0x9e, 0x66, 
    0x9e, 0x5e, 0x9e, 0x5e, 0x9f, 0x5e, 0x9e, 0x5e, 0x9e, 0x5e, 0xbe, 0x5e, 
    0x9f, 0x5e, 0x9e, 0x5e, 0x9e, 0x66, 0x9e, 0x66, 0x9e, 0x66, 0x9e, 0x66, 
    0x9e, 0x66, 0x9e, 0x66, 0x9e, 0x5e, 0xbf, 0x5e, 0xbf, 0x66, 0xbf, 0x66, 
    0xbf, 0x66, 0xbe, 0x66, 0x9f, 0x66, 0x9f, 0x66, 0x9e, 0x66, 0xbe, 0x66, 
    0xbf, 0x66, 0xbf, 0x66, 0xbf, 0x66, 0xbf, 0x66, 0x9e, 0x66, 0x9e, 0x66, 
    0x9e, 0x66, 0x9e, 0x66, 0x9e, 0x66, 0x9e, 0x66, 0x9e, 0x66, 0x9e, 0x66, 
    0x9f, 0x66, 0x9e, 0x66, 0x9e, 0x66, 0x9e, 0x66, 0x9e, 0x66, 0x9e, 0x66, 
    0x7e, 0x66, 0x7e, 0x66, 0x7e, 0x66, 0x7e, 0x66, 0x7e, 0x66, 0x7e, 0x66, 
    0x7e, 0x66, 0x9e, 0x66, 0x9e, 0x66, 0x9e, 0x66, 0x7e, 0x66, 0x9e, 0x66, 
    0xde, 0xef, 0x9e, 0xd7, 0xde, 0x96, 0xde, 0x8e, 0xde, 0x86, 0xde, 0x7e, 
    0xdf, 0x76, 0xde, 0x76, 0xdf, 0x76, 0xde, 0x76, 0xde, 0x76, 0xbf, 0x76, 
    0xbe, 0x6e, 0xbe, 0x6e, 0xbe, 0x6e, 0xbe, 0x6e, 0xbe, 0x6e, 0x9e, 0x6e, 
    0xbe, 0x6e, 0x9e, 0x66, 0x9e, 0x66, 0x9e, 0x66, 0x9e, 0x66, 0x9e, 0x66, 
    0x9e, 0x66, 0x9e, 0x5e, 0x9e, 0x5e, 0x9e, 0x5e, 0x9e, 0x5e, 0x9e, 0x5e, 
    0x9e, 0x5e, 0x9e, 0x5e, 0x9e, 0x5e, 0x9e, 0x5e, 0x9e, 0x5e, 0x9e, 0x5e, 
    0x9e, 0x5e, 0x9e, 0x5e, 0x9e, 0x5e, 0x9e, 0x5e, 0x9e, 0x5e, 0x9e, 0x5e, 
    0x9f, 0x5e, 0xbe, 0x5e, 0xbf, 0x5e, 0xbf, 0x5e, 0xbf, 0x5e, 0x9f, 0x5e, 
    0xbf, 0x5e, 0xbe, 0x5e, 0xbf, 0x5e, 0xbe, 0x5e, 0xbf, 0x5e, 0xbf, 0x5e, 
    0xbf, 0x5e, 0xbe, 0x5e, 0xbf, 0x5e, 0xbe, 0x5e, 0xbe, 0x5e, 0xbf, 0x5e, 
    0xbf, 0x5e, 0xbf, 0x5e, 0xbf, 0x66, 0xbf, 0x66, 0xbe, 0x66, 0xbf, 0x66, 
    0xbf, 0x66, 0xbf, 0x66, 0xbf, 0x66, 0xbf, 0x66, 0xbf, 0x66, 0xbf, 0x66, 
    0x9e, 0x66, 0xbe, 0x66, 0xbf, 0x66, 0xbf, 0x66, 0x9e, 0x66, 0x9e, 0x66, 
    0x9e, 0x66, 0x9e, 0x66, 0x9e, 0x66, 0x9e, 0x5e, 0x9e, 0x5e, 0x9e, 0x5e, 
    0x9e, 0x66, 0x9e, 0x66, 0x9e, 0x66, 0x9e, 0x66, 0x9e, 0x66, 0x9e, 0x66, 
    0x9e, 0x66, 0x9f, 0x66, 0xbe, 0x66, 0xbf, 0x66, 0xbe, 0x66, 0xbf, 0x66, 
    0xbe, 0x66, 0xbf, 0x66, 0xbe, 0x66, 0xbf, 0x66, 0xbf, 0x66, 0xbf, 0x66, 
    0xbe, 0x5e, 0xbf, 0x66, 0xbf, 0x66, 0xbf, 0x66, 0xbf, 0x66, 0xbf, 0x66, 
    0xbf, 0x66, 0xbf, 0x5e, 0xbf, 0x66, 0xbe, 0x66, 0xbf, 0x66, 0xbe, 0x66, 
    0xbe, 0x66, 0xbf, 0x66, 0x9f, 0x66, 0xbe, 0x66, 0x9e, 0x66, 0x9f, 0x66, 
    0xbf, 0x66, 0xbf, 0x66, 0xbf, 0x66, 0xbf, 0x66, 0xbf, 0x66, 0xbf, 0x66, 
    0xbf, 0x66, 0xbf, 0x66, 0xbf, 0x66, 0xbe, 0x66, 0x9e, 0x66, 0x9e, 0x66, 
    0xbe, 0x66, 0x9e, 0x66, 0xbe, 0x66, 0xbe, 0x66, 0xbe, 0x66, 0xbe, 0x66, 
    0xbe, 0x66, 0x9e, 0x66, 0xbe, 0x66, 0x9e, 0x66, 0x9e, 0x66, 0xbe, 0x5e, 
    0xbe, 0x5e, 0xbf, 0x66, 0xbf, 0x5e, 0xbe, 0x5e, 0xbf, 0x5e, 0xbf, 0x5e, 
    0xbf, 0x66, 0xbf, 0x66, 0xbf, 0x66, 0xbe, 0x66, 0x9f, 0x66, 0xbe, 0x66, 
    0xbe, 0x66, 0x9e, 0x66, 0xbe, 0x66, 0x9e, 0x66, 0x9f, 0x66, 0xbf, 0x66, 
    0xbe, 0x66, 0xbf, 0x66, 0xbf, 0x66, 0xbf, 0x66, 0xbf, 0x66, 0xbf, 0x66, 
    0xbe, 0x66, 0xbf, 0x66, 0xbe, 0x66, 0xbf, 0x66, 0xbf, 0x66, 0xbf, 0x66, 
    0xbf, 0x66, 0xbf, 0x66, 0xbf, 0x66, 0xbf, 0x66, 0xbf, 0x66, 0xbe, 0x66, 
    0x9e, 0x66, 0x9e, 0x66, 0x9e, 0x66, 0x9e, 0x66, 0x9e, 0x66, 0x9e, 0x5e, 
    0x9e, 0x5e, 0x9e, 0x5e, 0x9e, 0x5e, 0x9f, 0x5e, 0x9e, 0x5e, 0xbe, 0x66, 
    0x9e, 0x66, 0x9e, 0x5e, 0x9e, 0x66, 0x9e, 0x66, 0x9e, 0x66, 0x9e, 0x66, 
    0x9e, 0x66, 0x9f, 0x66, 0xbe, 0x5e, 0xbf, 0x66, 0xbe, 0x66, 0xbf, 0x66, 
    0xbf, 0x66, 0xbf, 0x66, 0xbe, 0x66, 0xbf, 0x66, 0x9f, 0x66, 0xbe, 0x66, 
    0xbf, 0x66, 0x9e, 0x66, 0xbe, 0x66, 0xbe, 0x66, 0xbe, 0x66, 0x9e, 0x66, 
    0x9e, 0x66, 0x9e, 0x66, 0x9e, 0x66, 0x9f, 0x66, 0x9e, 0x66, 0x9e, 0x66, 
    0x9e, 0x66, 0x9e, 0x66, 0x9e, 0x66, 0x9e, 0x66, 0x9e, 0x66, 0x9e, 0x66, 
    0x9e, 0x66, 0x7e, 0x66, 0x9e, 0x66, 0x7e, 0x66, 0x9e, 0x66, 0x7e, 0x66, 
    0x7e, 0x66, 0x9e, 0x66, 0x9e, 0x66, 0x9e, 0x66, 0x9e, 0x66, 0x9e, 0x66, 
    0xde, 0xef, 0x9e, 0xd7, 0xff, 0x9e, 0xff, 0x8e, 0xdf, 0x86, 0xdf, 0x7e, 
    0xdf, 0x7e, 0xdf, 0x76, 0xff, 0x76, 0xdf, 0x76, 0xdf, 0x76, 0xde, 0x76, 
    0xde, 0x76, 0xbe, 0x76, 0xde, 0x76, 0xbe, 0x6e, 0xbe, 0x6e, 0xbe, 0x6e, 
    0xbe, 0x6e, 0xbe, 0x6e, 0x9e, 0x66, 0x9e, 0x66, 0x9e, 0x66, 0x9e, 0x66, 
    0x9e, 0x66, 0x9e, 0x66, 0x9e, 0x66, 0x9e, 0x5e, 0x9e, 0x5e, 0x9e, 0x5e, 
    0x9e, 0x5e, 0x9e, 0x5e, 0x9e, 0x5e, 0x9e, 0x5e, 0x9e, 0x5e, 0x9e, 0x5e, 
    0x9e, 0x5e, 0x9e, 0x5e, 0x9e, 0x5e, 0x9e, 0x5e, 0x9e, 0x5e, 0x9e, 0x66, 
    0xbe, 0x5e, 0xbe, 0x5e, 0xbe, 0x5e, 0xbf, 0x5e, 0xbe, 0x5e, 0xbf, 0x5e, 
    0xbf, 0x5e, 0xbf, 0x5e, 0xbe, 0x5e, 0xbf, 0x5e, 0xbf, 0x5e, 0xbf, 0x5e, 
    0xbf, 0x5e, 0xbf, 0x5e, 0xbe, 0x5e, 0xbe, 0x5e, 0xbf, 0x5e, 0xbf, 0x5e, 
    0xbf, 0x5e, 0xbe, 0x66, 0xbf, 0x66, 0xbf, 0x66, 0xbf, 0x66, 0xbe, 0x66, 
    0xbf, 0x66, 0xbf, 0x5e, 0xbf, 0x66, 0xbe, 0x66, 0xbf, 0x66, 0x9e, 0x66, 
    0xbe, 0x66, 0x9e, 0x5e, 0x9e, 0x66, 0x9e, 0x66, 0xbe, 0x66, 0x9e, 0x66, 
    0x9e, 0x66, 0x9e, 0x66, 0x9e, 0x66, 0x9e, 0x66, 0x9e, 0x66, 0x9e, 0x66, 
    0x9e, 0x66, 0xbe, 0x66, 0x9e, 0x66, 0xbe, 0x66, 0x9e, 0x66, 0x9e, 0x66, 
    0xbe, 0x66, 0xbe, 0x66, 0xbe, 0x66, 0xbe, 0x66, 0xbf, 0x66, 0xbf, 0x66, 
    0xbf, 0x66, 0xbf, 0x66, 0xbf, 0x66, 0xbf, 0x66, 0xdf, 0x66, 0xbf, 0x66, 
    0xbf, 0x66, 0xbf, 0x66, 0xbf, 0x66, 0xbe, 0x66, 0xbf, 0x66, 0xbf, 0x66, 
    0xbf, 0x66, 0xbf, 0x66, 0xbf, 0x66, 0xbf, 0x5e, 0xbf, 0x66, 0xbe, 0x66, 
    0xbe, 0x66, 0xbe, 0x66, 0x9e, 0x66, 0xbe, 0x66, 0xbe, 0x66, 0xbe, 0x66, 
    0xbe, 0x66, 0xbf, 0x66, 0xbf, 0x5e, 0xbf, 0x66, 0xbf, 0x66, 0xbf, 0x66, 
    0xbf, 0x66, 0xbe, 0x66, 0xbe, 0x66, 0xbf, 0x66, 0xbe, 0x66, 0xbe, 0x66, 
    0xbe, 0x66, 0xbe, 0x66, 0xbe, 0x66, 0xbe, 0x66, 0x9e, 0x66, 0xbe, 0x66, 
    0xbe, 0x66, 0x9e, 0x66, 0xbe, 0x66, 0x9e, 0x66, 0x9e, 0x66, 0xbe, 0x66, 
    0x9e, 0x66, 0xbe, 0x66, 0xbe, 0x66, 0xbf, 0x5e, 0x9f, 0x5e, 0x9e, 0x5e, 
    0xbe, 0x66, 0xbf, 0x66, 0xbf, 0x66, 0xbf, 0x66, 0xbe, 0x66, 0xbf, 0x66, 
    0x9f, 0x66, 0x9e, 0x66, 0x9e, 0x66, 0x9e, 0x66, 0xbe, 0x66, 0x9e, 0x66, 
    0xbe, 0x66, 0xbe, 0x66, 0xbf, 0x66, 0xbe, 0x66, 0xbf, 0x66, 0xbe, 0x66, 
    0xbe, 0x66, 0xbe, 0x66, 0xbe, 0x66, 0xbf, 0x66, 0xbf, 0x66, 0xbf, 0x66, 
    0xbf, 0x66, 0xbf, 0x66, 0xbf, 0x66, 0xbf, 0x66, 0xbf, 0x66, 0xbe, 0x66, 
    0x9e, 0x66, 0x9e, 0x66, 0x9e, 0x66, 0x9e, 0x66, 0x9e, 0x5e, 0x9e, 0x66, 
    0x9e, 0x66, 0x9e, 0x5e, 0x9e, 0x5e, 0x9e, 0x5e, 0x9f, 0x5e, 0x9e, 0x66, 
    0x9e, 0x5e, 0x9e, 0x66, 0x9e, 0x66, 0x9e, 0x66, 0x9e, 0x66, 0x9e, 0x66, 
    0xbf, 0x66, 0xbf, 0x66, 0xbf, 0x66, 0xbe, 0x66, 0xbf, 0x66, 0xbf, 0x66, 
    0xbf, 0x66, 0xbf, 0x66, 0xbf, 0x66, 0xbe, 0x66, 0xbf, 0x66, 0xbe, 0x66, 
    0xbf, 0x66, 0xbe, 0x66, 0xbe, 0x66, 0xbe, 0x66, 0x9e, 0x66, 0x9e, 0x66, 
    0x9e, 0x66, 0x9e, 0x66, 0x9f, 0x66, 0x9e, 0x66, 0x9e, 0x66, 0x9e, 0x66, 
    0x9e, 0x66, 0x9e, 0x66, 0x9e, 0x66, 0x9e, 0x66, 0x9e, 0x66, 0x9e, 0x66, 
    0x9e, 0x66, 0x9e, 0x66, 0x9e, 0x66, 0x9e, 0x66, 0x7e, 0x66, 0x9e, 0x66, 
    0x9e, 0x66, 0x9e, 0x66, 0x9e, 0x66, 0x9e, 0x66, 0x9e, 0x66, 0x9e, 0x66, 
    0xde, 0xef, 0x7f, 0xc7, 0x5f, 0xaf, 0x5f, 0xaf, 0x3f, 0x9f, 0xff, 0x8e, 
    0xdf, 0x86, 0xfe, 0x86, 0xdf, 0x7e, 0xff, 0x7e, 0xff, 0x7e, 0xff, 0x7e, 
    0xde, 0x7e, 0xde, 0x7e, 0xde, 0x76, 0xbf, 0x76, 0xbe, 0x76, 0xbe, 0x6e, 
    0xbe, 0x6e, 0xbe, 0x6e, 0xbe, 0x6e, 0x9e, 0x6e, 0x9e, 0x66, 0x9e, 0x66, 
    0x9e, 0x66, 0x9e, 0x66, 0x9e, 0x66, 0x9e, 0x5e, 0x9e, 0x5e, 0x9e, 0x5e, 
    0x9e, 0x5e, 0x9e, 0x5e, 0x9e, 0x5e, 0x9e, 0x5e, 0x9e, 0x5e, 0x9e, 0x5e, 
    0x9e, 0x5e, 0x9e, 0x5e, 0x9e, 0x5e, 0x9e, 0x5e, 0x9e, 0x5e, 0x9e, 0x5e, 
    0x9e, 0x5e, 0x9e, 0x5e, 0x9e, 0x5e, 0x9f, 0x5e, 0xbf, 0x5e, 0xbf, 0x5e, 
    0xbe, 0x5e, 0xbf, 0x5e, 0xbf, 0x5e, 0xbe, 0x5e, 0xbf, 0x5e, 0xbf, 0x5e, 
    0xbe, 0x5e, 0xbe, 0x5e, 0xbe, 0x5e, 0x9e, 0x5e, 0xbe, 0x5e, 0xbe, 0x5e, 
    0xbf, 0x5e, 0xbf, 0x5e, 0xbf, 0x66, 0xbf, 0x66, 0x9f, 0x66, 0xbf, 0x66, 
    0xbe, 0x66, 0xbf, 0x66, 0xbf, 0x66, 0xbf, 0x66, 0xbe, 0x66, 0x9f, 0x66, 
    0x9f, 0x66, 0xbf, 0x66, 0xbf, 0x66, 0xbf, 0x66, 0x9f, 0x66, 0x9e, 0x66, 
    0x9e, 0x66, 0x9f, 0x66, 0x9e, 0x66, 0x9e, 0x66, 0x9e, 0x66, 0x9e, 0x66, 
    0xbe, 0x66, 0x9e, 0x66, 0xbe, 0x66, 0x9e, 0x66, 0xbe, 0x66, 0x9e, 0x66, 
    0x9e, 0x66, 0xbf, 0x66, 0xbf, 0x66, 0xbf, 0x66, 0xbf, 0x66, 0xbf, 0x66, 
    0xbe, 0x66, 0xbf, 0x66, 0xbf, 0x66, 0xdf, 0x66, 0xdf, 0x66, 0xdf, 0x66, 
    0xbf, 0x66, 0xbf, 0x66, 0xbf, 0x66, 0xbf, 0x66, 0xbf, 0x66, 0xbf, 0x66, 
    0xbf, 0x66, 0xbf, 0x66, 0xbf, 0x66, 0xbf, 0x66, 0xbf, 0x66, 0xbe, 0x66, 
    0xbe, 0x66, 0x9e, 0x66, 0xbe, 0x66, 0x9e, 0x66, 0xbe, 0x66, 0x9e, 0x66, 
    0xbe, 0x66, 0xbf, 0x66, 0xbf, 0x66, 0xbf, 0x66, 0xbf, 0x66, 0xbf, 0x66, 
    0xbe, 0x66, 0xbf, 0x66, 0xbf, 0x66, 0xbe, 0x66, 0xbe, 0x66, 0xbe, 0x66, 
    0xbf, 0x66, 0xbe, 0x66, 0xbf, 0x66, 0xbe, 0x66, 0x9e, 0x66, 0xbe, 0x66, 
    0x9e, 0x66, 0x9e, 0x66, 0x9e, 0x66, 0x9e, 0x66, 0x9e, 0x66, 0x9e, 0x66, 
    0xbe, 0x66, 0x9e, 0x66, 0xbf, 0x66, 0x9e, 0x66, 0xbe, 0x5e, 0x9f, 0x5e, 
    0x9f, 0x66, 0xbf, 0x66, 0xbf, 0x66, 0xbf, 0x66, 0xbf, 0x66, 0xbe, 0x66, 
    0xbf, 0x66, 0x9e, 0x66, 0xbe, 0x66, 0xbe, 0x66, 0xbe, 0x66, 0x9f, 0x66, 
    0xbf, 0x66, 0xbe, 0x66, 0x9f, 0x66, 0xbf, 0x66, 0xbe, 0x66, 0xbe, 0x66, 
    0x9f, 0x66, 0xbe, 0x66, 0xbe, 0x66, 0xbf, 0x66, 0xbf, 0x66, 0xbf, 0x66, 
    0xbf, 0x66, 0xbf, 0x66, 0xbf, 0x66, 0xbf, 0x66, 0xbf, 0x66, 0xbf, 0x66, 
    0x9f, 0x66, 0xbe, 0x66, 0xbe, 0x66, 0x9f, 0x66, 0x9e, 0x66, 0x9e, 0x66, 
    0x9e, 0x66, 0x9e, 0x5e, 0x9e, 0x5e, 0x9e, 0x5e, 0xbe, 0x66, 0x9e, 0x66, 
    0x9e, 0x66, 0x9f, 0x66, 0x9e, 0x66, 0x9f, 0x66, 0xbf, 0x66, 0xbf, 0x66, 
    0xbf, 0x66, 0xbf, 0x66, 0xbe, 0x66, 0xbf, 0x66, 0xbf, 0x66, 0xdf, 0x66, 
    0xdf, 0x66, 0xbf, 0x66, 0xbf, 0x66, 0xbe, 0x5e, 0xbf, 0x66, 0xbf, 0x66, 
    0xbe, 0x66, 0x9e, 0x66, 0xbe, 0x66, 0xbe, 0x66, 0x9e, 0x66, 0xbe, 0x66, 
    0x9e, 0x66, 0x9e, 0x66, 0x9e, 0x66, 0x9e, 0x66, 0x9e, 0x66, 0x9e, 0x66, 
    0x9e, 0x66, 0x9f, 0x66, 0x9e, 0x66, 0x9e, 0x66, 0x9e, 0x66, 0x7e, 0x66, 
    0x9e, 0x66, 0x9e, 0x66, 0x9e, 0x66, 0x9e, 0x66, 0x9e, 0x66, 0x9e, 0x66, 
    0x9e, 0x66, 0x9f, 0x66, 0x9e, 0x66, 0x9e, 0x66, 0x7e, 0x66, 0x9e, 0x6e, 
    0xde, 0xf7, 0xde, 0xf7, 0xff, 0xf7, 0xff, 0xf7, 0xfe, 0xf7, 0xfe, 0xf7, 
    0xff, 0xf7, 0xdf, 0xf7, 0xfe, 0xf7, 0xdf, 0xef, 0xbf, 0xdf, 0x5f, 0xb7, 
    0xfe, 0x8e, 0xde, 0x86, 0xde, 0x7e, 0xdf, 0x7e, 0xde, 0x76, 0xde, 0x76, 
    0xdf, 0x76, 0xbf, 0x76, 0xbe, 0x6e, 0xbe, 0x6e, 0xbe, 0x66, 0xbe, 0x66, 
    0x9e, 0x66, 0x9e, 0x66, 0x9e, 0x66, 0x9e, 0x66, 0x9e, 0x66, 0x9e, 0x5e, 
    0x9e, 0x5e, 0x9e, 0x5e, 0x9e, 0x5e, 0x9e, 0x5e, 0x9e, 0x5e, 0x9e, 0x5e, 
    0x9e, 0x5e, 0x9e, 0x5e, 0x9e, 0x5e, 0x9e, 0x5e, 0x9e, 0x66, 0x9e, 0x66, 
    0x9e, 0x5e, 0x9e, 0x5e, 0x9e, 0x5e, 0x9f, 0x5e, 0xbf, 0x5e, 0xbf, 0x5e, 
    0xbf, 0x5e, 0xbf, 0x5e, 0xbf, 0x5e, 0xbe, 0x5e, 0xbe, 0x5e, 0xbe, 0x5e, 
    0xbe, 0x5e, 0xbe, 0x5e, 0x9e, 0x5e, 0xbe, 0x5e, 0xbf, 0x5e, 0xbe, 0x5e, 
    0xbf, 0x5e, 0xbf, 0x5e, 0xbe, 0x66, 0xbf, 0x5e, 0xbe, 0x66, 0xbf, 0x66, 
    0xbf, 0x66, 0xbf, 0x66, 0xbf, 0x5e, 0x9e, 0x5e, 0xbe, 0x66, 0xbe, 0x66, 
    0xbf, 0x66, 0xbf, 0x5e, 0xbf, 0x66, 0xbf, 0x66, 0xbf, 0x66, 0xbe, 0x66, 
    0x9f, 0x66, 0xbe, 0x66, 0x9f, 0x5e, 0xbf, 0x66, 0x9e, 0x66, 0xbe, 0x66, 
    0x9e, 0x66, 0xbe, 0x66, 0xbe, 0x66, 0x9e, 0x66, 0x9e, 0x66, 0xbe, 0x66, 
    0xbe, 0x66, 0xbf, 0x66, 0xbf, 0x66, 0xbf, 0x66, 0xbf, 0x66, 0xdf, 0x66, 
    0xbf, 0x66, 0xbf, 0x66, 0xbf, 0x66, 0xbe, 0x66, 0xbf, 0x66, 0xdf, 0x66, 
    0xbf, 0x66, 0xbf, 0x66, 0xbf, 0x66, 0xbf, 0x66, 0xbf, 0x66, 0xbf, 0x66, 
    0xbf, 0x66, 0xbf, 0x66, 0xbf, 0x66, 0xbf, 0x66, 0xbe, 0x66, 0xbf, 0x66, 
    0xbe, 0x66, 0xbe, 0x66, 0x9e, 0x66, 0xbe, 0x66, 0x9e, 0x66, 0xbe, 0x66, 
    0xbe, 0x66, 0xbe, 0x66, 0xbf, 0x66, 0xbf, 0x66, 0xbf, 0x66, 0xbf, 0x66, 
    0xbf, 0x66, 0xbe, 0x66, 0xbe, 0x66, 0xbe, 0x66, 0xbf, 0x66, 0xbe, 0x66, 
    0xbe, 0x6e, 0xbe, 0x66, 0xbf, 0x66, 0xbe, 0x66, 0xbe, 0x66, 0x9e, 0x66, 
    0x9e, 0x66, 0x9e, 0x66, 0x9e, 0x66, 0x9e, 0x66, 0x9e, 0x66, 0xbe, 0x66, 
    0xbe, 0x66, 0x9e, 0x66, 0xbf, 0x66, 0x9e, 0x66, 0x9e, 0x5e, 0x9e, 0x5e, 
    0x9e, 0x5e, 0xbe, 0x5e, 0x9f, 0x66, 0xbe, 0x66, 0xbf, 0x66, 0xbf, 0x66, 
    0x9f, 0x66, 0xbf, 0x66, 0xbe, 0x66, 0xbe, 0x66, 0xbe, 0x66, 0xbf, 0x66, 
    0xbf, 0x66, 0xbe, 0x66, 0xbe, 0x66, 0xbf, 0x66, 0xbe, 0x66, 0x9f, 0x66, 
    0xbe, 0x66, 0xbe, 0x66, 0xbe, 0x66, 0xbf, 0x66, 0xbf, 0x66, 0xbf, 0x66, 
    0xbf, 0x66, 0xbf, 0x66, 0xbf, 0x66, 0xbf, 0x66, 0xbe, 0x66, 0xbe, 0x66, 
    0xbf, 0x66, 0xbe, 0x66, 0xbf, 0x66, 0xbe, 0x66, 0x9f, 0x66, 0x9e, 0x66, 
    0x9e, 0x66, 0x9e, 0x66, 0x9e, 0x66, 0x9e, 0x66, 0x9e, 0x66, 0xbe, 0x66, 
    0x9f, 0x66, 0xbe, 0x66, 0xbe, 0x66, 0xbf, 0x66, 0xbf, 0x66, 0xbf, 0x66, 
    0xbf, 0x66, 0xbf, 0x66, 0xbf, 0x66, 0xdf, 0x66, 0xbf, 0x66, 0xdf, 0x66, 
    0xbf, 0x66, 0xbe, 0x66, 0xbf, 0x66, 0xbf, 0x66, 0xbf, 0x66, 0xbe, 0x66, 
    0xbe, 0x66, 0xbe, 0x66, 0xbe, 0x66, 0xbe, 0x66, 0xbe, 0x66, 0xbe, 0x66, 
    0xbe, 0x66, 0x9e, 0x66, 0xbe, 0x66, 0xbf, 0x66, 0x9e, 0x66, 0x9e, 0x66, 
    0x9e, 0x66, 0x9e, 0x66, 0x9e, 0x66, 0x9e, 0x66, 0x9e, 0x66, 0x9e, 0x66, 
    0x9e, 0x66, 0x7e, 0x66, 0x9e, 0x66, 0x9e, 0x66, 0x9e, 0x66, 0x9e, 0x66, 
    0xbf, 0x6e, 0x9e, 0x66, 0x9e, 0x66, 0x9e, 0x66, 0x9e, 0x6e, 0x9e, 0x66, 
    0xde, 0xf7, 0xff, 0xf7, 0xfe, 0xf7, 0xff, 0xff, 0xff, 0xff, 0xff, 0xff, 
    0xff, 0xff, 0xff, 0xf7, 0xff, 0xf7, 0xff, 0xf7, 0xff, 0xf7, 0xff, 0xf7, 
    0xdf, 0xef, 0xbe, 0xdf, 0x1e, 0xaf, 0xdf, 0x86, 0xff, 0x7e, 0xdf, 0x7e, 
    0xdf, 0x76, 0xbe, 0x76, 0xbe, 0x76, 0xbe, 0x6e, 0xbe, 0x6e, 0x9e, 0x66, 
    0x9e, 0x66, 0x9e, 0x66, 0x9e, 0x66, 0x9e, 0x66, 0x9d, 0x66, 0x9e, 0x5e, 
    0x9e, 0x66, 0x9e, 0x5e, 0x9e, 0x5e, 0x9e, 0x5e, 0x9e, 0x5e, 0x9f, 0x5e, 
    0x9e, 0x5e, 0xbe, 0x5e, 0xbe, 0x66, 0x9e, 0x66, 0x9e, 0x66, 0xbe, 0x66, 
    0x9e, 0x66, 0x9e, 0x5e, 0x9e, 0x5e, 0x9e, 0x5e, 0x9e, 0x5e, 0xbe, 0x5e, 
    0xbe, 0x5e, 0xbe, 0x5e, 0x9e, 0x5e, 0xbe, 0x5e, 0xbf, 0x5e, 0xbe, 0x5e, 
    0xbe, 0x5e, 0xbf, 0x5e, 0xbe, 0x5e, 0xbf, 0x5e, 0xbe, 0x5e, 0xbf, 0x5e, 
    0xbe, 0x5e, 0xbe, 0x66, 0xbe, 0x66, 0xbe, 0x66, 0xbe, 0x5e, 0xbe, 0x66, 
    0xbe, 0x66, 0x9f, 0x5e, 0x9f, 0x5e, 0xbf, 0x5e, 0x9e, 0x66, 0x9e, 0x5e, 
    0xbe, 0x5e, 0xbf, 0x66, 0xbf, 0x66, 0xbf, 0x66, 0xbf, 0x66, 0xbf, 0x66, 
    0xbe, 0x66, 0xbf, 0x66, 0xbf, 0x66, 0xbe, 0x66, 0xbf, 0x66, 0xbe, 0x66, 
    0xbe, 0x66, 0xbe, 0x66, 0xbe, 0x66, 0xbe, 0x66, 0xbe, 0x66, 0xbf, 0x66, 
    0xbe, 0x66, 0xbf, 0x66, 0xbf, 0x66, 0xdf, 0x66, 0xbf, 0x6e, 0xbf, 0x66, 
    0xbf, 0x66, 0xbf, 0x66, 0xbf, 0x66, 0xbf, 0x66, 0xdf, 0x66, 0xbf, 0x66, 
    0xdf, 0x66, 0xbf, 0x66, 0xbf, 0x66, 0xbf, 0x66, 0xbf, 0x66, 0xbf, 0x66, 
    0xbf, 0x66, 0xbf, 0x66, 0xbf, 0x66, 0xbe, 0x66, 0x9f, 0x66, 0xbe, 0x66, 
    0xbe, 0x66, 0x9e, 0x66, 0x9e, 0x66, 0xbe, 0x66, 0x9e, 0x66, 0x9e, 0x66, 
    0x9e, 0x66, 0x9e, 0x66, 0x9f, 0x66, 0xbe, 0x66, 0xbf, 0x66, 0xbf, 0x66, 
    0xbf, 0x66, 0xbf, 0x66, 0xbf, 0x66, 0xbf, 0x66, 0xbf, 0x6e, 0xde, 0x66, 
    0xbe, 0x66, 0xbf, 0x66, 0xbf, 0x66, 0xbe, 0x66, 0xbe, 0x66, 0xbe, 0x66, 
    0xbe, 0x66, 0x9e, 0x66, 0x9e, 0x66, 0x9e, 0x66, 0xbe, 0x66, 0xbe, 0x66, 
    0xbe, 0x66, 0xbf, 0x66, 0xbf, 0x66, 0x9e, 0x66, 0x9e, 0x66, 0x9e, 0x66, 
    0x9e, 0x66, 0x9e, 0x66, 0xbe, 0x66, 0xbf, 0x66, 0xbf, 0x66, 0xbe, 0x66, 
    0xbf, 0x66, 0xbf, 0x66, 0xbe, 0x66, 0xbe, 0x66, 0x9e, 0x66, 0xbe, 0x66, 
    0xbe, 0x66, 0xbf, 0x66, 0xbe, 0x66, 0xbe, 0x66, 0xbe, 0x66, 0x9e, 0x66, 
    0xbe, 0x66, 0x9e, 0x66, 0xbe, 0x66, 0xbf, 0x66, 0xbf, 0x66, 0xbf, 0x66, 
    0xbf, 0x66, 0xbf, 0x66, 0xbe, 0x66, 0xbf, 0x66, 0xbf, 0x6e, 0xbe, 0x6e, 
    0xbe, 0x66, 0xbf, 0x66, 0xbe, 0x66, 0xbf, 0x66, 0x9f, 0x66, 0x9e, 0x66, 
    0x9e, 0x66, 0x9e, 0x66, 0x9e, 0x66, 0x9e, 0x66, 0x9e, 0x66, 0xbe, 0x66, 
    0x9e, 0x66, 0x9e, 0x66, 0xbe, 0x66, 0xbf, 0x66, 0xbf, 0x66, 0xbf, 0x66, 
    0xbf, 0x66, 0xbf, 0x66, 0xdf, 0x66, 0xdf, 0x66, 0xdf, 0x66, 0xbf, 0x66, 
    0xbf, 0x66, 0xbf, 0x66, 0xbe, 0x66, 0xbf, 0x66, 0xbf, 0x66, 0xbe, 0x66, 
    0xbe, 0x66, 0xbe, 0x66, 0xbe, 0x66, 0xbe, 0x66, 0xbe, 0x66, 0xbe, 0x66, 
    0xbf, 0x66, 0xbf, 0x66, 0xbf, 0x66, 0xbf, 0x66, 0xbe, 0x66, 0xbe, 0x66, 
    0x9e, 0x66, 0x9e, 0x66, 0x9e, 0x66, 0x9e, 0x66, 0x9e, 0x66, 0x9e, 0x66, 
    0x7e, 0x66, 0x9e, 0x66, 0x9e, 0x66, 0x9e, 0x66, 0x9e, 0x66, 0x9e, 0x66, 
    0x9e, 0x66, 0x9e, 0x66, 0x9e, 0x66, 0x9e, 0x66, 0x9e, 0x66, 0x9e, 0x6e, 
    0xfe, 0xf7, 0xff, 0xf7, 0xff, 0xf7, 0xff, 0xf7, 0xff, 0xff, 0xff, 0xf7, 
    0xff, 0xf7, 0xff, 0xf7, 0xff, 0xf7, 0xff, 0xf7, 0xff, 0xf7, 0xff, 0xf7, 
    0xff, 0xf7, 0xff, 0xff, 0xff, 0xff, 0xdf, 0xe7, 0x1f, 0x97, 0xdf, 0x7e, 
    0xdf, 0x7e, 0xdf, 0x76, 0xbf, 0x76, 0xbe, 0x6e, 0xbe, 0x6e, 0xbe, 0x66, 
    0x9e, 0x66, 0x9e, 0x66, 0x9e, 0x66, 0x9e, 0x66, 0x9e, 0x66, 0x9e, 0x5e, 
    0x9e, 0x5e, 0x9e, 0x5e, 0x9e, 0x66, 0x9e, 0x66, 0xbe, 0x5e, 0xbf, 0x5e, 
    0xbf, 0x5e, 0x9e, 0x66, 0xbe, 0x66, 0x9e, 0x66, 0xbe, 0x66, 0x9e, 0x66, 
    0x9e, 0x66, 0x9e, 0x66, 0x9e, 0x66, 0x9e, 0x5e, 0x9f, 0x5e, 0x9e, 0x5e, 
    0x9e, 0x5e, 0xbe, 0x5e, 0x9f, 0x5e, 0xbe, 0x5e, 0xbe, 0x5e, 0xbe, 0x5e, 
    0xbe, 0x5e, 0xbe, 0x5e, 0xbe, 0x5e, 0x9e, 0x5e, 0xbe, 0x5e, 0xbe, 0x5e, 
    0xbe, 0x66, 0xbe, 0x66, 0xbe, 0x66, 0x9e, 0x66, 0xbe, 0x66, 0xbf, 0x66, 
    0xbf, 0x66, 0xbe, 0x5e, 0xbe, 0x5e, 0x9e, 0x5e, 0x9e, 0x5e, 0xbe, 0x5e, 
    0xbe, 0x66, 0xbf, 0x66, 0xbf, 0x5e, 0xbf, 0x66, 0xbf, 0x66, 0xbf, 0x66, 
    0xbf, 0x66, 0xbe, 0x66, 0xbf, 0x66, 0xbf, 0x66, 0xbf, 0x66, 0xbf, 0x66, 
    0xbe, 0x66, 0xbe, 0x66, 0xbf, 0x66, 0xbe, 0x66, 0xbe, 0x66, 0xbe, 0x66, 
    0xbf, 0x66, 0xbf, 0x66, 0xbf, 0x66, 0xbf, 0x66, 0xbf, 0x66, 0xbf, 0x66, 
    0xbf, 0x66, 0xbe, 0x66, 0xbf, 0x66, 0xbf, 0x66, 0xdf, 0x66, 0xbf, 0x66, 
    0xdf, 0x66, 0xdf, 0x66, 0xbf, 0x66, 0xbf, 0x66, 0xbf, 0x66, 0xbf, 0x66, 
    0xbf, 0x66, 0xbf, 0x66, 0xbf, 0x66, 0xbf, 0x66, 0xbf, 0x66, 0xbf, 0x66, 
    0xbf, 0x66, 0xbe, 0x66, 0xbe, 0x66, 0xbe, 0x66, 0xbe, 0x66, 0xbe, 0x66, 
    0x9e, 0x66, 0x9e, 0x66, 0xbe, 0x66, 0xbe, 0x66, 0xbf, 0x66, 0xbf, 0x66, 
    0xbf, 0x66, 0xbf, 0x66, 0xbf, 0x66, 0xbf, 0x6e, 0xbf, 0x6e, 0xdf, 0x66, 
    0xbf, 0x66, 0xbf, 0x66, 0xbe, 0x66, 0xbf, 0x6e, 0xbe, 0x6e, 0xbe, 0x66, 
    0x9e, 0x66, 0x9e, 0x66, 0x9e, 0x66, 0x9e, 0x66, 0x9e, 0x66, 0xbe, 0x66, 
    0xbe, 0x66, 0xbe, 0x66, 0xbf, 0x66, 0xbe, 0x66, 0x9e, 0x66, 0x9e, 0x66, 
    0x9e, 0x66, 0x9e, 0x66, 0x9e, 0x66, 0xbe, 0x66, 0xbf, 0x66, 0xbf, 0x66, 
    0xbf, 0x66, 0xbe, 0x66, 0xbe, 0x66, 0x9e, 0x66, 0x9e, 0x66, 0xbe, 0x66, 
    0xbe, 0x66, 0xbe, 0x66, 0xbe, 0x66, 0xbe, 0x66, 0xbe, 0x66, 0xbe, 0x66, 
    0xbe, 0x66, 0xbf, 0x66, 0xbe, 0x66, 0xbe, 0x66, 0xbe, 0x66, 0xbf, 0x66, 
    0xbf, 0x66, 0xbf, 0x66, 0xbe, 0x66, 0xbe, 0x66, 0xbe, 0x6e, 0xbe, 0x6e, 
    0xbf, 0x6e, 0xbf, 0x6e, 0xbf, 0x6e, 0xbe, 0x66, 0xbf, 0x66, 0x9e, 0x66, 
    0x9e, 0x66, 0x9e, 0x66, 0x9e, 0x66, 0x9e, 0x66, 0x9e, 0x66, 0xbe, 0x66, 
    0xbe, 0x66, 0xbe, 0x66, 0xbf, 0x66, 0xbf, 0x66, 0xbf, 0x66, 0xbf, 0x66, 
    0xdf, 0x66, 0xbf, 0x66, 0xdf, 0x66, 0xdf, 0x66, 0xdf, 0x66, 0xdf, 0x66, 
    0xbf, 0x66, 0xbf, 0x66, 0xbe, 0x66, 0xbf, 0x66, 0xbe, 0x66, 0xbf, 0x66, 
    0xbe, 0x66, 0xbe, 0x66, 0xbe, 0x66, 0xbf, 0x66, 0xbe, 0x66, 0xbf, 0x66, 
    0xbf, 0x66, 0xbe, 0x66, 0xbe, 0x66, 0xbe, 0x66, 0xbf, 0x66, 0xbe, 0x66, 
    0x9e, 0x66, 0x9e, 0x66, 0x9e, 0x66, 0x9e, 0x66, 0x9e, 0x66, 0x7e, 0x66, 
    0x7e, 0x66, 0x9e, 0x66, 0x9e, 0x66, 0x9e, 0x66, 0x9e, 0x66, 0xbe, 0x66, 
    0x9e, 0x6e, 0x9e, 0x66, 0x9e, 0x66, 0x9e, 0x66, 0x9e, 0x6e, 0x9e, 0x6e, 
    0xfe, 0xf7, 0xff, 0xf7, 0xff, 0xf7, 0xff, 0xf7, 0xff, 0xff, 0xff, 0xf7, 
    0xff, 0xf7, 0xff, 0xf7, 0xff, 0xf7, 0xff, 0xf7, 0xff, 0xf7, 0xfe, 0xf7, 
    0xff, 0xf7, 0xfe, 0xf7, 0xff, 0xf7, 0xff, 0xff, 0xdf, 0xef, 0x5f, 0xb7, 
    0xdf, 0x7e, 0xdf, 0x7e, 0xdf, 0x76, 0xbf, 0x6e, 0xbf, 0x6e, 0xbe, 0x66, 
    0x9e, 0x66, 0x9e, 0x66, 0x9e, 0x66, 0x9e, 0x66, 0x9e, 0x66, 0x9e, 0x66, 
    0x9e, 0x5e, 0x9e, 0x66, 0x9e, 0x66, 0x9e, 0x66, 0xbe, 0x66, 0xbe, 0x66, 
    0xbf, 0x66, 0xbe, 0x66, 0xbe, 0x66, 0xbf, 0x66, 0xbf, 0x66, 0xbe, 0x66, 
    0x9e, 0x66, 0x9e, 0x66, 0x9e, 0x66, 0x9e, 0x66, 0x9f, 0x5e, 0xbe, 0x5e, 
    0x9f, 0x5e, 0x9e, 0x5e, 0xbe, 0x5e, 0xbf, 0x5e, 0xbe, 0x5e, 0xbe, 0x5e, 
    0xbf, 0x5e, 0x9e, 0x5e, 0x9e, 0x5e, 0x9e, 0x5e, 0x9e, 0x5e, 0x9e, 0x66, 
    0xbe, 0x66, 0x9e, 0x66, 0xbe, 0x66, 0x9f, 0x66, 0xbe, 0x66, 0x9e, 0x66, 
    0x9f, 0x66, 0xbe, 0x66, 0xbe, 0x66, 0xbf, 0x66, 0xbf, 0x5e, 0xbe, 0x66, 
    0xbe, 0x66, 0xbf, 0x66, 0xbf, 0x66, 0xbf, 0x66, 0xbf, 0x66, 0xbf, 0x66, 
    0xbf, 0x66, 0xbf, 0x66, 0xbf, 0x66, 0xbf, 0x66, 0xbf, 0x66, 0xdf, 0x66, 
    0xbf, 0x66, 0xbe, 0x66, 0xbf, 0x66, 0xbe, 0x66, 0xbe, 0x66, 0xbe, 0x66, 
    0xbf, 0x66, 0xbf, 0x66, 0xbf, 0x66, 0xbf, 0x66, 0xbf, 0x66, 0xbf, 0x66, 
    0xbf, 0x66, 0xbf, 0x66, 0xdf, 0x66, 0xbf, 0x66, 0xdf, 0x66, 0xbf, 0x66, 
    0xbf, 0x66, 0xbf, 0x66, 0xbf, 0x66, 0xbf, 0x66, 0xbf, 0x66, 0xbf, 0x66, 
    0xbf, 0x66, 0xbf, 0x66, 0xbe, 0x66, 0x9f, 0x66, 0xbf, 0x66, 0xbe, 0x66, 
    0xbf, 0x66, 0xbe, 0x66, 0xbf, 0x66, 0xbe, 0x66, 0xbe, 0x66, 0xbe, 0x66, 
    0xbe, 0x66, 0xbe, 0x66, 0xbe, 0x66, 0xbe, 0x66, 0xbe, 0x66, 0xbf, 0x66, 
    0xbf, 0x66, 0xbf, 0x66, 0xbf, 0x66, 0xbf, 0x6e, 0xbf, 0x6e, 0xbf, 0x6e, 
    0xbf, 0x66, 0xdf, 0x66, 0xdf, 0x66, 0xbf, 0x66, 0xbe, 0x66, 0xbf, 0x66, 
    0xbe, 0x66, 0x9e, 0x66, 0x9e, 0x66, 0x9e, 0x66, 0xbe, 0x66, 0xbf, 0x66, 
    0xbf, 0x66, 0xbf, 0x66, 0xbf, 0x66, 0xbf, 0x66, 0xbe, 0x66, 0x9e, 0x66, 
    0x9e, 0x66, 0x9e, 0x66, 0x9f, 0x66, 0xbf, 0x66, 0xbf, 0x66, 0xbf, 0x66, 
    0xbe, 0x66, 0xbe, 0x66, 0xbf, 0x66, 0xbe, 0x66, 0x9e, 0x66, 0xbe, 0x66, 
    0x9e, 0x66, 0xbe, 0x66, 0xbe, 0x66, 0xbe, 0x66, 0xbe, 0x66, 0xbe, 0x66, 
    0x9e, 0x66, 0xbe, 0x66, 0xbf, 0x66, 0xbe, 0x66, 0xbe, 0x66, 0xbf, 0x66, 
    0xbf, 0x66, 0xbf, 0x66, 0xbe, 0x66, 0xbe, 0x66, 0xbe, 0x6e, 0xbe, 0x6e, 
    0xbf, 0x66, 0xbf, 0x66, 0xbf, 0x66, 0xbe, 0x66, 0xbe, 0x6e, 0x9f, 0x66, 
    0x9e, 0x66, 0xbe, 0x66, 0x9e, 0x66, 0x9e, 0x66, 0xbe, 0x66, 0xbe, 0x66, 
    0xbe, 0x66, 0xbe, 0x66, 0xbf, 0x66, 0xbf, 0x66, 0xbf, 0x66, 0xdf, 0x66, 
    0xbf, 0x66, 0xbf, 0x66, 0xbf, 0x66, 0xdf, 0x66, 0xbf, 0x66, 0xbf, 0x66, 
    0xdf, 0x66, 0xbf, 0x66, 0xbf, 0x66, 0xbe, 0x66, 0xbe, 0x66, 0xbf, 0x66, 
    0xbe, 0x66, 0xbf, 0x66, 0xbf, 0x66, 0xbf, 0x66, 0xbf, 0x66, 0xbf, 0x66, 
    0xbf, 0x66, 0xbf, 0x66, 0xbf, 0x66, 0xbe, 0x66, 0xbe, 0x66, 0x9e, 0x66, 
    0x9e, 0x66, 0x9e, 0x66, 0x9e, 0x66, 0x9e, 0x66, 0x9e, 0x66, 0x9e, 0x66, 
    0x9e, 0x66, 0x9e, 0x66, 0x9e, 0x66, 0x9e, 0x66, 0xbe, 0x66, 0x9e, 0x66, 
    0x9e, 0x66, 0x9e, 0x6e, 0x9e, 0x66, 0x9e, 0x6e, 0x9e, 0x6e, 0x9e, 0x6e, 
    0xdf, 0xf7, 0xfe, 0xf7, 0xff, 0xf7, 0xff, 0xf7, 0xff, 0xff, 0xff, 0xf7, 
    0xff, 0xf7, 0xff, 0xff, 0xff, 0xf7, 0xff, 0xf7, 0xff, 0xf7, 0xff, 0xf7, 
    0xff, 0xf7, 0xff, 0xf7, 0xff, 0xf7, 0xff, 0xff, 0xff, 0xff, 0xfe, 0xf7, 
    0x7f, 0xc7, 0xdf, 0x86, 0xdf, 0x76, 0xbf, 0x76, 0xbf, 0x6e, 0xbf, 0x6e, 
    0xbe, 0x6e, 0xbe, 0x66, 0x9e, 0x66, 0x9e, 0x66, 0x9e, 0x66, 0x9e, 0x66, 
    0x9f, 0x66, 0x9e, 0x66, 0xbe, 0x66, 0xbe, 0x66, 0xbe, 0x66, 0xbf, 0x66, 
    0xbf, 0x66, 0xbf, 0x66, 0xbe, 0x66, 0xbf, 0x66, 0xbf, 0x66, 0xbf, 0x66, 
    0xbe, 0x66, 0x9f, 0x66, 0x9e, 0x66, 0x9f, 0x5e, 0xbe, 0x5e, 0xbf, 0x66, 
    0xbf, 0x66, 0xbe, 0x5e, 0xbf, 0x66, 0x9f, 0x5e, 0x9e, 0x5e, 0xbe, 0x5e, 
    0x9e, 0x5e, 0xbe, 0x5e, 0xbe, 0x5e, 0x9e, 0x66, 0x9e, 0x5e, 0xbe, 0x66, 
    0xbf, 0x66, 0xbe, 0x66, 0xbe, 0x66, 0x9e, 0x66, 0xbe, 0x66, 0xbf, 0x66, 
    0x9f, 0x66, 0xbe, 0x66, 0xbe, 0x66, 0xbf, 0x66, 0xbf, 0x66, 0xbf, 0x66, 
    0xbf, 0x66, 0xbf, 0x66, 0xbf, 0x66, 0xbf, 0x66, 0xbf, 0x66, 0xbf, 0x66, 
    0xbf, 0x66, 0xbf, 0x66, 0xbf, 0x66, 0xbf, 0x66, 0xbf, 0x66, 0xde, 0x66, 
    0xbf, 0x66, 0xbf, 0x66, 0xbf, 0x66, 0xbf, 0x66, 0xbf, 0x66, 0xbf, 0x66, 
    0xbf, 0x66, 0xbf, 0x66, 0xbf, 0x66, 0xbf, 0x66, 0xbe, 0x66, 0xbf, 0x66, 
    0xbf, 0x66, 0xdf, 0x66, 0xdf, 0x66, 0xbf, 0x66, 0xbf, 0x66, 0xbf, 0x66, 
    0xbf, 0x66, 0xbf, 0x66, 0xbf, 0x66, 0xbf, 0x66, 0xbf, 0x66, 0xbf, 0x66, 
    0xbf, 0x66, 0xbf, 0x66, 0xbf, 0x66, 0xbf, 0x66, 0xbf, 0x66, 0xbe, 0x66, 
    0xbf, 0x66, 0xbf, 0x66, 0xbf, 0x66, 0xbf, 0x66, 0xbf, 0x66, 0xbf, 0x66, 
    0xbe, 0x66, 0x9e, 0x66, 0xbe, 0x66, 0xbe, 0x66, 0xbe, 0x66, 0xbf, 0x66, 
    0xbe, 0x66, 0xbf, 0x66, 0xbe, 0x66, 0xbf, 0x66, 0xdf, 0x6e, 0xdf, 0x6e, 
    0xdf, 0x6e, 0xdf, 0x66, 0xbf, 0x66, 0xdf, 0x66, 0xbf, 0x66, 0xbf, 0x66, 
    0xbe, 0x66, 0xbf, 0x66, 0x9f, 0x66, 0xbe, 0x66, 0xbe, 0x66, 0xbf, 0x66, 
    0xbf, 0x66, 0xbf, 0x66, 0xbf, 0x66, 0xbf, 0x66, 0xbf, 0x66, 0xbf, 0x66, 
    0xbe, 0x66, 0x9e, 0x66, 0x9e, 0x66, 0xbe, 0x66, 0xbf, 0x66, 0xbf, 0x66, 
    0xbe, 0x66, 0xbe, 0x66, 0xbf, 0x66, 0xbe, 0x66, 0xbe, 0x66, 0x9e, 0x66, 
    0xbe, 0x66, 0xbe, 0x66, 0x9e, 0x66, 0xbe, 0x66, 0xbe, 0x66, 0xbe, 0x66, 
    0xbe, 0x66, 0xbe, 0x66, 0xbf, 0x66, 0xbe, 0x66, 0xbe, 0x66, 0xbf, 0x66, 
    0xbf, 0x66, 0xbf, 0x66, 0xbf, 0x66, 0xbf, 0x66, 0xbf, 0x66, 0xdf, 0x6e, 
    0xbf, 0x6e, 0xbf, 0x6e, 0xbf, 0x6e, 0xbe, 0x6e, 0xbe, 0x66, 0xbf, 0x66, 
    0x9e, 0x66, 0xbe, 0x66, 0x9e, 0x66, 0x9e, 0x66, 0x9e, 0x66, 0xbe, 0x66, 
    0xbe, 0x66, 0xbf, 0x66, 0xbe, 0x66, 0xbf, 0x66, 0xbf, 0x66, 0xbf, 0x66, 
    0xbf, 0x66, 0xdf, 0x66, 0xbf, 0x66, 0xbf, 0x66, 0xdf, 0x66, 0xbf, 0x66, 
    0xbf, 0x66, 0xbf, 0x66, 0xbf, 0x66, 0xbf, 0x66, 0xbf, 0x66, 0xbe, 0x66, 
    0xbf, 0x66, 0xbf, 0x66, 0xbf, 0x66, 0xbf, 0x66, 0xbf, 0x66, 0xbf, 0x66, 
    0xbf, 0x66, 0xbf, 0x66, 0xbf, 0x66, 0xbf, 0x66, 0xbe, 0x66, 0xbe, 0x66, 
    0x9e, 0x66, 0x9e, 0x66, 0x9e, 0x66, 0x9e, 0x66, 0x9e, 0x66, 0x9e, 0x66, 
    0x9e, 0x66, 0x9e, 0x66, 0x9e, 0x66, 0xbe, 0x66, 0x9e, 0x66, 0xbe, 0x66, 
    0x9e, 0x66, 0x9e, 0x66, 0x9e, 0x6e, 0x9e, 0x6e, 0x9e, 0x6e, 0x9e, 0x6e, 
    0xfe, 0xf7, 0xfe, 0xf7, 0xff, 0xf7, 0xff, 0xf7, 0xff, 0xff, 0xff, 0xf7, 
    0xff, 0xf7, 0xff, 0xf7, 0xff, 0xf7, 0xff, 0xf7, 0xff, 0xf7, 0xff, 0xf7, 
    0xfe, 0xf7, 0xff, 0xf7, 0xff, 0xf7, 0xff, 0xf7, 0xff, 0xff, 0xff, 0xff, 
    0xfe, 0xf7, 0x7f, 0xc7, 0xff, 0x86, 0xdf, 0x76, 0xbe, 0x6e, 0xdf, 0x6e, 
    0xbe, 0x6e, 0xbe, 0x66, 0xbe, 0x66, 0xbe, 0x66, 0xbe, 0x66, 0xbe, 0x66, 
    0xbe, 0x66, 0xbe, 0x66, 0xbf, 0x66, 0xbe, 0x66, 0xbf, 0x66, 0xbf, 0x66, 
    0xbf, 0x66, 0xbf, 0x66, 0xbf, 0x66, 0xbf, 0x66, 0xbe, 0x66, 0xbe, 0x66, 
    0xbe, 0x66, 0xbf, 0x66, 0xbe, 0x66, 0xbf, 0x66, 0xbf, 0x66, 0xbf, 0x5e, 
    0xbe, 0x66, 0xbf, 0x66, 0xbf, 0x5e, 0xbe, 0x66, 0xbe, 0x66, 0xbe, 0x66, 
    0xbe, 0x5e, 0xbe, 0x5e, 0xbe, 0x66, 0xbe, 0x5e, 0xbe, 0x66, 0xbe, 0x66, 
    0xbe, 0x66, 0xbe, 0x66, 0xbe, 0x66, 0xbe, 0x66, 0xbe, 0x66, 0xbe, 0x66, 
    0xbe, 0x66, 0xbf, 0x66, 0xbf, 0x66, 0xbf, 0x66, 0xbf, 0x66, 0xbf, 0x66, 
    0xbf, 0x66, 0xbf, 0x66, 0xbe, 0x66, 0xbf, 0x66, 0xbf, 0x66, 0xbf, 0x66, 
    0xbf, 0x66, 0xdf, 0x66, 0xdf, 0x66, 0xbf, 0x66, 0xdf, 0x66, 0xbf, 0x66, 
    0xbf, 0x66, 0xbf, 0x66, 0xdf, 0x66, 0xbf, 0x66, 0xbe, 0x66, 0xbe, 0x66, 
    0xbf, 0x66, 0xbe, 0x66, 0xbf, 0x6e, 0xbf, 0x66, 0xdf, 0x66, 0xdf, 0x66, 
    0xdf, 0x66, 0xdf, 0x66, 0xbf, 0x66, 0xbf, 0x66, 0xbf, 0x66, 0xbe, 0x66, 
    0xbf, 0x66, 0xdf, 0x66, 0xbf, 0x66, 0xbf, 0x66, 0xbf, 0x66, 0xbf, 0x66, 
    0xbf, 0x66, 0xbf, 0x66, 0xbf, 0x66, 0xbf, 0x66, 0xbf, 0x66, 0xbf, 0x66, 
    0xbf, 0x66, 0xbf, 0x66, 0xbe, 0x66, 0xbf, 0x66, 0xbe, 0x66, 0xbf, 0x66, 
    0xbe, 0x66, 0xbe, 0x66, 0xbe, 0x66, 0xbe, 0x66, 0xbe, 0x66, 0xbe, 0x66, 
    0xbe, 0x66, 0xbf, 0x66, 0xbf, 0x66, 0xbf, 0x66, 0xbf, 0x6e, 0xdf, 0x6e, 
    0xdf, 0x6e, 0xdf, 0x66, 0xdf, 0x66, 0xdf, 0x66, 0xdf, 0x66, 0xbe, 0x66, 
    0xbf, 0x66, 0xbe, 0x66, 0xbe, 0x66, 0xbe, 0x66, 0xbe, 0x66, 0xbf, 0x66, 
    0xbf, 0x66, 0xbf, 0x66, 0xbf, 0x66, 0xbf, 0x66, 0xbf, 0x66, 0xbf, 0x66, 
    0xbe, 0x66, 0xbe, 0x66, 0xbe, 0x66, 0xbe, 0x66, 0xbe, 0x66, 0xbe, 0x66, 
    0xbe, 0x66, 0xbe, 0x66, 0xbe, 0x66, 0xbf, 0x66, 0xbe, 0x66, 0xbe, 0x66, 
    0xbe, 0x66, 0xbe, 0x66, 0xbe, 0x6e, 0xbe, 0x6e, 0xbe, 0x66, 0xbe, 0x66, 
    0xbe, 0x66, 0xbe, 0x66, 0xbe, 0x66, 0xbe, 0x66, 0xbe, 0x66, 0xbf, 0x66, 
    0xbf, 0x66, 0xbe, 0x66, 0xbf, 0x66, 0xbe, 0x66, 0xbf, 0x66, 0xbf, 0x66, 
    0xbf, 0x6e, 0xbf, 0x6e, 0xbf, 0x6e, 0xbe, 0x6e, 0xbe, 0x6e, 0xbf, 0x66, 
    0xbf, 0x66, 0xbe, 0x66, 0x9e, 0x66, 0x9e, 0x66, 0xbe, 0x66, 0xbe, 0x66, 
    0xbe, 0x66, 0xbe, 0x66, 0xbf, 0x66, 0xbe, 0x66, 0xbe, 0x66, 0xbf, 0x66, 
    0xbf, 0x66, 0xdf, 0x66, 0xbf, 0x66, 0xbf, 0x66, 0xbf, 0x66, 0xbf, 0x66, 
    0xbf, 0x66, 0xdf, 0x66, 0xbf, 0x66, 0xbe, 0x66, 0xbe, 0x66, 0xbf, 0x66, 
    0xbf, 0x66, 0xbe, 0x66, 0xdf, 0x66, 0xdf, 0x66, 0xbf, 0x66, 0xbf, 0x66, 
    0xbf, 0x66, 0xbf, 0x66, 0xbe, 0x66, 0xbe, 0x66, 0xbe, 0x66, 0xbe, 0x66, 
    0xbe, 0x66, 0x9e, 0x66, 0x9e, 0x66, 0x9e, 0x66, 0x9e, 0x66, 0xbe, 0x66, 
    0x9e, 0x66, 0x9e, 0x66, 0xbe, 0x66, 0xbe, 0x66, 0xbf, 0x6e, 0xbe, 0x66, 
    0xbe, 0x66, 0x9e, 0x66, 0x9e, 0x6e, 0x9e, 0x6e, 0x9e, 0x6e, 0x9e, 0x6e, 
    0xfe, 0xf7, 0xff, 0xf7, 0xfe, 0xf7, 0xff, 0xf7, 0xff, 0xf7, 0xff, 0xf7, 
    0xff, 0xf7, 0xff, 0xf7, 0xff, 0xf7, 0xff, 0xf7, 0xff, 0xf7, 0xfe, 0xf7, 
    0xff, 0xf7, 0xff, 0xf7, 0xff, 0xf7, 0xfe, 0xff, 0xff, 0xff, 0xfe, 0xf7, 
    0xfe, 0xf7, 0xff, 0xf7, 0x1f, 0x9f, 0xdf, 0x7e, 0xdf, 0x6e, 0xbf, 0x6e, 
    0xbf, 0x6e, 0xbe, 0x66, 0xbe, 0x66, 0xbe, 0x66, 0xbe, 0x66, 0xbe, 0x66, 
    0xbe, 0x66, 0xbf, 0x66, 0xbe, 0x66, 0xbf, 0x66, 0xbf, 0x66, 0xdf, 0x66, 
    0xdf, 0x66, 0xbf, 0x66, 0xbf, 0x66, 0xbf, 0x66, 0x9e, 0x66, 0xbe, 0x66, 
    0x9e, 0x66, 0xbe, 0x66, 0xbf, 0x66, 0xbe, 0x66, 0xbf, 0x66, 0xbe, 0x66, 
    0xbf, 0x66, 0xbf, 0x66, 0xbf, 0x66, 0xbe, 0x66, 0xbe, 0x66, 0xbf, 0x66, 
    0xbe, 0x5e, 0xbe, 0x66, 0xbe, 0x66, 0xbe, 0x5e, 0xbe, 0x66, 0xbe, 0x66, 
    0xbe, 0x66, 0xbf, 0x66, 0xbe, 0x66, 0xbf, 0x66, 0xbf, 0x66, 0xbe, 0x66, 
    0xbe, 0x66, 0xbf, 0x66, 0xbf, 0x66, 0xbe, 0x66, 0xbe, 0x66, 0xbf, 0x66, 
    0xbf, 0x66, 0xbe, 0x66, 0xbf, 0x66, 0xdf, 0x66, 0xbf, 0x66, 0xbf, 0x66, 
    0xdf, 0x66, 0xdf, 0x66, 0xdf, 0x66, 0xde, 0x66, 0xdf, 0x66, 0xbf, 0x66, 
    0xdf, 0x66, 0xde, 0x66, 0xbf, 0x66, 0xbf, 0x66, 0xbe, 0x66, 0xbe, 0x66, 
    0xbe, 0x66, 0xbe, 0x66, 0xbe, 0x6e, 0xbf, 0x6e, 0xbf, 0x66, 0xdf, 0x66, 
    0xdf, 0x66, 0xdf, 0x66, 0xdf, 0x66, 0xdf, 0x66, 0xde, 0x66, 0xbf, 0x66, 
    0xdf, 0x66, 0xbf, 0x66, 0xdf, 0x66, 0xbf, 0x66, 0xbf, 0x66, 0xbf, 0x66, 
    0xbf, 0x66, 0xbf, 0x66, 0xbf, 0x66, 0xbe, 0x66, 0xbf, 0x66, 0xbf, 0x66, 
    0xbe, 0x66, 0xbe, 0x66, 0xbf, 0x66, 0xbe, 0x66, 0xbe, 0x66, 0xbe, 0x66, 
    0xbf, 0x66, 0xbe, 0x66, 0xbe, 0x66, 0x9e, 0x66, 0xbe, 0x66, 0xbe, 0x66, 
    0xbe, 0x66, 0xbf, 0x66, 0xbf, 0x6e, 0xbf, 0x6e, 0xde, 0x66, 0xdf, 0x66, 
    0xdf, 0x66, 0xdf, 0x6e, 0xde, 0x66, 0xbf, 0x66, 0xde, 0x66, 0xdf, 0x66, 
    0xbf, 0x66, 0xbe, 0x66, 0xbe, 0x66, 0xbe, 0x66, 0xbf, 0x66, 0xbf, 0x66, 
    0xbf, 0x66, 0xbf, 0x66, 0xbf, 0x66, 0xbf, 0x66, 0xbf, 0x66, 0xbe, 0x66, 
    0xbf, 0x66, 0xbe, 0x66, 0xbe, 0x66, 0xbf, 0x66, 0xbe, 0x66, 0xbe, 0x6e, 
    0xbf, 0x66, 0xbf, 0x6e, 0xbe, 0x66, 0xbe, 0x66, 0xbe, 0x66, 0xbe, 0x66, 
    0xbe, 0x66, 0xbe, 0x66, 0xbe, 0x6e, 0xbe, 0x6e, 0xbe, 0x6e, 0xbe, 0x66, 
    0xbe, 0x66, 0xbe, 0x66, 0xbe, 0x66, 0xbf, 0x66, 0xbf, 0x66, 0xbe, 0x66, 
    0xde, 0x66, 0xbf, 0x66, 0xbf, 0x66, 0xbe, 0x6e, 0xbe, 0x6e, 0xdf, 0x6e, 
    0xbf, 0x6e, 0xbf, 0x6e, 0xbf, 0x6e, 0xbf, 0x6e, 0xbe, 0x6e, 0xbe, 0x66, 
    0xbf, 0x6e, 0xbf, 0x6e, 0xbe, 0x66, 0xbe, 0x66, 0xbf, 0x66, 0xbe, 0x66, 
    0xbe, 0x66, 0xbe, 0x66, 0xbf, 0x66, 0xbe, 0x66, 0xbe, 0x66, 0xbf, 0x66, 
    0xbf, 0x66, 0xdf, 0x66, 0xdf, 0x6e, 0xdf, 0x66, 0xbf, 0x66, 0xbf, 0x66, 
    0xbe, 0x6e, 0xbf, 0x6e, 0xbf, 0x6e, 0xbe, 0x6e, 0xde, 0x66, 0xbf, 0x66, 
    0xde, 0x66, 0xbf, 0x66, 0xdf, 0x66, 0xdf, 0x66, 0xdf, 0x66, 0xde, 0x66, 
    0xbf, 0x66, 0xbf, 0x66, 0xbf, 0x66, 0xbe, 0x66, 0xbe, 0x66, 0xbe, 0x66, 
    0xbe, 0x66, 0xbe, 0x66, 0xbf, 0x66, 0xbe, 0x66, 0xbf, 0x66, 0xbf, 0x66, 
    0xbe, 0x66, 0xbe, 0x66, 0xbe, 0x66, 0xbf, 0x6e, 0xbe, 0x6e, 0xbe, 0x6e, 
    0xbe, 0x66, 0x9e, 0x66, 0x9e, 0x6e, 0x9e, 0x6e, 0x9e, 0x6e, 0x9e, 0x6e, 
    0xff, 0xf7, 0xff, 0xf7, 0xff, 0xf7, 0xff, 0xf7, 0xff, 0xf7, 0xff, 0xf7, 
    0xff, 0xf7, 0xff, 0xf7, 0xfe, 0xf7, 0xff, 0xf7, 0xff, 0xf7, 0xff, 0xf7, 
    0xfe, 0xf7, 0xfe, 0xf7, 0xff, 0xf7, 0xff, 0xf7, 0xff, 0xf7, 0xff, 0xf7, 
    0xfe, 0xf7, 0xfe, 0xf7, 0x7f, 0xd7, 0xdf, 0x7e, 0xdf, 0x6e, 0xdf, 0x6e, 
    0xdf, 0x6e, 0xdf, 0x6e, 0xdf, 0x66, 0xbf, 0x66, 0xbf, 0x66, 0xbf, 0x66, 
    0xbf, 0x66, 0xbf, 0x66, 0xbf, 0x66, 0xdf, 0x66, 0xdf, 0x66, 0xdf, 0x66, 
    0xdf, 0x66, 0xbf, 0x66, 0xbe, 0x66, 0xbe, 0x66, 0xbf, 0x66, 0xbe, 0x66, 
    0xbf, 0x66, 0x9e, 0x66, 0x9f, 0x66, 0xbf, 0x66, 0xbf, 0x66, 0xbf, 0x66, 
    0xbf, 0x66, 0xbf, 0x66, 0xbf, 0x66, 0xbf, 0x66, 0xbf, 0x66, 0xbe, 0x66, 
    0xbe, 0x66, 0xbe, 0x66, 0xbe, 0x66, 0xbe, 0x66, 0xbf, 0x5e, 0xbf, 0x66, 
    0xbe, 0x66, 0xbf, 0x66, 0xbe, 0x66, 0xbe, 0x66, 0xbe, 0x66, 0x9e, 0x66, 
    0xbe, 0x66, 0xbf, 0x66, 0xbf, 0x66, 0xbf, 0x66, 0xbf, 0x66, 0xbf, 0x66, 
    0xbf, 0x66, 0xbf, 0x66, 0xbf, 0x66, 0xbf, 0x66, 0xbf, 0x66, 0xbf, 0x66, 
    0xdf, 0x66, 0xdf, 0x66, 0xdf, 0x66, 0xdf, 0x66, 0xbf, 0x66, 0xbf, 0x66, 
    0xbf, 0x66, 0xdf, 0x66, 0xbf, 0x66, 0xbf, 0x66, 0xbf, 0x66, 0xbf, 0x66, 
    0xbf, 0x66, 0xbf, 0x66, 0xdf, 0x66, 0xbe, 0x66, 0xdf, 0x6e, 0xdf, 0x66, 
    0xdf, 0x66, 0xdf, 0x6e, 0xdf, 0x66, 0xdf, 0x6e, 0xdf, 0x66, 0xdf, 0x66, 
    0xdf, 0x66, 0xbf, 0x6e, 0xbf, 0x66, 0xbf, 0x66, 0xbf, 0x66, 0xbf, 0x66, 
    0xbf, 0x66, 0xdf, 0x66, 0xbf, 0x66, 0xbf, 0x66, 0xbf, 0x66, 0xbf, 0x66, 
    0xbf, 0x66, 0xbf, 0x66, 0xbf, 0x66, 0xbf, 0x66, 0xbf, 0x66, 0xbe, 0x66, 
    0xbe, 0x66, 0x9e, 0x66, 0xbe, 0x66, 0xbe, 0x66, 0xbe, 0x66, 0xbe, 0x66, 
    0x9e, 0x66, 0xbe, 0x66, 0xbe, 0x66, 0xbf, 0x66, 0xbe, 0x66, 0xbf, 0x66, 
    0xbf, 0x66, 0xbf, 0x66, 0xbf, 0x66, 0xbf, 0x66, 0xdf, 0x66, 0xdf, 0x66, 
    0xbf, 0x66, 0xbf, 0x66, 0xbf, 0x66, 0xbe, 0x66, 0xbe, 0x66, 0xbf, 0x66, 
    0xbf, 0x66, 0xbf, 0x66, 0xbf, 0x66, 0xbf, 0x66, 0xbf, 0x66, 0xdf, 0x66, 
    0xbf, 0x66, 0xbe, 0x66, 0xbe, 0x66, 0xbe, 0x66, 0xbf, 0x66, 0xbf, 0x66, 
    0xbe, 0x6e, 0xbe, 0x6e, 0xbe, 0x6e, 0xbe, 0x66, 0xbe, 0x6e, 0xbe, 0x6e, 
    0xbe, 0x6e, 0x9e, 0x6e, 0xbe, 0x6e, 0xbe, 0x6e, 0xbe, 0x6e, 0xbe, 0x6e, 
    0xbe, 0x6e, 0xbe, 0x66, 0xbe, 0x66, 0xbe, 0x66, 0xbf, 0x66, 0xbf, 0x66, 
    0xbf, 0x66, 0xbf, 0x66, 0xbe, 0x66, 0xbf, 0x6e, 0xbf, 0x6e, 0xbf, 0x6e, 
    0xdf, 0x6e, 0xbf, 0x6e, 0xbf, 0x6e, 0xbf, 0x6e, 0xbf, 0x6e, 0xbe, 0x66, 
    0xbe, 0x6e, 0xbe, 0x6e, 0xbf, 0x66, 0xdf, 0x66, 0xbf, 0x66, 0xbf, 0x66, 
    0xbf, 0x66, 0xbf, 0x66, 0xbe, 0x66, 0xbf, 0x66, 0xbf, 0x6e, 0xde, 0x6e, 
    0xdf, 0x6e, 0xbf, 0x66, 0xdf, 0x66, 0xbf, 0x6e, 0xbf, 0x66, 0xbf, 0x66, 
    0xdf, 0x6e, 0xbf, 0x6e, 0xbf, 0x6e, 0xbf, 0x6e, 0xbf, 0x6e, 0xdf, 0x6e, 
    0xbf, 0x66, 0xdf, 0x66, 0xdf, 0x66, 0xdf, 0x66, 0xdf, 0x66, 0xbf, 0x66, 
    0xbe, 0x66, 0xbf, 0x66, 0xbf, 0x66, 0xbe, 0x66, 0xbe, 0x66, 0xbe, 0x66, 
    0xbf, 0x66, 0xbe, 0x66, 0xbe, 0x66, 0xbe, 0x66, 0xbe, 0x66, 0xbe, 0x66, 
    0xbe, 0x66, 0xbf, 0x66, 0xbe, 0x66, 0xbe, 0x6e, 0xbf, 0x6e, 0xbf, 0x6e, 
    0xbe, 0x6e, 0x9e, 0x6e, 0xbe, 0x6e, 0x9e, 0x6e, 0x9e, 0x6e, 0x9e, 0x6e, 
    0xdf, 0xf7, 0xfe, 0xf7, 0xff, 0xf7, 0xff, 0xf7, 0xff, 0xf7, 0xff, 0xf7, 
    0xff, 0xf7, 0xfe, 0xf7, 0xfe, 0xf7, 0xfe, 0xf7, 0xfe, 0xf7, 0xff, 0xf7, 
    0xff, 0xf7, 0xff, 0xf7, 0xfe, 0xf7, 0xff, 0xf7, 0xfe, 0xf7, 0xff, 0xf7, 
    0xfe, 0xf7, 0xdf, 0xf7, 0xbf, 0xdf, 0xdf, 0x7e, 0xdf, 0x76, 0xdf, 0x6e, 
    0xdf, 0x6e, 0xdf, 0x6e, 0xdf, 0x66, 0xdf, 0x66, 0xdf, 0x66, 0xde, 0x66, 
    0xbf, 0x66, 0xbe, 0x66, 0xbf, 0x66, 0xdf, 0x66, 0xdf, 0x66, 0xdf, 0x66, 
    0xbf, 0x66, 0xbf, 0x66, 0xbf, 0x66, 0xbe, 0x66, 0xbe, 0x66, 0xbf, 0x66, 
    0x9e, 0x66, 0x9e, 0x66, 0x9e, 0x66, 0xbf, 0x66, 0xbe, 0x66, 0xbf, 0x66, 
    0xde, 0x66, 0xbf, 0x66, 0xbf, 0x66, 0xbf, 0x66, 0xbe, 0x66, 0xbf, 0x66, 
    0xbe, 0x66, 0xbf, 0x66, 0xbf, 0x66, 0xbe, 0x66, 0xbe, 0x66, 0xbf, 0x66, 
    0xbf, 0x66, 0xbe, 0x66, 0xbf, 0x66, 0xbe, 0x66, 0xbf, 0x66, 0xde, 0x66, 
    0xbe, 0x66, 0xbe, 0x66, 0xbe, 0x66, 0xde, 0x66, 0xbf, 0x66, 0xbf, 0x66, 
    0xbe, 0x66, 0xbe, 0x66, 0xbf, 0x66, 0xbf, 0x66, 0xbf, 0x66, 0xbf, 0x66, 
    0xbf, 0x66, 0xbf, 0x66, 0xdf, 0x66, 0xbf, 0x66, 0xde, 0x66, 0xbe, 0x66, 
    0xde, 0x66, 0xbf, 0x66, 0xdf, 0x66, 0xbf, 0x66, 0xdf, 0x66, 0xbf, 0x66, 
    0xdf, 0x66, 0xbf, 0x66, 0xbf, 0x66, 0xdf, 0x6e, 0xdf, 0x66, 0xdf, 0x66, 
    0xdf, 0x6e, 0xdf, 0x66, 0xbf, 0x6e, 0xdf, 0x6e, 0xdf, 0x6e, 0xdf, 0x6e, 
    0xdf, 0x6e, 0xbe, 0x66, 0xbf, 0x66, 0xdf, 0x66, 0xbf, 0x66, 0xdf, 0x66, 
    0xbf, 0x66, 0xdf, 0x66, 0xdf, 0x66, 0xbf, 0x66, 0xbf, 0x66, 0xdf, 0x66, 
    0xbe, 0x66, 0xbf, 0x66, 0xbf, 0x66, 0xbe, 0x66, 0xbe, 0x66, 0x9f, 0x66, 
    0xbe, 0x66, 0xbe, 0x66, 0xbe, 0x66, 0x9e, 0x66, 0xbe, 0x66, 0x9e, 0x66, 
    0xbe, 0x66, 0xbe, 0x66, 0xbe, 0x66, 0xbe, 0x66, 0xbe, 0x66, 0xbf, 0x6e, 
    0xbf, 0x66, 0xbf, 0x66, 0xbf, 0x66, 0xdf, 0x66, 0xbf, 0x66, 0xde, 0x66, 
    0xdf, 0x66, 0xde, 0x66, 0xbe, 0x66, 0xbe, 0x66, 0xbf, 0x66, 0xbe, 0x66, 
    0xbf, 0x66, 0xbf, 0x6e, 0xdf, 0x66, 0xbe, 0x66, 0xdf, 0x66, 0xbf, 0x66, 
    0xbf, 0x6e, 0xbf, 0x66, 0xbe, 0x66, 0xbe, 0x66, 0xbe, 0x66, 0xbe, 0x66, 
    0xbe, 0x6e, 0xbe, 0x6e, 0xbe, 0x6e, 0xbe, 0x6e, 0xbf, 0x6e, 0xbe, 0x6e, 
    0xbe, 0x6e, 0xbe, 0x66, 0xbe, 0x6e, 0xbe, 0x6e, 0xbf, 0x66, 0xbe, 0x6e, 
    0xbe, 0x66, 0xbe, 0x66, 0xbe, 0x66, 0xbe, 0x66, 0xbe, 0x66, 0xbe, 0x66, 
    0xdf, 0x66, 0xbf, 0x6e, 0xbf, 0x6e, 0xbe, 0x6e, 0xbf, 0x6e, 0xdf, 0x6e, 
    0xdf, 0x6e, 0xdf, 0x6e, 0xbf, 0x6e, 0xbe, 0x6e, 0xbe, 0x6e, 0xbe, 0x6e, 
    0xbe, 0x6e, 0xbe, 0x6e, 0xbe, 0x6e, 0xbf, 0x6e, 0xbf, 0x66, 0xbe, 0x6e, 
    0xde, 0x66, 0xbf, 0x6e, 0xbe, 0x6e, 0xbf, 0x66, 0xdf, 0x6e, 0xdf, 0x6e, 
    0xdf, 0x6e, 0xdf, 0x6e, 0xdf, 0x6e, 0xdf, 0x6e, 0xbf, 0x6e, 0xbf, 0x66, 
    0xbf, 0x6e, 0xbf, 0x6e, 0xbf, 0x6e, 0xbe, 0x6e, 0xbf, 0x6e, 0xde, 0x6e, 
    0xbf, 0x6e, 0xdf, 0x6e, 0xdf, 0x66, 0xdf, 0x6e, 0xdf, 0x66, 0xde, 0x66, 
    0xdf, 0x6e, 0xbe, 0x66, 0xbe, 0x66, 0xbf, 0x66, 0xbf, 0x66, 0xbf, 0x66, 
    0xbe, 0x66, 0xbf, 0x66, 0xbe, 0x66, 0xbf, 0x66, 0xbe, 0x66, 0xbe, 0x6e, 
    0xbe, 0x66, 0xbf, 0x6e, 0xbe, 0x66, 0xbf, 0x6e, 0xbe, 0x6e, 0xbe, 0x6e, 
    0xbe, 0x6e, 0xbe, 0x6e, 0xbe, 0x6e, 0x9e, 0x6e, 0x9e, 0x6e, 0xbe, 0x6e, 
    0xde, 0xf7, 0xde, 0xf7, 0xfe, 0xf7, 0xff, 0xf7, 0xff, 0xf7, 0xff, 0xf7, 
    0xff, 0xf7, 0xdf, 0xf7, 0xdf, 0xf7, 0xfe, 0xf7, 0xdf, 0xf7, 0xff, 0xf7, 
    0xfe, 0xf7, 0xff, 0xf7, 0xff, 0xf7, 0xff, 0xf7, 0xfe, 0xf7, 0xfe, 0xf7, 
    0xde, 0xf7, 0xde, 0xef, 0xbf, 0xe7, 0xde, 0x76, 0xde, 0x6e, 0xdf, 0x6e, 
    0xdf, 0x6e, 0xdf, 0x6e, 0xdf, 0x66, 0xdf, 0x66, 0xdf, 0x66, 0xdf, 0x66, 
    0xdf, 0x66, 0xdf, 0x66, 0xbf, 0x66, 0xbf, 0x66, 0xdf, 0x66, 0xbf, 0x66, 
    0xdf, 0x66, 0xbf, 0x66, 0xbf, 0x66, 0xbf, 0x66, 0xbe, 0x66, 0x9e, 0x66, 
    0x9e, 0x66, 0x9e, 0x66, 0x9e, 0x66, 0xbe, 0x66, 0xbf, 0x66, 0xdf, 0x66, 
    0xdf, 0x66, 0xdf, 0x66, 0xbf, 0x66, 0xbf, 0x66, 0xbf, 0x66, 0xdf, 0x66, 
    0xdf, 0x66, 0xdf, 0x66, 0xde, 0x66, 0xdf, 0x66, 0xbf, 0x66, 0xde, 0x66, 
    0xdf, 0x66, 0xbe, 0x66, 0xbf, 0x66, 0xbf, 0x66, 0xbf, 0x66, 0xbf, 0x66, 
    0xbe, 0x66, 0xbf, 0x66, 0xbf, 0x66, 0xbf, 0x66, 0xbf, 0x66, 0xbe, 0x66, 
    0xbf, 0x66, 0xbf, 0x66, 0xbe, 0x66, 0xbf, 0x66, 0xbe, 0x66, 0xbf, 0x66, 
    0xbf, 0x66, 0xdf, 0x66, 0xbf, 0x66, 0xdf, 0x66, 0xbf, 0x66, 0xdf, 0x66, 
    0xbf, 0x66, 0xdf, 0x66, 0xde, 0x66, 0xdf, 0x66, 0xbf, 0x66, 0xdf, 0x66, 
    0xdf, 0x66, 0xde, 0x66, 0xdf, 0x6e, 0xbf, 0x66, 0xdf, 0x66, 0xbf, 0x6e, 
    0xdf, 0x6e, 0xbf, 0x66, 0xdf, 0x6e, 0xdf, 0x6e, 0xdf, 0x6e, 0xde, 0x6e, 
    0xdf, 0x6e, 0xbf, 0x6e, 0xdf, 0x66, 0xbf, 0x66, 0xdf, 0x66, 0xbf, 0x66, 
    0xdf, 0x66, 0xbf, 0x66, 0xdf, 0x66, 0xbf, 0x66, 0xbf, 0x66, 0xbf, 0x66, 
    0xbf, 0x66, 0xbe, 0x66, 0xbe, 0x66, 0xbe, 0x6e, 0x9e, 0x66, 0xbe, 0x66, 
    0xbe, 0x66, 0x9e, 0x66, 0xbe, 0x66, 0xbe, 0x66, 0xbe, 0x66, 0xbe, 0x66, 
    0xbf, 0x66, 0xbe, 0x6e, 0xbe, 0x6e, 0xbe, 0x66, 0xbe, 0x66, 0xbe, 0x6e, 
    0xbe, 0x66, 0xbf, 0x66, 0xbf, 0x66, 0xdf, 0x66, 0xdf, 0x66, 0xdf, 0x66, 
    0xdf, 0x66, 0xbf, 0x66, 0xbf, 0x66, 0xbf, 0x66, 0xdf, 0x66, 0xbf, 0x66, 
    0xbf, 0x66, 0xbf, 0x66, 0xdf, 0x66, 0xdf, 0x66, 0xde, 0x66, 0xbf, 0x66, 
    0xdf, 0x66, 0xbf, 0x66, 0xbf, 0x66, 0xbe, 0x66, 0xbf, 0x66, 0xbe, 0x66, 
    0xbf, 0x6e, 0xbe, 0x6e, 0xbf, 0x6e, 0xbe, 0x6e, 0xbe, 0x6e, 0xbe, 0x6e, 
    0xbe, 0x6e, 0xbe, 0x6e, 0xbe, 0x6e, 0xbe, 0x6e, 0xbe, 0x66, 0xbe, 0x6e, 
    0xbe, 0x6e, 0xbf, 0x6e, 0xbe, 0x66, 0xbf, 0x66, 0xbe, 0x6e, 0xbf, 0x6e, 
    0xbf, 0x6e, 0xde, 0x66, 0xdf, 0x6e, 0xbf, 0x6e, 0xdf, 0x6e, 0xdf, 0x6e, 
    0xdf, 0x6e, 0xdf, 0x6e, 0xdf, 0x6e, 0xbf, 0x6e, 0xbe, 0x6e, 0xbe, 0x6e, 
    0xbf, 0x6e, 0xbf, 0x6e, 0xbf, 0x6e, 0xbf, 0x6e, 0xbe, 0x6e, 0xbf, 0x6e, 
    0xdf, 0x6e, 0xdf, 0x6e, 0xdf, 0x6e, 0xdf, 0x6e, 0xdf, 0x6e, 0xdf, 0x6e, 
    0xdf, 0x6e, 0xbf, 0x6e, 0xdf, 0x6e, 0xbf, 0x6e, 0xbf, 0x6e, 0xbf, 0x6e, 
    0xbf, 0x6e, 0xde, 0x6e, 0xbe, 0x6e, 0xbf, 0x6e, 0xbf, 0x6e, 0xbf, 0x6e, 
    0xbe, 0x6e, 0xbf, 0x6e, 0xdf, 0x6e, 0xbf, 0x6e, 0xdf, 0x6e, 0xdf, 0x66, 
    0xdf, 0x66, 0xbf, 0x6e, 0xdf, 0x66, 0xdf, 0x66, 0xbf, 0x66, 0xbf, 0x6e, 
    0xbf, 0x66, 0xbf, 0x66, 0xbe, 0x66, 0xbf, 0x66, 0xbf, 0x66, 0xbe, 0x66, 
    0xbf, 0x66, 0xbf, 0x66, 0xbf, 0x6e, 0xbf, 0x6e, 0xbf, 0x6e, 0xbf, 0x6e, 
    0xbe, 0x6e, 0xbe, 0x6e, 0xbe, 0x6e, 0xbe, 0x6e, 0x9e, 0x6e, 0xbe, 0x6e, 
    0xbe, 0xef, 0xdf, 0xf7, 0xdf, 0xf7, 0xff, 0xf7, 0xde, 0xf7, 0xdf, 0xf7, 
    0xde, 0xef, 0xde, 0xef, 0xde, 0xef, 0xde, 0xef, 0xde, 0xef, 0xde, 0xf7, 
    0xdf, 0xf7, 0xff, 0xf7, 0xfe, 0xf7, 0xdf, 0xf7, 0xdf, 0xef, 0xdf, 0xef, 
    0xdf, 0xef, 0xbe, 0xef, 0x9f, 0xdf, 0xbf, 0x76, 0xde, 0x6e, 0xdf, 0x6e, 
    0xdf, 0x6e, 0xdf, 0x6e, 0xdf, 0x6e, 0xdf, 0x66, 0xdf, 0x66, 0xdf, 0x66, 
    0xdf, 0x66, 0xdf, 0x66, 0xbf, 0x66, 0xde, 0x66, 0xdf, 0x66, 0xdf, 0x66, 
    0xbf, 0x66, 0xbe, 0x66, 0xbf, 0x66, 0xbe, 0x66, 0xbe, 0x66, 0x9e, 0x66, 
    0x9e, 0x66, 0x9e, 0x66, 0x9e, 0x66, 0x9e, 0x6e, 0xbf, 0x66, 0xbf, 0x66, 
    0xdf, 0x66, 0xdf, 0x66, 0xdf, 0x66, 0xdf, 0x66, 0xdf, 0x66, 0xdf, 0x66, 
    0xdf, 0x66, 0xdf, 0x66, 0xdf, 0x66, 0xdf, 0x66, 0xbf, 0x66, 0xdf, 0x66, 
    0xdf, 0x66, 0xdf, 0x66, 0xbf, 0x66, 0xbe, 0x66, 0xbf, 0x66, 0xbf, 0x66, 
    0xde, 0x66, 0xde, 0x66, 0xbf, 0x66, 0xdf, 0x66, 0xdf, 0x66, 0xbf, 0x66, 
    0xbf, 0x66, 0xbf, 0x66, 0xbf, 0x66, 0xbf, 0x66, 0xbf, 0x66, 0xbf, 0x66, 
    0xbf, 0x66, 0xbf, 0x66, 0xbf, 0x66, 0xdf, 0x66, 0xde, 0x66, 0xdf, 0x6e, 
    0xdf, 0x66, 0xdf, 0x66, 0xdf, 0x66, 0xdf, 0x66, 0xdf, 0x66, 0xbf, 0x66, 
    0xdf, 0x66, 0xbf, 0x66, 0xdf, 0x6e, 0xbf, 0x66, 0xbf, 0x66, 0xbf, 0x6e, 
    0xbf, 0x6e, 0xbf, 0x6e, 0xbf, 0x6e, 0xbe, 0x6e, 0xbe, 0x6e, 0xbf, 0x6e, 
    0xbf, 0x6e, 0xde, 0x6e, 0xdf, 0x6e, 0xbf, 0x6e, 0xdf, 0x6e, 0xdf, 0x6e, 
    0xbf, 0x6e, 0xbf, 0x6e, 0xbf, 0x66, 0xbe, 0x66, 0xbf, 0x66, 0xbf, 0x66, 
    0xbe, 0x66, 0xbe, 0x66, 0xbf, 0x66, 0xbf, 0x66, 0xbe, 0x66, 0xbe, 0x66, 
    0xbf, 0x66, 0xbe, 0x66, 0xbe, 0x66, 0xbe, 0x66, 0xbf, 0x66, 0xbf, 0x66, 
    0xbe, 0x66, 0xbf, 0x6e, 0xbf, 0x6e, 0xbe, 0x6e, 0xbe, 0x6e, 0xbf, 0x66, 
    0xbe, 0x6e, 0xbe, 0x66, 0xbf, 0x66, 0xbf, 0x6e, 0xbf, 0x66, 0xde, 0x66, 
    0xdf, 0x66, 0xdf, 0x66, 0xbf, 0x6e, 0xbe, 0x66, 0xbf, 0x6e, 0xdf, 0x6e, 
    0xde, 0x66, 0xbf, 0x66, 0xbf, 0x66, 0xbf, 0x66, 0xdf, 0x66, 0xdf, 0x66, 
    0xbf, 0x66, 0xbf, 0x66, 0xbe, 0x66, 0xbe, 0x66, 0xbf, 0x66, 0xbf, 0x6e, 
    0xde, 0x6e, 0xbf, 0x6e, 0xbe, 0x6e, 0xbe, 0x6e, 0xbf, 0x6e, 0xbe, 0x6e, 
    0xbf, 0x6e, 0xbe, 0x6e, 0xbe, 0x6e, 0xbe, 0x6e, 0xbe, 0x6e, 0xbe, 0x6e, 
    0xbe, 0x6e, 0xbf, 0x6e, 0xbe, 0x6e, 0xbe, 0x6e, 0xbe, 0x6e, 0xde, 0x6e, 
    0xbe, 0x6e, 0xbf, 0x6e, 0xbf, 0x6e, 0xdf, 0x6e, 0xdf, 0x6e, 0xdf, 0x6e, 
    0xdf, 0x6e, 0xdf, 0x6e, 0xbf, 0x6e, 0xbf, 0x6e, 0xbf, 0x6e, 0xbe, 0x6e, 
    0xbe, 0x6e, 0xbf, 0x6e, 0xde, 0x6e, 0xde, 0x6e, 0xdf, 0x6e, 0xbf, 0x6e, 
    0xdf, 0x6e, 0xdf, 0x6e, 0xdf, 0x6e, 0xdf, 0x6e, 0xdf, 0x6e, 0xdf, 0x6e, 
    0xdf, 0x6e, 0xdf, 0x6e, 0xbf, 0x6e, 0xbf, 0x6e, 0xbf, 0x6e, 0xdf, 0x6e, 
    0xbe, 0x6e, 0xbf, 0x6e, 0xbf, 0x6e, 0xde, 0x6e, 0xde, 0x6e, 0xbf, 0x6e, 
    0xbf, 0x6e, 0xde, 0x6e, 0xdf, 0x6e, 0xdf, 0x6e, 0xde, 0x6e, 0xde, 0x6e, 
    0xdf, 0x6e, 0xbf, 0x6e, 0xbe, 0x6e, 0xbe, 0x66, 0xbf, 0x66, 0xbf, 0x6e, 
    0xbf, 0x66, 0xbf, 0x6e, 0xbf, 0x6e, 0xbf, 0x66, 0xbe, 0x66, 0xbe, 0x6e, 
    0xbf, 0x6e, 0xbe, 0x6e, 0xde, 0x6e, 0xbf, 0x6e, 0xbf, 0x6e, 0xbe, 0x6e, 
    0xbe, 0x6e, 0xbf, 0x6e, 0xbe, 0x6e, 0xbe, 0x6e, 0xbe, 0x6e, 0xbe, 0x6e, 
    0x5f, 0xd7, 0x7f, 0xd7, 0x9e, 0xdf, 0x9e, 0xe7, 0x9e, 0xe7, 0x9e, 0xe7, 
    0xbe, 0xe7, 0x9e, 0xdf, 0x7e, 0xdf, 0x9e, 0xdf, 0xbe, 0xe7, 0xbe, 0xef, 
    0xde, 0xef, 0xdf, 0xf7, 0xde, 0xf7, 0xdf, 0xef, 0xde, 0xef, 0xbe, 0xef, 
    0xbe, 0xe7, 0xbe, 0xe7, 0x5f, 0xbf, 0xbf, 0x76, 0xbf, 0x6e, 0xde, 0x66, 
    0xdf, 0x6e, 0xdf, 0x66, 0xdf, 0x6e, 0xdf, 0x6e, 0xdf, 0x66, 0xdf, 0x66, 
    0xdf, 0x66, 0xde, 0x66, 0xdf, 0x66, 0xdf, 0x66, 0xdf, 0x66, 0xde, 0x66, 
    0xbf, 0x66, 0xbf, 0x66, 0xdf, 0x66, 0xbf, 0x66, 0xbf, 0x66, 0xbe, 0x66, 
    0xbe, 0x66, 0xbe, 0x66, 0xbe, 0x66, 0xbe, 0x6e, 0xbe, 0x66, 0xbf, 0x66, 
    0xdf, 0x66, 0xdf, 0x66, 0xde, 0x66, 0xdf, 0x66, 0xdf, 0x66, 0xde, 0x66, 
    0xde, 0x66, 0xdf, 0x66, 0xdf, 0x66, 0xde, 0x66, 0xdf, 0x66, 0xdf, 0x66, 
    0xde, 0x66, 0xde, 0x66, 0xbf, 0x66, 0xbf, 0x66, 0xde, 0x66, 0xde, 0x66, 
    0xbe, 0x66, 0xdf, 0x66, 0xdf, 0x66, 0xdf, 0x66, 0xbf, 0x66, 0xdf, 0x66, 
    0xde, 0x66, 0xbf, 0x66, 0xbf, 0x66, 0xbe, 0x66, 0xbe, 0x66, 0xbf, 0x66, 
    0xbf, 0x6e, 0xdf, 0x6e, 0xde, 0x66, 0xdf, 0x6e, 0xdf, 0x6e, 0xdf, 0x6e, 
    0xdf, 0x66, 0xdf, 0x66, 0xdf, 0x66, 0xdf, 0x66, 0xdf, 0x66, 0xbf, 0x66, 
    0xbe, 0x66, 0xde, 0x66, 0xbf, 0x66, 0xde, 0x66, 0xbe, 0x6e, 0xbf, 0x6e, 
    0xbf, 0x6e, 0xbf, 0x6e, 0xbf, 0x6e, 0xdf, 0x6e, 0xbf, 0x6e, 0xbf, 0x6e, 
    0xbf, 0x6e, 0xdf, 0x6e, 0xbf, 0x6e, 0xdf, 0x6e, 0xdf, 0x6e, 0xbf, 0x6e, 
    0xbf, 0x66, 0xbe, 0x66, 0xbf, 0x66, 0xbf, 0x66, 0xbe, 0x66, 0xbe, 0x66, 
    0xbf, 0x66, 0xbe, 0x66, 0xbe, 0x66, 0xbe, 0x66, 0xbe, 0x66, 0xbf, 0x66, 
    0xbe, 0x66, 0xbe, 0x66, 0xbe, 0x6e, 0xbe, 0x6e, 0xbe, 0x6e, 0xbf, 0x66, 
    0xbf, 0x6e, 0xbe, 0x6e, 0xbf, 0x6e, 0xbf, 0x6e, 0xbe, 0x6e, 0xbe, 0x6e, 
    0xbf, 0x6e, 0xbe, 0x6e, 0xbf, 0x6e, 0xbe, 0x6e, 0xbf, 0x6e, 0xdf, 0x6e, 
    0xdf, 0x6e, 0xdf, 0x6e, 0xdf, 0x6e, 0xbf, 0x6e, 0xde, 0x6e, 0xbf, 0x6e, 
    0xdf, 0x6e, 0xdf, 0x6e, 0xde, 0x6e, 0xdf, 0x66, 0xdf, 0x66, 0xdf, 0x66, 
    0xbe, 0x66, 0xbe, 0x6e, 0xde, 0x6e, 0xbe, 0x6e, 0xde, 0x6e, 0xbf, 0x6e, 
    0xbf, 0x6e, 0xdf, 0x6e, 0xbf, 0x6e, 0xdf, 0x6e, 0xde, 0x6e, 0xde, 0x6e, 
    0xbe, 0x6e, 0xbe, 0x6e, 0xbe, 0x6e, 0xbe, 0x6e, 0xbe, 0x6e, 0xbe, 0x6e, 
    0xbe, 0x6e, 0xbe, 0x6e, 0xbe, 0x6e, 0xbe, 0x6e, 0xbe, 0x6e, 0xdf, 0x6e, 
    0xbf, 0x6e, 0xdf, 0x6e, 0xdf, 0x6e, 0xdf, 0x6e, 0xdf, 0x6e, 0xde, 0x6e, 
    0xdf, 0x6e, 0xdf, 0x6e, 0xbf, 0x6e, 0xbe, 0x6e, 0xdf, 0x6e, 0xbf, 0x6e, 
    0xdf, 0x6e, 0xdf, 0x6e, 0xdf, 0x6e, 0xde, 0x6e, 0xdf, 0x6e, 0xdf, 0x6e, 
    0xdf, 0x6e, 0xdf, 0x6e, 0xdf, 0x6e, 0xdf, 0x6e, 0xdf, 0x6e, 0xdf, 0x6e, 
    0xdf, 0x6e, 0xdf, 0x6e, 0xbf, 0x6e, 0xdf, 0x6e, 0xdf, 0x6e, 0xbf, 0x6e, 
    0xdf, 0x6e, 0xbf, 0x6e, 0xbe, 0x6e, 0xbe, 0x6e, 0xdf, 0x6e, 0xde, 0x6e, 
    0xde, 0x6e, 0xbe, 0x6e, 0xde, 0x6e, 0xde, 0x6e, 0xde, 0x6e, 0xdf, 0x6e, 
    0xde, 0x6e, 0xbf, 0x6e, 0xbf, 0x6e, 0xbe, 0x6e, 0xbe, 0x6e, 0xbf, 0x6e, 
    0xbe, 0x6e, 0xbe, 0x6e, 0xbe, 0x6e, 0xbf, 0x6e, 0xbe, 0x6e, 0xbe, 0x6e, 
    0xde, 0x6e, 0xbf, 0x6e, 0xbf, 0x6e, 0xde, 0x6e, 0xbf, 0x6e, 0xbf, 0x6e, 
    0xbe, 0x6e, 0xbe, 0x6e, 0xbe, 0x6e, 0xbe, 0x6e, 0xbe, 0x6e, 0xbe, 0x6e, 
    0x3e, 0xcf, 0x3e, 0xcf, 0x5e, 0xcf, 0x5e, 0xcf, 0x5e, 0xcf, 0x5e, 0xcf, 
    0x5e, 0xcf, 0x5e, 0xcf, 0x5e, 0xcf, 0x5e, 0xcf, 0x5e, 0xd7, 0x7e, 0xd7, 
    0xdf, 0xef, 0xdf, 0xef, 0xde, 0xef, 0xbf, 0xef, 0xbf, 0xe7, 0x9e, 0xe7, 
    0x9e, 0xe7, 0x7e, 0xd7, 0xde, 0x7e, 0xbe, 0x6e, 0xbe, 0x6e, 0xbf, 0x6e, 
    0xbf, 0x66, 0xbe, 0x66, 0xdf, 0x66, 0xdf, 0x66, 0xdf, 0x66, 0xdf, 0x66, 
    0xbf, 0x66, 0xde, 0x66, 0xde, 0x66, 0xdf, 0x66, 0xde, 0x66, 0xdf, 0x66, 
    0xdf, 0x66, 0xdf, 0x66, 0xbf, 0x66, 0xbf, 0x66, 0xbf, 0x6e, 0xbf, 0x6e, 
    0xbe, 0x6e, 0xbe, 0x6e, 0xbe, 0x6e, 0xbe, 0x6e, 0xbe, 0x6e, 0xbe, 0x6e, 
    0xbf, 0x66, 0xdf, 0x66, 0xdf, 0x66, 0xde, 0x66, 0xbe, 0x66, 0xbf, 0x66, 
    0xbf, 0x66, 0xbf, 0x66, 0xbf, 0x66, 0xde, 0x66, 0xde, 0x66, 0xbe, 0x66, 
    0xbf, 0x66, 0xde, 0x66, 0xbe, 0x66, 0xbf, 0x66, 0xbe, 0x66, 0xbe, 0x66, 
    0xbe, 0x66, 0xde, 0x66, 0xbf, 0x66, 0xdf, 0x66, 0xdf, 0x66, 0xdf, 0x66, 
    0xdf, 0x66, 0xdf, 0x66, 0xbf, 0x66, 0xbf, 0x66, 0xbf, 0x66, 0xdf, 0x66, 
    0xbf, 0x66, 0xbf, 0x6e, 0xbf, 0x66, 0xdf, 0x6e, 0xdf, 0x6e, 0xbf, 0x6e, 
    0xde, 0x66, 0xbf, 0x66, 0xde, 0x66, 0xbe, 0x66, 0xbe, 0x66, 0xbf, 0x66, 
    0xbf, 0x66, 0xbf, 0x66, 0xbf, 0x66, 0xbe, 0x66, 0xbf, 0x6e, 0xbf, 0x6e, 
    0xdf, 0x6e, 0xbf, 0x66, 0xbf, 0x6e, 0xbf, 0x6e, 0xbf, 0x6e, 0xbe, 0x6e, 
    0xbf, 0x6e, 0xbe, 0x6e, 0xbf, 0x6e, 0xdf, 0x6e, 0xdf, 0x6e, 0xbf, 0x6e, 
    0xbf, 0x6e, 0xbf, 0x66, 0xbf, 0x6e, 0xbe, 0x6e, 0xbf, 0x66, 0xbf, 0x66, 
    0xbe, 0x66, 0xbe, 0x66, 0xbe, 0x66, 0xbe, 0x66, 0xbe, 0x66, 0xbf, 0x66, 
    0xbe, 0x66, 0xbe, 0x6e, 0xbe, 0x6e, 0xbe, 0x6e, 0xbe, 0x6e, 0xbf, 0x6e, 
    0xbf, 0x6e, 0xbf, 0x6e, 0xbf, 0x6e, 0xdf, 0x6e, 0xdf, 0x6e, 0xbf, 0x6e, 
    0xbf, 0x6e, 0xbf, 0x6e, 0xbf, 0x6e, 0xdf, 0x6e, 0xde, 0x6e, 0xdf, 0x6e, 
    0xdf, 0x6e, 0xdf, 0x6e, 0xdf, 0x6e, 0xde, 0x6e, 0xdf, 0x6e, 0xdf, 0x6e, 
    0xdf, 0x6e, 0xdf, 0x6e, 0xdf, 0x6e, 0xdf, 0x6e, 0xdf, 0x6e, 0xdf, 0x6e, 
    0xbe, 0x6e, 0xbe, 0x6e, 0xbf, 0x6e, 0xdf, 0x6e, 0xdf, 0x6e, 0xde, 0x6e, 
    0xdf, 0x6e, 0xbf, 0x6e, 0xdf, 0x6e, 0xdf, 0x6e, 0xde, 0x6e, 0xde, 0x6e, 
    0xde, 0x6e, 0xbe, 0x6e, 0xbf, 0x6e, 0xbe, 0x6e, 0xbe, 0x6e, 0xbe, 0x6e, 
    0xbe, 0x6e, 0xbe, 0x6e, 0xbe, 0x6e, 0xbe, 0x6e, 0xbf, 0x6e, 0xbf, 0x6e, 
    0xdf, 0x6e, 0xdf, 0x6e, 0xdf, 0x6e, 0xbe, 0x6e, 0xbf, 0x6e, 0xdf, 0x6e, 
    0xdf, 0x6e, 0xbf, 0x6e, 0xbe, 0x6e, 0xbf, 0x6e, 0xbf, 0x6e, 0xde, 0x6e, 
    0xdf, 0x6e, 0xdf, 0x6e, 0xdf, 0x6e, 0xdf, 0x6e, 0xdf, 0x6e, 0xdf, 0x6e, 
    0xde, 0x6e, 0xdf, 0x6e, 0xdf, 0x6e, 0xdf, 0x6e, 0xdf, 0x6e, 0xde, 0x6e, 
    0xdf, 0x6e, 0xdf, 0x6e, 0xdf, 0x6e, 0xdf, 0x6e, 0xdf, 0x6e, 0xdf, 0x6e, 
    0xbf, 0x6e, 0xdf, 0x6e, 0xbf, 0x6e, 0xdf, 0x6e, 0xdf, 0x6e, 0xdf, 0x6e, 
    0xde, 0x6e, 0xbe, 0x6e, 0xbe, 0x6e, 0xbe, 0x6e, 0xbe, 0x6e, 0xde, 0x6e, 
    0xdf, 0x6e, 0xbf, 0x6e, 0xbe, 0x6e, 0xbf, 0x6e, 0xbe, 0x6e, 0xbe, 0x6e, 
    0xbe, 0x6e, 0xbf, 0x6e, 0xbe, 0x6e, 0xbe, 0x6e, 0xbe, 0x6e, 0xbe, 0x6e, 
    0xbe, 0x6e, 0xbe, 0x6e, 0xbe, 0x6e, 0xbf, 0x6e, 0xbf, 0x6e, 0xbe, 0x6e, 
    0xbf, 0x6e, 0xbf, 0x6e, 0xbe, 0x6e, 0xbe, 0x6e, 0xbf, 0x6e, 0xbe, 0x6e, 
    0x3e, 0xc7, 0x3e, 0xc7, 0x3e, 0xc7, 0x3e, 0xc7, 0x3e, 0xc7, 0x3e, 0xc7, 
    0x3e, 0xc7, 0x3e, 0xc7, 0x3e, 0xc7, 0x3e, 0xc7, 0x5e, 0xcf, 0x5e, 0xcf, 
    0x7e, 0xd7, 0x9f, 0xdf, 0xbf, 0xdf, 0xbf, 0xe7, 0x9e, 0xdf, 0x9e, 0xdf, 
    0x7f, 0xd7, 0xff, 0x8e, 0xdf, 0x76, 0xbe, 0x6e, 0xbf, 0x6e, 0xbe, 0x6e, 
    0xbe, 0x6e, 0xde, 0x66, 0xdf, 0x66, 0xdf, 0x66, 0xdf, 0x66, 0xdf, 0x66, 
    0xdf, 0x66, 0xdf, 0x66, 0xdf, 0x66, 0xdf, 0x6e, 0xdf, 0x6e, 0xde, 0x6e, 
    0xdf, 0x66, 0xdf, 0x6e, 0xde, 0x6e, 0xdf, 0x6e, 0xde, 0x6e, 0xdf, 0x6e, 
    0xdf, 0x6e, 0xdf, 0x6e, 0xde, 0x6e, 0xde, 0x6e, 0xde, 0x6e, 0xbe, 0x6e, 
    0xdf, 0x6e, 0xbe, 0x66, 0xbe, 0x66, 0xdf, 0x66, 0xbf, 0x66, 0xbe, 0x66, 
    0xbe, 0x66, 0xbe, 0x66, 0xbe, 0x66, 0xde, 0x66, 0xbe, 0x66, 0xbe, 0x66, 
    0xbe, 0x66, 0xbf, 0x66, 0xbe, 0x66, 0xbf, 0x66, 0xbe, 0x66, 0xbe, 0x66, 
    0xbe, 0x66, 0xdf, 0x66, 0xdf, 0x66, 0xdf, 0x66, 0xdf, 0x66, 0xdf, 0x66, 
    0xdf, 0x6e, 0xdf, 0x6e, 0xde, 0x66, 0xdf, 0x66, 0xbf, 0x66, 0xbf, 0x66, 
    0xbf, 0x66, 0xbe, 0x6e, 0xdf, 0x6e, 0xbf, 0x6e, 0xbf, 0x6e, 0xdf, 0x66, 
    0xdf, 0x66, 0xbf, 0x66, 0xbe, 0x66, 0xbe, 0x66, 0xbf, 0x66, 0xbe, 0x66, 
    0xbe, 0x66, 0xbf, 0x66, 0xbf, 0x66, 0xbf, 0x66, 0xbe, 0x66, 0xbf, 0x6e, 
    0xbf, 0x6e, 0xbf, 0x66, 0xbf, 0x66, 0xbe, 0x6e, 0xbf, 0x66, 0xbe, 0x6e, 
    0xbf, 0x6e, 0xbf, 0x6e, 0xbf, 0x6e, 0xdf, 0x6e, 0xbf, 0x66, 0xbf, 0x66, 
    0xbf, 0x6e, 0xbf, 0x66, 0xbf, 0x6e, 0xbf, 0x6e, 0xbe, 0x6e, 0xbe, 0x66, 
    0xbe, 0x66, 0xbe, 0x66, 0xbe, 0x6e, 0xbe, 0x66, 0xbf, 0x6e, 0xbf, 0x6e, 
    0xbe, 0x6e, 0xbf, 0x6e, 0xbf, 0x6e, 0xbe, 0x6e, 0xbe, 0x6e, 0xbe, 0x6e, 
    0xbf, 0x6e, 0xdf, 0x6e, 0xdf, 0x6e, 0xdf, 0x6e, 0xdf, 0x6e, 0xdf, 0x6e, 
    0xdf, 0x6e, 0xbf, 0x6e, 0xdf, 0x6e, 0xdf, 0x6e, 0xdf, 0x6e, 0xbf, 0x6e, 
    0xdf, 0x6e, 0xdf, 0x6e, 0xdf, 0x6e, 0xdf, 0x6e, 0xdf, 0x6e, 0xdf, 0x6e, 
    0xde, 0x6e, 0xdf, 0x6e, 0xde, 0x6e, 0xdf, 0x6e, 0xdf, 0x6e, 0xbf, 0x6e, 
    0xdf, 0x6e, 0xbe, 0x6e, 0xbe, 0x6e, 0xbe, 0x6e, 0xbe, 0x6e, 0xdf, 0x6e, 
    0xbf, 0x6e, 0xbe, 0x6e, 0xde, 0x6e, 0xde, 0x6e, 0xdf, 0x6e, 0xdf, 0x6e, 
    0xdf, 0x6e, 0xde, 0x6e, 0xde, 0x6e, 0xbf, 0x6e, 0xbe, 0x6e, 0xbf, 0x6e, 
    0xde, 0x6e, 0xbf, 0x6e, 0xbe, 0x6e, 0xbf, 0x6e, 0xbf, 0x6e, 0xdf, 0x6e, 
    0xdf, 0x6e, 0xdf, 0x6e, 0xdf, 0x6e, 0xdf, 0x6e, 0xbe, 0x6e, 0xbe, 0x6e, 
    0xbf, 0x6e, 0xde, 0x6e, 0xbf, 0x6e, 0xbe, 0x6e, 0xdf, 0x6e, 0xdf, 0x6e, 
    0xdf, 0x6e, 0xdf, 0x6e, 0xdf, 0x6e, 0xdf, 0x6e, 0xdf, 0x6e, 0xdf, 0x6e, 
    0xdf, 0x6e, 0xdf, 0x6e, 0xdf, 0x6e, 0xdf, 0x6e, 0xdf, 0x6e, 0xdf, 0x6e, 
    0xdf, 0x6e, 0xdf, 0x6e, 0xdf, 0x6e, 0xdf, 0x6e, 0xdf, 0x6e, 0xdf, 0x6e, 
    0xdf, 0x6e, 0xdf, 0x6e, 0xbf, 0x6e, 0xdf, 0x6e, 0xbf, 0x6e, 0xbe, 0x6e, 
    0xdf, 0x6e, 0xbe, 0x6e, 0xbe, 0x6e, 0xbe, 0x6e, 0xbe, 0x6e, 0xdf, 0x6e, 
    0xde, 0x6e, 0xdf, 0x6e, 0xde, 0x6e, 0xbf, 0x6e, 0xbf, 0x6e, 0xbe, 0x6e, 
    0xbe, 0x6e, 0xbe, 0x6e, 0xbe, 0x6e, 0xbe, 0x6e, 0xbe, 0x6e, 0xbe, 0x6e, 
    0xbe, 0x6e, 0xbe, 0x6e, 0xbf, 0x6e, 0xde, 0x6e, 0xbf, 0x6e, 0xde, 0x6e, 
    0xbe, 0x6e, 0xde, 0x6e, 0xbf, 0x6e, 0xbe, 0x6e, 0xbf, 0x6e, 0xbf, 0x6e, 
    0x3e, 0xbf, 0x3e, 0xbf, 0x3e, 0xbf, 0x3e, 0xbf, 0x3e, 0xbf, 0x1e, 0xbf, 
    0x1e, 0xbf, 0x3e, 0xbf, 0x3e, 0xbf, 0x3e, 0xc7, 0x3e, 0xc7, 0x3e, 0xc7, 
    0x5e, 0xc7, 0x5e, 0xc7, 0x7f, 0xd7, 0x9f, 0xdf, 0x7f, 0xd7, 0x5f, 0xc7, 
    0xff, 0x8e, 0xde, 0x76, 0xbe, 0x6e, 0xbe, 0x6e, 0xbe, 0x6e, 0xbf, 0x6e, 
    0xbe, 0x6e, 0xdf, 0x66, 0xdf, 0x66, 0xdf, 0x66, 0xde, 0x66, 0xdf, 0x66, 
    0xde, 0x66, 0xde, 0x66, 0xde, 0x6e, 0xde, 0x6e, 0xde, 0x66, 0xdf, 0x6e, 
    0xdf, 0x6e, 0xdf, 0x6e, 0xdf, 0x6e, 0xdf, 0x6e, 0xdf, 0x6e, 0xdf, 0x6e, 
    0xff, 0x6e, 0xff, 0x76, 0xff, 0x76, 0xde, 0x76, 0xde, 0x6e, 0xde, 0x6e, 
    0xde, 0x6e, 0xbe, 0x6e, 0xbe, 0x66, 0xbe, 0x66, 0xbe, 0x66, 0xbe, 0x66, 
    0xbe, 0x66, 0xbf, 0x66, 0xbe, 0x66, 0xbe, 0x66, 0xbe, 0x66, 0xbe, 0x66, 
    0xbe, 0x66, 0xbe, 0x66, 0xde, 0x66, 0xde, 0x66, 0xbe, 0x66, 0xbe, 0x66, 
    0xbe, 0x66, 0xdf, 0x66, 0xbf, 0x66, 0xdf, 0x66, 0xbf, 0x66, 0xdf, 0x66, 
    0xdf, 0x66, 0xdf, 0x6e, 0xdf, 0x6e, 0xdf, 0x6e, 0xdf, 0x66, 0xdf, 0x6e, 
    0xdf, 0x6e, 0xdf, 0x66, 0xbf, 0x6e, 0xde, 0x6e, 0xdf, 0x6e, 0xdf, 0x6e, 
    0xbe, 0x6e, 0xbf, 0x66, 0xbf, 0x6e, 0xbe, 0x6e, 0xbe, 0x66, 0xbf, 0x6e, 
    0xbe, 0x66, 0xbe, 0x6e, 0xbe, 0x66, 0xde, 0x6e, 0xbf, 0x6e, 0xbf, 0x6e, 
    0xbe, 0x6e, 0xbf, 0x66, 0xbf, 0x66, 0xbf, 0x66, 0xbf, 0x66, 0xbe, 0x66, 
    0xbe, 0x6e, 0xbf, 0x6e, 0xbf, 0x66, 0xbf, 0x66, 0xbe, 0x66, 0xbe, 0x66, 
    0xbe, 0x6e, 0xbf, 0x66, 0xbf, 0x6e, 0xbe, 0x6e, 0xbe, 0x66, 0xbe, 0x66, 
    0xbf, 0x66, 0xbf, 0x66, 0xde, 0x66, 0xbe, 0x6e, 0xbf, 0x6e, 0xbe, 0x6e, 
    0xbf, 0x6e, 0xbe, 0x6e, 0xbe, 0x6e, 0xbe, 0x6e, 0xde, 0x6e, 0xbf, 0x6e, 
    0xdf, 0x6e, 0xdf, 0x6e, 0xdf, 0x6e, 0xdf, 0x6e, 0xdf, 0x6e, 0xdf, 0x6e, 
    0xdf, 0x6e, 0xdf, 0x6e, 0xdf, 0x6e, 0xdf, 0x6e, 0xdf, 0x6e, 0xde, 0x6e, 
    0xde, 0x6e, 0xdf, 0x6e, 0xdf, 0x6e, 0xdf, 0x6e, 0xdf, 0x6e, 0xdf, 0x6e, 
    0xdf, 0x6e, 0xdf, 0x6e, 0xdf, 0x6e, 0xde, 0x6e, 0xde, 0x6e, 0xdf, 0x6e, 
    0xbe, 0x6e, 0xbe, 0x6e, 0xbe, 0x6e, 0xbe, 0x6e, 0xbe, 0x6e, 0xde, 0x6e, 
    0xdf, 0x6e, 0xdf, 0x6e, 0xdf, 0x6e, 0xdf, 0x6e, 0xdf, 0x6e, 0xdf, 0x6e, 
    0xde, 0x6e, 0xdf, 0x6e, 0xbe, 0x6e, 0xde, 0x6e, 0xde, 0x6e, 0xde, 0x6e, 
    0xde, 0x6e, 0xbf, 0x6e, 0xde, 0x6e, 0xbf, 0x6e, 0xdf, 0x6e, 0xdf, 0x6e, 
    0xdf, 0x6e, 0xdf, 0x6e, 0xde, 0x6e, 0xbf, 0x6e, 0xde, 0x6e, 0xbe, 0x6e, 
    0xde, 0x6e, 0xbe, 0x6e, 0xdf, 0x6e, 0xde, 0x6e, 0xbf, 0x6e, 0xde, 0x6e, 
    0xdf, 0x6e, 0xdf, 0x6e, 0xdf, 0x6e, 0xdf, 0x6e, 0xdf, 0x76, 0xde, 0x6e, 
    0xdf, 0x6e, 0xdf, 0x6e, 0xdf, 0x6e, 0xdf, 0x6e, 0xdf, 0x6e, 0xdf, 0x6e, 
    0xdf, 0x6e, 0xdf, 0x6e, 0xde, 0x6e, 0xdf, 0x6e, 0xdf, 0x6e, 0xdf, 0x6e, 
    0xdf, 0x6e, 0xdf, 0x6e, 0xde, 0x6e, 0xdf, 0x6e, 0xdf, 0x6e, 0xbf, 0x6e, 
    0xbe, 0x6e, 0xbe, 0x6e, 0xbe, 0x6e, 0xbe, 0x6e, 0xbe, 0x6e, 0xbe, 0x6e, 
    0xdf, 0x6e, 0xde, 0x6e, 0xdf, 0x6e, 0xdf, 0x6e, 0xdf, 0x6e, 0xde, 0x6e, 
    0xbe, 0x6e, 0xbe, 0x6e, 0xbe, 0x6e, 0xbe, 0x6e, 0xbe, 0x6e, 0xde, 0x6e, 
    0xbe, 0x6e, 0xde, 0x6e, 0xbe, 0x6e, 0xbe, 0x6e, 0xde, 0x6e, 0xbf, 0x6e, 
    0xbe, 0x6e, 0xbe, 0x6e, 0xde, 0x6e, 0xdf, 0x6e, 0xdf, 0x6e, 0xde, 0x6e, 
    0x3e, 0xbf, 0x1e, 0xb7, 0x3e, 0xb7, 0x1e, 0xb7, 0x1e, 0xb7, 0x1e, 0xb7, 
    0x1e, 0xb7, 0x1e, 0xbf, 0x1e, 0xbf, 0x1e, 0xbf, 0x1e, 0xbf, 0x1e, 0xbf, 
    0x3e, 0xbf, 0x5f, 0xc7, 0x9f, 0xdf, 0x7f, 0xcf, 0x1f, 0x9f, 0xde, 0x76, 
    0xdf, 0x6e, 0xbf, 0x6e, 0xbe, 0x6e, 0xbe, 0x6e, 0xbe, 0x6e, 0xbe, 0x66, 
    0xbf, 0x6e, 0xbf, 0x66, 0xbf, 0x66, 0xbf, 0x66, 0xde, 0x66, 0xbf, 0x66, 
    0xbe, 0x66, 0xdf, 0x66, 0xdf, 0x6e, 0xdf, 0x6e, 0xdf, 0x6e, 0xdf, 0x6e, 
    0xdf, 0x6e, 0xdf, 0x6e, 0xdf, 0x6e, 0xdf, 0x6e, 0xff, 0x76, 0xff, 0x7e, 
    0x1f, 0x7f, 0x1f, 0x7f, 0x1f, 0x7f, 0xfe, 0x76, 0xde, 0x76, 0xde, 0x6e, 
    0xbe, 0x6e, 0xde, 0x6e, 0xde, 0x6e, 0xbe, 0x66, 0xbe, 0x66, 0xbe, 0x66, 
    0xbe, 0x66, 0xbe, 0x66, 0xbe, 0x66, 0xbe, 0x66, 0xbe, 0x66, 0xbe, 0x66, 
    0xbe, 0x66, 0xbe, 0x66, 0xbe, 0x66, 0xbf, 0x66, 0xbe, 0x66, 0xbf, 0x66, 
    0xbe, 0x66, 0xbe, 0x66, 0xdf, 0x66, 0xdf, 0x66, 0xdf, 0x66, 0xbf, 0x6e, 
    0xdf, 0x6e, 0xdf, 0x66, 0xbf, 0x66, 0xbf, 0x66, 0xdf, 0x6e, 0xbf, 0x66, 
    0xbf, 0x66, 0xdf, 0x6e, 0xbf, 0x66, 0xdf, 0x6e, 0xdf, 0x6e, 0xdf, 0x6e, 
    0xdf, 0x6e, 0xbf, 0x6e, 0xbf, 0x6e, 0xbe, 0x6e, 0xbf, 0x66, 0xbf, 0x6e, 
    0xbf, 0x6e, 0xbf, 0x6e, 0xbf, 0x6e, 0xbf, 0x6e, 0xbe, 0x6e, 0xdf, 0x6e, 
    0xbf, 0x6e, 0xbe, 0x6e, 0xbe, 0x66, 0xbf, 0x66, 0xbe, 0x66, 0xbf, 0x6e, 
    0xbe, 0x66, 0xbf, 0x6e, 0xbe, 0x6e, 0xbe, 0x6e, 0xbe, 0x6e, 0xbf, 0x66, 
    0xbe, 0x66, 0xbe, 0x6e, 0xbe, 0x6e, 0xbe, 0x6e, 0xbe, 0x66, 0xbe, 0x66, 
    0xbf, 0x66, 0xbf, 0x66, 0xdf, 0x66, 0xbe, 0x6e, 0xbf, 0x66, 0xbe, 0x6e, 
    0xbf, 0x6e, 0xbf, 0x6e, 0xbf, 0x6e, 0xdf, 0x6e, 0xdf, 0x6e, 0xbf, 0x6e, 
    0xdf, 0x6e, 0xdf, 0x6e, 0xdf, 0x6e, 0xdf, 0x6e, 0xdf, 0x6e, 0xdf, 0x6e, 
    0xdf, 0x6e, 0xdf, 0x6e, 0xdf, 0x6e, 0xbf, 0x6e, 0xdf, 0x6e, 0xbf, 0x6e, 
    0xde, 0x6e, 0xdf, 0x6e, 0xdf, 0x6e, 0xde, 0x6e, 0xdf, 0x6e, 0xdf, 0x6e, 
    0xdf, 0x6e, 0xdf, 0x6e, 0xdf, 0x6e, 0xbf, 0x6e, 0xbf, 0x6e, 0xbe, 0x6e, 
    0xbf, 0x6e, 0xbe, 0x6e, 0xbf, 0x6e, 0xbe, 0x6e, 0xdf, 0x6e, 0xde, 0x6e, 
    0xde, 0x6e, 0xdf, 0x6e, 0xdf, 0x6e, 0xdf, 0x6e, 0xdf, 0x6e, 0xdf, 0x6e, 
    0xdf, 0x6e, 0xdf, 0x6e, 0xdf, 0x6e, 0xdf, 0x6e, 0xdf, 0x6e, 0xdf, 0x6e, 
    0xdf, 0x6e, 0xde, 0x6e, 0xbe, 0x6e, 0xde, 0x6e, 0xdf, 0x6e, 0xbf, 0x6e, 
    0xdf, 0x6e, 0xdf, 0x6e, 0xdf, 0x6e, 0xdf, 0x6e, 0xdf, 0x6e, 0xdf, 0x6e, 
    0xde, 0x6e, 0xbf, 0x6e, 0xbf, 0x6e, 0xdf, 0x6e, 0xdf, 0x6e, 0xdf, 0x6e, 
    0xde, 0x6e, 0xdf, 0x6e, 0xdf, 0x6e, 0xff, 0x6e, 0xdf, 0x76, 0xff, 0x76, 
    0xdf, 0x76, 0xff, 0x76, 0xff, 0x6e, 0xdf, 0x76, 0xdf, 0x76, 0xdf, 0x76, 
    0xdf, 0x6e, 0xdf, 0x6e, 0xdf, 0x6e, 0xdf, 0x6e, 0xdf, 0x6e, 0xdf, 0x6e, 
    0xdf, 0x6e, 0xdf, 0x6e, 0xdf, 0x6e, 0xdf, 0x6e, 0xdf, 0x6e, 0xbf, 0x6e, 
    0xbe, 0x6e, 0xbf, 0x6e, 0xbe, 0x6e, 0xbe, 0x6e, 0xbe, 0x6e, 0xbe, 0x6e, 
    0xde, 0x6e, 0xde, 0x6e, 0xdf, 0x6e, 0xbf, 0x6e, 0xdf, 0x6e, 0xdf, 0x6e, 
    0xbf, 0x6e, 0xde, 0x6e, 0xbe, 0x6e, 0xbe, 0x6e, 0xbe, 0x6e, 0xbe, 0x6e, 
    0xbe, 0x6e, 0xde, 0x6e, 0xde, 0x6e, 0xde, 0x6e, 0xdf, 0x6e, 0xdf, 0x6e, 
    0xdf, 0x6e, 0xbf, 0x6e, 0xdf, 0x6e, 0xbf, 0x6e, 0xdf, 0x76, 0xdf, 0x76, 
    0x1e, 0xb7, 0x1e, 0xb7, 0x1e, 0xb7, 0x1e, 0xb7, 0x1e, 0xb7, 0x1e, 0xb7, 
    0x1e, 0xb7, 0x1e, 0xb7, 0xfe, 0xb6, 0x1e, 0xb7, 0x1e, 0xb7, 0x1e, 0xbf, 
    0x1e, 0xc7, 0x5f, 0xc7, 0xdf, 0x96, 0xde, 0x76, 0xbe, 0x76, 0xbe, 0x6e, 
    0xbe, 0x6e, 0xbe, 0x6e, 0xbe, 0x6e, 0xbe, 0x6e, 0xbf, 0x6e, 0xbf, 0x66, 
    0xbe, 0x66, 0xbf, 0x6e, 0xbe, 0x66, 0xdf, 0x66, 0xdf, 0x66, 0xde, 0x66, 
    0xdf, 0x66, 0xdf, 0x66, 0xde, 0x6e, 0xde, 0x66, 0xdf, 0x6e, 0xdf, 0x6e, 
    0xdf, 0x6e, 0xdf, 0x6e, 0xff, 0x6e, 0x3f, 0x97, 0xbf, 0xd7, 0xdf, 0xef, 
    0xff, 0xf7, 0xbf, 0xef, 0x5f, 0xaf, 0x1f, 0x87, 0xff, 0x76, 0xde, 0x6e, 
    0xde, 0x6e, 0xbe, 0x6e, 0xbe, 0x6e, 0xbf, 0x6e, 0xbe, 0x6e, 0xbe, 0x66, 
    0xde, 0x66, 0xbe, 0x66, 0xbe, 0x66, 0xbe, 0x66, 0xbe, 0x66, 0xde, 0x66, 
    0xbe, 0x66, 0xbe, 0x66, 0xbe, 0x66, 0xbf, 0x66, 0xbe, 0x66, 0xbe, 0x66, 
    0xbf, 0x6e, 0xbe, 0x66, 0xbe, 0x66, 0xde, 0x66, 0xde, 0x66, 0xbf, 0x6e, 
    0xbe, 0x6e, 0xbf, 0x6e, 0xbe, 0x6e, 0xbf, 0x66, 0xbf, 0x6e, 0xbe, 0x66, 
    0xbf, 0x6e, 0xdf, 0x66, 0xdf, 0x6e, 0xdf, 0x6e, 0xdf, 0x6e, 0xde, 0x6e, 
    0xdf, 0x6e, 0xdf, 0x6e, 0xbf, 0x6e, 0xbf, 0x6e, 0xbf, 0x6e, 0xdf, 0x66, 
    0xbf, 0x66, 0xbf, 0x66, 0xde, 0x6e, 0xdf, 0x6e, 0xbf, 0x6e, 0xde, 0x66, 
    0xbf, 0x6e, 0xbe, 0x6e, 0xbe, 0x66, 0xbf, 0x6e, 0xbe, 0x6e, 0xbf, 0x6e, 
    0xbe, 0x66, 0xbe, 0x66, 0xbe, 0x66, 0xbe, 0x6e, 0xbe, 0x66, 0xbe, 0x66, 
    0xbe, 0x6e, 0xbe, 0x6e, 0xbe, 0x6e, 0x9f, 0x66, 0xbf, 0x66, 0xde, 0x66, 
    0xbf, 0x66, 0xde, 0x66, 0xdf, 0x6e, 0xbe, 0x6e, 0xbf, 0x6e, 0xbe, 0x6e, 
    0xbe, 0x6e, 0xde, 0x6e, 0xdf, 0x6e, 0xde, 0x6e, 0xdf, 0x6e, 0xdf, 0x6e, 
    0xdf, 0x6e, 0xdf, 0x6e, 0xde, 0x6e, 0xdf, 0x6e, 0xdf, 0x6e, 0xdf, 0x6e, 
    0xdf, 0x6e, 0xdf, 0x6e, 0xdf, 0x6e, 0xde, 0x6e, 0xbe, 0x6e, 0xbe, 0x6e, 
    0xdf, 0x6e, 0xdf, 0x6e, 0xdf, 0x6e, 0xdf, 0x6e, 0xdf, 0x6e, 0xdf, 0x6e, 
    0xdf, 0x6e, 0xde, 0x6e, 0xde, 0x6e, 0xbf, 0x6e, 0xbe, 0x6e, 0xdf, 0x6e, 
    0xbf, 0x6e, 0xbe, 0x6e, 0xbe, 0x6e, 0xdf, 0x6e, 0xdf, 0x6e, 0xdf, 0x6e, 
    0xde, 0x6e, 0xde, 0x6e, 0xdf, 0x6e, 0xdf, 0x6e, 0xdf, 0x6e, 0xdf, 0x6e, 
    0xdf, 0x6e, 0xde, 0x6e, 0xdf, 0x6e, 0xdf, 0x6e, 0xde, 0x6e, 0xde, 0x6e, 
    0xbe, 0x6e, 0xde, 0x6e, 0xdf, 0x6e, 0xdf, 0x6e, 0xde, 0x6e, 0xbf, 0x6e, 
    0xde, 0x6e, 0xdf, 0x6e, 0xbe, 0x6e, 0xde, 0x6e, 0xdf, 0x6e, 0xde, 0x6e, 
    0xdf, 0x6e, 0xdf, 0x6e, 0xdf, 0x6e, 0xdf, 0x6e, 0xde, 0x6e, 0xdf, 0x6e, 
    0xdf, 0x6e, 0xde, 0x6e, 0xdf, 0x76, 0xfe, 0x76, 0xdf, 0x76, 0xff, 0x76, 
    0xff, 0x76, 0xff, 0x76, 0xdf, 0x76, 0xdf, 0x76, 0xdf, 0x76, 0xdf, 0x76, 
    0xdf, 0x6e, 0xdf, 0x6e, 0xdf, 0x76, 0xdf, 0x6e, 0xdf, 0x76, 0xdf, 0x6e, 
    0xdf, 0x6e, 0xdf, 0x6e, 0xdf, 0x6e, 0xdf, 0x6e, 0xdf, 0x6e, 0xbf, 0x6e, 
    0xde, 0x6e, 0xbe, 0x6e, 0xbe, 0x6e, 0xbe, 0x6e, 0xbe, 0x6e, 0xbe, 0x6e, 
    0xbe, 0x6e, 0xde, 0x6e, 0xdf, 0x6e, 0xde, 0x6e, 0xde, 0x6e, 0xde, 0x6e, 
    0xde, 0x6e, 0xde, 0x6e, 0xbe, 0x6e, 0xbe, 0x6e, 0xde, 0x6e, 0xde, 0x6e, 
    0xdf, 0x76, 0xbf, 0x6e, 0xde, 0x6e, 0xbe, 0x6e, 0xde, 0x6e, 0xbf, 0x6e, 
    0xde, 0x6e, 0xde, 0x6e, 0xdf, 0x6e, 0xdf, 0x6e, 0xdf, 0x76, 0xdf, 0x76, 
    0x1e, 0xaf, 0x1e, 0xaf, 0xfe, 0xae, 0xfe, 0xae, 0xfe, 0xae, 0xfe, 0xae, 
    0xfe, 0xae, 0xfe, 0xae, 0xfe, 0xae, 0xfe, 0xa6, 0xde, 0x9e, 0xde, 0x96, 
    0xbe, 0x7e, 0x9e, 0x76, 0xbe, 0x76, 0xbe, 0x6e, 0xbe, 0x6e, 0xbe, 0x6e, 
    0xbe, 0x6e, 0xbe, 0x6e, 0xbe, 0x6e, 0xbe, 0x6e, 0xbe, 0x6e, 0xbf, 0x66, 
    0xbe, 0x6e, 0xbf, 0x6e, 0xbf, 0x66, 0xbe, 0x66, 0xbf, 0x66, 0xde, 0x66, 
    0xdf, 0x66, 0xdf, 0x66, 0xdf, 0x6e, 0xdf, 0x6e, 0xdf, 0x6e, 0xdf, 0x6e, 
    0xdf, 0x6e, 0xdf, 0x6e, 0x3e, 0x97, 0xdf, 0xef, 0xff, 0xf7, 0xff, 0xf7, 
    0xff, 0xf7, 0xff, 0xf7, 0xdf, 0xef, 0xdf, 0xef, 0xdf, 0xdf, 0xde, 0x76, 
    0xbe, 0x6e, 0xbe, 0x6e, 0xbe, 0x6e, 0xbe, 0x6e, 0xbe, 0x6e, 0xbe, 0x6e, 
    0xbe, 0x66, 0xbe, 0x66, 0xbe, 0x66, 0xbe, 0x66, 0xbf, 0x66, 0xbe, 0x66, 
    0xbf, 0x66, 0xbe, 0x66, 0xbe, 0x66, 0xbe, 0x66, 0xbe, 0x66, 0xbf, 0x66, 
    0xbf, 0x66, 0xbe, 0x66, 0xbe, 0x6e, 0xbe, 0x66, 0xbf, 0x66, 0xbe, 0x6e, 
    0xbf, 0x6e, 0xbe, 0x6e, 0xbe, 0x66, 0xbf, 0x6e, 0xbe, 0x6e, 0xbf, 0x66, 
    0xbf, 0x6e, 0xdf, 0x6e, 0xdf, 0x6e, 0xdf, 0x6e, 0xdf, 0x6e, 0xdf, 0x6e, 
    0xdf, 0x6e, 0xdf, 0x6e, 0xde, 0x6e, 0xdf, 0x6e, 0xdf, 0x6e, 0xdf, 0x66, 
    0xdf, 0x6e, 0xdf, 0x66, 0xde, 0x66, 0xbf, 0x6e, 0xbe, 0x6e, 0xde, 0x6e, 
    0xbf, 0x66, 0xbe, 0x6e, 0xbe, 0x66, 0xbe, 0x6e, 0xbe, 0x6e, 0xbe, 0x6e, 
    0xbe, 0x66, 0xbe, 0x6e, 0xbe, 0x6e, 0xbe, 0x66, 0xbe, 0x66, 0xbe, 0x6e, 
    0xbe, 0x6e, 0xbe, 0x6e, 0xbe, 0x6e, 0xbf, 0x6e, 0xbf, 0x6e, 0xbf, 0x6e, 
    0xdf, 0x6e, 0xbf, 0x66, 0xbe, 0x66, 0xde, 0x6e, 0xbe, 0x6e, 0xbe, 0x6e, 
    0xde, 0x6e, 0xbf, 0x6e, 0xde, 0x6e, 0xdf, 0x6e, 0xdf, 0x6e, 0xdf, 0x6e, 
    0xdf, 0x6e, 0xdf, 0x76, 0xdf, 0x6e, 0xdf, 0x6e, 0xdf, 0x6e, 0xdf, 0x6e, 
    0xdf, 0x6e, 0xdf, 0x6e, 0xdf, 0x6e, 0xdf, 0x6e, 0xbe, 0x6e, 0xde, 0x6e, 
    0xde, 0x6e, 0xdf, 0x6e, 0xdf, 0x6e, 0xdf, 0x6e, 0xdf, 0x6e, 0xdf, 0x6e, 
    0xdf, 0x6e, 0xbe, 0x6e, 0xbf, 0x6e, 0xbe, 0x6e, 0xbe, 0x6e, 0xbf, 0x6e, 
    0xbf, 0x6e, 0xdf, 0x6e, 0xde, 0x6e, 0xde, 0x6e, 0xdf, 0x6e, 0xde, 0x6e, 
    0xbe, 0x6e, 0xde, 0x6e, 0xbf, 0x6e, 0xde, 0x6e, 0xde, 0x6e, 0xde, 0x6e, 
    0xdf, 0x6e, 0xde, 0x6e, 0xbf, 0x6e, 0xbf, 0x6e, 0xdf, 0x6e, 0xbf, 0x6e, 
    0xde, 0x6e, 0xdf, 0x6e, 0xdf, 0x6e, 0xde, 0x6e, 0xdf, 0x6e, 0xbf, 0x6e, 
    0xde, 0x6e, 0xde, 0x6e, 0xdf, 0x6e, 0xde, 0x6e, 0xdf, 0x6e, 0xdf, 0x6e, 
    0xdf, 0x6e, 0xdf, 0x6e, 0xdf, 0x6e, 0xdf, 0x6e, 0xde, 0x6e, 0xdf, 0x6e, 
    0xdf, 0x6e, 0xdf, 0x76, 0xdf, 0x76, 0xde, 0x76, 0xff, 0x76, 0xff, 0x76, 
    0xff, 0x76, 0xff, 0x76, 0xff, 0x76, 0xdf, 0x76, 0xdf, 0x76, 0xdf, 0x76, 
    0xdf, 0x76, 0xde, 0x76, 0xdf, 0x6e, 0xdf, 0x76, 0xdf, 0x6e, 0xdf, 0x6e, 
    0xdf, 0x6e, 0xdf, 0x6e, 0xdf, 0x6e, 0xde, 0x6e, 0xdf, 0x6e, 0xde, 0x6e, 
    0xde, 0x6e, 0xde, 0x6e, 0xbe, 0x6e, 0xbe, 0x6e, 0xbe, 0x6e, 0xbe, 0x6e, 
    0xbe, 0x6e, 0xde, 0x6e, 0xde, 0x6e, 0xdf, 0x6e, 0xde, 0x6e, 0xde, 0x6e, 
    0xde, 0x6e, 0xde, 0x6e, 0xde, 0x6e, 0xbe, 0x6e, 0xde, 0x6e, 0xde, 0x76, 
    0xbe, 0x6e, 0xbe, 0x6e, 0xbe, 0x6e, 0xbe, 0x76, 0xde, 0x76, 0xdf, 0x76, 
    0xdf, 0x76, 0xdf, 0x6e, 0xdf, 0x76, 0xde, 0x76, 0xdf, 0x76, 0xdf, 0x76, 
    0xbe, 0x76, 0xde, 0x7e, 0xde, 0x7e, 0xde, 0x7e, 0xde, 0x7e, 0xbe, 0x7e, 
    0xbe, 0x7e, 0x9d, 0x76, 0x9d, 0x76, 0x9e, 0x76, 0x9d, 0x76, 0x9e, 0x6e, 
    0x9e, 0x6e, 0x9e, 0x6e, 0x9e, 0x6e, 0xbe, 0x6e, 0xbe, 0x6e, 0x9e, 0x6e, 
    0xbe, 0x6e, 0xbe, 0x6e, 0xbe, 0x6e, 0xbe, 0x66, 0xbe, 0x6e, 0xbe, 0x6e, 
    0xbe, 0x66, 0xbe, 0x66, 0xbf, 0x66, 0xbe, 0x66, 0xbf, 0x66, 0xdf, 0x66, 
    0xdf, 0x6e, 0xdf, 0x66, 0xdf, 0x6e, 0xdf, 0x6e, 0xdf, 0x6e, 0xdf, 0x6e, 
    0xdf, 0x6e, 0xdf, 0x6e, 0xfe, 0x86, 0xbf, 0xdf, 0xdf, 0xef, 0xff, 0xef, 
    0xff, 0xef, 0xff, 0xf7, 0xff, 0xef, 0xdf, 0xef, 0xdf, 0xe7, 0x5f, 0xbf, 
    0xde, 0x6e, 0xbe, 0x6e, 0xbe, 0x6e, 0xbe, 0x6e, 0xbe, 0x6e, 0xbe, 0x66, 
    0xbe, 0x6e, 0xbe, 0x66, 0xbe, 0x66, 0xbe, 0x66, 0xbf, 0x66, 0xbe, 0x66, 
    0xbe, 0x66, 0xbe, 0x66, 0xbf, 0x6e, 0xbe, 0x66, 0xbe, 0x6e, 0xbf, 0x6e, 
    0xbf, 0x6e, 0xbe, 0x6e, 0xbe, 0x6e, 0xbe, 0x6e, 0xbf, 0x6e, 0xbf, 0x6e, 
    0xbf, 0x66, 0xbf, 0x66, 0xbf, 0x66, 0xbf, 0x66, 0xbe, 0x66, 0xbf, 0x66, 
    0xbf, 0x6e, 0xbf, 0x66, 0xdf, 0x6e, 0xdf, 0x6e, 0xdf, 0x6e, 0xdf, 0x6e, 
    0xdf, 0x6e, 0xdf, 0x6e, 0xdf, 0x6e, 0xbf, 0x6e, 0xdf, 0x66, 0xbf, 0x66, 
    0xdf, 0x66, 0xbf, 0x66, 0xdf, 0x66, 0xdf, 0x6e, 0xbf, 0x6e, 0xdf, 0x6e, 
    0xdf, 0x6e, 0xbe, 0x6e, 0xde, 0x6e, 0xbe, 0x6e, 0xbe, 0x6e, 0xbe, 0x6e, 
    0xbe, 0x6e, 0xbe, 0x6e, 0xbe, 0x6e, 0xbe, 0x66, 0xbe, 0x6e, 0xbf, 0x6e, 
    0xbe, 0x6e, 0xbe, 0x6e, 0xbe, 0x6e, 0xbf, 0x6e, 0xbe, 0x6e, 0xdf, 0x6e, 
    0xde, 0x6e, 0xbf, 0x66, 0xdf, 0x6e, 0xdf, 0x6e, 0xde, 0x6e, 0xbe, 0x6e, 
    0xde, 0x6e, 0xbf, 0x6e, 0xde, 0x6e, 0xde, 0x6e, 0xde, 0x6e, 0xdf, 0x6e, 
    0xde, 0x6e, 0xde, 0x6e, 0xde, 0x6e, 0xde, 0x6e, 0xbf, 0x6e, 0xdf, 0x6e, 
    0xdf, 0x6e, 0xdf, 0x6e, 0xdf, 0x6e, 0xdf, 0x6e, 0xdf, 0x6e, 0xde, 0x6e, 
    0xde, 0x6e, 0xde, 0x6e, 0xdf, 0x6e, 0xdf, 0x76, 0xde, 0x6e, 0xbe, 0x6e, 
    0xde, 0x6e, 0xbf, 0x6e, 0xde, 0x6e, 0xbf, 0x6e, 0xbf, 0x6e, 0xdf, 0x6e, 
    0xbe, 0x6e, 0xbf, 0x6e, 0xbe, 0x6e, 0xde, 0x6e, 0xbe, 0x6e, 0xde, 0x6e, 
    0xde, 0x6e, 0xde, 0x6e, 0xde, 0x6e, 0xdf, 0x6e, 0xdf, 0x6e, 0xdf, 0x6e, 
    0xdf, 0x6e, 0xdf, 0x6e, 0xdf, 0x6e, 0xde, 0x6e, 0xdf, 0x6e, 0xbe, 0x6e, 
    0xde, 0x6e, 0xde, 0x6e, 0xde, 0x6e, 0xde, 0x6e, 0xdf, 0x6e, 0xdf, 0x6e, 
    0xbf, 0x6e, 0xde, 0x6e, 0xdf, 0x76, 0xdf, 0x6e, 0xdf, 0x76, 0xdf, 0x6e, 
    0xdf, 0x6e, 0xdf, 0x6e, 0xde, 0x6e, 0xdf, 0x6e, 0xdf, 0x6e, 0xdf, 0x76, 
    0xdf, 0x6e, 0xdf, 0x76, 0xdf, 0x76, 0xdf, 0x76, 0xde, 0x76, 0xff, 0x76, 
    0xff, 0x76, 0xdf, 0x76, 0xff, 0x76, 0xdf, 0x76, 0xdf, 0x76, 0xdf, 0x76, 
    0xdf, 0x76, 0xdf, 0x76, 0xdf, 0x76, 0xdf, 0x6e, 0xdf, 0x76, 0xdf, 0x76, 
    0xdf, 0x76, 0xdf, 0x76, 0xdf, 0x6e, 0xdf, 0x76, 0xdf, 0x6e, 0xdf, 0x76, 
    0xdf, 0x6e, 0xde, 0x6e, 0xde, 0x6e, 0xde, 0x6e, 0xbe, 0x6e, 0xde, 0x6e, 
    0xde, 0x6e, 0xde, 0x6e, 0xde, 0x6e, 0xbe, 0x6e, 0xde, 0x6e, 0xdf, 0x6e, 
    0xbe, 0x6e, 0xde, 0x6e, 0xde, 0x76, 0xde, 0x6e, 0xde, 0x76, 0xde, 0x76, 
    0xde, 0x6e, 0xbe, 0x6e, 0xbe, 0x76, 0xde, 0x76, 0xde, 0x76, 0xde, 0x76, 
    0xdf, 0x76, 0xdf, 0x76, 0xdf, 0x76, 0xdf, 0x76, 0xdf, 0x76, 0xff, 0x76, 
    0xbe, 0x6e, 0xbe, 0x76, 0xde, 0x76, 0xde, 0x76, 0xbe, 0x76, 0xbe, 0x76, 
    0xbe, 0x76, 0x9d, 0x76, 0x9d, 0x76, 0x9e, 0x76, 0x9e, 0x6e, 0x9d, 0x6e, 
    0x9e, 0x6e, 0x9e, 0x6e, 0x9e, 0x6e, 0x9d, 0x6e, 0x9e, 0x6e, 0xbe, 0x6e, 
    0xbe, 0x6e, 0xbe, 0x6e, 0xbe, 0x6e, 0xbe, 0x6e, 0xbe, 0x6e, 0xbe, 0x6e, 
    0xbe, 0x6e, 0xbe, 0x6e, 0xbe, 0x66, 0xdf, 0x6e, 0xdf, 0x66, 0xdf, 0x6e, 
    0xdf, 0x6e, 0xdf, 0x6e, 0xdf, 0x6e, 0xdf, 0x6e, 0xdf, 0x6e, 0xdf, 0x6e, 
    0xdf, 0x6e, 0xde, 0x6e, 0xdf, 0x76, 0xde, 0x76, 0x3e, 0x9f, 0x5f, 0xb7, 
    0xbf, 0xd7, 0x7f, 0xbf, 0xfe, 0x8e, 0xfe, 0x8e, 0xfe, 0x8e, 0xbe, 0x76, 
    0xbe, 0x6e, 0xbe, 0x6e, 0xbe, 0x6e, 0xbe, 0x6e, 0xbe, 0x6e, 0xbf, 0x6e, 
    0xbe, 0x6e, 0xbe, 0x6e, 0xbe, 0x66, 0xdf, 0x6e, 0xdf, 0x66, 0xbf, 0x6e, 
    0xbe, 0x6e, 0xbf, 0x66, 0xde, 0x6e, 0xbf, 0x6e, 0xbf, 0x6e, 0xbe, 0x6e, 
    0xbe, 0x6e, 0xbf, 0x6e, 0xbf, 0x6e, 0xbe, 0x6e, 0xbe, 0x6e, 0xbe, 0x66, 
    0xbf, 0x6e, 0xbf, 0x6e, 0xbe, 0x6e, 0xbe, 0x6e, 0xbf, 0x6e, 0xbe, 0x66, 
    0xbf, 0x6e, 0xbf, 0x6e, 0xde, 0x6e, 0xbf, 0x6e, 0xdf, 0x6e, 0xdf, 0x6e, 
    0xde, 0x6e, 0xde, 0x6e, 0xdf, 0x6e, 0xdf, 0x6e, 0xdf, 0x6e, 0xdf, 0x6e, 
    0xdf, 0x66, 0xdf, 0x66, 0xdf, 0x6e, 0xdf, 0x6e, 0xdf, 0x6e, 0xdf, 0x6e, 
    0xde, 0x6e, 0xdf, 0x6e, 0xbf, 0x6e, 0xbe, 0x6e, 0xbe, 0x6e, 0xbe, 0x6e, 
    0xbe, 0x6e, 0xbe, 0x6e, 0xbe, 0x6e, 0xbf, 0x6e, 0xdf, 0x6e, 0xbf, 0x6e, 
    0xde, 0x6e, 0xbe, 0x6e, 0xbf, 0x6e, 0xde, 0x6e, 0xbf, 0x6e, 0xbf, 0x6e, 
    0xdf, 0x6e, 0xdf, 0x6e, 0xdf, 0x6e, 0xdf, 0x6e, 0xbf, 0x6e, 0xde, 0x6e, 
    0xdf, 0x6e, 0xde, 0x6e, 0xdf, 0x6e, 0xdf, 0x6e, 0xde, 0x6e, 0xde, 0x6e, 
    0xbe, 0x6e, 0xde, 0x6e, 0xde, 0x6e, 0xbf, 0x6e, 0xdf, 0x76, 0xdf, 0x6e, 
    0xdf, 0x6e, 0xdf, 0x6e, 0xdf, 0x6e, 0xdf, 0x6e, 0xde, 0x6e, 0xdf, 0x6e, 
    0xdf, 0x6e, 0xbe, 0x76, 0xde, 0x76, 0xdf, 0x76, 0xde, 0x6e, 0xde, 0x6e, 
    0xbf, 0x6e, 0xdf, 0x6e, 0xde, 0x6e, 0xbe, 0x6e, 0xbf, 0x6e, 0xbe, 0x6e, 
    0xbf, 0x6e, 0xde, 0x6e, 0xdf, 0x6e, 0xdf, 0x6e, 0xde, 0x6e, 0xde, 0x6e, 
    0xdf, 0x6e, 0xde, 0x6e, 0xde, 0x6e, 0xde, 0x6e, 0xdf, 0x6e, 0xdf, 0x6e, 
    0xdf, 0x6e, 0xdf, 0x6e, 0xdf, 0x6e, 0xdf, 0x6e, 0xde, 0x6e, 0xde, 0x6e, 
    0xbf, 0x6e, 0xde, 0x6e, 0xde, 0x76, 0xdf, 0x6e, 0xdf, 0x6e, 0xde, 0x6e, 
    0xde, 0x76, 0xdf, 0x76, 0xde, 0x76, 0xdf, 0x76, 0xdf, 0x76, 0xdf, 0x76, 
    0xdf, 0x76, 0xde, 0x76, 0xdf, 0x6e, 0xdf, 0x6e, 0xdf, 0x76, 0xdf, 0x6e, 
    0xdf, 0x76, 0xdf, 0x76, 0xdf, 0x76, 0xff, 0x76, 0xdf, 0x76, 0xdf, 0x76, 
    0xff, 0x76, 0xff, 0x76, 0xdf, 0x76, 0xdf, 0x76, 0xff, 0x76, 0xff, 0x76, 
    0xff, 0x76, 0xff, 0x76, 0xde, 0x6e, 0xde, 0x76, 0xdf, 0x76, 0xdf, 0x76, 
    0xde, 0x6e, 0xdf, 0x76, 0xdf, 0x76, 0xdf, 0x76, 0xff, 0x76, 0xdf, 0x76, 
    0xdf, 0x76, 0xdf, 0x76, 0xdf, 0x6e, 0xde, 0x6e, 0xbe, 0x6e, 0xde, 0x6e, 
    0xde, 0x6e, 0xbe, 0x6e, 0xdf, 0x6e, 0xde, 0x6e, 0xde, 0x6e, 0xde, 0x6e, 
    0xdf, 0x6e, 0xde, 0x76, 0xde, 0x76, 0xde, 0x76, 0xde, 0x76, 0xde, 0x76, 
    0xbe, 0x76, 0xbe, 0x76, 0xbe, 0x76, 0xbe, 0x76, 0xde, 0x76, 0xdf, 0x76, 
    0xdf, 0x76, 0xdf, 0x76, 0xdf, 0x76, 0xdf, 0x76, 0xdf, 0x76, 0xdf, 0x76, 
    0xbe, 0x6e, 0xbe, 0x6e, 0xbe, 0x6e, 0xbe, 0x76, 0xbe, 0x76, 0xbe, 0x76, 
    0xbe, 0x6e, 0x9e, 0x6e, 0x9e, 0x6e, 0x9d, 0x6e, 0xbe, 0x6e, 0xbe, 0x6e, 
    0x9e, 0x6e, 0xbd, 0x6e, 0x9e, 0x6e, 0x9e, 0x6e, 0xbe, 0x6e, 0xbe, 0x6e, 
    0xbe, 0x6e, 0xbe, 0x6e, 0xbe, 0x6e, 0xbe, 0x6e, 0xbe, 0x6e, 0xbe, 0x6e, 
    0xbe, 0x6e, 0xbe, 0x6e, 0xbe, 0x66, 0xdf, 0x66, 0xdf, 0x6e, 0xdf, 0x6e, 
    0xdf, 0x6e, 0xdf, 0x6e, 0xdf, 0x6e, 0xdf, 0x6e, 0xdf, 0x6e, 0xdf, 0x6e, 
    0xdf, 0x6e, 0xdf, 0x6e, 0xde, 0x6e, 0xbe, 0x6e, 0xde, 0x6e, 0xbe, 0x6e, 
    0xbe, 0x6e, 0xde, 0x76, 0xde, 0x76, 0xbf, 0x76, 0xbe, 0x6e, 0xbe, 0x6e, 
    0xbe, 0x6e, 0xbe, 0x6e, 0xdf, 0x6e, 0xdf, 0x6e, 0xbf, 0x6e, 0xdf, 0x6e, 
    0xde, 0x6e, 0xbf, 0x6e, 0xde, 0x6e, 0xbf, 0x6e, 0xde, 0x6e, 0xdf, 0x6e, 
    0xdf, 0x6e, 0xbf, 0x6e, 0xdf, 0x6e, 0xdf, 0x6e, 0xdf, 0x6e, 0xdf, 0x6e, 
    0xdf, 0x6e, 0xbf, 0x6e, 0xbf, 0x6e, 0xbf, 0x6e, 0xbf, 0x6e, 0xbf, 0x6e, 
    0xbf, 0x6e, 0xbe, 0x6e, 0xbe, 0x6e, 0xbf, 0x6e, 0xbf, 0x6e, 0xbf, 0x6e, 
    0xbf, 0x6e, 0xbf, 0x6e, 0xbf, 0x6e, 0xbf, 0x6e, 0xbf, 0x6e, 0xbf, 0x6e, 
    0xde, 0x6e, 0xdf, 0x6e, 0xdf, 0x6e, 0xde, 0x6e, 0xdf, 0x6e, 0xdf, 0x6e, 
    0xdf, 0x66, 0xdf, 0x66, 0xdf, 0x6e, 0xdf, 0x6e, 0xdf, 0x6e, 0xdf, 0x6e, 
    0xdf, 0x6e, 0xdf, 0x6e, 0xbe, 0x6e, 0xbe, 0x6e, 0xbe, 0x6e, 0xbe, 0x6e, 
    0xbe, 0x6e, 0xbf, 0x6e, 0xbe, 0x6e, 0xbf, 0x6e, 0xbe, 0x6e, 0xde, 0x6e, 
    0xde, 0x6e, 0xdf, 0x6e, 0xdf, 0x6e, 0xbf, 0x6e, 0xbf, 0x6e, 0xdf, 0x6e, 
    0xdf, 0x6e, 0xdf, 0x6e, 0xdf, 0x6e, 0xdf, 0x6e, 0xdf, 0x6e, 0xde, 0x6e, 
    0xdf, 0x6e, 0xdf, 0x6e, 0xdf, 0x6e, 0xde, 0x6e, 0xde, 0x6e, 0xde, 0x6e, 
    0xde, 0x6e, 0xde, 0x6e, 0xdf, 0x6e, 0xdf, 0x6e, 0xdf, 0x6e, 0xdf, 0x6e, 
    0xde, 0x6e, 0xdf, 0x6e, 0xdf, 0x6e, 0xdf, 0x6e, 0xdf, 0x6e, 0xde, 0x6e, 
    0xde, 0x6e, 0xde, 0x6e, 0xde, 0x6e, 0xdf, 0x6e, 0xde, 0x6e, 0xde, 0x6e, 
    0xde, 0x6e, 0xbe, 0x6e, 0xbf, 0x6e, 0xbe, 0x6e, 0xbf, 0x6e, 0xbe, 0x6e, 
    0xbe, 0x6e, 0xbe, 0x6e, 0xde, 0x6e, 0xdf, 0x6e, 0xdf, 0x6e, 0xde, 0x6e, 
    0xde, 0x6e, 0xde, 0x6e, 0xdf, 0x6e, 0xdf, 0x6e, 0xdf, 0x6e, 0xdf, 0x6e, 
    0xdf, 0x6e, 0xdf, 0x6e, 0xdf, 0x6e, 0xdf, 0x6e, 0xde, 0x6e, 0xde, 0x6e, 
    0xde, 0x6e, 0xde, 0x76, 0xde, 0x6e, 0xde, 0x76, 0xdf, 0x6e, 0xdf, 0x76, 
    0xdf, 0x76, 0xdf, 0x76, 0xde, 0x76, 0xde, 0x76, 0xde, 0x76, 0xdf, 0x76, 
    0xdf, 0x76, 0xdf, 0x6e, 0xdf, 0x6e, 0xdf, 0x6e, 0xdf, 0x76, 0xff, 0x76, 
    0xdf, 0x76, 0xdf, 0x76, 0xdf, 0x76, 0xdf, 0x76, 0xff, 0x76, 0xff, 0x76, 
    0xdf, 0x76, 0xdf, 0x76, 0xff, 0x76, 0xdf, 0x76, 0xff, 0x76, 0xff, 0x76, 
    0xff, 0x76, 0xff, 0x76, 0xdf, 0x76, 0xdf, 0x6e, 0xdf, 0x76, 0xdf, 0x76, 
    0xdf, 0x76, 0xdf, 0x6e, 0xde, 0x76, 0xdf, 0x76, 0xdf, 0x76, 0xff, 0x76, 
    0xdf, 0x76, 0xdf, 0x76, 0xdf, 0x6e, 0xdf, 0x6e, 0xdf, 0x6e, 0xde, 0x6e, 
    0xde, 0x6e, 0xde, 0x6e, 0xde, 0x6e, 0xde, 0x6e, 0xde, 0x6e, 0xde, 0x6e, 
    0xde, 0x6e, 0xde, 0x76, 0xde, 0x76, 0xde, 0x76, 0xde, 0x76, 0xde, 0x76, 
    0xde, 0x76, 0xde, 0x76, 0xbe, 0x76, 0xde, 0x76, 0xde, 0x76, 0xde, 0x76, 
    0xdf, 0x76, 0xdf, 0x76, 0xde, 0x76, 0xdf, 0x76, 0xdf, 0x76, 0xdf, 0x76, 
    0xbe, 0x6e, 0xbe, 0x6e, 0xbe, 0x6e, 0xbe, 0x6e, 0xbe, 0x6e, 0xbe, 0x6e, 
    0xbe, 0x6e, 0xbe, 0x6e, 0xbe, 0x6e, 0xbe, 0x6e, 0xbe, 0x6e, 0xbe, 0x6e, 
    0xbe, 0x6e, 0xbe, 0x6e, 0xbe, 0x6e, 0x9e, 0x6e, 0xbe, 0x6e, 0xbe, 0x6e, 
    0xbe, 0x6e, 0xbe, 0x6e, 0xbe, 0x6e, 0xbe, 0x6e, 0xbe, 0x6e, 0xbe, 0x6e, 
    0xbe, 0x6e, 0xbe, 0x6e, 0xbe, 0x6e, 0xdf, 0x6e, 0xdf, 0x6e, 0xdf, 0x6e, 
    0xdf, 0x6e, 0xdf, 0x6e, 0xdf, 0x6e, 0xdf, 0x6e, 0xdf, 0x6e, 0xdf, 0x6e, 
    0xdf, 0x6e, 0xdf, 0x6e, 0xbe, 0x6e, 0xde, 0x6e, 0xde, 0x6e, 0xbf, 0x6e, 
    0xbe, 0x6e, 0xdf, 0x76, 0xde, 0x76, 0xbf, 0x6e, 0xbe, 0x6e, 0xbe, 0x6e, 
    0xbe, 0x6e, 0xbe, 0x6e, 0xdf, 0x6e, 0xdf, 0x6e, 0xdf, 0x6e, 0xbf, 0x6e, 
    0xde, 0x6e, 0xde, 0x6e, 0xdf, 0x6e, 0xbf, 0x6e, 0xdf, 0x6e, 0xdf, 0x6e, 
    0xdf, 0x6e, 0xde, 0x6e, 0xdf, 0x6e, 0xde, 0x6e, 0xdf, 0x6e, 0xdf, 0x6e, 
    0xdf, 0x6e, 0xdf, 0x6e, 0xbf, 0x6e, 0xbf, 0x6e, 0xbf, 0x6e, 0xbf, 0x6e, 
    0xbe, 0x6e, 0xbe, 0x6e, 0xbe, 0x6e, 0xbf, 0x6e, 0xbe, 0x6e, 0xbf, 0x6e, 
    0xbe, 0x6e, 0xbf, 0x6e, 0xbf, 0x6e, 0xbf, 0x6e, 0xbf, 0x6e, 0xdf, 0x6e, 
    0xbe, 0x6e, 0xdf, 0x6e, 0xbf, 0x6e, 0xde, 0x6e, 0xdf, 0x6e, 0xdf, 0x6e, 
    0xdf, 0x66, 0xdf, 0x6e, 0xdf, 0x6e, 0xdf, 0x6e, 0xdf, 0x66, 0xdf, 0x6e, 
    0xdf, 0x6e, 0xde, 0x6e, 0xdf, 0x6e, 0xbf, 0x6e, 0xdf, 0x6e, 0xbe, 0x6e, 
    0xbe, 0x6e, 0xbe, 0x6e, 0xbf, 0x6e, 0xde, 0x6e, 0xbf, 0x6e, 0xdf, 0x6e, 
    0xdf, 0x6e, 0xdf, 0x6e, 0xdf, 0x6e, 0xde, 0x6e, 0xdf, 0x6e, 0xdf, 0x6e, 
    0xbf, 0x6e, 0xdf, 0x6e, 0xdf, 0x6e, 0xdf, 0x6e, 0xde, 0x6e, 0xbf, 0x6e, 
    0xde, 0x6e, 0xdf, 0x6e, 0xde, 0x6e, 0xdf, 0x6e, 0xde, 0x6e, 0xdf, 0x6e, 
    0xdf, 0x6e, 0xdf, 0x6e, 0xdf, 0x76, 0xdf, 0x6e, 0xdf, 0x6e, 0xdf, 0x6e, 
    0xdf, 0x6e, 0xdf, 0x6e, 0xdf, 0x6e, 0xde, 0x6e, 0xdf, 0x6e, 0xde, 0x6e, 
    0xdf, 0x6e, 0xdf, 0x6e, 0xdf, 0x6e, 0xdf, 0x6e, 0xdf, 0x6e, 0xde, 0x6e, 
    0xdf, 0x6e, 0xbe, 0x6e, 0xde, 0x6e, 0xde, 0x6e, 0xbe, 0x6e, 0xbf, 0x6e, 
    0xde, 0x6e, 0xde, 0x6e, 0xde, 0x6e, 0xde, 0x6e, 0xdf, 0x6e, 0xde, 0x6e, 
    0xde, 0x6e, 0xde, 0x6e, 0xde, 0x6e, 0xdf, 0x6e, 0xdf, 0x6e, 0xdf, 0x6e, 
    0xdf, 0x6e, 0xdf, 0x6e, 0xdf, 0x76, 0xde, 0x6e, 0xdf, 0x76, 0xde, 0x76, 
    0xde, 0x76, 0xde, 0x76, 0xde, 0x76, 0xde, 0x76, 0xde, 0x76, 0xde, 0x76, 
    0xdf, 0x76, 0xdf, 0x76, 0xdf, 0x76, 0xde, 0x76, 0xdf, 0x76, 0xdf, 0x76, 
    0xdf, 0x76, 0xdf, 0x6e, 0xdf, 0x76, 0xdf, 0x76, 0xdf, 0x76, 0xdf, 0x76, 
    0xdf, 0x76, 0xdf, 0x76, 0xff, 0x76, 0xff, 0x76, 0xff, 0x76, 0xff, 0x76, 
    0xff, 0x76, 0xff, 0x76, 0xff, 0x76, 0xff, 0x76, 0xff, 0x76, 0xff, 0x76, 
    0xff, 0x76, 0xff, 0x76, 0xff, 0x76, 0xdf, 0x76, 0xff, 0x76, 0xdf, 0x76, 
    0xdf, 0x76, 0xdf, 0x76, 0xff, 0x76, 0xdf, 0x76, 0xff, 0x76, 0xff, 0x76, 
    0xdf, 0x76, 0xdf, 0x76, 0xdf, 0x6e, 0xdf, 0x6e, 0xdf, 0x76, 0xde, 0x76, 
    0xde, 0x6e, 0xde, 0x6e, 0xde, 0x6e, 0xde, 0x6e, 0xde, 0x6e, 0xde, 0x6e, 
    0xde, 0x6e, 0xdf, 0x6e, 0xde, 0x76, 0xdf, 0x76, 0xde, 0x76, 0xde, 0x76, 
    0xde, 0x76, 0xde, 0x76, 0xde, 0x76, 0xde, 0x76, 0xde, 0x76, 0xde, 0x76, 
    0xdf, 0x76, 0xdf, 0x76, 0xde, 0x76, 0xde, 0x76, 0xdf, 0x76, 0xdf, 0x76, 
    0xbe, 0x6e, 0xbe, 0x6e, 0xbe, 0x6e, 0xbe, 0x6e, 0xbe, 0x6e, 0xbe, 0x6e, 
    0xbe, 0x6e, 0xbe, 0x6e, 0xbe, 0x6e, 0xbe, 0x6e, 0xbe, 0x6e, 0xbe, 0x6e, 
    0xbe, 0x6e, 0xbe, 0x6e, 0xbe, 0x6e, 0xbe, 0x6e, 0xbe, 0x6e, 0xbe, 0x6e, 
    0xbe, 0x6e, 0xbe, 0x6e, 0xbe, 0x6e, 0xde, 0x6e, 0xbe, 0x6e, 0xbe, 0x6e, 
    0xde, 0x6e, 0xbe, 0x6e, 0xbe, 0x6e, 0xde, 0x6e, 0xdf, 0x6e, 0xdf, 0x6e, 
    0xdf, 0x6e, 0xdf, 0x6e, 0xdf, 0x6e, 0xdf, 0x6e, 0xdf, 0x6e, 0xdf, 0x6e, 
    0xdf, 0x6e, 0xdf, 0x6e, 0xdf, 0x6e, 0xbf, 0x6e, 0xdf, 0x6e, 0xdf, 0x6e, 
    0xdf, 0x6e, 0xde, 0x6e, 0xbf, 0x6e, 0xbe, 0x6e, 0xbe, 0x6e, 0xbe, 0x6e, 
    0xbe, 0x6e, 0xbe, 0x6e, 0xdf, 0x6e, 0xdf, 0x6e, 0xdf, 0x6e, 0xdf, 0x6e, 
    0xdf, 0x6e, 0xde, 0x6e, 0xde, 0x6e, 0xdf, 0x6e, 0xdf, 0x6e, 0xdf, 0x6e, 
    0xde, 0x6e, 0xdf, 0x6e, 0xdf, 0x6e, 0xdf, 0x6e, 0xdf, 0x6e, 0xdf, 0x6e, 
    0xdf, 0x6e, 0xdf, 0x6e, 0xbe, 0x6e, 0xbf, 0x6e, 0xbf, 0x6e, 0xbe, 0x6e, 
    0xbf, 0x6e, 0xbe, 0x6e, 0xbe, 0x6e, 0xbe, 0x66, 0xbe, 0x6e, 0xbf, 0x6e, 
    0xdf, 0x6e, 0xbf, 0x6e, 0xbf, 0x6e, 0xdf, 0x6e, 0xbf, 0x6e, 0xbe, 0x6e, 
    0xbf, 0x6e, 0xbf, 0x6e, 0xde, 0x6e, 0xde, 0x6e, 0xdf, 0x6e, 0xdf, 0x6e, 
    0xdf, 0x66, 0xdf, 0x66, 0xdf, 0x6e, 0xdf, 0x6e, 0xdf, 0x6e, 0xdf, 0x66, 
    0xdf, 0x6e, 0xdf, 0x66, 0xde, 0x6e, 0xdf, 0x6e, 0xdf, 0x6e, 0xde, 0x6e, 
    0xbe, 0x6e, 0xdf, 0x6e, 0xdf, 0x6e, 0xde, 0x6e, 0xde, 0x6e, 0xde, 0x6e, 
    0xde, 0x6e, 0xdf, 0x6e, 0xdf, 0x6e, 0xdf, 0x6e, 0xdf, 0x6e, 0xbe, 0x6e, 
    0xdf, 0x6e, 0xbf, 0x6e, 0xde, 0x6e, 0xdf, 0x6e, 0xbf, 0x6e, 0xdf, 0x6e, 
    0xdf, 0x6e, 0xdf, 0x6e, 0xdf, 0x6e, 0xde, 0x6e, 0xdf, 0x6e, 0xdf, 0x6e, 
    0xdf, 0x6e, 0xdf, 0x6e, 0xdf, 0x6e, 0xde, 0x6e, 0xde, 0x76, 0xde, 0x76, 
    0xde, 0x76, 0xdf, 0x6e, 0xdf, 0x6e, 0xdf, 0x6e, 0xdf, 0x6e, 0xdf, 0x6e, 
    0xdf, 0x6e, 0xdf, 0x6e, 0xdf, 0x6e, 0xdf, 0x6e, 0xdf, 0x6e, 0xdf, 0x6e, 
    0xde, 0x6e, 0xde, 0x6e, 0xde, 0x6e, 0xbe, 0x6e, 0xde, 0x6e, 0xde, 0x6e, 
    0xde, 0x6e, 0xbe, 0x6e, 0xde, 0x6e, 0xde, 0x6e, 0xdf, 0x6e, 0xdf, 0x6e, 
    0xdf, 0x6e, 0xde, 0x6e, 0xdf, 0x6e, 0xdf, 0x6e, 0xde, 0x6e, 0xdf, 0x6e, 
    0xdf, 0x6e, 0xdf, 0x76, 0xdf, 0x6e, 0xde, 0x76, 0xdf, 0x76, 0xdf, 0x76, 
    0xde, 0x76, 0xdf, 0x76, 0xde, 0x76, 0xdf, 0x76, 0xde, 0x76, 0xdf, 0x76, 
    0xde, 0x76, 0xde, 0x76, 0xdf, 0x76, 0xdf, 0x76, 0xde, 0x76, 0xdf, 0x76, 
    0xdf, 0x76, 0xdf, 0x76, 0xdf, 0x76, 0xdf, 0x76, 0xdf, 0x76, 0xdf, 0x76, 
    0xdf, 0x76, 0xff, 0x76, 0xff, 0x76, 0xff, 0x76, 0xff, 0x76, 0xff, 0x76, 
    0xdf, 0x76, 0xff, 0x76, 0xff, 0x76, 0xff, 0x76, 0xdf, 0x76, 0xff, 0x76, 
    0xff, 0x76, 0xff, 0x76, 0xff, 0x76, 0xff, 0x76, 0xdf, 0x76, 0xff, 0x76, 
    0xdf, 0x76, 0xff, 0x76, 0xdf, 0x76, 0xff, 0x76, 0xff, 0x76, 0xff, 0x76, 
    0xdf, 0x76, 0xdf, 0x76, 0xdf, 0x76, 0xdf, 0x76, 0xdf, 0x76, 0xdf, 0x76, 
    0xdf, 0x6e, 0xde, 0x6e, 0xde, 0x6e, 0xde, 0x6e, 0xdf, 0x76, 0xde, 0x6e, 
    0xde, 0x76, 0xde, 0x76, 0xde, 0x76, 0xde, 0x76, 0xde, 0x76, 0xde, 0x76, 
    0xde, 0x76, 0xde, 0x76, 0xbe, 0x76, 0xde, 0x76, 0xde, 0x76, 0xde, 0x76, 
    0xde, 0x76, 0xdf, 0x76, 0xde, 0x76, 0xde, 0x76, 0xdf, 0x76, 0xdf, 0x76, 
    0xbe, 0x6e, 0xbe, 0x6e, 0xbe, 0x6e, 0xbe, 0x6e, 0xbe, 0x6e, 0xbe, 0x6e, 
    0xbe, 0x6e, 0xbe, 0x6e, 0xbe, 0x6e, 0xbe, 0x6e, 0xbe, 0x6e, 0xbe, 0x6e, 
    0xbe, 0x6e, 0xbe, 0x6e, 0xbe, 0x6e, 0xbe, 0x6e, 0xbe, 0x6e, 0xbe, 0x6e, 
    0xbe, 0x6e, 0xbe, 0x6e, 0xdf, 0x6e, 0xde, 0x6e, 0xde, 0x6e, 0xbf, 0x6e, 
    0xbf, 0x6e, 0xbe, 0x6e, 0xde, 0x6e, 0xdf, 0x6e, 0xdf, 0x6e, 0xdf, 0x6e, 
    0xdf, 0x6e, 0xdf, 0x6e, 0xdf, 0x6e, 0xdf, 0x6e, 0xdf, 0x6e, 0xdf, 0x6e, 
    0xdf, 0x6e, 0xdf, 0x6e, 0xdf, 0x6e, 0xdf, 0x6e, 0xdf, 0x6e, 0xde, 0x6e, 
    0xdf, 0x6e, 0xdf, 0x6e, 0xbe, 0x6e, 0xbf, 0x6e, 0xdf, 0x6e, 0xbf, 0x6e, 
    0xbe, 0x6e, 0xbe, 0x6e, 0xbf, 0x6e, 0xdf, 0x6e, 0xdf, 0x6e, 0xdf, 0x6e, 
    0xdf, 0x6e, 0xdf, 0x6e, 0xdf, 0x6e, 0xdf, 0x6e, 0xdf, 0x6e, 0xdf, 0x6e, 
    0xdf, 0x6e, 0xdf, 0x6e, 0xdf, 0x6e, 0xde, 0x6e, 0xdf, 0x6e, 0xbf, 0x6e, 
    0xde, 0x6e, 0xde, 0x6e, 0xdf, 0x6e, 0xde, 0x6e, 0xbe, 0x6e, 0xbe, 0x6e, 
    0xdf, 0x6e, 0xbe, 0x6e, 0xbe, 0x6e, 0xbe, 0x6e, 0xbe, 0x6e, 0xbf, 0x6e, 
    0xdf, 0x6e, 0xdf, 0x6e, 0xbf, 0x6e, 0xbf, 0x6e, 0xdf, 0x6e, 0xdf, 0x6e, 
    0xde, 0x6e, 0xde, 0x6e, 0xbf, 0x6e, 0xdf, 0x6e, 0xdf, 0x6e, 0xdf, 0x6e, 
    0xdf, 0x6e, 0xdf, 0x6e, 0xdf, 0x6e, 0xdf, 0x6e, 0xdf, 0x6e, 0xdf, 0x6e, 
    0xbe, 0x6e, 0xdf, 0x6e, 0xdf, 0x6e, 0xde, 0x6e, 0xdf, 0x6e, 0xdf, 0x6e, 
    0xdf, 0x6e, 0xde, 0x6e, 0xdf, 0x6e, 0xbf, 0x6e, 0xbf, 0x6e, 0xde, 0x6e, 
    0xde, 0x6e, 0xdf, 0x6e, 0xdf, 0x6e, 0xde, 0x6e, 0xdf, 0x6e, 0xbf, 0x6e, 
    0xde, 0x6e, 0xbe, 0x6e, 0xdf, 0x6e, 0xbf, 0x6e, 0xde, 0x6e, 0xdf, 0x6e, 
    0xdf, 0x6e, 0xdf, 0x6e, 0xde, 0x6e, 0xde, 0x6e, 0xdf, 0x6e, 0xdf, 0x76, 
    0xde, 0x6e, 0xdf, 0x6e, 0xdf, 0x76, 0xde, 0x76, 0xde, 0x76, 0xde, 0x76, 
    0xdf, 0x76, 0xde, 0x76, 0xde, 0x6e, 0xdf, 0x6e, 0xdf, 0x6e, 0xdf, 0x6e, 
    0xdf, 0x6e, 0xdf, 0x6e, 0xdf, 0x6e, 0xdf, 0x6e, 0xdf, 0x6e, 0xdf, 0x6e, 
    0xde, 0x6e, 0xde, 0x6e, 0xde, 0x6e, 0xde, 0x6e, 0xde, 0x6e, 0xbe, 0x6e, 
    0xde, 0x6e, 0xbf, 0x6e, 0xde, 0x6e, 0xdf, 0x6e, 0xdf, 0x6e, 0xdf, 0x6e, 
    0xde, 0x6e, 0xdf, 0x6e, 0xde, 0x76, 0xde, 0x76, 0xdf, 0x6e, 0xdf, 0x6e, 
    0xdf, 0x76, 0xdf, 0x6e, 0xdf, 0x6e, 0xdf, 0x76, 0xdf, 0x76, 0xde, 0x76, 
    0xde, 0x76, 0xde, 0x76, 0xde, 0x76, 0xde, 0x76, 0xdf, 0x76, 0xde, 0x76, 
    0xde, 0x76, 0xdf, 0x76, 0xdf, 0x76, 0xde, 0x6e, 0xdf, 0x6e, 0xdf, 0x6e, 
    0xdf, 0x76, 0xdf, 0x76, 0xdf, 0x76, 0xdf, 0x76, 0xdf, 0x76, 0xff, 0x76, 
    0xdf, 0x76, 0xdf, 0x76, 0xff, 0x76, 0xff, 0x76, 0xff, 0x76, 0xff, 0x76, 
    0xfe, 0x76, 0xff, 0x76, 0xdf, 0x76, 0xff, 0x76, 0xff, 0x76, 0xdf, 0x76, 
    0xff, 0x76, 0xff, 0x76, 0xff, 0x76, 0xdf, 0x76, 0xdf, 0x76, 0xdf, 0x76, 
    0xff, 0x76, 0xdf, 0x76, 0xdf, 0x76, 0xdf, 0x76, 0xdf, 0x76, 0xdf, 0x76, 
    0xdf, 0x76, 0xdf, 0x76, 0xdf, 0x76, 0xdf, 0x76, 0xdf, 0x76, 0xdf, 0x6e, 
    0xdf, 0x76, 0xdf, 0x76, 0xde, 0x6e, 0xde, 0x6e, 0xdf, 0x76, 0xdf, 0x76, 
    0xde, 0x76, 0xde, 0x76, 0xde, 0x76, 0xdf, 0x76, 0xde, 0x76, 0xde, 0x76, 
    0xde, 0x76, 0xde, 0x76, 0xde, 0x76, 0xde, 0x76, 0xde, 0x76, 0xde, 0x76, 
    0xde, 0x76, 0xde, 0x76, 0xdf, 0x76, 0xde, 0x76, 0xdf, 0x7e, 0xff, 0x7e, 
    0xbe, 0x6e, 0xbe, 0x6e, 0xbe, 0x6e, 0xbe, 0x6e, 0xbe, 0x6e, 0xde, 0x6e, 
    0xde, 0x6e, 0xbf, 0x6e, 0xbe, 0x6e, 0xbe, 0x6e, 0xbe, 0x6e, 0xbe, 0x6e, 
    0xbe, 0x6e, 0xbe, 0x6e, 0xbe, 0x6e, 0xbe, 0x6e, 0xbd, 0x66, 0xbe, 0x6e, 
    0xbe, 0x6e, 0xbe, 0x6e, 0xbe, 0x6e, 0xde, 0x6e, 0xbe, 0x6e, 0xde, 0x6e, 
    0xbe, 0x6e, 0xbe, 0x6e, 0xbe, 0x6e, 0xde, 0x6e, 0xdf, 0x6e, 0xdf, 0x6e, 
    0xdf, 0x6e, 0xde, 0x6e, 0xde, 0x6e, 0xdf, 0x6e, 0xdf, 0x6e, 0xde, 0x6e, 
    0xdf, 0x6e, 0xdf, 0x6e, 0xdf, 0x6e, 0xdf, 0x6e, 0xdf, 0x6e, 0xdf, 0x6e, 
    0xdf, 0x6e, 0xdf, 0x6e, 0xdf, 0x6e, 0xdf, 0x6e, 0xde, 0x6e, 0xbf, 0x6e, 
    0xbf, 0x6e, 0xbe, 0x66, 0xde, 0x6e, 0xdf, 0x6e, 0xdf, 0x6e, 0xdf, 0x6e, 
    0xdf, 0x6e, 0xdf, 0x6e, 0xdf, 0x6e, 0xde, 0x6e, 0xdf, 0x6e, 0xdf, 0x6e, 
    0xdf, 0x6e, 0xde, 0x6e, 0xde, 0x6e, 0xde, 0x6e, 0xde, 0x6e, 0xde, 0x6e, 
    0xde, 0x6e, 0xdf, 0x6e, 0xde, 0x6e, 0xde, 0x6e, 0xde, 0x6e, 0xde, 0x6e, 
    0xde, 0x6e, 0xde, 0x6e, 0xdf, 0x6e, 0xde, 0x6e, 0xde, 0x6e, 0xdf, 0x6e, 
    0xde, 0x6e, 0xdf, 0x6e, 0xdf, 0x6e, 0xde, 0x6e, 0xdf, 0x6e, 0xbe, 0x6e, 
    0xde, 0x6e, 0xdf, 0x6e, 0xde, 0x6e, 0xde, 0x6e, 0xdf, 0x6e, 0xdf, 0x6e, 
    0xde, 0x6e, 0xdf, 0x6e, 0xdf, 0x6e, 0xdf, 0x6e, 0xdf, 0x6e, 0xdf, 0x6e, 
    0xdf, 0x66, 0xdf, 0x6e, 0xdf, 0x6e, 0xdf, 0x6e, 0xdf, 0x6e, 0xdf, 0x6e, 
    0xdf, 0x6e, 0xdf, 0x6e, 0xdf, 0x6e, 0xde, 0x6e, 0xde, 0x6e, 0xbe, 0x6e, 
    0xde, 0x6e, 0xde, 0x6e, 0xdf, 0x6e, 0xdf, 0x6e, 0xde, 0x6e, 0xdf, 0x6e, 
    0xbf, 0x6e, 0xdf, 0x6e, 0xde, 0x6e, 0xdf, 0x6e, 0xdf, 0x6e, 0xdf, 0x6e, 
    0xde, 0x6e, 0xdf, 0x6e, 0xdf, 0x6e, 0xdf, 0x6e, 0xde, 0x6e, 0xdf, 0x76, 
    0xdf, 0x6e, 0xde, 0x76, 0xde, 0x76, 0xdf, 0x76, 0xde, 0x76, 0xde, 0x76, 
    0xde, 0x76, 0xde, 0x76, 0xde, 0x6e, 0xde, 0x6e, 0xdf, 0x6e, 0xdf, 0x6e, 
    0xdf, 0x6e, 0xdf, 0x6e, 0xdf, 0x6e, 0xdf, 0x6e, 0xdf, 0x6e, 0xdf, 0x6e, 
    0xdf, 0x6e, 0xbe, 0x6e, 0xde, 0x6e, 0xbe, 0x6e, 0xbe, 0x6e, 0xbe, 0x6e, 
    0xbe, 0x6e, 0xbe, 0x6e, 0xde, 0x6e, 0xbe, 0x6e, 0xde, 0x6e, 0xde, 0x6e, 
    0xdf, 0x6e, 0xdf, 0x6e, 0xde, 0x6e, 0xdf, 0x6e, 0xdf, 0x6e, 0xdf, 0x6e, 
    0xdf, 0x76, 0xdf, 0x6e, 0xdf, 0x6e, 0xfe, 0x76, 0xdf, 0x76, 0xdf, 0x76, 
    0xde, 0x76, 0xde, 0x76, 0xde, 0x76, 0xdf, 0x76, 0xdf, 0x76, 0xde, 0x76, 
    0xdf, 0x76, 0xdf, 0x76, 0xde, 0x76, 0xdf, 0x76, 0xdf, 0x76, 0xde, 0x76, 
    0xde, 0x6e, 0xdf, 0x76, 0xdf, 0x76, 0xde, 0x76, 0xdf, 0x76, 0xff, 0x76, 
    0xdf, 0x76, 0xff, 0x76, 0xff, 0x76, 0xff, 0x76, 0xff, 0x76, 0xff, 0x76, 
    0xdf, 0x76, 0xff, 0x76, 0xff, 0x76, 0xff, 0x76, 0xff, 0x76, 0xff, 0x76, 
    0xff, 0x76, 0xdf, 0x76, 0xdf, 0x76, 0xdf, 0x76, 0xdf, 0x76, 0xff, 0x76, 
    0xff, 0x76, 0xff, 0x76, 0xdf, 0x76, 0xdf, 0x76, 0xdf, 0x76, 0xde, 0x76, 
    0xdf, 0x76, 0xdf, 0x76, 0xdf, 0x76, 0xde, 0x76, 0xdf, 0x76, 0xdf, 0x76, 
    0xff, 0x76, 0xdf, 0x76, 0xdf, 0x76, 0xdf, 0x76, 0xde, 0x76, 0xde, 0x76, 
    0xde, 0x76, 0xde, 0x76, 0xde, 0x76, 0xde, 0x76, 0xde, 0x76, 0xde, 0x76, 
    0xde, 0x76, 0xde, 0x76, 0xde, 0x76, 0xde, 0x76, 0xde, 0x76, 0xde, 0x76, 
    0xde, 0x76, 0xde, 0x76, 0xde, 0x76, 0xde, 0x76, 0xdf, 0x7e, 0xdf, 0x7e, 
    0xbf, 0x6e, 0xbe, 0x6e, 0xbe, 0x6e, 0xdf, 0x6e, 0xde, 0x6e, 0xde, 0x6e, 
    0xdf, 0x6e, 0xde, 0x6e, 0xde, 0x6e, 0xbf, 0x6e, 0xbe, 0x6e, 0xbf, 0x6e, 
    0xbe, 0x6e, 0x9e, 0x6e, 0xbe, 0x6e, 0x9e, 0x66, 0xbe, 0x6e, 0xbe, 0x66, 
    0xbe, 0x6e, 0xbe, 0x6e, 0xde, 0x6e, 0xde, 0x6e, 0xde, 0x6e, 0xbe, 0x6e, 
    0xbe, 0x6e, 0xde, 0x6e, 0xbf, 0x6e, 0xdf, 0x6e, 0xde, 0x6e, 0xde, 0x6e, 
    0xdf, 0x6e, 0xde, 0x6e, 0xde, 0x6e, 0xdf, 0x6e, 0xde, 0x6e, 0xdf, 0x6e, 
    0xdf, 0x6e, 0xde, 0x6e, 0xdf, 0x6e, 0xdf, 0x6e, 0xdf, 0x6e, 0xdf, 0x6e, 
    0xdf, 0x6e, 0xdf, 0x6e, 0xdf, 0x6e, 0xdf, 0x6e, 0xdf, 0x6e, 0xde, 0x6e, 
    0xbf, 0x6e, 0xde, 0x6e, 0xbf, 0x6e, 0xdf, 0x6e, 0xde, 0x6e, 0xdf, 0x6e, 
    0xdf, 0x6e, 0xdf, 0x6e, 0xdf, 0x6e, 0xde, 0x6e, 0xde, 0x6e, 0xdf, 0x6e, 
    0xdf, 0x6e, 0xde, 0x6e, 0xde, 0x6e, 0xdf, 0x6e, 0xde, 0x6e, 0xdf, 0x6e, 
    0xdf, 0x6e, 0xde, 0x76, 0xbf, 0x6e, 0xde, 0x6e, 0xbe, 0x6e, 0xde, 0x6e, 
    0xde, 0x6e, 0xde, 0x6e, 0xbe, 0x6e, 0xdf, 0x6e, 0xbe, 0x6e, 0xde, 0x6e, 
    0xdf, 0x6e, 0xdf, 0x6e, 0xdf, 0x6e, 0xdf, 0x6e, 0xde, 0x6e, 0xdf, 0x6e, 
    0xde, 0x6e, 0xdf, 0x6e, 0xde, 0x6e, 0xdf, 0x6e, 0xde, 0x6e, 0xdf, 0x6e, 
    0xdf, 0x6e, 0xdf, 0x6e, 0xdf, 0x6e, 0xdf, 0x6e, 0xdf, 0x6e, 0xdf, 0x6e, 
    0xdf, 0x6e, 0xdf, 0x6e, 0xdf, 0x6e, 0xff, 0x6e, 0xdf, 0x6e, 0xdf, 0x6e, 
    0xdf, 0x6e, 0xdf, 0x6e, 0xbf, 0x6e, 0xde, 0x6e, 0xde, 0x6e, 0xdf, 0x6e, 
    0xde, 0x6e, 0xde, 0x6e, 0xdf, 0x6e, 0xde, 0x6e, 0xdf, 0x6e, 0xdf, 0x6e, 
    0xdf, 0x6e, 0xbf, 0x6e, 0xde, 0x6e, 0xdf, 0x6e, 0xde, 0x6e, 0xdf, 0x6e, 
    0xde, 0x6e, 0xde, 0x6e, 0xdf, 0x6e, 0xde, 0x6e, 0xdf, 0x76, 0xdf, 0x76, 
    0xde, 0x76, 0xdf, 0x6e, 0xdf, 0x76, 0xdf, 0x76, 0xdf, 0x6e, 0xde, 0x76, 
    0xde, 0x76, 0xde, 0x76, 0xdf, 0x6e, 0xde, 0x6e, 0xde, 0x6e, 0xdf, 0x6e, 
    0xde, 0x6e, 0xdf, 0x6e, 0xdf, 0x6e, 0xde, 0x6e, 0xdf, 0x6e, 0xdf, 0x6e, 
    0xdf, 0x76, 0xde, 0x6e, 0xde, 0x6e, 0xde, 0x76, 0xbe, 0x6e, 0xbe, 0x6e, 
    0xbe, 0x6e, 0xde, 0x6e, 0xde, 0x76, 0xde, 0x76, 0xdf, 0x76, 0xde, 0x6e, 
    0xde, 0x76, 0xdf, 0x76, 0xde, 0x6e, 0xdf, 0x6e, 0xdf, 0x76, 0xdf, 0x6e, 
    0xde, 0x6e, 0xdf, 0x76, 0xdf, 0x76, 0xde, 0x76, 0xde, 0x76, 0xdf, 0x76, 
    0xde, 0x76, 0xdf, 0x76, 0xde, 0x76, 0xde, 0x76, 0xdf, 0x76, 0xde, 0x76, 
    0xdf, 0x6e, 0xde, 0x76, 0xde, 0x76, 0xde, 0x76, 0xdf, 0x76, 0xdf, 0x76, 
    0xde, 0x76, 0xde, 0x76, 0xff, 0x76, 0xde, 0x76, 0xdf, 0x76, 0xff, 0x76, 
    0xff, 0x76, 0xff, 0x7e, 0xff, 0x76, 0xdf, 0x76, 0xff, 0x76, 0xdf, 0x76, 
    0xff, 0x76, 0xdf, 0x76, 0xff, 0x76, 0xfe, 0x76, 0xff, 0x7e, 0xff, 0x76, 
    0xff, 0x76, 0xff, 0x76, 0xde, 0x76, 0xdf, 0x76, 0xff, 0x76, 0xff, 0x76, 
    0xff, 0x76, 0xff, 0x76, 0xdf, 0x76, 0xde, 0x76, 0xdf, 0x76, 0xff, 0x76, 
    0xde, 0x76, 0xdf, 0x76, 0xfe, 0x76, 0xdf, 0x76, 0xff, 0x76, 0xff, 0x76, 
    0xdf, 0x76, 0xdf, 0x76, 0xdf, 0x76, 0xdf, 0x76, 0xde, 0x76, 0xde, 0x76, 
    0xde, 0x76, 0xdf, 0x76, 0xde, 0x76, 0xde, 0x76, 0xdf, 0x76, 0xde, 0x76, 
    0xbe, 0x76, 0xde, 0x76, 0xde, 0x76, 0xde, 0x76, 0xde, 0x76, 0xde, 0x76, 
    0xdf, 0x76, 0xde, 0x76, 0xde, 0x76, 0xde, 0x76, 0xdf, 0x7e, 0xdf, 0x7e, 
    0xde, 0x6e, 0xdf, 0x6e, 0xdf, 0x6e, 0xdf, 0x6e, 0xdf, 0x6e, 0xdf, 0x6e, 
    0xdf, 0x6e, 0xdf, 0x6e, 0xde, 0x6e, 0xbe, 0x6e, 0xde, 0x6e, 0xde, 0x6e, 
    0xbe, 0x6e, 0xbe, 0x6e, 0xbe, 0x66, 0xbe, 0x66, 0xbe, 0x66, 0xbe, 0x66, 
    0xbe, 0x66, 0xbe, 0x6e, 0xbe, 0x6e, 0xde, 0x6e, 0xbf, 0x6e, 0xde, 0x6e, 
    0xde, 0x6e, 0xbe, 0x6e, 0xbe, 0x6e, 0xde, 0x6e, 0xbe, 0x6e, 0xdf, 0x6e, 
    0xde, 0x6e, 0xde, 0x6e, 0xdf, 0x6e, 0xdf, 0x6e, 0xdf, 0x6e, 0xdf, 0x6e, 
    0xdf, 0x6e, 0xdf, 0x6e, 0xde, 0x6e, 0xdf, 0x76, 0xdf, 0x6e, 0xdf, 0x6e, 
    0xdf, 0x6e, 0xdf, 0x6e, 0xdf, 0x6e, 0xdf, 0x6e, 0xdf, 0x6e, 0xdf, 0x6e, 
    0xdf, 0x6e, 0xdf, 0x6e, 0xdf, 0x6e, 0xdf, 0x6e, 0xdf, 0x6e, 0xde, 0x6e, 
    0xbe, 0x6e, 0xde, 0x6e, 0xdf, 0x6e, 0xdf, 0x6e, 0xdf, 0x6e, 0xdf, 0x6e, 
    0xdf, 0x6e, 0xdf, 0x6e, 0xdf, 0x6e, 0xdf, 0x6e, 0xdf, 0x6e, 0xdf, 0x6e, 
    0xde, 0x6e, 0xdf, 0x6e, 0xde, 0x6e, 0xdf, 0x6e, 0xde, 0x6e, 0xde, 0x6e, 
    0xde, 0x6e, 0xde, 0x6e, 0xde, 0x6e, 0xde, 0x6e, 0xdf, 0x6e, 0xde, 0x6e, 
    0xdf, 0x6e, 0xdf, 0x6e, 0xdf, 0x6e, 0xdf, 0x6e, 0xdf, 0x6e, 0xdf, 0x76, 
    0xdf, 0x6e, 0xdf, 0x6e, 0xdf, 0x6e, 0xdf, 0x6e, 0xdf, 0x6e, 0xdf, 0x6e, 
    0xdf, 0x6e, 0xdf, 0x6e, 0xdf, 0x6e, 0xff, 0x6e, 0xdf, 0x6e, 0xdf, 0x6e, 
    0xdf, 0x6e, 0xdf, 0x6e, 0xdf, 0x6e, 0xff, 0x6e, 0xff, 0x6e, 0xdf, 0x6e, 
    0xdf, 0x6e, 0xdf, 0x6e, 0xde, 0x6e, 0xdf, 0x6e, 0xdf, 0x6e, 0xde, 0x6e, 
    0xdf, 0x6e, 0xde, 0x6e, 0xdf, 0x6e, 0xdf, 0x6e, 0xdf, 0x6e, 0xdf, 0x6e, 
    0xde, 0x6e, 0xdf, 0x6e, 0xdf, 0x6e, 0xdf, 0x6e, 0xdf, 0x6e, 0xdf, 0x6e, 
    0xdf, 0x6e, 0xdf, 0x6e, 0xdf, 0x6e, 0xdf, 0x6e, 0xdf, 0x6e, 0xff, 0x76, 
    0xdf, 0x76, 0xde, 0x76, 0xdf, 0x6e, 0xde, 0x76, 0xde, 0x6e, 0xde, 0x76, 
    0xde, 0x76, 0xde, 0x76, 0xdf, 0x76, 0xdf, 0x6e, 0xdf, 0x6e, 0xdf, 0x6e, 
    0xff, 0x6e, 0xdf, 0x6e, 0xdf, 0x6e, 0xdf, 0x6e, 0xdf, 0x6e, 0xdf, 0x76, 
    0xde, 0x6e, 0xbe, 0x6e, 0xde, 0x76, 0xbe, 0x6e, 0xbe, 0x6e, 0xbe, 0x6e, 
    0xbe, 0x6e, 0xde, 0x76, 0xde, 0x6e, 0xbe, 0x6e, 0xde, 0x76, 0xde, 0x6e, 
    0xdf, 0x6e, 0xdf, 0x6e, 0xdf, 0x6e, 0xde, 0x76, 0xdf, 0x76, 0xdf, 0x76, 
    0xdf, 0x6e, 0xde, 0x76, 0xde, 0x76, 0xdf, 0x76, 0xdf, 0x76, 0xdf, 0x76, 
    0xdf, 0x76, 0xdf, 0x76, 0xdf, 0x76, 0xdf, 0x76, 0xde, 0x76, 0xde, 0x76, 
    0xde, 0x76, 0xde, 0x76, 0xde, 0x76, 0xdf, 0x76, 0xde, 0x76, 0xde, 0x76, 
    0xdf, 0x76, 0xdf, 0x76, 0xdf, 0x76, 0xdf, 0x76, 0xff, 0x76, 0xdf, 0x76, 
    0xdf, 0x76, 0xff, 0x76, 0xdf, 0x76, 0xff, 0x76, 0xff, 0x76, 0xdf, 0x76, 
    0xdf, 0x76, 0xfe, 0x76, 0xff, 0x76, 0xff, 0x76, 0xff, 0x76, 0xff, 0x7e, 
    0xdf, 0x76, 0xff, 0x76, 0xff, 0x76, 0xdf, 0x76, 0xdf, 0x76, 0xff, 0x76, 
    0xdf, 0x76, 0xff, 0x76, 0xff, 0x76, 0xff, 0x76, 0xdf, 0x76, 0xdf, 0x76, 
    0xdf, 0x76, 0xff, 0x76, 0xff, 0x76, 0xff, 0x76, 0xff, 0x76, 0xff, 0x76, 
    0xfe, 0x76, 0xff, 0x76, 0xfe, 0x76, 0xdf, 0x76, 0xdf, 0x76, 0xdf, 0x76, 
    0xde, 0x76, 0xde, 0x76, 0xde, 0x76, 0xde, 0x76, 0xde, 0x76, 0xde, 0x76, 
    0xde, 0x76, 0xde, 0x76, 0xde, 0x76, 0xde, 0x76, 0xde, 0x76, 0xde, 0x76, 
    0xde, 0x76, 0xdf, 0x76, 0xdf, 0x7e, 0xde, 0x7e, 0xdf, 0x7e, 0xff, 0x7e, 
    0xde, 0x6e, 0xdf, 0x6e, 0xdf, 0x6e, 0xde, 0x6e, 0xde, 0x6e, 0xdf, 0x6e, 
    0xdf, 0x6e, 0xdf, 0x6e, 0xde, 0x6e, 0xde, 0x6e, 0xde, 0x6e, 0xde, 0x66, 
    0xbe, 0x6e, 0xbe, 0x6e, 0xbe, 0x6e, 0xbe, 0x66, 0xbe, 0x66, 0xbe, 0x66, 
    0xbe, 0x66, 0xbe, 0x6e, 0xde, 0x6e, 0xde, 0x6e, 0xde, 0x6e, 0xdf, 0x6e, 
    0xde, 0x6e, 0xde, 0x6e, 0xde, 0x6e, 0xde, 0x6e, 0xde, 0x6e, 0xdf, 0x6e, 
    0xde, 0x6e, 0xde, 0x6e, 0xde, 0x6e, 0xde, 0x6e, 0xde, 0x6e, 0xdf, 0x6e, 
    0xdf, 0x6e, 0xdf, 0x6e, 0xdf, 0x6e, 0xdf, 0x6e, 0xdf, 0x6e, 0xff, 0x6e, 
    0xdf, 0x6e, 0xff, 0x6e, 0xdf, 0x6e, 0xff, 0x6e, 0xff, 0x6e, 0xdf, 0x6e, 
    0xde, 0x6e, 0xde, 0x6e, 0xdf, 0x6e, 0xdf, 0x6e, 0xbf, 0x6e, 0xdf, 0x6e, 
    0xde, 0x6e, 0xdf, 0x6e, 0xde, 0x6e, 0xdf, 0x6e, 0xde, 0x6e, 0xdf, 0x6e, 
    0xde, 0x6e, 0xdf, 0x6e, 0xdf, 0x6e, 0xdf, 0x6e, 0xde, 0x6e, 0xdf, 0x6e, 
    0xde, 0x6e, 0xdf, 0x6e, 0xdf, 0x6e, 0xde, 0x6e, 0xde, 0x6e, 0xde, 0x6e, 
    0xde, 0x6e, 0xde, 0x6e, 0xde, 0x6e, 0xde, 0x6e, 0xde, 0x6e, 0xde, 0x6e, 
    0xde, 0x6e, 0xde, 0x6e, 0xdf, 0x6e, 0xdf, 0x6e, 0xdf, 0x6e, 0xdf, 0x6e, 
    0xff, 0x6e, 0xff, 0x76, 0xdf, 0x6e, 0xfe, 0x6e, 0xdf, 0x6e, 0xdf, 0x6e, 
    0xdf, 0x6e, 0xdf, 0x6e, 0xff, 0x6e, 0xff, 0x6e, 0xff, 0x6e, 0xff, 0x6e, 
    0xff, 0x6e, 0xdf, 0x6e, 0xdf, 0x6e, 0xff, 0x6e, 0xdf, 0x6e, 0xff, 0x6e, 
    0xfe, 0x6e, 0xdf, 0x6e, 0xde, 0x6e, 0xdf, 0x6e, 0xdf, 0x6e, 0xde, 0x6e, 
    0xde, 0x6e, 0xde, 0x6e, 0xdf, 0x6e, 0xdf, 0x6e, 0xdf, 0x6e, 0xdf, 0x6e, 
    0xdf, 0x6e, 0xdf, 0x6e, 0xdf, 0x6e, 0xde, 0x6e, 0xdf, 0x6e, 0xde, 0x76, 
    0xdf, 0x6e, 0xdf, 0x76, 0xde, 0x6e, 0xfe, 0x76, 0xdf, 0x76, 0xdf, 0x76, 
    0xdf, 0x76, 0xdf, 0x6e, 0xdf, 0x6e, 0xdf, 0x6e, 0xdf, 0x6e, 0xde, 0x76, 
    0xde, 0x76, 0xde, 0x76, 0xde, 0x76, 0xdf, 0x76, 0xdf, 0x76, 0xdf, 0x6e, 
    0xff, 0x6e, 0xff, 0x6e, 0xdf, 0x6e, 0xdf, 0x6e, 0xdf, 0x6e, 0xde, 0x6e, 
    0xde, 0x6e, 0xde, 0x6e, 0xde, 0x6e, 0xde, 0x76, 0xde, 0x6e, 0xde, 0x6e, 
    0xde, 0x6e, 0xde, 0x76, 0xde, 0x6e, 0xbd, 0x76, 0xbe, 0x76, 0xbe, 0x76, 
    0xdf, 0x76, 0xde, 0x6e, 0xde, 0x76, 0xde, 0x76, 0xde, 0x76, 0xde, 0x6e, 
    0xde, 0x6e, 0xde, 0x76, 0xde, 0x76, 0xdf, 0x76, 0xde, 0x76, 0xde, 0x76, 
    0xde, 0x76, 0xdf, 0x76, 0xde, 0x76, 0xdf, 0x76, 0xde, 0x76, 0xde, 0x76, 
    0xde, 0x76, 0xde, 0x76, 0xde, 0x76, 0xdf, 0x76, 0xfe, 0x76, 0xdf, 0x76, 
    0xde, 0x76, 0xde, 0x76, 0xde, 0x76, 0xde, 0x76, 0xdf, 0x76, 0xdf, 0x76, 
    0xff, 0x76, 0xdf, 0x76, 0xdf, 0x7e, 0xff, 0x76, 0xff, 0x7e, 0xfe, 0x76, 
    0xdf, 0x76, 0xfe, 0x76, 0xff, 0x76, 0xff, 0x76, 0xff, 0x76, 0xff, 0x76, 
    0xff, 0x76, 0xdf, 0x76, 0xdf, 0x76, 0xff, 0x76, 0xdf, 0x76, 0xde, 0x76, 
    0xff, 0x76, 0xfe, 0x76, 0xfe, 0x76, 0xdf, 0x76, 0xfe, 0x76, 0xff, 0x76, 
    0xff, 0x76, 0xff, 0x76, 0xff, 0x76, 0xff, 0x76, 0xdf, 0x76, 0xff, 0x76, 
    0xff, 0x76, 0xff, 0x76, 0xdf, 0x76, 0xde, 0x76, 0xde, 0x76, 0xde, 0x76, 
    0xde, 0x76, 0xde, 0x76, 0xdf, 0x76, 0xde, 0x76, 0xde, 0x76, 0xde, 0x76, 
    0xde, 0x76, 0xde, 0x76, 0xde, 0x76, 0xde, 0x76, 0xde, 0x76, 0xde, 0x76, 
    0xde, 0x76, 0xdf, 0x7e, 0xfe, 0x7e, 0xdf, 0x7e, 0xfe, 0x7e, 0xfe, 0x8e, 
    0xdf, 0x6e, 0xdf, 0x6e, 0xdf, 0x6e, 0xdf, 0x6e, 0xdf, 0x6e, 0xdf, 0x6e, 
    0xdf, 0x6e, 0xde, 0x6e, 0xde, 0x6e, 0xdf, 0x6e, 0xdf, 0x6e, 0xdf, 0x6e, 
    0xdf, 0x6e, 0xde, 0x6e, 0xbe, 0x6e, 0xbe, 0x6e, 0xbe, 0x66, 0xde, 0x6e, 
    0xdf, 0x66, 0xdf, 0x6e, 0xde, 0x6e, 0xde, 0x66, 0xde, 0x6e, 0xde, 0x6e, 
    0xbf, 0x6e, 0xde, 0x6e, 0xbe, 0x6e, 0xbf, 0x6e, 0xbe, 0x6e, 0xbe, 0x6e, 
    0xde, 0x6e, 0xde, 0x6e, 0xdf, 0x6e, 0xdf, 0x6e, 0xde, 0x6e, 0xde, 0x6e, 
    0xde, 0x6e, 0xde, 0x76, 0xdf, 0x6e, 0xdf, 0x6e, 0xdf, 0x6e, 0xdf, 0x6e, 
    0xdf, 0x6e, 0xff, 0x6e, 0xff, 0x6e, 0xff, 0x6e, 0xdf, 0x6e, 0xdf, 0x6e, 
    0xdf, 0x6e, 0xdf, 0x6e, 0xdf, 0x6e, 0xdf, 0x6e, 0xde, 0x6e, 0xde, 0x6e, 
    0xbf, 0x6e, 0xde, 0x6e, 0xdf, 0x6e, 0xdf, 0x6e, 0xde, 0x6e, 0xdf, 0x6e, 
    0xdf, 0x6e, 0xdf, 0x6e, 0xdf, 0x6e, 0xdf, 0x6e, 0xff, 0x76, 0xff, 0x76, 
    0xff, 0x76, 0xfe, 0x76, 0xff, 0x76, 0xdf, 0x6e, 0xdf, 0x6e, 0xdf, 0x76, 
    0xdf, 0x6e, 0xde, 0x6e, 0xdf, 0x76, 0xde, 0x76, 0xde, 0x6e, 0xde, 0x6e, 
    0xdf, 0x6e, 0xdf, 0x6e, 0xdf, 0x6e, 0xdf, 0x6e, 0xfe, 0x6e, 0xdf, 0x6e, 
    0xdf, 0x6e, 0xdf, 0x6e, 0xdf, 0x6e, 0xdf, 0x6e, 0xdf, 0x6e, 0xdf, 0x6e, 
    0xdf, 0x6e, 0xdf, 0x6e, 0xff, 0x6e, 0xdf, 0x6e, 0xdf, 0x6e, 0xdf, 0x6e, 
    0xdf, 0x6e, 0xdf, 0x6e, 0xdf, 0x6e, 0xdf, 0x6e, 0xdf, 0x6e, 0xdf, 0x6e, 
    0xdf, 0x6e, 0xdf, 0x6e, 0xdf, 0x6e, 0xdf, 0x6e, 0xdf, 0x6e, 0xdf, 0x6e, 
    0xdf, 0x6e, 0xde, 0x6e, 0xdf, 0x76, 0xde, 0x6e, 0xdf, 0x76, 0xdf, 0x6e, 
    0xdf, 0x6e, 0xdf, 0x6e, 0xdf, 0x6e, 0xdf, 0x6e, 0xdf, 0x6e, 0xdf, 0x6e, 
    0xdf, 0x6e, 0xdf, 0x6e, 0xdf, 0x76, 0xdf, 0x6e, 0xdf, 0x76, 0xdf, 0x6e, 
    0xff, 0x76, 0xdf, 0x76, 0xdf, 0x76, 0xdf, 0x6e, 0xdf, 0x76, 0xdf, 0x76, 
    0xdf, 0x76, 0xdf, 0x76, 0xde, 0x76, 0xff, 0x76, 0xff, 0x76, 0xff, 0x6e, 
    0xff, 0x6e, 0xff, 0x6e, 0xff, 0x6e, 0xff, 0x6e, 0xdf, 0x6e, 0xdf, 0x6e, 
    0xdf, 0x6e, 0xdf, 0x6e, 0xde, 0x6e, 0xbe, 0x6e, 0xde, 0x6e, 0xde, 0x76, 
    0xde, 0x76, 0xde, 0x76, 0xbe, 0x6e, 0xde, 0x76, 0xde, 0x76, 0xde, 0x76, 
    0xde, 0x76, 0xde, 0x76, 0xdf, 0x76, 0xde, 0x76, 0xdf, 0x76, 0xdf, 0x76, 
    0xdf, 0x76, 0xdf, 0x76, 0xdf, 0x76, 0xde, 0x76, 0xdf, 0x76, 0xdf, 0x76, 
    0xdf, 0x76, 0xdf, 0x76, 0xde, 0x76, 0xfe, 0x76, 0xdf, 0x76, 0xdf, 0x76, 
    0xde, 0x76, 0xdf, 0x76, 0xdf, 0x76, 0xde, 0x76, 0xdf, 0x76, 0xdf, 0x76, 
    0xde, 0x76, 0xde, 0x76, 0xdf, 0x76, 0xde, 0x76, 0xdf, 0x76, 0xff, 0x76, 
    0xff, 0x76, 0xdf, 0x76, 0xdf, 0x76, 0xff, 0x7e, 0xdf, 0x76, 0xff, 0x76, 
    0xff, 0x76, 0xff, 0x76, 0xff, 0x76, 0xff, 0x76, 0xff, 0x76, 0xff, 0x76, 
    0xff, 0x76, 0xff, 0x76, 0xff, 0x76, 0xff, 0x76, 0xde, 0x76, 0xdf, 0x76, 
    0xff, 0x76, 0xdf, 0x76, 0xff, 0x76, 0xff, 0x76, 0xff, 0x76, 0xff, 0x76, 
    0xff, 0x76, 0xff, 0x76, 0xff, 0x76, 0xff, 0x76, 0xff, 0x76, 0xfe, 0x76, 
    0xdf, 0x76, 0xff, 0x76, 0xdf, 0x76, 0xdf, 0x76, 0xdf, 0x76, 0xde, 0x76, 
    0xdf, 0x76, 0xde, 0x76, 0xde, 0x76, 0xde, 0x76, 0xdf, 0x76, 0xde, 0x76, 
    0xde, 0x76, 0xde, 0x76, 0xde, 0x76, 0xde, 0x7e, 0xde, 0x76, 0xde, 0x7e, 
    0xde, 0x7e, 0xdf, 0x7e, 0xdf, 0x7e, 0xdf, 0x7e, 0xdb, 0xb6, 0xfa, 0xd6, 
    0xdf, 0x6e, 0xdf, 0x6e, 0xdf, 0x6e, 0xdf, 0x6e, 0xdf, 0x6e, 0xdf, 0x6e, 
    0xdf, 0x6e, 0xdf, 0x6e, 0xdf, 0x6e, 0xde, 0x6e, 0xdf, 0x6e, 0xdf, 0x6e, 
    0xdf, 0x6e, 0xdf, 0x6e, 0xdf, 0x6e, 0xdf, 0x66, 0xdf, 0x66, 0xdf, 0x66, 
    0xdf, 0x6e, 0xde, 0x6e, 0xdf, 0x6e, 0xdf, 0x6e, 0xde, 0x6e, 0xde, 0x6e, 
    0xde, 0x6e, 0xde, 0x6e, 0xde, 0x6e, 0xbe, 0x6e, 0xbe, 0x6e, 0xbe, 0x6e, 
    0xbe, 0x6e, 0xde, 0x6e, 0xde, 0x6e, 0xbe, 0x6e, 0xbe, 0x6e, 0xbe, 0x6e, 
    0xdf, 0x6e, 0xde, 0x6e, 0xdf, 0x6e, 0xdf, 0x6e, 0xdf, 0x6e, 0xdf, 0x6e, 
    0xdf, 0x6e, 0xff, 0x76, 0xff, 0x76, 0xdf, 0x6e, 0xff, 0x6e, 0xff, 0x6e, 
    0xdf, 0x6e, 0xde, 0x6e, 0xdf, 0x6e, 0xdf, 0x6e, 0xdf, 0x6e, 0xde, 0x6e, 
    0xdf, 0x6e, 0xde, 0x6e, 0xde, 0x6e, 0xdf, 0x6e, 0xdf, 0x6e, 0xdf, 0x6e, 
    0xdf, 0x6e, 0xdf, 0x6e, 0xdf, 0x6e, 0xdf, 0x6e, 0xff, 0x76, 0xdf, 0x76, 
    0xdf, 0x76, 0xde, 0x76, 0xde, 0x6e, 0xdf, 0x6e, 0xdf, 0x6e, 0xdf, 0x76, 
    0xdf, 0x6e, 0xdf, 0x76, 0xdf, 0x76, 0xdf, 0x76, 0xde, 0x6e, 0xde, 0x76, 
    0xde, 0x6e, 0xdf, 0x6e, 0xdf, 0x76, 0xdf, 0x6e, 0xff, 0x6e, 0xfe, 0x6e, 
    0xdf, 0x6e, 0xdf, 0x6e, 0xdf, 0x76, 0xdf, 0x6e, 0xdf, 0x6e, 0xdf, 0x6e, 
    0xdf, 0x6e, 0xdf, 0x6e, 0xff, 0x6e, 0xdf, 0x6e, 0xdf, 0x6e, 0xdf, 0x6e, 
    0xdf, 0x6e, 0xdf, 0x6e, 0xde, 0x6e, 0xdf, 0x6e, 0xdf, 0x6e, 0xdf, 0x6e, 
    0xdf, 0x6e, 0xdf, 0x6e, 0xdf, 0x6e, 0xdf, 0x6e, 0xdf, 0x6e, 0xdf, 0x6e, 
    0xde, 0x76, 0xdf, 0x76, 0xdf, 0x6e, 0xdf, 0x6e, 0xdf, 0x6e, 0xdf, 0x6e, 
    0xdf, 0x6e, 0xdf, 0x6e, 0xff, 0x6e, 0xdf, 0x6e, 0xdf, 0x6e, 0xdf, 0x76, 
    0xfe, 0x6e, 0xdf, 0x76, 0xdf, 0x6e, 0xfe, 0x76, 0xdf, 0x6e, 0xff, 0x76, 
    0xdf, 0x76, 0xff, 0x76, 0xff, 0x76, 0xdf, 0x76, 0xdf, 0x76, 0xdf, 0x76, 
    0xdf, 0x76, 0xdf, 0x76, 0xdf, 0x76, 0xfe, 0x76, 0xff, 0x76, 0xff, 0x76, 
    0xff, 0x6e, 0xff, 0x6e, 0xdf, 0x6e, 0xdf, 0x6e, 0xde, 0x6e, 0xde, 0x6e, 
    0xdf, 0x6e, 0xde, 0x76, 0xde, 0x6e, 0xdf, 0x76, 0xde, 0x6e, 0xdf, 0x76, 
    0xde, 0x76, 0xde, 0x76, 0xde, 0x6e, 0xde, 0x6e, 0xde, 0x76, 0xdf, 0x76, 
    0xde, 0x76, 0xde, 0x76, 0xde, 0x76, 0xde, 0x76, 0xdf, 0x76, 0xde, 0x76, 
    0xde, 0x76, 0xde, 0x76, 0xdf, 0x76, 0xdf, 0x76, 0xff, 0x76, 0xff, 0x76, 
    0xfe, 0x76, 0xdf, 0x76, 0xdf, 0x76, 0xfe, 0x76, 0xde, 0x76, 0xdf, 0x76, 
    0xde, 0x76, 0xdf, 0x76, 0xde, 0x76, 0xdf, 0x76, 0xdf, 0x76, 0xdf, 0x76, 
    0xde, 0x76, 0xde, 0x76, 0xde, 0x76, 0xde, 0x76, 0xdf, 0x76, 0xdf, 0x76, 
    0xff, 0x76, 0xfe, 0x76, 0xff, 0x76, 0xff, 0x76, 0xff, 0x7e, 0xff, 0x76, 
    0xff, 0x76, 0xff, 0x76, 0xff, 0x76, 0xff, 0x76, 0xff, 0x76, 0xff, 0x7e, 
    0xff, 0x76, 0xff, 0x76, 0xdf, 0x76, 0xde, 0x76, 0xfe, 0x76, 0xdf, 0x76, 
    0xfe, 0x76, 0xff, 0x76, 0xff, 0x76, 0xff, 0x76, 0xff, 0x76, 0xff, 0x76, 
    0xff, 0x76, 0xff, 0x76, 0xfe, 0x76, 0xff, 0x76, 0xff, 0x76, 0xdf, 0x76, 
    0xff, 0x76, 0xfe, 0x76, 0xdf, 0x76, 0xde, 0x76, 0xde, 0x76, 0xde, 0x76, 
    0xde, 0x76, 0xdf, 0x76, 0xfe, 0x76, 0xde, 0x76, 0xdf, 0x76, 0xde, 0x76, 
    0xde, 0x76, 0xdf, 0x7e, 0xdf, 0x7e, 0xde, 0x7e, 0xde, 0x7e, 0xde, 0x7e, 
    0xde, 0x7e, 0xff, 0x7e, 0xff, 0x7e, 0xff, 0x7e, 0xde, 0x7e, 0xfe, 0x7e, 
    0xdf, 0x6e, 0xde, 0x6e, 0xdf, 0x6e, 0xdf, 0x6e, 0xdf, 0x6e, 0xdf, 0x6e, 
    0xde, 0x6e, 0xdf, 0x6e, 0xdf, 0x6e, 0xdf, 0x6e, 0xdf, 0x6e, 0xdf, 0x6e, 
    0xde, 0x6e, 0xdf, 0x6e, 0xde, 0x6e, 0xdf, 0x6e, 0xdf, 0x6e, 0xdf, 0x6e, 
    0xde, 0x6e, 0xdf, 0x6e, 0xde, 0x6e, 0xde, 0x66, 0xdf, 0x6e, 0xdf, 0x6e, 
    0xde, 0x6e, 0xdf, 0x6e, 0xde, 0x6e, 0xde, 0x6e, 0xbe, 0x6e, 0xbe, 0x6e, 
    0xbe, 0x6e, 0xbe, 0x6e, 0xbe, 0x6e, 0xbe, 0x6e, 0xbe, 0x6e, 0xbe, 0x6e, 
    0xde, 0x6e, 0xdf, 0x6e, 0xdf, 0x6e, 0xdf, 0x6e, 0xdf, 0x76, 0xdf, 0x6e, 
    0xff, 0x6e, 0xff, 0x6e, 0xff, 0x6e, 0xff, 0x6e, 0xff, 0x6e, 0xdf, 0x6e, 
    0xdf, 0x6e, 0xdf, 0x6e, 0xdf, 0x6e, 0xdf, 0x6e, 0xdf, 0x6e, 0xdf, 0x6e, 
    0xdf, 0x6e, 0xde, 0x6e, 0xde, 0x6e, 0xdf, 0x6e, 0xde, 0x6e, 0xfe, 0x6e, 
    0xdf, 0x76, 0xff, 0x76, 0xdf, 0x76, 0xff, 0x76, 0xff, 0x76, 0xff, 0x76, 
    0xdf, 0x76, 0xde, 0x76, 0xdf, 0x76, 0xff, 0x6e, 0xff, 0x6e, 0xde, 0x76, 
    0xdf, 0x6e, 0xde, 0x6e, 0xfe, 0x6e, 0xff, 0x76, 0xff, 0x76, 0xdf, 0x6e, 
    0xdf, 0x6e, 0xdf, 0x76, 0xff, 0x6e, 0xdf, 0x6e, 0xdf, 0x6e, 0xdf, 0x6e, 
    0xdf, 0x6e, 0xdf, 0x6e, 0xde, 0x6e, 0xdf, 0x6e, 0xff, 0x6e, 0xdf, 0x6e, 
    0xdf, 0x6e, 0xdf, 0x6e, 0xdf, 0x6e, 0xdf, 0x6e, 0xdf, 0x6e, 0xde, 0x6e, 
    0xdf, 0x6e, 0xdf, 0x6e, 0xdf, 0x6e, 0xdf, 0x6e, 0xdf, 0x6e, 0xde, 0x6e, 
    0xdf, 0x6e, 0xde, 0x6e, 0xdf, 0x6e, 0xdf, 0x6e, 0xdf, 0x6e, 0xff, 0x76, 
    0xff, 0x6e, 0xff, 0x76, 0xff, 0x76, 0xdf, 0x76, 0xdf, 0x6e, 0xdf, 0x76, 
    0xdf, 0x6e, 0xdf, 0x76, 0xff, 0x76, 0xff, 0x76, 0xff, 0x6e, 0xdf, 0x6e, 
    0xdf, 0x6e, 0xff, 0x76, 0xfe, 0x76, 0xff, 0x76, 0xff, 0x76, 0xff, 0x76, 
    0xff, 0x76, 0xdf, 0x76, 0xff, 0x76, 0xff, 0x76, 0xdf, 0x76, 0xff, 0x76, 
    0xdf, 0x76, 0xde, 0x76, 0xdf, 0x76, 0xdf, 0x76, 0xff, 0x76, 0xff, 0x76, 
    0xff, 0x76, 0xff, 0x6e, 0xdf, 0x6e, 0xdf, 0x6e, 0xdf, 0x6e, 0xdf, 0x76, 
    0xdf, 0x6e, 0xde, 0x6e, 0xde, 0x76, 0xde, 0x76, 0xde, 0x76, 0xdf, 0x76, 
    0xde, 0x76, 0xde, 0x76, 0xde, 0x76, 0xde, 0x76, 0xde, 0x76, 0xde, 0x76, 
    0xde, 0x76, 0xde, 0x76, 0xde, 0x76, 0xde, 0x76, 0xde, 0x76, 0xde, 0x76, 
    0xde, 0x76, 0xde, 0x76, 0xdf, 0x76, 0xdf, 0x76, 0xff, 0x76, 0xdf, 0x76, 
    0xdf, 0x76, 0xde, 0x76, 0xde, 0x76, 0xde, 0x76, 0xde, 0x76, 0xdf, 0x76, 
    0xde, 0x76, 0xde, 0x76, 0xde, 0x76, 0xde, 0x76, 0xde, 0x76, 0xde, 0x76, 
    0xde, 0x76, 0xde, 0x76, 0xdf, 0x76, 0xde, 0x76, 0xfe, 0x76, 0xff, 0x76, 
    0xdf, 0x76, 0xfe, 0x76, 0xdf, 0x76, 0xff, 0x7e, 0xff, 0x7e, 0xff, 0x76, 
    0xfe, 0x76, 0xff, 0x7e, 0xff, 0x7e, 0xff, 0x7e, 0xff, 0x76, 0xff, 0x76, 
    0xff, 0x76, 0xfe, 0x76, 0xff, 0x76, 0xdf, 0x76, 0xff, 0x76, 0xdf, 0x76, 
    0xfe, 0x76, 0xfe, 0x76, 0xff, 0x76, 0xfe, 0x76, 0xff, 0x76, 0xff, 0x76, 
    0xff, 0x76, 0xfe, 0x76, 0xdf, 0x76, 0xff, 0x76, 0xfe, 0x76, 0xff, 0x76, 
    0xff, 0x76, 0xff, 0x76, 0xdf, 0x76, 0xff, 0x76, 0xde, 0x76, 0xdf, 0x76, 
    0xde, 0x76, 0xde, 0x76, 0xfe, 0x76, 0xff, 0x76, 0xfe, 0x76, 0xde, 0x76, 
    0xdf, 0x76, 0xde, 0x7e, 0xde, 0x7e, 0xde, 0x7e, 0xde, 0x7e, 0xde, 0x7e, 
    0xfe, 0x7e, 0xff, 0x7e, 0xff, 0x7e, 0xde, 0x76, 0xdf, 0x76, 0xdf, 0x76, 
    0xde, 0x6e, 0xdf, 0x6e, 0xdf, 0x6e, 0xdf, 0x6e, 0xdf, 0x6e, 0xdf, 0x6e, 
    0xdf, 0x6e, 0xdf, 0x6e, 0xdf, 0x6e, 0xdf, 0x6e, 0xff, 0x6e, 0xdf, 0x6e, 
    0xdf, 0x6e, 0xdf, 0x6e, 0xde, 0x6e, 0xde, 0x6e, 0xde, 0x6e, 0xde, 0x6e, 
    0xdf, 0x6e, 0xdf, 0x6e, 0xdf, 0x6e, 0xdf, 0x6e, 0xdf, 0x6e, 0xdf, 0x6e, 
    0xdf, 0x6e, 0xde, 0x6e, 0xde, 0x6e, 0xde, 0x6e, 0xbe, 0x6e, 0xbe, 0x6e, 
    0xbe, 0x6e, 0xbe, 0x6e, 0xbe, 0x6e, 0xbe, 0x6e, 0xbe, 0x6e, 0xbe, 0x6e, 
    0xbe, 0x6e, 0xde, 0x6e, 0xdf, 0x6e, 0xdf, 0x6e, 0xdf, 0x6e, 0xdf, 0x6e, 
    0xdf, 0x6e, 0xdf, 0x76, 0xff, 0x76, 0xff, 0x6e, 0xdf, 0x6e, 0xdf, 0x6e, 
    0xff, 0x6e, 0xdf, 0x76, 0xdf, 0x6e, 0xff, 0x6e, 0xdf, 0x6e, 0xdf, 0x76, 
    0xdf, 0x6e, 0xde, 0x6e, 0xdf, 0x6e, 0xdf, 0x76, 0xff, 0x76, 0xdf, 0x6e, 
    0xff, 0x76, 0xff, 0x76, 0xff, 0x76, 0xff, 0x76, 0xff, 0x76, 0xff, 0x76, 
    0xfe, 0x76, 0xdf, 0x76, 0xdf, 0x76, 0xdf, 0x76, 0xdf, 0x76, 0xdf, 0x76, 
    0xdf, 0x6e, 0xff, 0x6e, 0xff, 0x76, 0xdf, 0x76, 0xff, 0x76, 0xff, 0x6e, 
    0xdf, 0x76, 0xdf, 0x76, 0xdf, 0x6e, 0xdf, 0x6e, 0xff, 0x6e, 0xdf, 0x6e, 
    0xdf, 0x6e, 0xdf, 0x6e, 0xff, 0x76, 0xff, 0x76, 0xff, 0x6e, 0xdf, 0x6e, 
    0xdf, 0x76, 0xde, 0x6e, 0xdf, 0x6e, 0xde, 0x6e, 0xdf, 0x6e, 0xdf, 0x6e, 
    0xff, 0x76, 0xdf, 0x6e, 0xdf, 0x6e, 0xde, 0x6e, 0xdf, 0x76, 0xdf, 0x6e, 
    0xdf, 0x6e, 0xdf, 0x6e, 0xdf, 0x6e, 0xdf, 0x6e, 0xff, 0x76, 0xff, 0x76, 
    0xff, 0x76, 0xff, 0x76, 0xff, 0x76, 0xdf, 0x76, 0xff, 0x76, 0xff, 0x76, 
    0xff, 0x76, 0xdf, 0x76, 0xff, 0x76, 0xff, 0x76, 0xff, 0x76, 0xff, 0x76, 
    0xff, 0x76, 0xff, 0x76, 0xff, 0x76, 0xff, 0x76, 0xff, 0x76, 0xff, 0x76, 
    0xff, 0x76, 0xff, 0x76, 0xff, 0x76, 0xff, 0x76, 0xff, 0x76, 0xff, 0x76, 
    0xdf, 0x76, 0xdf, 0x76, 0xde, 0x76, 0xff, 0x76, 0xff, 0x76, 0xff, 0x76, 
    0xff, 0x76, 0xff, 0x76, 0xff, 0x6e, 0xff, 0x76, 0xde, 0x6e, 0xdf, 0x76, 
    0xdf, 0x76, 0xdf, 0x76, 0xde, 0x76, 0xdf, 0x76, 0xde, 0x76, 0xde, 0x76, 
    0xde, 0x76, 0xde, 0x76, 0xde, 0x76, 0xdf, 0x76, 0xde, 0x76, 0xde, 0x76, 
    0xde, 0x76, 0xde, 0x76, 0xde, 0x76, 0xde, 0x76, 0xde, 0x76, 0xde, 0x76, 
    0xde, 0x76, 0xdf, 0x76, 0xde, 0x76, 0xde, 0x76, 0xff, 0x76, 0xfe, 0x76, 
    0xff, 0x76, 0xfe, 0x76, 0xde, 0x76, 0xde, 0x76, 0xde, 0x76, 0xde, 0x76, 
    0xde, 0x76, 0xde, 0x76, 0xde, 0x76, 0xde, 0x76, 0xde, 0x76, 0xde, 0x76, 
    0xde, 0x76, 0xde, 0x76, 0xde, 0x76, 0xde, 0x76, 0xde, 0x76, 0xff, 0x76, 
    0xdf, 0x76, 0xdf, 0x76, 0xdf, 0x7e, 0xff, 0x7e, 0xff, 0x76, 0xff, 0x76, 
    0xff, 0x7e, 0xff, 0x7e, 0xff, 0x7e, 0xff, 0x7e, 0xff, 0x7e, 0xff, 0x76, 
    0xff, 0x7e, 0xff, 0x7e, 0xff, 0x76, 0xff, 0x76, 0xff, 0x76, 0xfe, 0x76, 
    0xff, 0x76, 0xfe, 0x76, 0xdf, 0x76, 0xff, 0x76, 0xff, 0x76, 0xff, 0x76, 
    0xdf, 0x76, 0xde, 0x76, 0xdf, 0x76, 0xff, 0x76, 0xff, 0x76, 0xff, 0x76, 
    0xff, 0x76, 0xff, 0x76, 0xde, 0x76, 0xdf, 0x76, 0xff, 0x76, 0xdf, 0x76, 
    0xde, 0x76, 0xde, 0x76, 0xdf, 0x76, 0xdf, 0x76, 0xde, 0x76, 0xde, 0x76, 
    0xfe, 0x7e, 0xde, 0x7e, 0xde, 0x7e, 0xfe, 0x7e, 0xfe, 0x7e, 0xfe, 0x7e, 
    0xdf, 0x7e, 0xde, 0x7e, 0xdf, 0x7e, 0xde, 0x76, 0xde, 0x76, 0xde, 0x76, 
    0xdf, 0x6e, 0xdf, 0x6e, 0xdf, 0x6e, 0xff, 0x6e, 0xff, 0x6e, 0xdf, 0x6e, 
    0xdf, 0x6e, 0xff, 0x6e, 0xff, 0x6e, 0xff, 0x6e, 0xff, 0x6e, 0xff, 0x6e, 
    0xff, 0x6e, 0xff, 0x6e, 0xdf, 0x6e, 0xde, 0x6e, 0xdf, 0x6e, 0xde, 0x6e, 
    0xdf, 0x6e, 0xde, 0x6e, 0xdf, 0x6e, 0xdf, 0x6e, 0xdf, 0x6e, 0xde, 0x6e, 
    0xdf, 0x6e, 0xdf, 0x6e, 0xde, 0x6e, 0xbe, 0x6e, 0xbe, 0x6e, 0xbe, 0x6e, 
    0xbe, 0x6e, 0xbe, 0x6e, 0xbe, 0x6e, 0xbe, 0x6e, 0xbe, 0x6e, 0xbe, 0x6e, 
    0xbe, 0x6e, 0xde, 0x6e, 0xdf, 0x6e, 0xdf, 0x6e, 0xdf, 0x6e, 0xdf, 0x6e, 
    0xff, 0x76, 0xdf, 0x76, 0xff, 0x76, 0xff, 0x76, 0xff, 0x76, 0xff, 0x76, 
    0xdf, 0x6e, 0xdf, 0x6e, 0xdf, 0x6e, 0xdf, 0x6e, 0xdf, 0x6e, 0xdf, 0x6e, 
    0xdf, 0x6e, 0xdf, 0x6e, 0xff, 0x6e, 0xff, 0x6e, 0xff, 0x76, 0xdf, 0x76, 
    0xff, 0x76, 0xdf, 0x76, 0xff, 0x76, 0xff, 0x76, 0xff, 0x76, 0xff, 0x76, 
    0xff, 0x76, 0xdf, 0x6e, 0xdf, 0x76, 0xff, 0x76, 0xff, 0x76, 0xdf, 0x6e, 
    0xdf, 0x6e, 0xdf, 0x76, 0xff, 0x76, 0xff, 0x76, 0xdf, 0x76, 0xff, 0x76, 
    0xde, 0x76, 0xdf, 0x6e, 0xdf, 0x6e, 0xff, 0x6e, 0xdf, 0x76, 0xff, 0x6e, 
    0xff, 0x6e, 0xff, 0x76, 0xdf, 0x6e, 0xff, 0x76, 0xdf, 0x6e, 0xdf, 0x76, 
    0xde, 0x76, 0xdf, 0x76, 0xdf, 0x76, 0xde, 0x6e, 0xff, 0x76, 0xdf, 0x6e, 
    0xdf, 0x76, 0xdf, 0x76, 0xdf, 0x76, 0xdf, 0x76, 0xff, 0x76, 0xdf, 0x76, 
    0xdf, 0x6e, 0xdf, 0x6e, 0xdf, 0x76, 0xdf, 0x76, 0xff, 0x76, 0xff, 0x76, 
    0xff, 0x76, 0xff, 0x76, 0xdf, 0x76, 0xff, 0x76, 0xff, 0x76, 0xff, 0x76, 
    0xff, 0x76, 0xff, 0x76, 0xff, 0x76, 0xff, 0x76, 0xff, 0x76, 0xff, 0x76, 
    0xff, 0x76, 0xff, 0x76, 0xff, 0x76, 0xff, 0x76, 0xff, 0x76, 0xff, 0x76, 
    0xff, 0x76, 0xff, 0x76, 0xff, 0x76, 0xff, 0x76, 0xff, 0x76, 0xff, 0x76, 
    0xdf, 0x76, 0xdf, 0x76, 0xdf, 0x76, 0xff, 0x76, 0xff, 0x76, 0xff, 0x76, 
    0xff, 0x76, 0xff, 0x76, 0xff, 0x76, 0xdf, 0x76, 0xdf, 0x76, 0xdf, 0x76, 
    0xdf, 0x76, 0xde, 0x76, 0xde, 0x76, 0xdf, 0x76, 0xdf, 0x76, 0xde, 0x76, 
    0xdf, 0x76, 0xde, 0x76, 0xdf, 0x76, 0xdf, 0x76, 0xde, 0x76, 0xde, 0x76, 
    0xde, 0x76, 0xde, 0x76, 0xde, 0x76, 0xdf, 0x76, 0xdf, 0x76, 0xde, 0x76, 
    0xdf, 0x76, 0xdf, 0x76, 0xde, 0x76, 0xdf, 0x76, 0xfe, 0x76, 0xff, 0x76, 
    0xff, 0x76, 0xdf, 0x76, 0xde, 0x76, 0xde, 0x76, 0xde, 0x76, 0xde, 0x76, 
    0xde, 0x76, 0xdf, 0x76, 0xde, 0x76, 0xdf, 0x76, 0xdf, 0x76, 0xdf, 0x76, 
    0xdf, 0x76, 0xdf, 0x76, 0xde, 0x76, 0xde, 0x76, 0xdf, 0x76, 0xfe, 0x76, 
    0xde, 0x76, 0xdf, 0x76, 0xff, 0x76, 0xff, 0x7e, 0xff, 0x7e, 0xff, 0x7e, 
    0xff, 0x7e, 0xff, 0x7e, 0xdf, 0x7e, 0xff, 0x7e, 0xff, 0x7e, 0xff, 0x7e, 
    0xff, 0x7e, 0xdf, 0x7e, 0xff, 0x7e, 0xfe, 0x76, 0xdf, 0x76, 0xff, 0x76, 
    0xfe, 0x76, 0xfe, 0x76, 0xdf, 0x7e, 0xdf, 0x7e, 0xff, 0x76, 0xff, 0x76, 
    0xff, 0x76, 0xdf, 0x76, 0xde, 0x76, 0xff, 0x76, 0xff, 0x76, 0xdf, 0x76, 
    0xfe, 0x76, 0xdf, 0x76, 0xff, 0x76, 0xff, 0x76, 0xff, 0x76, 0xdf, 0x76, 
    0xdf, 0x76, 0xde, 0x76, 0xdf, 0x76, 0xff, 0x76, 0xdf, 0x76, 0xde, 0x76, 
    0xde, 0x76, 0xde, 0x7e, 0xde, 0x7e, 0xfe, 0x7e, 0xde, 0x7e, 0xdf, 0x7e, 
    0xde, 0x7e, 0xfe, 0x7e, 0xde, 0x7e, 0xdf, 0x76, 0xde, 0x76, 0xdf, 0x76, 
    0xdf, 0x6e, 0xdf, 0x6e, 0xff, 0x6e, 0xff, 0x6e, 0xdf, 0x6e, 0xff, 0x6e, 
    0xff, 0x6e, 0xdf, 0x6e, 0xdf, 0x6e, 0xdf, 0x6e, 0xdf, 0x6e, 0xff, 0x6e, 
    0xff, 0x6e, 0xde, 0x6e, 0xde, 0x6e, 0xdf, 0x6e, 0xde, 0x6e, 0xde, 0x6e, 
    0xde, 0x6e, 0xdf, 0x6e, 0xdf, 0x6e, 0xde, 0x6e, 0xde, 0x6e, 0xdf, 0x6e, 
    0xdf, 0x6e, 0xde, 0x6e, 0xde, 0x6e, 0xde, 0x6e, 0xbe, 0x6e, 0xbe, 0x6e, 
    0xbe, 0x6e, 0xbe, 0x6e, 0xbe, 0x6e, 0xbe, 0x6e, 0xbe, 0x6e, 0xbe, 0x6e, 
    0xbe, 0x6e, 0xde, 0x6e, 0xde, 0x6e, 0xdf, 0x6e, 0xdf, 0x6e, 0xdf, 0x6e, 
    0xdf, 0x76, 0xff, 0x76, 0xff, 0x76, 0xff, 0x76, 0xff, 0x76, 0xff, 0x6e, 
    0xff, 0x6e, 0xdf, 0x6e, 0xff, 0x76, 0xff, 0x76, 0xdf, 0x6e, 0xdf, 0x76, 
    0xff, 0x6e, 0xff, 0x6e, 0xff, 0x6e, 0xff, 0x76, 0xdf, 0x6e, 0xff, 0x76, 
    0xff, 0x76, 0xff, 0x76, 0xff, 0x76, 0xff, 0x76, 0xff, 0x76, 0xff, 0x76, 
    0xff, 0x76, 0xff, 0x76, 0xff, 0x76, 0xff, 0x76, 0xff, 0x76, 0xdf, 0x76, 
    0xdf, 0x76, 0xff, 0x76, 0xff, 0x76, 0xff, 0x76, 0xdf, 0x6e, 0xdf, 0x76, 
    0xdf, 0x76, 0xdf, 0x76, 0xff, 0x76, 0xdf, 0x76, 0xdf, 0x76, 0xdf, 0x6e, 
    0xff, 0x76, 0xdf, 0x6e, 0xff, 0x76, 0xff, 0x76, 0xff, 0x76, 0xff, 0x76, 
    0xff, 0x76, 0xff, 0x76, 0xff, 0x76, 0xff, 0x76, 0xdf, 0x76, 0xff, 0x76, 
    0xff, 0x6e, 0xff, 0x76, 0xff, 0x76, 0xff, 0x76, 0xdf, 0x76, 0xff, 0x76, 
    0xde, 0x6e, 0xdf, 0x6e, 0xdf, 0x76, 0xdf, 0x76, 0xff, 0x76, 0xff, 0x76, 
    0xff, 0x76, 0xff, 0x76, 0xff, 0x76, 0xdf, 0x76, 0xff, 0x76, 0xff, 0x76, 
    0xff, 0x76, 0xff, 0x76, 0xff, 0x76, 0xff, 0x76, 0xff, 0x76, 0xff, 0x76, 
    0xff, 0x76, 0xff, 0x76, 0xff, 0x76, 0xff, 0x76, 0xff, 0x76, 0xff, 0x76, 
    0xff, 0x76, 0xff, 0x76, 0xff, 0x76, 0xfe, 0x76, 0xff, 0x76, 0xdf, 0x76, 
    0xfe, 0x76, 0xdf, 0x76, 0xdf, 0x76, 0xff, 0x76, 0xdf, 0x76, 0xff, 0x76, 
    0xff, 0x76, 0xff, 0x76, 0xff, 0x76, 0xff, 0x76, 0xdf, 0x76, 0xff, 0x76, 
    0xfe, 0x76, 0xdf, 0x76, 0xdf, 0x76, 0xde, 0x76, 0xfe, 0x76, 0xdf, 0x76, 
    0xde, 0x76, 0xdf, 0x76, 0xdf, 0x76, 0xff, 0x76, 0xfe, 0x76, 0xde, 0x76, 
    0xde, 0x76, 0xdf, 0x76, 0xff, 0x76, 0xff, 0x76, 0xff, 0x76, 0xdf, 0x76, 
    0xfe, 0x76, 0xde, 0x76, 0xde, 0x76, 0xde, 0x76, 0xdf, 0x76, 0xff, 0x76, 
    0xff, 0x76, 0xfe, 0x76, 0xde, 0x76, 0xdf, 0x76, 0xde, 0x76, 0xde, 0x76, 
    0xde, 0x76, 0xdf, 0x76, 0xde, 0x76, 0xde, 0x76, 0xdf, 0x76, 0xdf, 0x76, 
    0xde, 0x76, 0xde, 0x76, 0xdf, 0x76, 0xde, 0x76, 0xfe, 0x76, 0xfe, 0x76, 
    0xdf, 0x76, 0xff, 0x76, 0xff, 0x76, 0xff, 0x7e, 0xdf, 0x7e, 0xfe, 0x7e, 
    0xff, 0x7e, 0xfe, 0x76, 0xff, 0x7e, 0xfe, 0x7e, 0xff, 0x7e, 0xff, 0x76, 
    0xff, 0x76, 0xfe, 0x7e, 0xde, 0x76, 0xdf, 0x76, 0xde, 0x76, 0xfe, 0x76, 
    0xde, 0x76, 0xdf, 0x76, 0xde, 0x76, 0xdf, 0x76, 0xdf, 0x76, 0xde, 0x76, 
    0xdf, 0x76, 0xff, 0x76, 0xdf, 0x76, 0xff, 0x76, 0xfe, 0x76, 0xff, 0x76, 
    0xff, 0x76, 0xfe, 0x7e, 0xfe, 0x7e, 0xff, 0x76, 0xdf, 0x76, 0xfe, 0x76, 
    0xfe, 0x76, 0xff, 0x76, 0xff, 0x76, 0xfe, 0x76, 0xfe, 0x76, 0xde, 0x76, 
    0xde, 0x76, 0xde, 0x7e, 0xde, 0x7e, 0xff, 0x7e, 0xfe, 0x7e, 0xfe, 0x7e, 
    0xfe, 0x7e, 0xff, 0x7e, 0xde, 0x7e, 0xde, 0x7e, 0xdf, 0x7e, 0xde, 0x7e, 
    0xdf, 0x6e, 0xdf, 0x6e, 0xdf, 0x6e, 0xff, 0x6e, 0xff, 0x6e, 0xdf, 0x6e, 
    0xff, 0x6e, 0xdf, 0x6e, 0xdf, 0x6e, 0xff, 0x6e, 0xdf, 0x6e, 0xff, 0x6e, 
    0xff, 0x6e, 0xff, 0x76, 0xde, 0x6e, 0xdf, 0x6e, 0xfe, 0x6e, 0xde, 0x6e, 
    0xde, 0x6e, 0xdf, 0x6e, 0xdf, 0x6e, 0xdf, 0x6e, 0xdf, 0x6e, 0xde, 0x6e, 
    0xde, 0x6e, 0xbe, 0x6e, 0xbe, 0x6e, 0xde, 0x6e, 0xbe, 0x6e, 0xbe, 0x6e, 
    0xbe, 0x6e, 0xde, 0x6e, 0xde, 0x6e, 0xbe, 0x6e, 0xbe, 0x6e, 0xbe, 0x6e, 
    0xbe, 0x6e, 0xde, 0x6e, 0xde, 0x6e, 0xdf, 0x6e, 0xdf, 0x6e, 0xdf, 0x76, 
    0xdf, 0x76, 0xff, 0x76, 0xff, 0x76, 0xdf, 0x76, 0xff, 0x76, 0xdf, 0x76, 
    0xdf, 0x6e, 0xff, 0x76, 0xdf, 0x76, 0xdf, 0x76, 0xdf, 0x76, 0xde, 0x76, 
    0xdf, 0x76, 0xff, 0x6e, 0xdf, 0x76, 0xff, 0x76, 0xff, 0x76, 0xff, 0x76, 
    0xff, 0x76, 0xff, 0x76, 0xff, 0x76, 0xff, 0x76, 0xff, 0x76, 0xff, 0x76, 
    0xff, 0x76, 0xdf, 0x76, 0xff, 0x76, 0xdf, 0x76, 0xdf, 0x76, 0xdf, 0x6e, 
    0xff, 0x76, 0xff, 0x76, 0xff, 0x76, 0xff, 0x76, 0xff, 0x76, 0xff, 0x76, 
    0xff, 0x76, 0xdf, 0x76, 0xff, 0x76, 0xdf, 0x76, 0xdf, 0x76, 0xdf, 0x76, 
    0xdf, 0x76, 0xff, 0x76, 0xff, 0x76, 0xff, 0x76, 0xff, 0x76, 0xff, 0x76, 
    0xff, 0x76, 0xff, 0x76, 0xff, 0x76, 0xff, 0x76, 0xff, 0x76, 0xff, 0x76, 
    0xff, 0x76, 0xff, 0x76, 0xff, 0x76, 0xff, 0x76, 0xff, 0x76, 0xff, 0x76, 
    0xff, 0x76, 0xff, 0x6e, 0xff, 0x76, 0xdf, 0x76, 0xff, 0x76, 0xff, 0x76, 
    0xff, 0x76, 0xff, 0x76, 0xff, 0x76, 0xff, 0x76, 0xff, 0x76, 0xff, 0x76, 
    0xff, 0x76, 0xff, 0x76, 0xff, 0x76, 0xff, 0x76, 0xff, 0x76, 0xff, 0x76, 
    0xff, 0x76, 0xff, 0x76, 0xff, 0x76, 0xff, 0x76, 0xff, 0x76, 0xff, 0x76, 
    0xff, 0x76, 0xff, 0x76, 0xff, 0x76, 0xff, 0x76, 0xff, 0x76, 0xff, 0x76, 
    0xff, 0x76, 0xff, 0x76, 0xff, 0x76, 0xff, 0x76, 0xff, 0x76, 0xff, 0x76, 
    0xff, 0x76, 0xdf, 0x76, 0xff, 0x76, 0xff, 0x76, 0xdf, 0x76, 0xdf, 0x76, 
    0xde, 0x76, 0xff, 0x76, 0xff, 0x76, 0xff, 0x76, 0xfe, 0x76, 0xff, 0x76, 
    0xfe, 0x76, 0xff, 0x76, 0xff, 0x76, 0xff, 0x76, 0xff, 0x76, 0xdf, 0x76, 
    0xdf, 0x76, 0xdf, 0x76, 0xdf, 0x76, 0xff, 0x76, 0xff, 0x76, 0xff, 0x76, 
    0xff, 0x76, 0xfe, 0x76, 0xfe, 0x76, 0xfe, 0x76, 0xff, 0x76, 0xfe, 0x76, 
    0xff, 0x7e, 0xdf, 0x7e, 0xff, 0x7e, 0xdf, 0x76, 0xde, 0x76, 0xdf, 0x76, 
    0xff, 0x76, 0xde, 0x76, 0xdf, 0x76, 0xdf, 0x76, 0xdf, 0x76, 0xde, 0x76, 
    0xde, 0x76, 0xdf, 0x76, 0xde, 0x76, 0xff, 0x76, 0xdf, 0x76, 0xff, 0x76, 
    0xff, 0x76, 0xff, 0x76, 0xff, 0x76, 0xff, 0x7e, 0xfe, 0x7e, 0xde, 0x7e, 
    0xff, 0x7e, 0xff, 0x7e, 0xff, 0x7e, 0xfe, 0x7e, 0xff, 0x7e, 0xdf, 0x7e, 
    0xff, 0x7e, 0xff, 0x7e, 0xff, 0x7e, 0xdf, 0x76, 0xde, 0x76, 0xdf, 0x76, 
    0xde, 0x76, 0xde, 0x76, 0xdf, 0x7e, 0xdf, 0x76, 0xdf, 0x76, 0xde, 0x76, 
    0xff, 0x76, 0xff, 0x76, 0xdf, 0x76, 0xdf, 0x76, 0xff, 0x76, 0xff, 0x76, 
    0xff, 0x7e, 0xff, 0x7e, 0xfe, 0x7e, 0xfe, 0x7e, 0xfe, 0x76, 0xfe, 0x76, 
    0xfe, 0x76, 0xff, 0x76, 0xfe, 0x76, 0xff, 0x7e, 0xfe, 0x76, 0xde, 0x76, 
    0xdf, 0x7e, 0xfe, 0x7e, 0xdf, 0x7e, 0xfe, 0x7e, 0xff, 0x7e, 0xfe, 0x7e, 
    0xfe, 0x7e, 0xde, 0x7e, 0xdf, 0x7e, 0xfe, 0x7e, 0xdf, 0x7e, 0xfe, 0x7e, 
    0xdf, 0x6e, 0xdf, 0x6e, 0xdf, 0x6e, 0xff, 0x6e, 0xdf, 0x6e, 0xff, 0x6e, 
    0xdf, 0x6e, 0xdf, 0x6e, 0xdf, 0x6e, 0xdf, 0x6e, 0xdf, 0x6e, 0xdf, 0x6e, 
    0xde, 0x6e, 0xde, 0x6e, 0xdf, 0x6e, 0xff, 0x6e, 0xff, 0x6e, 0xdf, 0x6e, 
    0xdf, 0x6e, 0xde, 0x6e, 0xdf, 0x6e, 0xdf, 0x6e, 0xde, 0x6e, 0xde, 0x6e, 
    0xde, 0x6e, 0xde, 0x6e, 0xde, 0x6e, 0xde, 0x6e, 0xde, 0x6e, 0xbe, 0x6e, 
    0xbe, 0x6e, 0xbe, 0x6e, 0xbe, 0x6e, 0xbe, 0x6e, 0xbe, 0x76, 0xbe, 0x76, 
    0xbe, 0x6e, 0xde, 0x6e, 0xde, 0x76, 0xde, 0x6e, 0xdf, 0x6e, 0xdf, 0x6e, 
    0xff, 0x76, 0xff, 0x76, 0xff, 0x76, 0xff, 0x76, 0xff, 0x76, 0xdf, 0x76, 
    0xff, 0x76, 0xfe, 0x76, 0xdf, 0x76, 0xde, 0x76, 0xdf, 0x76, 0xdf, 0x76, 
    0xdf, 0x76, 0xff, 0x76, 0xdf, 0x76, 0xdf, 0x76, 0xde, 0x6e, 0xdf, 0x76, 
    0xff, 0x76, 0xff, 0x76, 0xff, 0x76, 0xff, 0x76, 0xff, 0x76, 0xff, 0x76, 
    0xff, 0x76, 0xdf, 0x76, 0xdf, 0x76, 0xdf, 0x76, 0xdf, 0x76, 0xff, 0x76, 
    0xff, 0x76, 0xdf, 0x76, 0xff, 0x76, 0xff, 0x76, 0xff, 0x76, 0xff, 0x76, 
    0xff, 0x76, 0xff, 0x76, 0xdf, 0x76, 0xfe, 0x76, 0xff, 0x76, 0xfe, 0x76, 
    0xff, 0x76, 0xff, 0x76, 0xff, 0x76, 0xff, 0x76, 0xff, 0x76, 0xff, 0x76, 
    0xff, 0x76, 0xff, 0x76, 0xff, 0x76, 0xff, 0x76, 0xff, 0x76, 0xdf, 0x76, 
    0xff, 0x76, 0xff, 0x76, 0xff, 0x76, 0xff, 0x76, 0xdf, 0x76, 0xff, 0x76, 
    0xff, 0x76, 0xff, 0x76, 0xff, 0x76, 0xff, 0x76, 0xff, 0x76, 0xff, 0x76, 
    0xff, 0x76, 0xff, 0x76, 0xff, 0x76, 0xff, 0x76, 0xdf, 0x76, 0xfe, 0x76, 
    0xff, 0x76, 0xff, 0x76, 0xff, 0x76, 0xfe, 0x76, 0xff, 0x76, 0xff, 0x76, 
    0xff, 0x76, 0xff, 0x76, 0xff, 0x76, 0xff, 0x76, 0xff, 0x76, 0xff, 0x76, 
    0xff, 0x76, 0xff, 0x76, 0xff, 0x76, 0xff, 0x76, 0xff, 0x76, 0xff, 0x76, 
    0xfe, 0x76, 0xff, 0x76, 0xff, 0x76, 0xff, 0x76, 0xff, 0x76, 0xff, 0x76, 
    0xfe, 0x76, 0xdf, 0x76, 0xff, 0x76, 0xff, 0x76, 0xff, 0x76, 0xfe, 0x76, 
    0xfe, 0x76, 0xff, 0x76, 0xdf, 0x76, 0xff, 0x76, 0xff, 0x7e, 0xff, 0x76, 
    0xff, 0x76, 0xff, 0x76, 0xff, 0x76, 0xff, 0x76, 0xff, 0x76, 0xfe, 0x76, 
    0xff, 0x76, 0xff, 0x76, 0xff, 0x76, 0xff, 0x76, 0xde, 0x76, 0xff, 0x76, 
    0xff, 0x76, 0xff, 0x76, 0xff, 0x76, 0xff, 0x76, 0xff, 0x76, 0xff, 0x7e, 
    0xfe, 0x7e, 0xff, 0x7e, 0xfe, 0x7e, 0xdf, 0x7e, 0xfe, 0x76, 0xdf, 0x76, 
    0xdf, 0x76, 0xde, 0x76, 0xde, 0x76, 0xdf, 0x76, 0xdf, 0x76, 0xdf, 0x76, 
    0xdf, 0x76, 0xde, 0x76, 0xde, 0x76, 0xde, 0x76, 0xdf, 0x76, 0xfe, 0x76, 
    0xdf, 0x76, 0xfe, 0x76, 0xff, 0x7e, 0xdf, 0x7e, 0xfe, 0x7e, 0xfe, 0x7e, 
    0xdf, 0x7e, 0xff, 0x7e, 0xfe, 0x7e, 0xff, 0x7e, 0xff, 0x7e, 0xff, 0x7e, 
    0xfe, 0x7e, 0xdf, 0x7e, 0xfe, 0x7e, 0xff, 0x7e, 0xfe, 0x7e, 0xdf, 0x7e, 
    0xdf, 0x7e, 0xdf, 0x7e, 0xfe, 0x7e, 0xdf, 0x76, 0xde, 0x7e, 0xde, 0x76, 
    0xde, 0x76, 0xff, 0x76, 0xdf, 0x76, 0xde, 0x76, 0xfe, 0x76, 0xfe, 0x76, 
    0xff, 0x7e, 0xfe, 0x7e, 0xfe, 0x7e, 0xdf, 0x7e, 0xde, 0x7e, 0xfe, 0x7e, 
    0xff, 0x76, 0xff, 0x7e, 0xff, 0x76, 0xff, 0x76, 0xfe, 0x76, 0xfe, 0x7e, 
    0xff, 0x7e, 0xfe, 0x7e, 0xde, 0x7e, 0xde, 0x7e, 0xfe, 0x7e, 0xfe, 0x7e, 
    0xff, 0x7e, 0xff, 0x7e, 0xfe, 0x7e, 0xff, 0x7e, 0xff, 0x7e, 0xff, 0x7e, 
    0xdf, 0x6e, 0xdf, 0x6e, 0xdf, 0x6e, 0xff, 0x6e, 0xff, 0x6e, 0xff, 0x6e, 
    0xdf, 0x6e, 0xdf, 0x6e, 0xdf, 0x6e, 0xdf, 0x6e, 0xdf, 0x6e, 0xde, 0x6e, 
    0xdf, 0x6e, 0xdf, 0x6e, 0xde, 0x6e, 0xdf, 0x6e, 0xff, 0x6e, 0xdf, 0x6e, 
    0xde, 0x6e, 0xdf, 0x6e, 0xdf, 0x6e, 0xdf, 0x6e, 0xde, 0x6e, 0xde, 0x6e, 
    0xdf, 0x6e, 0xde, 0x6e, 0xde, 0x6e, 0xbe, 0x6e, 0xbe, 0x6e, 0xbe, 0x6e, 
    0xbe, 0x6e, 0xde, 0x6e, 0xbe, 0x6e, 0xbe, 0x76, 0xbe, 0x76, 0xbe, 0x76, 
    0xde, 0x76, 0xbe, 0x76, 0xde, 0x6e, 0xde, 0x6e, 0xdf, 0x76, 0xdf, 0x76, 
    0xdf, 0x76, 0xff, 0x76, 0xff, 0x76, 0xff, 0x76, 0xfe, 0x76, 0xff, 0x76, 
    0xff, 0x76, 0xde, 0x76, 0xde, 0x76, 0xde, 0x76, 0xde, 0x76, 0xdf, 0x76, 
    0xde, 0x76, 0xdf, 0x76, 0xdf, 0x76, 0xdf, 0x6e, 0xff, 0x76, 0xff, 0x76, 
    0xff, 0x76, 0xff, 0x76, 0xff, 0x76, 0xff, 0x76, 0xff, 0x76, 0xff, 0x76, 
    0xff, 0x76, 0xff, 0x76, 0xdf, 0x76, 0xdf, 0x76, 0xff, 0x76, 0xff, 0x76, 
    0xdf, 0x76, 0xdf, 0x76, 0xff, 0x76, 0xff, 0x76, 0xff, 0x76, 0xff, 0x76, 
    0xff, 0x76, 0xff, 0x76, 0xdf, 0x76, 0xff, 0x76, 0xff, 0x76, 0xdf, 0x76, 
    0xfe, 0x76, 0xff, 0x76, 0xff, 0x76, 0xff, 0x76, 0xff, 0x76, 0xff, 0x76, 
    0xff, 0x76, 0xff, 0x76, 0xff, 0x76, 0xff, 0x76, 0xff, 0x76, 0xff, 0x76, 
    0xff, 0x76, 0xde, 0x76, 0xdf, 0x76, 0xff, 0x76, 0xff, 0x76, 0xff, 0x76, 
    0xff, 0x76, 0xff, 0x76, 0xff, 0x76, 0xff, 0x76, 0xff, 0x76, 0xff, 0x76, 
    0xff, 0x76, 0xff, 0x76, 0xff, 0x76, 0xff, 0x76, 0xff, 0x76, 0xff, 0x76, 
    0xff, 0x76, 0xff, 0x76, 0xff, 0x76, 0xff, 0x76, 0xfe, 0x76, 0xff, 0x76, 
    0xff, 0x76, 0xff, 0x76, 0xfe, 0x76, 0xdf, 0x76, 0xff, 0x76, 0xff, 0x76, 
    0xff, 0x76, 0xff, 0x76, 0xff, 0x76, 0xff, 0x76, 0xff, 0x76, 0xff, 0x76, 
    0xff, 0x76, 0xff, 0x76, 0xff, 0x76, 0xff, 0x76, 0xff, 0x76, 0xff, 0x76, 
    0xff, 0x76, 0xff, 0x76, 0xff, 0x76, 0xff, 0x76, 0xff, 0x76, 0xdf, 0x76, 
    0xde, 0x76, 0xfe, 0x76, 0xff, 0x76, 0xff, 0x76, 0xff, 0x7e, 0xff, 0x7e, 
    0xfe, 0x76, 0xff, 0x76, 0xff, 0x76, 0xff, 0x76, 0xff, 0x76, 0xff, 0x76, 
    0xff, 0x76, 0xff, 0x76, 0xff, 0x76, 0xfe, 0x76, 0xff, 0x7e, 0xff, 0x76, 
    0xff, 0x76, 0xff, 0x76, 0xff, 0x76, 0xff, 0x76, 0xff, 0x76, 0xff, 0x7e, 
    0xff, 0x7e, 0xff, 0x7e, 0xdf, 0x7e, 0xff, 0x7e, 0xdf, 0x76, 0xde, 0x76, 
    0xde, 0x76, 0xdf, 0x76, 0xdf, 0x76, 0xde, 0x76, 0xdf, 0x76, 0xde, 0x76, 
    0xde, 0x76, 0xde, 0x76, 0xde, 0x76, 0xde, 0x76, 0xde, 0x76, 0xff, 0x76, 
    0xfe, 0x76, 0xdf, 0x76, 0xff, 0x7e, 0xff, 0x7e, 0xff, 0x7e, 0xff, 0x7e, 
    0xfe, 0x7e, 0xff, 0x7e, 0xde, 0x7e, 0xff, 0x7e, 0xff, 0x7e, 0xff, 0x7e, 
    0xdf, 0x7e, 0xff, 0x7e, 0xff, 0x7e, 0xfe, 0x7e, 0xdf, 0x7e, 0xff, 0x7e, 
    0xfe, 0x7e, 0xdf, 0x7e, 0xdf, 0x7e, 0xde, 0x7e, 0xdf, 0x7e, 0xfe, 0x7e, 
    0xdf, 0x76, 0xde, 0x76, 0xfe, 0x76, 0xde, 0x76, 0xfe, 0x76, 0xfe, 0x76, 
    0xfe, 0x7e, 0xff, 0x7e, 0xff, 0x7e, 0xfe, 0x7e, 0xfe, 0x7e, 0xff, 0x7e, 
    0xfe, 0x7e, 0xff, 0x7e, 0xff, 0x7e, 0xff, 0x7e, 0xfe, 0x7e, 0xff, 0x7e, 
    0xfe, 0x7e, 0xfe, 0x7e, 0xfe, 0x7e, 0xfe, 0x7e, 0xff, 0x7e, 0xff, 0x7e, 
    0xfe, 0x7e, 0xfe, 0x7e, 0xff, 0x7e, 0xff, 0x7e, 0xff, 0x7e, 0xff, 0x7e, 
    0xdf, 0x6e, 0xde, 0x6e, 0xdf, 0x6e, 0xff, 0x76, 0xff, 0x76, 0xdf, 0x6e, 
    0xff, 0x6e, 0xde, 0x6e, 0xdf, 0x6e, 0xdf, 0x6e, 0xdf, 0x6e, 0xdf, 0x6e, 
    0xdf, 0x6e, 0xde, 0x6e, 0xde, 0x6e, 0xdf, 0x6e, 0xff, 0x6e, 0xdf, 0x6e, 
    0xff, 0x6e, 0xff, 0x6e, 0xdf, 0x6e, 0xdf, 0x6e, 0xdf, 0x6e, 0xde, 0x6e, 
    0xde, 0x6e, 0xde, 0x6e, 0xde, 0x6e, 0xde, 0x6e, 0xbe, 0x6e, 0xbe, 0x6e, 
    0xbe, 0x6e, 0xde, 0x6e, 0xde, 0x6e, 0xde, 0x76, 0xde, 0x76, 0xde, 0x76, 
    0xde, 0x76, 0xde, 0x76, 0xbe, 0x6e, 0xdf, 0x76, 0xdf, 0x6e, 0xdf, 0x6e, 
    0xdf, 0x76, 0xdf, 0x76, 0xff, 0x76, 0xff, 0x76, 0xff, 0x76, 0xff, 0x76, 
    0xff, 0x76, 0xdf, 0x76, 0xde, 0x76, 0xde, 0x76, 0xde, 0x76, 0xdf, 0x76, 
    0xde, 0x76, 0xde, 0x76, 0xdf, 0x76, 0xff, 0x76, 0xff, 0x76, 0xdf, 0x76, 
    0xff, 0x76, 0xff, 0x76, 0xff, 0x76, 0xff, 0x76, 0xff, 0x76, 0xff, 0x76, 
    0xfe, 0x76, 0xdf, 0x76, 0xff, 0x76, 0xff, 0x76, 0xdf, 0x76, 0xff, 0x76, 
    0xff, 0x76, 0xdf, 0x76, 0xff, 0x76, 0xff, 0x76, 0xff, 0x76, 0xff, 0x76, 
    0xff, 0x76, 0xff, 0x76, 0xff, 0x76, 0xff, 0x76, 0xff, 0x76, 0xdf, 0x76, 
    0xff, 0x76, 0xff, 0x76, 0xff, 0x76, 0xff, 0x76, 0xff, 0x76, 0xff, 0x76, 
    0xff, 0x76, 0xff, 0x76, 0xff, 0x76, 0xff, 0x76, 0xff, 0x76, 0xff, 0x76, 
    0xdf, 0x76, 0xdf, 0x76, 0xdf, 0x76, 0xdf, 0x76, 0xdf, 0x76, 0xff, 0x76, 
    0xff, 0x76, 0xff, 0x76, 0xff, 0x76, 0xff, 0x76, 0xff, 0x76, 0xff, 0x76, 
    0xff, 0x76, 0xff, 0x76, 0xff, 0x76, 0xff, 0x76, 0xff, 0x76, 0xff, 0x76, 
    0xff, 0x76, 0xff, 0x76, 0xff, 0x76, 0xff, 0x76, 0xff, 0x76, 0xff, 0x76, 
    0xff, 0x76, 0xff, 0x76, 0xff, 0x76, 0xdf, 0x76, 0xfe, 0x76, 0xdf, 0x76, 
    0xff, 0x76, 0xff, 0x76, 0xff, 0x76, 0xff, 0x76, 0xff, 0x76, 0xff, 0x76, 
    0xff, 0x76, 0xff, 0x76, 0xff, 0x76, 0xff, 0x76, 0xff, 0x76, 0xff, 0x76, 
    0xff, 0x76, 0xff, 0x76, 0xff, 0x76, 0xff, 0x76, 0xff, 0x76, 0xff, 0x76, 
    0xfe, 0x76, 0xff, 0x76, 0xff, 0x7e, 0xff, 0x7e, 0xff, 0x7e, 0xff, 0x7e, 
    0xff, 0x7e, 0xff, 0x7e, 0xff, 0x76, 0xff, 0x76, 0xff, 0x76, 0xff, 0x76, 
    0xff, 0x76, 0xff, 0x76, 0xff, 0x76, 0xff, 0x76, 0xff, 0x76, 0xff, 0x76, 
    0xff, 0x76, 0xff, 0x76, 0xff, 0x7e, 0xff, 0x76, 0xff, 0x76, 0xff, 0x7e, 
    0xff, 0x7e, 0xfe, 0x7e, 0xff, 0x7e, 0xdf, 0x7e, 0xdf, 0x76, 0xdf, 0x76, 
    0xdf, 0x7e, 0xdf, 0x76, 0xdf, 0x76, 0xdf, 0x76, 0xdf, 0x76, 0xdf, 0x76, 
    0xde, 0x76, 0xde, 0x76, 0xfe, 0x76, 0xde, 0x76, 0xdf, 0x76, 0xfe, 0x76, 
    0xff, 0x76, 0xff, 0x7e, 0xff, 0x7e, 0xff, 0x7e, 0xff, 0x7e, 0xff, 0x7e, 
    0xff, 0x7e, 0xff, 0x7e, 0xfe, 0x7e, 0xff, 0x7e, 0xff, 0x7e, 0xff, 0x7e, 
    0xff, 0x7e, 0xff, 0x7e, 0xff, 0x7e, 0xff, 0x7e, 0xff, 0x7e, 0xff, 0x7e, 
    0xff, 0x7e, 0xff, 0x7e, 0xdf, 0x7e, 0xdf, 0x7e, 0xdf, 0x7e, 0xfe, 0x7e, 
    0xdf, 0x7e, 0xde, 0x76, 0xfe, 0x76, 0xde, 0x76, 0xde, 0x7e, 0xde, 0x76, 
    0xfe, 0x7e, 0xfe, 0x7e, 0xfe, 0x7e, 0xfe, 0x7e, 0xfe, 0x7e, 0xfe, 0x7e, 
    0xfe, 0x7e, 0xff, 0x7e, 0xfe, 0x7e, 0xff, 0x7e, 0xff, 0x7e, 0xff, 0x7e, 
    0xfe, 0x7e, 0xfe, 0x7e, 0xfe, 0x7e, 0xfe, 0x7e, 0xfe, 0x7e, 0xfe, 0x7e, 
    0xfe, 0x7e, 0xfe, 0x7e, 0xfe, 0x7e, 0xfe, 0x7e, 0xff, 0x7e, 0xff, 0x7e, 
    0xdf, 0x6e, 0xdf, 0x6e, 0xff, 0x76, 0xff, 0x76, 0xff, 0x76, 0xdf, 0x6e, 
    0xdf, 0x6e, 0xdf, 0x76, 0xde, 0x76, 0xdf, 0x6e, 0xde, 0x6e, 0xdf, 0x76, 
    0xfe, 0x6e, 0xdf, 0x6e, 0xde, 0x76, 0xdf, 0x6e, 0xff, 0x76, 0xff, 0x6e, 
    0xff, 0x6e, 0xff, 0x6e, 0xdf, 0x6e, 0xdf, 0x6e, 0xdf, 0x6e, 0xde, 0x6e, 
    0xde, 0x6e, 0xde, 0x6e, 0xde, 0x6e, 0xde, 0x6e, 0xde, 0x6e, 0xde, 0x6e, 
    0xde, 0x6e, 0xde, 0x6e, 0xde, 0x76, 0xdf, 0x76, 0xde, 0x76, 0xde, 0x76, 
    0xde, 0x76, 0xde, 0x76, 0xde, 0x76, 0xdf, 0x76, 0xde, 0x76, 0xdf, 0x76, 
    0xff, 0x76, 0xff, 0x76, 0xff, 0x76, 0xff, 0x76, 0xff, 0x76, 0xfe, 0x76, 
    0xff, 0x76, 0xfe, 0x76, 0xdf, 0x76, 0xde, 0x76, 0xde, 0x76, 0xde, 0x76, 
    0xde, 0x76, 0xde, 0x76, 0xdf, 0x76, 0xff, 0x76, 0xff, 0x76, 0xff, 0x76, 
    0xdf, 0x76, 0xff, 0x76, 0xff, 0x76, 0xff, 0x76, 0xff, 0x76, 0xff, 0x76, 
    0xff, 0x76, 0xff, 0x76, 0xdf, 0x76, 0xfe, 0x76, 0xdf, 0x76, 0xfe, 0x76, 
    0xff, 0x76, 0xff, 0x76, 0xff, 0x76, 0xff, 0x76, 0xff, 0x76, 0xff, 0x76, 
    0xff, 0x76, 0xff, 0x76, 0xff, 0x76, 0xff, 0x76, 0xff, 0x76, 0xff, 0x76, 
    0xfe, 0x76, 0xff, 0x7e, 0xfe, 0x76, 0xff, 0x76, 0xff, 0x76, 0xff, 0x76, 
    0xff, 0x76, 0xff, 0x76, 0xff, 0x76, 0xff, 0x76, 0xff, 0x76, 0xff, 0x76, 
    0xff, 0x76, 0xdf, 0x76, 0xdf, 0x76, 0xfe, 0x76, 0xff, 0x76, 0xde, 0x76, 
    0xff, 0x76, 0xff, 0x76, 0xff, 0x76, 0xff, 0x76, 0xff, 0x76, 0xff, 0x76, 
    0xff, 0x76, 0xff, 0x76, 0xff, 0x76, 0xff, 0x76, 0xff, 0x76, 0xff, 0x76, 
    0xff, 0x76, 0xff, 0x76, 0xff, 0x76, 0xff, 0x76, 0xff, 0x76, 0xff, 0x76, 
    0xfe, 0x76, 0xfe, 0x76, 0xdf, 0x76, 0xfe, 0x76, 0xdf, 0x76, 0xff, 0x76, 
    0xde, 0x76, 0xdf, 0x76, 0xff, 0x76, 0xff, 0x76, 0xff, 0x76, 0xff, 0x76, 
    0xff, 0x76, 0xff, 0x76, 0xff, 0x76, 0xff, 0x76, 0xff, 0x76, 0xff, 0x76, 
    0xfe, 0x76, 0xff, 0x76, 0xff, 0x76, 0xff, 0x76, 0xff, 0x76, 0xff, 0x76, 
    0xff, 0x76, 0xff, 0x76, 0xff, 0x7e, 0xff, 0x7e, 0xff, 0x7e, 0xff, 0x7e, 
    0xff, 0x76, 0xff, 0x7e, 0xff, 0x76, 0x1f, 0x77, 0xff, 0x76, 0x1f, 0x77, 
    0xff, 0x76, 0xff, 0x76, 0xff, 0x76, 0xff, 0x7e, 0xff, 0x7e, 0xff, 0x7e, 
    0xff, 0x76, 0xff, 0x76, 0xff, 0x76, 0xff, 0x7e, 0xff, 0x7e, 0xff, 0x7e, 
    0xfe, 0x76, 0xff, 0x7e, 0xff, 0x7e, 0xdf, 0x7e, 0xff, 0x7e, 0xfe, 0x7e, 
    0xdf, 0x7e, 0xfe, 0x7e, 0xff, 0x7e, 0xff, 0x76, 0xdf, 0x76, 0xdf, 0x76, 
    0xdf, 0x76, 0xde, 0x76, 0xde, 0x76, 0xfe, 0x76, 0xff, 0x76, 0xff, 0x76, 
    0xff, 0x7e, 0xff, 0x7e, 0xff, 0x7e, 0xff, 0x7e, 0xfe, 0x7e, 0xff, 0x7e, 
    0xfe, 0x7e, 0xff, 0x7e, 0xff, 0x7e, 0xff, 0x7e, 0xff, 0x7e, 0xff, 0x7e, 
    0xff, 0x7e, 0xff, 0x7e, 0xff, 0x7e, 0xff, 0x7e, 0xff, 0x7e, 0xff, 0x7e, 
    0xff, 0x7e, 0xff, 0x7e, 0xff, 0x7e, 0xdf, 0x7e, 0xdf, 0x7e, 0xde, 0x7e, 
    0xfe, 0x7e, 0xff, 0x7e, 0xfe, 0x7e, 0xfe, 0x7e, 0xfe, 0x7e, 0xfe, 0x7e, 
    0xfe, 0x7e, 0xfe, 0x7e, 0xfe, 0x7e, 0xff, 0x7e, 0xfe, 0x7e, 0xfe, 0x7e, 
    0xfe, 0x7e, 0xff, 0x7e, 0xfe, 0x7e, 0xfe, 0x7e, 0xff, 0x7e, 0xfe, 0x7e, 
    0xff, 0x7e, 0xfe, 0x7e, 0xfe, 0x7e, 0xfe, 0x7e, 0xff, 0x86, 0xff, 0x86, 
    0xff, 0x86, 0xfe, 0x7e, 0xfe, 0x7e, 0xfe, 0x7e, 0xff, 0x7e, 0xff, 0x7e, 
    0xde, 0x76, 0xff, 0x76, 0xdf, 0x76, 0xff, 0x76, 0xff, 0x76, 0xdf, 0x76, 
    0xdf, 0x6e, 0xdf, 0x6e, 0xdf, 0x76, 0xde, 0x76, 0xde, 0x76, 0xdf, 0x76, 
    0xdf, 0x76, 0xdf, 0x76, 0xdf, 0x76, 0xff, 0x76, 0xff, 0x76, 0xff, 0x76, 
    0xff, 0x76, 0xff, 0x6e, 0xff, 0x6e, 0xff, 0x6e, 0xde, 0x6e, 0xde, 0x6e, 
    0xde, 0x6e, 0xde, 0x6e, 0xde, 0x6e, 0xde, 0x6e, 0xde, 0x6e, 0xde, 0x76, 
    0xde, 0x6e, 0xde, 0x76, 0xdf, 0x76, 0xde, 0x76, 0xde, 0x76, 0xde, 0x76, 
    0xde, 0x76, 0xde, 0x76, 0xde, 0x76, 0xde, 0x76, 0xdf, 0x76, 0xff, 0x76, 
    0xdf, 0x76, 0xff, 0x76, 0xff, 0x76, 0xff, 0x76, 0xff, 0x76, 0xff, 0x76, 
    0xff, 0x76, 0xff, 0x76, 0xde, 0x76, 0xfe, 0x76, 0xdf, 0x76, 0xdf, 0x76, 
    0xdf, 0x76, 0xde, 0x76, 0xdf, 0x76, 0xff, 0x76, 0xff, 0x76, 0xff, 0x76, 
    0xff, 0x76, 0xff, 0x76, 0xdf, 0x76, 0xff, 0x76, 0xff, 0x76, 0xff, 0x76, 
    0xff, 0x76, 0xff, 0x76, 0xff, 0x76, 0xff, 0x76, 0xff, 0x76, 0xdf, 0x76, 
    0xff, 0x76, 0xdf, 0x76, 0xff, 0x76, 0xff, 0x76, 0xff, 0x76, 0xff, 0x76, 
    0xff, 0x76, 0xff, 0x76, 0xff, 0x76, 0xff, 0x76, 0xff, 0x76, 0xff, 0x76, 
    0xff, 0x76, 0xff, 0x76, 0xff, 0x76, 0xff, 0x7e, 0xff, 0x76, 0xff, 0x76, 
    0xff, 0x76, 0xff, 0x76, 0xff, 0x76, 0xff, 0x76, 0xff, 0x76, 0xff, 0x76, 
    0xff, 0x76, 0xdf, 0x76, 0xdf, 0x76, 0xfe, 0x76, 0xde, 0x76, 0xfe, 0x76, 
    0xfe, 0x76, 0xff, 0x76, 0xff, 0x76, 0xff, 0x76, 0xff, 0x76, 0xff, 0x76, 
    0xff, 0x76, 0xff, 0x76, 0xff, 0x76, 0xff, 0x76, 0xff, 0x76, 0xde, 0x76, 
    0xde, 0x76, 0xff, 0x76, 0xff, 0x76, 0xff, 0x76, 0xff, 0x76, 0xff, 0x76, 
    0xfe, 0x76, 0xde, 0x76, 0xfe, 0x76, 0xdf, 0x76, 0xff, 0x76, 0xde, 0x76, 
    0xdf, 0x76, 0xde, 0x76, 0xff, 0x76, 0xfe, 0x76, 0xff, 0x76, 0xff, 0x76, 
    0xfe, 0x76, 0xff, 0x76, 0xff, 0x76, 0xff, 0x76, 0xff, 0x76, 0xff, 0x76, 
    0xff, 0x7e, 0xff, 0x76, 0xff, 0x76, 0xff, 0x76, 0xff, 0x76, 0xff, 0x76, 
    0xfe, 0x76, 0xff, 0x7e, 0xff, 0x7e, 0xff, 0x7e, 0xff, 0x7e, 0xff, 0x7e, 
    0xff, 0x76, 0xff, 0x76, 0xff, 0x76, 0x1f, 0x7f, 0x1f, 0x77, 0x1f, 0x77, 
    0xff, 0x7e, 0xff, 0x7e, 0xff, 0x7e, 0xff, 0x76, 0xff, 0x7e, 0xff, 0x7e, 
    0xff, 0x7e, 0xff, 0x76, 0xff, 0x76, 0xff, 0x7e, 0xff, 0x7e, 0xff, 0x7e, 
    0xff, 0x7e, 0xff, 0x7e, 0xff, 0x7e, 0xff, 0x7e, 0xff, 0x7e, 0xff, 0x7e, 
    0xff, 0x7e, 0xff, 0x7e, 0xfe, 0x76, 0xdf, 0x76, 0xff, 0x76, 0xdf, 0x76, 
    0xdf, 0x76, 0xde, 0x76, 0xff, 0x76, 0xff, 0x76, 0xff, 0x76, 0xfe, 0x7e, 
    0xff, 0x7e, 0xff, 0x7e, 0xff, 0x7e, 0xff, 0x7e, 0xff, 0x7e, 0xfe, 0x7e, 
    0xff, 0x7e, 0xff, 0x7e, 0xff, 0x7e, 0xff, 0x7e, 0xff, 0x7e, 0xff, 0x7e, 
    0xff, 0x7e, 0xff, 0x7e, 0xff, 0x7e, 0xff, 0x7e, 0xff, 0x7e, 0xfe, 0x7e, 
    0xff, 0x7e, 0xff, 0x7e, 0xfe, 0x7e, 0xff, 0x7e, 0xdf, 0x7e, 0xde, 0x7e, 
    0xff, 0x7e, 0xde, 0x7e, 0xff, 0x7e, 0xfe, 0x7e, 0xff, 0x7e, 0xfe, 0x7e, 
    0xfe, 0x7e, 0xfe, 0x7e, 0xff, 0x7e, 0xff, 0x7e, 0xff, 0x7e, 0xff, 0x7e, 
    0xff, 0x7e, 0xff, 0x7e, 0xff, 0x7e, 0xff, 0x7e, 0xff, 0x7e, 0xff, 0x7e, 
    0xff, 0x86, 0xff, 0x86, 0xff, 0x86, 0xff, 0x86, 0xff, 0x86, 0xff, 0x86, 
    0xfe, 0x86, 0xfe, 0x7e, 0xfe, 0x86, 0xfe, 0x7e, 0xfe, 0x7e, 0xff, 0x7e, 
    0xde, 0x76, 0xdf, 0x76, 0xff, 0x76, 0xff, 0x76, 0xdf, 0x6e, 0xdf, 0x6e, 
    0xdf, 0x6e, 0xdf, 0x76, 0xdf, 0x76, 0xde, 0x76, 0xde, 0x76, 0xde, 0x76, 
    0xdf, 0x76, 0xfe, 0x76, 0xdf, 0x76, 0xfe, 0x76, 0xdf, 0x76, 0xff, 0x76, 
    0xff, 0x76, 0xff, 0x6e, 0xdf, 0x6e, 0xff, 0x6e, 0xdf, 0x6e, 0xde, 0x6e, 
    0xdf, 0x6e, 0xde, 0x6e, 0xde, 0x6e, 0xde, 0x76, 0xde, 0x76, 0xde, 0x6e, 
    0xde, 0x76, 0xdf, 0x76, 0xde, 0x76, 0xde, 0x76, 0xde, 0x76, 0xdf, 0x76, 
    0xde, 0x76, 0xdf, 0x76, 0xde, 0x76, 0xde, 0x76, 0xde, 0x76, 0xdf, 0x76, 
    0xdf, 0x76, 0xff, 0x76, 0xdf, 0x76, 0xfe, 0x76, 0xdf, 0x76, 0xff, 0x76, 
    0xfe, 0x76, 0xfe, 0x76, 0xdf, 0x76, 0xde, 0x76, 0xdf, 0x76, 0xdf, 0x76, 
    0xfe, 0x76, 0xde, 0x76, 0xde, 0x76, 0xfe, 0x76, 0xff, 0x76, 0xff, 0x76, 
    0xfe, 0x76, 0xff, 0x76, 0xff, 0x76, 0xfe, 0x76, 0xfe, 0x76, 0xff, 0x76, 
    0xff, 0x76, 0xff, 0x76, 0xff, 0x76, 0xfe, 0x76, 0xff, 0x76, 0xfe, 0x76, 
    0xfe, 0x76, 0xff, 0x76, 0xff, 0x76, 0xff, 0x76, 0xff, 0x76, 0xff, 0x76, 
    0xff, 0x76, 0xff, 0x76, 0xff, 0x76, 0xff, 0x76, 0xff, 0x76, 0xff, 0x76, 
    0xfe, 0x76, 0xff, 0x76, 0xff, 0x7e, 0xfe, 0x76, 0xff, 0x7e, 0xff, 0x76, 
    0xff, 0x76, 0xff, 0x76, 0xff, 0x76, 0xff, 0x76, 0xff, 0x76, 0xff, 0x76, 
    0xff, 0x76, 0xdf, 0x76, 0xde, 0x76, 0xfe, 0x76, 0xfe, 0x76, 0xff, 0x76, 
    0xfe, 0x76, 0xff, 0x76, 0xfe, 0x76, 0xff, 0x76, 0xff, 0x76, 0xff, 0x76, 
    0xff, 0x76, 0xff, 0x76, 0xfe, 0x76, 0xff, 0x76, 0xff, 0x76, 0xfe, 0x76, 
    0xfe, 0x76, 0xfe, 0x76, 0xfe, 0x76, 0xfe, 0x76, 0xdf, 0x76, 0xfe, 0x76, 
    0xdf, 0x76, 0xfe, 0x76, 0xfe, 0x76, 0xfe, 0x76, 0xde, 0x76, 0xde, 0x76, 
    0xdf, 0x76, 0xde, 0x76, 0xfe, 0x76, 0xfe, 0x7e, 0xfe, 0x7e, 0xfe, 0x7e, 
    0xfe, 0x7e, 0xff, 0x76, 0xfe, 0x7e, 0xff, 0x7e, 0xff, 0x7e, 0xfe, 0x7e, 
    0xfe, 0x7e, 0xff, 0x7e, 0xff, 0x76, 0xff, 0x7e, 0xff, 0x76, 0xff, 0x7e, 
    0xfe, 0x76, 0xde, 0x7e, 0xff, 0x7e, 0xff, 0x7e, 0xff, 0x7e, 0xff, 0x7e, 
    0xff, 0x76, 0xff, 0x7e, 0x1f, 0x7f, 0x1f, 0x7f, 0x1f, 0x77, 0x1f, 0x7f, 
    0xff, 0x76, 0xff, 0x76, 0xff, 0x7e, 0xff, 0x76, 0xff, 0x7e, 0xff, 0x7e, 
    0xff, 0x7e, 0xff, 0x7e, 0xff, 0x7e, 0xdf, 0x7e, 0xff, 0x7e, 0xff, 0x7e, 
    0xfe, 0x7e, 0xff, 0x7e, 0xff, 0x7e, 0xff, 0x7e, 0xff, 0x7e, 0xff, 0x7e, 
    0xff, 0x7e, 0xff, 0x7e, 0xfe, 0x7e, 0xff, 0x76, 0xfe, 0x76, 0xdf, 0x76, 
    0xff, 0x76, 0xfe, 0x76, 0xff, 0x76, 0xfe, 0x76, 0xff, 0x7e, 0xff, 0x7e, 
    0xff, 0x7e, 0xff, 0x7e, 0xff, 0x7e, 0xff, 0x7e, 0xff, 0x7e, 0xfe, 0x7e, 
    0xff, 0x7e, 0xfe, 0x7e, 0xff, 0x7e, 0xff, 0x7e, 0xfe, 0x7e, 0xfe, 0x7e, 
    0xde, 0x7e, 0xff, 0x7e, 0xff, 0x7e, 0xff, 0x7e, 0xff, 0x7e, 0xff, 0x7e, 
    0xff, 0x7e, 0xff, 0x7e, 0xfe, 0x7e, 0xff, 0x7e, 0xfe, 0x7e, 0xff, 0x7e, 
    0xff, 0x7e, 0xff, 0x7e, 0xfe, 0x7e, 0xff, 0x7e, 0xff, 0x7e, 0xff, 0x7e, 
    0xfe, 0x7e, 0xfe, 0x7e, 0xfe, 0x7e, 0xfe, 0x7e, 0xfe, 0x7e, 0xfe, 0x7e, 
    0xff, 0x7e, 0xfe, 0x7e, 0xff, 0x7e, 0xff, 0x7e, 0xff, 0x7e, 0x1f, 0x87, 
    0xff, 0x86, 0xff, 0x86, 0xff, 0x86, 0xff, 0x86, 0xfe, 0x86, 0xff, 0x86, 
    0xfe, 0x86, 0xfe, 0x86, 0xfe, 0x86, 0xfe, 0x7e, 0xfe, 0x86, 0xff, 0x86, 
    0xdf, 0x76, 0xdf, 0x76, 0xff, 0x76, 0xdf, 0x76, 0xdf, 0x76, 0xdf, 0x6e, 
    0xdf, 0x6e, 0xde, 0x76, 0xde, 0x76, 0xde, 0x76, 0xde, 0x76, 0xde, 0x76, 
    0xdf, 0x76, 0xde, 0x76, 0xdf, 0x76, 0xde, 0x76, 0xff, 0x76, 0xff, 0x76, 
    0xff, 0x76, 0xff, 0x76, 0xff, 0x76, 0xff, 0x76, 0xfe, 0x6e, 0xde, 0x6e, 
    0xdf, 0x6e, 0xdf, 0x6e, 0xde, 0x6e, 0xde, 0x76, 0xde, 0x76, 0xde, 0x76, 
    0xde, 0x76, 0xde, 0x76, 0xde, 0x76, 0xdf, 0x76, 0xdf, 0x76, 0xde, 0x76, 
    0xdf, 0x76, 0xde, 0x76, 0xde, 0x76, 0xdf, 0x76, 0xdf, 0x76, 0xdf, 0x76, 
    0xff, 0x76, 0xdf, 0x76, 0xff, 0x76, 0xdf, 0x76, 0xff, 0x76, 0xff, 0x76, 
    0xdf, 0x76, 0xfe, 0x76, 0xde, 0x76, 0xff, 0x76, 0xfe, 0x76, 0xdf, 0x76, 
    0xff, 0x76, 0xfe, 0x76, 0xdf, 0x76, 0xdf, 0x76, 0xdf, 0x76, 0xff, 0x76, 
    0xfe, 0x76, 0xff, 0x76, 0xff, 0x76, 0xff, 0x76, 0xff, 0x76, 0xff, 0x76, 
    0xff, 0x76, 0xfe, 0x76, 0xfe, 0x76, 0xdf, 0x76, 0xff, 0x76, 0xff, 0x76, 
    0xff, 0x76, 0xff, 0x76, 0xff, 0x76, 0xff, 0x76, 0xff, 0x76, 0xff, 0x76, 
    0xff, 0x76, 0xff, 0x76, 0xff, 0x76, 0xff, 0x76, 0xff, 0x76, 0xff, 0x76, 
    0xff, 0x76, 0xff, 0x76, 0xff, 0x76, 0xff, 0x76, 0xff, 0x76, 0xff, 0x76, 
    0xff, 0x76, 0xff, 0x76, 0xff, 0x76, 0xff, 0x76, 0xff, 0x7e, 0xfe, 0x76, 
    0xff, 0x76, 0xde, 0x76, 0xfe, 0x76, 0xdf, 0x76, 0xde, 0x76, 0xdf, 0x76, 
    0xdf, 0x76, 0xff, 0x76, 0xff, 0x76, 0xff, 0x76, 0xff, 0x76, 0xff, 0x76, 
    0xff, 0x76, 0xff, 0x76, 0xff, 0x76, 0xff, 0x76, 0xff, 0x76, 0xff, 0x76, 
    0xff, 0x76, 0xff, 0x76, 0xff, 0x76, 0xff, 0x76, 0xdf, 0x76, 0xfe, 0x7e, 
    0xdf, 0x76, 0xfe, 0x76, 0xdf, 0x76, 0xdf, 0x76, 0xde, 0x76, 0xfe, 0x76, 
    0xde, 0x76, 0xde, 0x76, 0xdf, 0x7e, 0xde, 0x7e, 0xde, 0x7e, 0xff, 0x7e, 
    0xff, 0x7e, 0xff, 0x7e, 0xff, 0x7e, 0xff, 0x7e, 0xfe, 0x7e, 0xff, 0x7e, 
    0xff, 0x7e, 0xff, 0x7e, 0xff, 0x7e, 0xfe, 0x7e, 0xfe, 0x7e, 0xdf, 0x7e, 
    0xfe, 0x7e, 0xde, 0x7e, 0xdf, 0x7e, 0xfe, 0x7e, 0xff, 0x7e, 0xff, 0x7e, 
    0xff, 0x7e, 0xff, 0x7e, 0xff, 0x7e, 0xff, 0x76, 0x1f, 0x7f, 0xff, 0x76, 
    0xfe, 0x7e, 0xff, 0x7e, 0xff, 0x7e, 0xff, 0x7e, 0xff, 0x7e, 0xff, 0x7e, 
    0xff, 0x7e, 0xff, 0x7e, 0xff, 0x7e, 0xff, 0x7e, 0xff, 0x7e, 0xff, 0x7e, 
    0xff, 0x7e, 0xff, 0x7e, 0xff, 0x7e, 0xff, 0x7e, 0xff, 0x7e, 0xff, 0x7e, 
    0xff, 0x7e, 0xff, 0x7e, 0xff, 0x7e, 0xff, 0x7e, 0xff, 0x7e, 0xff, 0x7e, 
    0xff, 0x7e, 0xff, 0x76, 0xff, 0x7e, 0xfe, 0x7e, 0xff, 0x7e, 0xff, 0x7e, 
    0xff, 0x7e, 0xff, 0x7e, 0xff, 0x7e, 0xff, 0x7e, 0xff, 0x7e, 0xff, 0x7e, 
    0xff, 0x7e, 0xff, 0x7e, 0xff, 0x7e, 0xff, 0x7e, 0xff, 0x7e, 0xff, 0x7e, 
    0xff, 0x7e, 0xff, 0x7e, 0xff, 0x7e, 0xff, 0x7e, 0xff, 0x7e, 0xff, 0x7e, 
    0xff, 0x7e, 0xff, 0x7e, 0xff, 0x7e, 0xff, 0x7e, 0xfe, 0x7e, 0xff, 0x7e, 
    0xfe, 0x7e, 0xff, 0x7e, 0xff, 0x7e, 0xff, 0x7e, 0xff, 0x7e, 0xfe, 0x7e, 
    0xff, 0x7e, 0xff, 0x7e, 0xff, 0x7e, 0xfe, 0x7e, 0xff, 0x7e, 0xff, 0x7e, 
    0xff, 0x7e, 0xff, 0x86, 0xff, 0x86, 0xff, 0x7e, 0xff, 0x7e, 0xff, 0x86, 
    0xff, 0x86, 0xff, 0x86, 0xfe, 0x86, 0xff, 0x86, 0xfe, 0x86, 0xfe, 0x86, 
    0xfe, 0x86, 0xff, 0x86, 0xfe, 0x86, 0xfe, 0x86, 0xfe, 0x86, 0xfe, 0x86, 
    0xdf, 0x76, 0xff, 0x76, 0xff, 0x76, 0xdf, 0x76, 0xde, 0x6e, 0xdf, 0x6e, 
    0xdf, 0x76, 0xde, 0x76, 0xde, 0x76, 0xde, 0x76, 0xde, 0x76, 0xde, 0x76, 
    0xde, 0x76, 0xde, 0x76, 0xde, 0x76, 0xdf, 0x76, 0xfe, 0x76, 0xff, 0x76, 
    0xff, 0x76, 0xff, 0x76, 0xff, 0x76, 0xdf, 0x76, 0xff, 0x76, 0xff, 0x76, 
    0xde, 0x6e, 0xdf, 0x76, 0xff, 0x76, 0xff, 0x76, 0xde, 0x76, 0xdf, 0x76, 
    0xdf, 0x76, 0xde, 0x76, 0xde, 0x76, 0xde, 0x76, 0xde, 0x76, 0xdf, 0x76, 
    0xdf, 0x76, 0xde, 0x76, 0xde, 0x76, 0xde, 0x76, 0xde, 0x76, 0xdf, 0x76, 
    0xdf, 0x76, 0xdf, 0x76, 0xdf, 0x76, 0xff, 0x76, 0xfe, 0x76, 0xff, 0x76, 
    0xff, 0x76, 0xfe, 0x76, 0xff, 0x76, 0xff, 0x76, 0xff, 0x76, 0xfe, 0x76, 
    0xff, 0x76, 0xde, 0x76, 0xdf, 0x76, 0xdf, 0x76, 0xdf, 0x76, 0xff, 0x76, 
    0xdf, 0x76, 0xfe, 0x76, 0xff, 0x76, 0xff, 0x76, 0xfe, 0x76, 0xff, 0x76, 
    0xff, 0x76, 0xfe, 0x76, 0xfe, 0x76, 0xff, 0x76, 0xff, 0x76, 0xff, 0x76, 
    0xff, 0x76, 0xff, 0x76, 0xff, 0x6e, 0xff, 0x76, 0xff, 0x76, 0xff, 0x76, 
    0xff, 0x76, 0xfe, 0x76, 0xff, 0x76, 0xff, 0x76, 0x1f, 0x77, 0xfe, 0x76, 
    0xff, 0x76, 0xff, 0x76, 0xff, 0x76, 0xff, 0x76, 0xff, 0x76, 0xff, 0x76, 
    0xff, 0x76, 0xff, 0x7e, 0xff, 0x7e, 0xff, 0x76, 0xfe, 0x7e, 0xff, 0x76, 
    0xff, 0x76, 0xfe, 0x76, 0xde, 0x76, 0xdf, 0x76, 0xdf, 0x76, 0xff, 0x76, 
    0xff, 0x76, 0xff, 0x76, 0xff, 0x76, 0xff, 0x76, 0xff, 0x76, 0xff, 0x76, 
    0xff, 0x76, 0xff, 0x76, 0xff, 0x76, 0xff, 0x76, 0xfe, 0x76, 0xfe, 0x76, 
    0xff, 0x76, 0xff, 0x76, 0xff, 0x76, 0xff, 0x76, 0xdf, 0x76, 0xdf, 0x76, 
    0xfe, 0x7e, 0xdf, 0x7e, 0xdf, 0x76, 0xfe, 0x76, 0xde, 0x76, 0xdf, 0x76, 
    0xff, 0x76, 0xde, 0x7e, 0xfe, 0x7e, 0xfe, 0x7e, 0xff, 0x7e, 0xff, 0x7e, 
    0xff, 0x7e, 0xff, 0x7e, 0xff, 0x7e, 0xfe, 0x7e, 0xff, 0x7e, 0xff, 0x7e, 
    0xfe, 0x7e, 0xff, 0x7e, 0xdf, 0x7e, 0xfe, 0x7e, 0xfe, 0x7e, 0xdf, 0x7e, 
    0xfe, 0x7e, 0xff, 0x7e, 0xdf, 0x7e, 0xdf, 0x7e, 0xff, 0x7e, 0xff, 0x7e, 
    0xff, 0x7e, 0xff, 0x7e, 0xff, 0x7e, 0xfe, 0x7e, 0xff, 0x7e, 0xff, 0x7e, 
    0x1f, 0x7f, 0xff, 0x7e, 0xff, 0x7e, 0xff, 0x7e, 0xff, 0x7e, 0xff, 0x7e, 
    0xff, 0x7e, 0xff, 0x7e, 0xff, 0x7e, 0xff, 0x7e, 0xff, 0x7e, 0xff, 0x7e, 
    0xfe, 0x7e, 0xff, 0x7e, 0xff, 0x7e, 0x1f, 0x7f, 0xfe, 0x7e, 0xff, 0x7e, 
    0xff, 0x7e, 0xff, 0x7e, 0xff, 0x7e, 0xff, 0x7e, 0xdf, 0x7e, 0xff, 0x7e, 
    0xff, 0x7e, 0xff, 0x7e, 0xff, 0x76, 0xfe, 0x7e, 0xff, 0x7e, 0xff, 0x7e, 
    0xfe, 0x7e, 0xfe, 0x7e, 0xff, 0x7e, 0xff, 0x7e, 0xff, 0x7e, 0xff, 0x7e, 
    0xff, 0x7e, 0xff, 0x7e, 0xff, 0x7e, 0xff, 0x7e, 0xff, 0x7e, 0xfe, 0x7e, 
    0xfe, 0x7e, 0xff, 0x7e, 0xff, 0x7e, 0xff, 0x7e, 0xfe, 0x7e, 0xff, 0x7e, 
    0xff, 0x7e, 0xff, 0x7e, 0xff, 0x7e, 0xff, 0x7e, 0xff, 0x86, 0xfe, 0x86, 
    0xff, 0x86, 0xff, 0x86, 0xfe, 0x86, 0xff, 0x7e, 0xff, 0x7e, 0xff, 0x7e, 
    0xfe, 0x7e, 0xfe, 0x7e, 0xfe, 0x7e, 0xff, 0x86, 0x1f, 0x7f, 0xff, 0x7e, 
    0xff, 0x86, 0xff, 0x86, 0x1e, 0x87, 0xff, 0x86, 0xff, 0x86, 0xfe, 0x86, 
    0xff, 0x86, 0xff, 0x86, 0xfe, 0x86, 0xfe, 0x86, 0xfe, 0x86, 0xfe, 0x86, 
    0xfe, 0x86, 0xfe, 0x86, 0xfe, 0x86, 0xfe, 0x86, 0xfe, 0x86, 0xfe, 0x86, 
    0xdf, 0x6e, 0xdf, 0x76, 0xdf, 0x6e, 0xff, 0x76, 0xdf, 0x76, 0xdf, 0x6e, 
    0xde, 0x76, 0xde, 0x76, 0xdf, 0x76, 0xde, 0x76, 0xde, 0x76, 0xde, 0x76, 
    0xde, 0x76, 0xde, 0x76, 0xde, 0x76, 0xff, 0x76, 0xff, 0x76, 0xff, 0x76, 
    0xfe, 0x76, 0xff, 0x76, 0xff, 0x76, 0xff, 0x76, 0xff, 0x76, 0xdf, 0x76, 
    0xff, 0x76, 0xff, 0x76, 0xde, 0x76, 0xfe, 0x76, 0xfe, 0x76, 0xfe, 0x76, 
    0xde, 0x76, 0xde, 0x76, 0xde, 0x76, 0xde, 0x76, 0xde, 0x76, 0xde, 0x76, 
    0xde, 0x76, 0xde, 0x76, 0xdf, 0x76, 0xde, 0x76, 0xde, 0x76, 0xde, 0x76, 
    0xff, 0x76, 0xff, 0x76, 0xfe, 0x76, 0xff, 0x76, 0xff, 0x76, 0xfe, 0x76, 
    0xfe, 0x76, 0xff, 0x76, 0xff, 0x76, 0xff, 0x76, 0xff, 0x76, 0xff, 0x76, 
    0xff, 0x76, 0xff, 0x76, 0xfe, 0x76, 0xdf, 0x76, 0xfe, 0x76, 0xfe, 0x76, 
    0xff, 0x76, 0xff, 0x76, 0xff, 0x76, 0xff, 0x76, 0xff, 0x76, 0xff, 0x76, 
    0xff, 0x76, 0xff, 0x76, 0xff, 0x76, 0xff, 0x76, 0xff, 0x76, 0xfe, 0x76, 
    0xff, 0x76, 0xfe, 0x76, 0xfe, 0x76, 0xff, 0x76, 0xff, 0x76, 0xff, 0x76, 
    0xff, 0x76, 0xff, 0x76, 0xff, 0x76, 0xff, 0x76, 0xff, 0x76, 0xff, 0x76, 
    0xff, 0x76, 0xff, 0x76, 0x1e, 0x77, 0xff, 0x76, 0xff, 0x76, 0xff, 0x7e, 
    0xff, 0x7e, 0xff, 0x7e, 0xfe, 0x7e, 0xff, 0x7e, 0xff, 0x7e, 0xfe, 0x7e, 
    0xff, 0x76, 0xff, 0x76, 0xde, 0x76, 0xff, 0x76, 0xdf, 0x76, 0xfe, 0x76, 
    0xff, 0x76, 0xfe, 0x76, 0xff, 0x76, 0xff, 0x76, 0xff, 0x76, 0xff, 0x76, 
    0xff, 0x76, 0xff, 0x76, 0xfe, 0x76, 0xff, 0x76, 0xdf, 0x76, 0xff, 0x76, 
    0xff, 0x76, 0xff, 0x76, 0xff, 0x76, 0xff, 0x76, 0xfe, 0x7e, 0xff, 0x7e, 
    0xfe, 0x7e, 0xff, 0x7e, 0xfe, 0x7e, 0xff, 0x76, 0xfe, 0x76, 0xde, 0x76, 
    0xde, 0x76, 0xdf, 0x7e, 0xfe, 0x7e, 0xdf, 0x7e, 0xfe, 0x7e, 0xff, 0x7e, 
    0xff, 0x7e, 0xfe, 0x7e, 0xff, 0x7e, 0xff, 0x7e, 0xff, 0x7e, 0xfe, 0x7e, 
    0xfe, 0x7e, 0xff, 0x7e, 0xde, 0x7e, 0xff, 0x7e, 0xdf, 0x7e, 0xde, 0x7e, 
    0xff, 0x7e, 0xfe, 0x7e, 0xde, 0x7e, 0xde, 0x7e, 0xfe, 0x7e, 0xdf, 0x7e, 
    0xff, 0x7e, 0xff, 0x7e, 0xfe, 0x7e, 0xff, 0x7e, 0xff, 0x7e, 0xff, 0x7e, 
    0xff, 0x7e, 0xff, 0x7e, 0xff, 0x7e, 0xff, 0x7e, 0xfe, 0x7e, 0xff, 0x7e, 
    0xfe, 0x7e, 0x1e, 0x7f, 0xff, 0x7e, 0xff, 0x7e, 0xfe, 0x7e, 0xff, 0x7e, 
    0xff, 0x7e, 0xff, 0x7e, 0xff, 0x7e, 0xff, 0x7e, 0xff, 0x7e, 0x1f, 0x7f, 
    0xff, 0x7e, 0xfe, 0x7e, 0xff, 0x7e, 0xfe, 0x7e, 0xfe, 0x7e, 0xfe, 0x7e, 
    0xff, 0x7e, 0xff, 0x7e, 0xff, 0x7e, 0xff, 0x7e, 0xfe, 0x7e, 0xff, 0x7e, 
    0xff, 0x7e, 0xff, 0x7e, 0xff, 0x7e, 0xff, 0x7e, 0xfe, 0x7e, 0xff, 0x7e, 
    0xfe, 0x7e, 0xfe, 0x7e, 0xff, 0x7e, 0xff, 0x7e, 0xfe, 0x7e, 0xff, 0x7e, 
    0xff, 0x7e, 0xfe, 0x7e, 0xff, 0x7e, 0xff, 0x7e, 0xff, 0x7e, 0xff, 0x7e, 
    0xff, 0x7e, 0xff, 0x86, 0xff, 0x86, 0x1e, 0x87, 0xff, 0x86, 0xff, 0x86, 
    0x1f, 0x87, 0xfe, 0x86, 0xff, 0x86, 0x1f, 0x87, 0x1e, 0x87, 0xfe, 0x86, 
    0xff, 0x7e, 0xfe, 0x86, 0xfe, 0x7e, 0x1e, 0x87, 0x1e, 0x87, 0x1e, 0x87, 
    0x1e, 0x87, 0xff, 0x86, 0x1f, 0x87, 0xff, 0x86, 0xfe, 0x86, 0xfe, 0x86, 
    0xff, 0x86, 0x1e, 0x87, 0xfe, 0x86, 0xff, 0x86, 0xfe, 0x86, 0xfe, 0x86, 
    0xfe, 0x86, 0xfe, 0x86, 0xfe, 0x86, 0xfe, 0x86, 0xfe, 0x86, 0xfe, 0x86, 
    0xde, 0x6e, 0xdf, 0x6e, 0xde, 0x6e, 0xde, 0x76, 0xdf, 0x76, 0xff, 0x76, 
    0xde, 0x76, 0xde, 0x76, 0xdf, 0x76, 0xdf, 0x76, 0xde, 0x76, 0xde, 0x76, 
    0xdf, 0x76, 0xdf, 0x76, 0xfe, 0x76, 0xfe, 0x76, 0xff, 0x76, 0xff, 0x76, 
    0xff, 0x76, 0xff, 0x76, 0xff, 0x76, 0xff, 0x76, 0xff, 0x76, 0xff, 0x76, 
    0xff, 0x76, 0xfe, 0x76, 0xfe, 0x76, 0xff, 0x76, 0xfe, 0x76, 0xfe, 0x76, 
    0xfe, 0x76, 0xdf, 0x76, 0xde, 0x76, 0xde, 0x76, 0xde, 0x76, 0xde, 0x76, 
    0xde, 0x76, 0xde, 0x76, 0xdf, 0x76, 0xdf, 0x76, 0xde, 0x76, 0xde, 0x76, 
    0xde, 0x76, 0xff, 0x76, 0xfe, 0x76, 0xfe, 0x76, 0xff, 0x76, 0xfe, 0x76, 
    0xff, 0x76, 0xff, 0x76, 0xfe, 0x76, 0xfe, 0x76, 0xff, 0x76, 0xff, 0x76, 
    0xff, 0x76, 0xff, 0x76, 0xff, 0x76, 0xff, 0x76, 0xfe, 0x76, 0xfe, 0x76, 
    0xfe, 0x76, 0xff, 0x76, 0xff, 0x76, 0xff, 0x76, 0xff, 0x76, 0x1e, 0x77, 
    0xfe, 0x76, 0xff, 0x76, 0xff, 0x76, 0xfe, 0x76, 0xfe, 0x76, 0xff, 0x76, 
    0xff, 0x76, 0xff, 0x76, 0xff, 0x76, 0xfe, 0x76, 0xff, 0x76, 0xfe, 0x76, 
    0xff, 0x76, 0xff, 0x76, 0xfe, 0x76, 0xff, 0x76, 0xff, 0x76, 0xff, 0x76, 
    0xff, 0x76, 0xfe, 0x76, 0xff, 0x76, 0xff, 0x7e, 0xfe, 0x7e, 0xff, 0x7e, 
    0xff, 0x7e, 0xff, 0x7e, 0xff, 0x7e, 0xff, 0x7e, 0xff, 0x7e, 0xfe, 0x76, 
    0xfe, 0x76, 0xdf, 0x76, 0xdf, 0x76, 0xfe, 0x76, 0xfe, 0x76, 0xff, 0x76, 
    0xff, 0x76, 0xfe, 0x76, 0xfe, 0x76, 0xff, 0x76, 0xfe, 0x76, 0xff, 0x76, 
    0xff, 0x76, 0xff, 0x76, 0xff, 0x76, 0xff, 0x76, 0xff, 0x76, 0xdf, 0x76, 
    0xfe, 0x76, 0xfe, 0x76, 0xff, 0x76, 0xff, 0x7e, 0xfe, 0x7e, 0xfe, 0x7e, 
    0xff, 0x7e, 0xfe, 0x7e, 0xff, 0x7e, 0xdf, 0x7e, 0xfe, 0x7e, 0xfe, 0x7e, 
    0xff, 0x7e, 0xff, 0x7e, 0xff, 0x7e, 0xff, 0x7e, 0xff, 0x7e, 0xff, 0x7e, 
    0xff, 0x7e, 0xfe, 0x7e, 0xfe, 0x7e, 0xff, 0x7e, 0xfe, 0x7e, 0xff, 0x7e, 
    0xdf, 0x7e, 0xde, 0x7e, 0xfe, 0x7e, 0xff, 0x7e, 0xff, 0x7e, 0xff, 0x7e, 
    0xff, 0x7e, 0xdf, 0x7e, 0xdf, 0x7e, 0xfe, 0x7e, 0xde, 0x76, 0xfe, 0x7e, 
    0xff, 0x7e, 0xfe, 0x7e, 0xff, 0x7e, 0xff, 0x7e, 0xfe, 0x7e, 0xfe, 0x7e, 
    0xdf, 0x7e, 0xff, 0x7e, 0xfe, 0x7e, 0xff, 0x7e, 0xff, 0x7e, 0xff, 0x7e, 
    0xff, 0x7e, 0xfe, 0x7e, 0xfe, 0x7e, 0xfe, 0x7e, 0xff, 0x7e, 0xff, 0x7e, 
    0xff, 0x7e, 0xff, 0x7e, 0xfe, 0x7e, 0xff, 0x7e, 0xff, 0x7e, 0xfe, 0x7e, 
    0xfe, 0x7e, 0xff, 0x7e, 0xff, 0x7e, 0xfe, 0x7e, 0xfe, 0x7e, 0xff, 0x7e, 
    0xfe, 0x7e, 0xfe, 0x7e, 0xff, 0x7e, 0xff, 0x7e, 0xfe, 0x7e, 0xfe, 0x7e, 
    0xff, 0x7e, 0xff, 0x7e, 0x1e, 0x7f, 0xfe, 0x7e, 0xff, 0x7e, 0xfe, 0x7e, 
    0xfe, 0x7e, 0xfe, 0x7e, 0xff, 0x7e, 0xfe, 0x7e, 0xfe, 0x7e, 0xff, 0x7e, 
    0xff, 0x7e, 0xff, 0x7e, 0xfe, 0x7e, 0xff, 0x7e, 0xff, 0x7e, 0xfe, 0x7e, 
    0xfe, 0x86, 0xff, 0x86, 0x1f, 0x87, 0x1f, 0x87, 0x1f, 0x87, 0x1f, 0x87, 
    0x1e, 0x87, 0xff, 0x86, 0x1f, 0x87, 0xff, 0x86, 0x1e, 0x87, 0xfe, 0x86, 
    0xff, 0x86, 0xff, 0x86, 0xfe, 0x86, 0x1e, 0x87, 0x1f, 0x87, 0x1f, 0x87, 
    0x1e, 0x87, 0x1e, 0x87, 0xff, 0x86, 0x1e, 0x87, 0xff, 0x86, 0x1f, 0x87, 
    0x1e, 0x87, 0x1e, 0x87, 0xfe, 0x86, 0xff, 0x86, 0xfe, 0x86, 0xfe, 0x86, 
    0xfe, 0x86, 0xfe, 0x8e, 0xfe, 0x8e, 0x1e, 0x8f, 0x1e, 0x8f, 0x1f, 0x8f, 
    0xdf, 0x6e, 0xdf, 0x6e, 0xdf, 0x76, 0xff, 0x76, 0xfe, 0x76, 0xde, 0x76, 
    0xdf, 0x76, 0xdf, 0x76, 0xde, 0x76, 0xdf, 0x76, 0xdf, 0x76, 0xdf, 0x76, 
    0xdf, 0x76, 0xff, 0x76, 0xdf, 0x76, 0xff, 0x76, 0xff, 0x76, 0xff, 0x76, 
    0xff, 0x76, 0xfe, 0x76, 0xff, 0x76, 0xff, 0x76, 0xff, 0x76, 0xff, 0x76, 
    0xff, 0x76, 0xff, 0x76, 0xff, 0x76, 0xff, 0x76, 0xdf, 0x76, 0xdf, 0x76, 
    0xde, 0x76, 0xde, 0x76, 0xde, 0x76, 0xde, 0x76, 0xde, 0x76, 0xde, 0x76, 
    0xde, 0x76, 0xde, 0x76, 0xfe, 0x76, 0xff, 0x76, 0xff, 0x76, 0xdf, 0x76, 
    0xff, 0x76, 0xff, 0x76, 0xff, 0x76, 0xff, 0x76, 0xff, 0x76, 0xff, 0x76, 
    0xff, 0x76, 0xff, 0x76, 0xff, 0x76, 0xff, 0x76, 0xff, 0x76, 0xff, 0x76, 
    0xff, 0x76, 0xff, 0x76, 0xff, 0x76, 0xff, 0x76, 0xdf, 0x76, 0xff, 0x76, 
    0xff, 0x76, 0xff, 0x76, 0xff, 0x76, 0xff, 0x76, 0xff, 0x76, 0xff, 0x76, 
    0x1f, 0x77, 0xff, 0x76, 0xff, 0x76, 0xff, 0x76, 0xff, 0x76, 0xff, 0x76, 
    0xff, 0x76, 0xff, 0x76, 0xff, 0x76, 0xff, 0x76, 0xff, 0x76, 0xff, 0x76, 
    0xff, 0x76, 0xff, 0x76, 0xff, 0x76, 0xff, 0x76, 0xff, 0x76, 0xff, 0x76, 
    0xff, 0x76, 0xff, 0x76, 0xff, 0x76, 0xff, 0x7e, 0xff, 0x7e, 0xff, 0x7e, 
    0xff, 0x7e, 0xff, 0x7e, 0xff, 0x7e, 0xfe, 0x7e, 0xff, 0x7e, 0xff, 0x7e, 
    0xfe, 0x76, 0xfe, 0x7e, 0xff, 0x7e, 0xdf, 0x76, 0xde, 0x76, 0xff, 0x76, 
    0xff, 0x7e, 0xff, 0x76, 0xff, 0x76, 0xff, 0x76, 0xff, 0x76, 0xff, 0x76, 
    0xff, 0x76, 0xff, 0x76, 0xff, 0x76, 0xff, 0x7e, 0xfe, 0x76, 0xff, 0x76, 
    0xff, 0x7e, 0xff, 0x76, 0xff, 0x7e, 0xff, 0x7e, 0xff, 0x7e, 0xff, 0x7e, 
    0xff, 0x7e, 0xff, 0x7e, 0xff, 0x7e, 0xff, 0x7e, 0xfe, 0x7e, 0xff, 0x7e, 
    0xff, 0x7e, 0xff, 0x7e, 0xff, 0x7e, 0xff, 0x7e, 0xff, 0x7e, 0xff, 0x7e, 
    0xff, 0x7e, 0xff, 0x7e, 0xff, 0x7e, 0xff, 0x7e, 0xff, 0x7e, 0xff, 0x7e, 
    0xff, 0x7e, 0xff, 0x7e, 0xff, 0x7e, 0xff, 0x7e, 0xff, 0x7e, 0xff, 0x7e, 
    0xff, 0x7e, 0xff, 0x7e, 0xff, 0x7e, 0xdf, 0x76, 0xff, 0x7e, 0xff, 0x7e, 
    0xff, 0x7e, 0xff, 0x7e, 0xff, 0x7e, 0xff, 0x7e, 0xff, 0x7e, 0xff, 0x7e, 
    0xff, 0x7e, 0xff, 0x7e, 0xff, 0x7e, 0xff, 0x7e, 0xff, 0x7e, 0xff, 0x7e, 
    0xff, 0x7e, 0xff, 0x7e, 0xff, 0x7e, 0xff, 0x7e, 0xff, 0x7e, 0xff, 0x7e, 
    0xff, 0x7e, 0xff, 0x7e, 0xff, 0x7e, 0xff, 0x7e, 0xff, 0x7e, 0xff, 0x7e, 
    0xff, 0x7e, 0xff, 0x7e, 0xff, 0x7e, 0xff, 0x7e, 0xff, 0x7e, 0xff, 0x7e, 
    0xff, 0x7e, 0xfe, 0x7e, 0xfe, 0x7e, 0xfe, 0x7e, 0xff, 0x7e, 0xfe, 0x7e, 
    0xfe, 0x7e, 0xff, 0x7e, 0xff, 0x7e, 0xff, 0x7e, 0xff, 0x7e, 0xff, 0x7e, 
    0xff, 0x7e, 0xff, 0x7e, 0xff, 0x7e, 0xff, 0x7e, 0xfe, 0x7e, 0xfe, 0x7e, 
    0xfe, 0x7e, 0xff, 0x7e, 0xff, 0x7e, 0xfe, 0x86, 0xff, 0x86, 0xff, 0x86, 
    0xff, 0x86, 0x1f, 0x87, 0x1f, 0x87, 0xff, 0x86, 0x1f, 0x87, 0x1f, 0x87, 
    0x1f, 0x87, 0xff, 0x86, 0x1f, 0x87, 0x1f, 0x87, 0x1f, 0x87, 0x1f, 0x87, 
    0x1e, 0x87, 0xff, 0x86, 0xff, 0x86, 0x1e, 0x87, 0x1f, 0x87, 0x1f, 0x87, 
    0x1f, 0x87, 0x1e, 0x87, 0x1f, 0x87, 0x1f, 0x87, 0x1f, 0x87, 0x1e, 0x87, 
    0x1e, 0x87, 0x1f, 0x8f, 0x1f, 0x8f, 0x1e, 0x8f, 0x1e, 0x8f, 0xff, 0x8e, 
    0x1e, 0x8f, 0xfe, 0x8e, 0x1e, 0x8f, 0x1f, 0x8f, 0x1f, 0x8f, 0x1f, 0x8f, 
    0xdf, 0x76, 0xdf, 0x6e, 0xdf, 0x76, 0xff, 0x76, 0xff, 0x76, 0xfe, 0x76, 
    0xfe, 0x76, 0xde, 0x76, 0xde, 0x76, 0xde, 0x76, 0xfe, 0x76, 0xdf, 0x76, 
    0xff, 0x76, 0xfe, 0x76, 0xfe, 0x76, 0xff, 0x76, 0xff, 0x76, 0xff, 0x76, 
    0xff, 0x76, 0xff, 0x76, 0xff, 0x76, 0xff, 0x76, 0xff, 0x76, 0xff, 0x76, 
    0xde, 0x76, 0xde, 0x76, 0xdf, 0x76, 0xdf, 0x76, 0xde, 0x76, 0xde, 0x76, 
    0xdf, 0x76, 0xde, 0x76, 0xdf, 0x76, 0xde, 0x76, 0xde, 0x76, 0xde, 0x76, 
    0xde, 0x76, 0xfe, 0x76, 0xdf, 0x76, 0xff, 0x76, 0xff, 0x76, 0xff, 0x76, 
    0xdf, 0x76, 0xff, 0x76, 0xff, 0x76, 0xff, 0x76, 0xff, 0x76, 0xff, 0x76, 
    0xfe, 0x76, 0xff, 0x76, 0xfe, 0x76, 0xff, 0x76, 0xfe, 0x76, 0xff, 0x76, 
    0xfe, 0x76, 0xff, 0x76, 0xff, 0x76, 0xff, 0x76, 0xff, 0x76, 0xff, 0x76, 
    0xff, 0x76, 0xff, 0x76, 0xff, 0x76, 0x1f, 0x77, 0x1f, 0x77, 0xfe, 0x76, 
    0xff, 0x76, 0xff, 0x76, 0xff, 0x76, 0xfe, 0x76, 0xff, 0x76, 0xff, 0x76, 
    0xff, 0x76, 0xfe, 0x76, 0xff, 0x76, 0xff, 0x76, 0xff, 0x76, 0xff, 0x76, 
    0xff, 0x76, 0xff, 0x76, 0xff, 0x76, 0xff, 0x76, 0xff, 0x76, 0xff, 0x76, 
    0x1f, 0x77, 0xff, 0x7e, 0xff, 0x7e, 0xff, 0x7e, 0xff, 0x7e, 0xff, 0x7e, 
    0xff, 0x7e, 0xff, 0x7e, 0xff, 0x7e, 0xff, 0x7e, 0xff, 0x7e, 0xff, 0x7e, 
    0xff, 0x7e, 0xfe, 0x7e, 0xfe, 0x76, 0xfe, 0x7e, 0xff, 0x76, 0xff, 0x76, 
    0xff, 0x76, 0xff, 0x76, 0xff, 0x76, 0xff, 0x76, 0xff, 0x76, 0xff, 0x76, 
    0xff, 0x76, 0xff, 0x76, 0xff, 0x76, 0xff, 0x7e, 0xff, 0x7e, 0xff, 0x7e, 
    0xff, 0x76, 0xff, 0x7e, 0xff, 0x76, 0xff, 0x76, 0xff, 0x7e, 0xff, 0x7e, 
    0xff, 0x7e, 0xff, 0x7e, 0xfe, 0x7e, 0xff, 0x7e, 0xff, 0x7e, 0xff, 0x7e, 
    0xff, 0x7e, 0xff, 0x7e, 0xff, 0x7e, 0xff, 0x7e, 0xff, 0x7e, 0xff, 0x7e, 
    0xfe, 0x7e, 0xff, 0x7e, 0xff, 0x7e, 0xfe, 0x7e, 0xff, 0x7e, 0xfe, 0x7e, 
    0xff, 0x7e, 0xfe, 0x7e, 0xfe, 0x7e, 0xfe, 0x7e, 0xff, 0x7e, 0xfe, 0x7e, 
    0xff, 0x7e, 0xff, 0x7e, 0xff, 0x7e, 0xff, 0x7e, 0xff, 0x7e, 0xff, 0x7e, 
    0xff, 0x7e, 0xff, 0x7e, 0xfe, 0x7e, 0xff, 0x7e, 0xff, 0x7e, 0xff, 0x7e, 
    0xfe, 0x7e, 0xff, 0x7e, 0xff, 0x7e, 0x1f, 0x7f, 0xff, 0x7e, 0xff, 0x7e, 
    0xff, 0x7e, 0xff, 0x7e, 0xff, 0x7e, 0xff, 0x7e, 0xff, 0x7e, 0xff, 0x7e, 
    0xff, 0x7e, 0xff, 0x7e, 0xff, 0x7e, 0xff, 0x7e, 0xff, 0x7e, 0xff, 0x7e, 
    0xff, 0x7e, 0xff, 0x7e, 0xff, 0x7e, 0xfe, 0x7e, 0xff, 0x7e, 0xff, 0x7e, 
    0xff, 0x7e, 0xff, 0x7e, 0xff, 0x7e, 0xfe, 0x7e, 0xfe, 0x7e, 0xfe, 0x7e, 
    0xfe, 0x7e, 0xfe, 0x7e, 0xfe, 0x7e, 0xff, 0x7e, 0xff, 0x7e, 0xfe, 0x7e, 
    0xfe, 0x7e, 0xff, 0x7e, 0xfe, 0x7e, 0xff, 0x7e, 0xfe, 0x7e, 0xff, 0x7e, 
    0xfe, 0x86, 0xfe, 0x7e, 0xfe, 0x7e, 0x1f, 0x87, 0x1f, 0x87, 0x1f, 0x87, 
    0x1f, 0x87, 0x1f, 0x87, 0x1f, 0x87, 0x1e, 0x87, 0x1f, 0x87, 0x1f, 0x87, 
    0x1f, 0x87, 0x1f, 0x87, 0x1f, 0x87, 0x1e, 0x87, 0xfe, 0x86, 0x1e, 0x87, 
    0x1f, 0x87, 0x1f, 0x87, 0xfe, 0x86, 0x1f, 0x87, 0x1f, 0x87, 0x1e, 0x87, 
    0x1f, 0x87, 0x1f, 0x87, 0x1e, 0x87, 0x1f, 0x87, 0x1e, 0x8f, 0x1f, 0x8f, 
    0x1e, 0x8f, 0x1f, 0x8f, 0x1e, 0x8f, 0x1f, 0x8f, 0x1e, 0x8f, 0x1e, 0x8f, 
    0x1e, 0x8f, 0x1e, 0x8f, 0x1e, 0x8f, 0x1f, 0x8f, 0x1f, 0x8f, 0x1f, 0x8f, 
    0xde, 0x76, 0xde, 0x76, 0xde, 0x76, 0xff, 0x76, 0xff, 0x76, 0xdf, 0x76, 
    0xdf, 0x76, 0xdf, 0x76, 0xff, 0x76, 0xff, 0x76, 0xff, 0x76, 0xde, 0x76, 
    0xfe, 0x76, 0xfe, 0x76, 0xff, 0x76, 0xff, 0x76, 0xfe, 0x76, 0xff, 0x76, 
    0xff, 0x76, 0xff, 0x76, 0xff, 0x76, 0xff, 0x76, 0xff, 0x76, 0xdf, 0x7e, 
    0xdf, 0x76, 0xdf, 0x76, 0xde, 0x76, 0xde, 0x76, 0xde, 0x76, 0xde, 0x76, 
    0xde, 0x76, 0xde, 0x76, 0xde, 0x76, 0xde, 0x76, 0xde, 0x76, 0xde, 0x76, 
    0xde, 0x76, 0xdf, 0x76, 0xff, 0x76, 0xdf, 0x76, 0xff, 0x76, 0xff, 0x76, 
    0xff, 0x76, 0xff, 0x76, 0xff, 0x76, 0xff, 0x76, 0xfe, 0x76, 0xff, 0x76, 
    0xfe, 0x76, 0xfe, 0x76, 0xff, 0x76, 0xff, 0x76, 0xff, 0x76, 0xff, 0x76, 
    0xff, 0x76, 0xff, 0x76, 0xff, 0x76, 0xff, 0x76, 0xff, 0x76, 0xff, 0x76, 
    0xff, 0x76, 0x1f, 0x77, 0x1f, 0x77, 0xff, 0x76, 0x1f, 0x77, 0xff, 0x76, 
    0xff, 0x7e, 0xff, 0x76, 0xff, 0x76, 0xff, 0x76, 0xff, 0x76, 0xfe, 0x76, 
    0xff, 0x76, 0xff, 0x76, 0xff, 0x76, 0xff, 0x76, 0xff, 0x76, 0xff, 0x76, 
    0xff, 0x76, 0xff, 0x76, 0xff, 0x76, 0xff, 0x76, 0xff, 0x76, 0xff, 0x76, 
    0xff, 0x76, 0xff, 0x76, 0xff, 0x7e, 0xff, 0x7e, 0xff, 0x7e, 0xff, 0x7e, 
    0xff, 0x7e, 0xff, 0x7e, 0xff, 0x7e, 0xff, 0x7e, 0xff, 0x7e, 0xff, 0x7e, 
    0xff, 0x7e, 0xff, 0x7e, 0xff, 0x76, 0xff, 0x7e, 0xff, 0x7e, 0xfe, 0x7e, 
    0xff, 0x7e, 0xff, 0x7e, 0xff, 0x7e, 0x1f, 0x77, 0xff, 0x7e, 0xff, 0x7e, 
    0xff, 0x7e, 0xff, 0x7e, 0xff, 0x7e, 0xff, 0x7e, 0xff, 0x7e, 0xff, 0x7e, 
    0xff, 0x7e, 0xff, 0x7e, 0xff, 0x7e, 0xff, 0x7e, 0xff, 0x7e, 0xff, 0x7e, 
    0xff, 0x7e, 0xff, 0x7e, 0xfe, 0x7e, 0xff, 0x7e, 0xff, 0x7e, 0xff, 0x7e, 
    0xff, 0x7e, 0x1f, 0x7f, 0xff, 0x7e, 0xff, 0x7e, 0xff, 0x7e, 0xff, 0x7e, 
    0xff, 0x7e, 0xff, 0x7e, 0xff, 0x7e, 0xfe, 0x7e, 0xff, 0x7e, 0xfe, 0x7e, 
    0xfe, 0x7e, 0xff, 0x7e, 0xfe, 0x7e, 0xff, 0x7e, 0xff, 0x7e, 0xff, 0x7e, 
    0xff, 0x7e, 0xff, 0x7e, 0xdf, 0x7e, 0xff, 0x7e, 0xff, 0x7e, 0xfe, 0x7e, 
    0xfe, 0x7e, 0xff, 0x7e, 0xff, 0x7e, 0xff, 0x7e, 0xff, 0x7e, 0x1f, 0x7f, 
    0xff, 0x7e, 0xff, 0x7e, 0xff, 0x7e, 0xff, 0x7e, 0x1f, 0x7f, 0x1f, 0x7f, 
    0xff, 0x7e, 0xff, 0x7e, 0x1f, 0x7f, 0xff, 0x7e, 0xff, 0x7e, 0xff, 0x7e, 
    0xff, 0x7e, 0xff, 0x7e, 0xff, 0x7e, 0xff, 0x7e, 0xff, 0x7e, 0xff, 0x7e, 
    0x1f, 0x7f, 0x1e, 0x7f, 0xff, 0x7e, 0xff, 0x7e, 0xff, 0x7e, 0x1f, 0x7f, 
    0xff, 0x7e, 0xff, 0x7e, 0xff, 0x7e, 0xff, 0x7e, 0xff, 0x7e, 0xff, 0x7e, 
    0xff, 0x7e, 0xff, 0x7e, 0xff, 0x7e, 0xfe, 0x7e, 0x1e, 0x7f, 0xff, 0x7e, 
    0xff, 0x7e, 0xff, 0x7e, 0xfe, 0x7e, 0xfe, 0x7e, 0xfe, 0x7e, 0xfe, 0x86, 
    0xff, 0x86, 0xff, 0x86, 0xff, 0x86, 0x1f, 0x87, 0x1f, 0x87, 0x1f, 0x87, 
    0x1f, 0x87, 0x1f, 0x87, 0x1f, 0x87, 0x1f, 0x87, 0x1f, 0x8f, 0x1f, 0x8f, 
    0x1f, 0x8f, 0x1f, 0x8f, 0x1f, 0x8f, 0x1f, 0x87, 0x1f, 0x8f, 0x1f, 0x87, 
    0x1f, 0x87, 0x1f, 0x8f, 0x1e, 0x87, 0x1e, 0x87, 0x1f, 0x8f, 0x1f, 0x87, 
    0x1f, 0x87, 0x1f, 0x8f, 0x1e, 0x8f, 0x1e, 0x8f, 0x1e, 0x8f, 0x1e, 0x8f, 
    0x1f, 0x8f, 0x1f, 0x97, 0x1f, 0x97, 0x1f, 0x97, 0x1f, 0x97, 0x1e, 0x97, 
    0x3f, 0x97, 0x1f, 0x97, 0x1f, 0x97, 0x3f, 0x97, 0x3f, 0x97, 0x3e, 0x97, 
    0xde, 0x76, 0xdf, 0x76, 0xdf, 0x76, 0xde, 0x76, 0xde, 0x76, 0xff, 0x76, 
    0xff, 0x76, 0xfe, 0x76, 0xfe, 0x76, 0xfe, 0x76, 0xfe, 0x76, 0xde, 0x76, 
    0xdf, 0x76, 0xfe, 0x76, 0xfe, 0x76, 0xfe, 0x76, 0xff, 0x76, 0xff, 0x76, 
    0xff, 0x76, 0xfe, 0x76, 0xff, 0x76, 0xff, 0x76, 0xfe, 0x76, 0xdf, 0x76, 
    0xde, 0x76, 0xfe, 0x76, 0xde, 0x7e, 0xde, 0x76, 0xde, 0x76, 0xde, 0x76, 
    0xde, 0x76, 0xdf, 0x76, 0xde, 0x76, 0xde, 0x76, 0xde, 0x76, 0xde, 0x7e, 
    0xde, 0x76, 0xfe, 0x76, 0xff, 0x76, 0xfe, 0x76, 0xff, 0x76, 0xff, 0x76, 
    0xff, 0x76, 0xff, 0x76, 0xff, 0x76, 0xff, 0x76, 0xff, 0x76, 0xff, 0x76, 
    0xfe, 0x76, 0xfe, 0x76, 0xff, 0x76, 0xfe, 0x76, 0xff, 0x76, 0xff, 0x76, 
    0xff, 0x76, 0xff, 0x76, 0xff, 0x76, 0xff, 0x76, 0xff, 0x76, 0xff, 0x76, 
    0xff, 0x76, 0x1f, 0x77, 0x1f, 0x77, 0x1f, 0x77, 0xff, 0x7e, 0xff, 0x76, 
    0xfe, 0x7e, 0xff, 0x7e, 0xff, 0x76, 0xff, 0x76, 0xff, 0x76, 0xff, 0x7e, 
    0xff, 0x76, 0xfe, 0x76, 0xff, 0x76, 0xff, 0x76, 0xff, 0x76, 0xff, 0x76, 
    0xff, 0x76, 0xff, 0x76, 0xff, 0x76, 0xff, 0x76, 0xff, 0x76, 0xff, 0x76, 
    0xff, 0x76, 0xff, 0x76, 0xff, 0x7e, 0xff, 0x7e, 0xff, 0x7e, 0xff, 0x7e, 
    0xff, 0x7e, 0xff, 0x7e, 0xff, 0x7e, 0xff, 0x7e, 0xff, 0x7e, 0xff, 0x7e, 
    0xfe, 0x7e, 0xff, 0x7e, 0xff, 0x7e, 0xfe, 0x7e, 0xff, 0x7e, 0xff, 0x7e, 
    0xff, 0x7e, 0xff, 0x7e, 0xff, 0x7e, 0xff, 0x7e, 0xff, 0x7e, 0xff, 0x7e, 
    0xff, 0x7e, 0xff, 0x7e, 0x1f, 0x7f, 0xff, 0x76, 0xff, 0x7e, 0xff, 0x7e, 
    0xff, 0x7e, 0xff, 0x7e, 0xff, 0x7e, 0xff, 0x7e, 0xff, 0x7e, 0xff, 0x7e, 
    0xff, 0x7e, 0xff, 0x7e, 0xff, 0x7e, 0xff, 0x7e, 0xff, 0x7e, 0xff, 0x7e, 
    0x1f, 0x7f, 0x1f, 0x7f, 0x1f, 0x7f, 0x1f, 0x7f, 0xff, 0x7e, 0xff, 0x7e, 
    0xff, 0x7e, 0xff, 0x7e, 0xff, 0x7e, 0xff, 0x7e, 0xff, 0x7e, 0xfe, 0x7e, 
    0xfe, 0x7e, 0xff, 0x7e, 0xff, 0x7e, 0xfe, 0x7e, 0xff, 0x7e, 0xfe, 0x7e, 
    0xff, 0x7e, 0xff, 0x7e, 0xdf, 0x7e, 0xff, 0x7e, 0xff, 0x7e, 0xff, 0x7e, 
    0xff, 0x7e, 0xff, 0x7e, 0xff, 0x7e, 0xff, 0x7e, 0xff, 0x7e, 0xff, 0x7e, 
    0xfe, 0x7e, 0xff, 0x7e, 0x1f, 0x7f, 0x1f, 0x7f, 0x1f, 0x7f, 0x1f, 0x7f, 
    0x1f, 0x7f, 0xff, 0x7e, 0xff, 0x7e, 0xff, 0x7e, 0x1f, 0x7f, 0xff, 0x7e, 
    0xff, 0x7e, 0xff, 0x7e, 0xff, 0x7e, 0xff, 0x7e, 0xff, 0x7e, 0xff, 0x7e, 
    0xff, 0x7e, 0xff, 0x7e, 0xff, 0x7e, 0xff, 0x7e, 0xff, 0x7e, 0xff, 0x7e, 
    0x1f, 0x7f, 0xff, 0x7e, 0xff, 0x86, 0xfe, 0x7e, 0xff, 0x7e, 0x1e, 0x7f, 
    0xff, 0x7e, 0x1f, 0x7f, 0x1e, 0x7f, 0x1f, 0x7f, 0x1f, 0x7f, 0x1f, 0x7f, 
    0xfe, 0x7e, 0xff, 0x7e, 0xff, 0x7e, 0xff, 0x86, 0xfe, 0x86, 0xff, 0x86, 
    0xff, 0x86, 0xff, 0x86, 0x1f, 0x87, 0x1f, 0x87, 0x1f, 0x87, 0x1f, 0x87, 
    0x1f, 0x87, 0x1f, 0x87, 0x1f, 0x8f, 0x1f, 0x8f, 0x1f, 0x8f, 0x1f, 0x8f, 
    0x1f, 0x8f, 0x1f, 0x8f, 0x1f, 0x8f, 0x1f, 0x8f, 0x1f, 0x8f, 0x1e, 0x8f, 
    0x1f, 0x8f, 0x1f, 0x8f, 0x1e, 0x8f, 0x1e, 0x8f, 0x1f, 0x8f, 0x1f, 0x8f, 
    0x1f, 0x8f, 0x1f, 0x8f, 0x1f, 0x8f, 0x1f, 0x8f, 0x3e, 0x97, 0x3f, 0x97, 
    0x1f, 0x97, 0x1f, 0x97, 0x3e, 0x97, 0x3f, 0x97, 0x3f, 0x97, 0x3f, 0x97, 
    0x3f, 0x97, 0x3f, 0x97, 0x3f, 0x97, 0x3f, 0x97, 0x3f, 0x97, 0x3f, 0x97, 
    0xdf, 0x76, 0xfe, 0x76, 0xff, 0x76, 0xde, 0x76, 0xff, 0x76, 0xde, 0x76, 
    0xff, 0x76, 0xff, 0x76, 0xfe, 0x76, 0xfe, 0x76, 0xde, 0x76, 0xfe, 0x76, 
    0xfe, 0x76, 0xde, 0x76, 0xde, 0x76, 0xfe, 0x76, 0xfe, 0x76, 0xfe, 0x76, 
    0xde, 0x76, 0xff, 0x76, 0xfe, 0x76, 0xff, 0x76, 0xff, 0x7e, 0xff, 0x7e, 
    0xfe, 0x7e, 0xdf, 0x7e, 0xfe, 0x7e, 0xde, 0x76, 0xde, 0x76, 0xde, 0x76, 
    0xde, 0x76, 0xde, 0x76, 0xde, 0x76, 0xde, 0x76, 0xde, 0x76, 0xfe, 0x7e, 
    0xfe, 0x7e, 0xdf, 0x76, 0xff, 0x76, 0xff, 0x76, 0xff, 0x76, 0xff, 0x76, 
    0xff, 0x76, 0xff, 0x76, 0xff, 0x76, 0xfe, 0x76, 0xfe, 0x76, 0xff, 0x76, 
    0xfe, 0x76, 0xff, 0x76, 0xfe, 0x76, 0xff, 0x76, 0xff, 0x76, 0xff, 0x76, 
    0xff, 0x76, 0xff, 0x76, 0xff, 0x76, 0xfe, 0x76, 0xff, 0x76, 0xff, 0x76, 
    0xff, 0x76, 0x1f, 0x77, 0xff, 0x7e, 0xff, 0x7e, 0xff, 0x7e, 0xff, 0x7e, 
    0xff, 0x7e, 0xff, 0x7e, 0xff, 0x76, 0xff, 0x76, 0xff, 0x76, 0xff, 0x76, 
    0xff, 0x76, 0xff, 0x76, 0xff, 0x76, 0xff, 0x76, 0xfe, 0x7e, 0xff, 0x76, 
    0xff, 0x76, 0xff, 0x76, 0x1f, 0x77, 0xff, 0x7e, 0xff, 0x76, 0xff, 0x76, 
    0xff, 0x7e, 0xff, 0x76, 0xff, 0x7e, 0xff, 0x7e, 0xff, 0x7e, 0xff, 0x7e, 
    0xff, 0x7e, 0xff, 0x7e, 0xff, 0x7e, 0xff, 0x7e, 0xff, 0x7e, 0xff, 0x7e, 
    0xff, 0x7e, 0xff, 0x7e, 0xff, 0x7e, 0xff, 0x7e, 0xff, 0x7e, 0xff, 0x7e, 
    0xff, 0x7e, 0xff, 0x7e, 0xff, 0x7e, 0xfe, 0x7e, 0xff, 0x7e, 0xff, 0x7e, 
    0xff, 0x7e, 0xff, 0x7e, 0xff, 0x7e, 0xff, 0x76, 0xff, 0x7e, 0xff, 0x7e, 
    0xff, 0x7e, 0xff, 0x7e, 0xff, 0x7e, 0xff, 0x7e, 0x1f, 0x7f, 0x1f, 0x7f, 
    0x1f, 0x7f, 0xff, 0x7e, 0xff, 0x7e, 0xff, 0x7e, 0x1f, 0x7f, 0x1f, 0x7f, 
    0x1f, 0x7f, 0x1f, 0x87, 0x1f, 0x7f, 0x1f, 0x7f, 0x1f, 0x7f, 0xff, 0x7e, 
    0xff, 0x7e, 0xff, 0x7e, 0xff, 0x7e, 0xfe, 0x7e, 0xff, 0x7e, 0xfe, 0x7e, 
    0xff, 0x7e, 0xfe, 0x7e, 0xff, 0x7e, 0xff, 0x7e, 0xff, 0x7e, 0xff, 0x7e, 
    0xff, 0x7e, 0xff, 0x7e, 0xfe, 0x7e, 0xdf, 0x7e, 0xfe, 0x7e, 0xfe, 0x7e, 
    0xfe, 0x7e, 0xff, 0x7e, 0xff, 0x7e, 0xff, 0x7e, 0xfe, 0x7e, 0xff, 0x7e, 
    0xff, 0x7e, 0xff, 0x7e, 0x1f, 0x7f, 0xff, 0x7e, 0x1f, 0x7f, 0x1f, 0x7f, 
    0x1f, 0x7f, 0xff, 0x7e, 0x1f, 0x7f, 0x1f, 0x7f, 0x1f, 0x7f, 0xff, 0x7e, 
    0x1f, 0x7f, 0x1f, 0x7f, 0xff, 0x7e, 0x1f, 0x7f, 0xff, 0x7e, 0x1f, 0x7f, 
    0xfe, 0x7e, 0xff, 0x7e, 0xff, 0x7e, 0xff, 0x7e, 0xff, 0x7e, 0xff, 0x7e, 
    0xff, 0x7e, 0xff, 0x7e, 0xff, 0x7e, 0xfe, 0x7e, 0xfe, 0x7e, 0xff, 0x7e, 
    0x1f, 0x7f, 0x1f, 0x7f, 0x1f, 0x87, 0x1f, 0x87, 0x1f, 0x87, 0x1f, 0x7f, 
    0x1f, 0x87, 0xff, 0x7e, 0x1e, 0x87, 0x1f, 0x87, 0xff, 0x86, 0xff, 0x86, 
    0x1f, 0x87, 0x1f, 0x87, 0x1f, 0x87, 0x1f, 0x87, 0x1f, 0x8f, 0x1f, 0x87, 
    0x1f, 0x87, 0x1f, 0x8f, 0x1f, 0x8f, 0x1f, 0x8f, 0x1f, 0x8f, 0x3f, 0x8f, 
    0x1f, 0x8f, 0x1f, 0x8f, 0x1f, 0x8f, 0x1f, 0x8f, 0x1f, 0x8f, 0x1f, 0x8f, 
    0x1e, 0x8f, 0x1f, 0x8f, 0x1f, 0x8f, 0x1e, 0x8f, 0x3e, 0x8f, 0x1f, 0x8f, 
    0x3f, 0x8f, 0x3f, 0x8f, 0x3e, 0x97, 0x3f, 0x97, 0x3f, 0x97, 0x3f, 0x9f, 
    0x3e, 0x9f, 0x3e, 0x9f, 0x3f, 0x9f, 0x3e, 0x9f, 0x3f, 0x9f, 0x3f, 0x9f, 
    0x3f, 0x9f, 0x5e, 0x9f, 0x3f, 0x9f, 0x5f, 0x9f, 0x5f, 0x9f, 0x5f, 0x9f, 
    0xdf, 0x76, 0xff, 0x76, 0xdf, 0x76, 0xff, 0x76, 0xff, 0x76, 0xff, 0x76, 
    0xff, 0x76, 0xfe, 0x7e, 0xff, 0x76, 0xde, 0x76, 0xfe, 0x7e, 0xfe, 0x76, 
    0xde, 0x76, 0xfe, 0x7e, 0xfe, 0x76, 0xdf, 0x76, 0xfe, 0x76, 0xfe, 0x76, 
    0xfe, 0x76, 0xff, 0x76, 0xff, 0x7e, 0xff, 0x7e, 0xfe, 0x7e, 0xff, 0x7e, 
    0xff, 0x7e, 0xfe, 0x7e, 0xde, 0x7e, 0xde, 0x7e, 0xde, 0x76, 0xde, 0x7e, 
    0xdf, 0x7e, 0xfe, 0x7e, 0xfe, 0x7e, 0xfe, 0x7e, 0xde, 0x76, 0xde, 0x76, 
    0xfe, 0x76, 0xfe, 0x7e, 0xff, 0x7e, 0xff, 0x76, 0xff, 0x76, 0xff, 0x76, 
    0xff, 0x76, 0xff, 0x76, 0xff, 0x76, 0xff, 0x76, 0xff, 0x76, 0xfe, 0x76, 
    0xff, 0x76, 0xff, 0x76, 0xff, 0x76, 0xfe, 0x76, 0xff, 0x76, 0xff, 0x76, 
    0xff, 0x76, 0xff, 0x76, 0xff, 0x76, 0xff, 0x76, 0xfe, 0x76, 0xff, 0x76, 
    0xff, 0x76, 0xff, 0x76, 0xff, 0x7e, 0xff, 0x7e, 0xff, 0x7e, 0xff, 0x7e, 
    0xfe, 0x7e, 0xff, 0x7e, 0xff, 0x7e, 0xff, 0x76, 0xff, 0x7e, 0xff, 0x76, 
    0xff, 0x76, 0xff, 0x76, 0xff, 0x76, 0xff, 0x7e, 0xff, 0x7e, 0xff, 0x76, 
    0xff, 0x7e, 0xff, 0x7e, 0xff, 0x76, 0x1f, 0x7f, 0xff, 0x7e, 0xff, 0x76, 
    0xff, 0x7e, 0xff, 0x7e, 0xff, 0x7e, 0xff, 0x7e, 0xff, 0x7e, 0xff, 0x7e, 
    0xff, 0x7e, 0xff, 0x7e, 0xff, 0x7e, 0xff, 0x7e, 0xff, 0x7e, 0xff, 0x7e, 
    0xff, 0x7e, 0xff, 0x7e, 0xff, 0x7e, 0xff, 0x7e, 0xff, 0x7e, 0xff, 0x7e, 
    0xff, 0x7e, 0xff, 0x7e, 0xff, 0x7e, 0xff, 0x7e, 0xff, 0x7e, 0xff, 0x7e, 
    0xff, 0x7e, 0xff, 0x7e, 0xff, 0x7e, 0x1f, 0x7f, 0xff, 0x7e, 0xff, 0x7e, 
    0xff, 0x7e, 0xff, 0x7e, 0xff, 0x7e, 0xff, 0x7e, 0xff, 0x7e, 0xff, 0x7e, 
    0x1f, 0x7f, 0x1f, 0x7f, 0x1f, 0x7f, 0x1f, 0x7f, 0x1f, 0x7f, 0x1f, 0x7f, 
    0x1f, 0x87, 0x1f, 0x7f, 0x1f, 0x7f, 0x1f, 0x7f, 0xff, 0x86, 0xff, 0x7e, 
    0xff, 0x7e, 0xff, 0x7e, 0xff, 0x7e, 0xff, 0x7e, 0xff, 0x7e, 0xff, 0x7e, 
    0xff, 0x7e, 0xff, 0x7e, 0xff, 0x7e, 0xff, 0x7e, 0xff, 0x7e, 0xff, 0x7e, 
    0xff, 0x7e, 0xff, 0x7e, 0xff, 0x7e, 0xfe, 0x7e, 0xfe, 0x7e, 0xff, 0x7e, 
    0xff, 0x7e, 0xff, 0x7e, 0xff, 0x7e, 0xff, 0x7e, 0xff, 0x7e, 0xfe, 0x7e, 
    0xff, 0x7e, 0xff, 0x7e, 0xff, 0x7e, 0xff, 0x7e, 0x1f, 0x7f, 0x1f, 0x7f, 
    0x1f, 0x7f, 0x1f, 0x87, 0xff, 0x86, 0x1f, 0x7f, 0x1f, 0x7f, 0x1f, 0x7f, 
    0x1f, 0x7f, 0xff, 0x7e, 0x1e, 0x7f, 0xff, 0x7e, 0xff, 0x7e, 0x1e, 0x7f, 
    0xff, 0x7e, 0xff, 0x7e, 0xff, 0x7e, 0xff, 0x7e, 0xff, 0x7e, 0xff, 0x7e, 
    0xff, 0x7e, 0xfe, 0x7e, 0xfe, 0x7e, 0xff, 0x7e, 0xff, 0x7e, 0x1e, 0x87, 
    0x1f, 0x87, 0x1f, 0x87, 0x1f, 0x87, 0x1f, 0x87, 0x1f, 0x87, 0x1f, 0x87, 
    0x1f, 0x87, 0x1f, 0x87, 0x1f, 0x87, 0x1f, 0x87, 0x1f, 0x87, 0x1f, 0x87, 
    0x1f, 0x87, 0x1f, 0x8f, 0x1f, 0x87, 0x1f, 0x8f, 0x1f, 0x8f, 0x1f, 0x8f, 
    0x1f, 0x8f, 0x1f, 0x8f, 0x1f, 0x8f, 0x3f, 0x8f, 0x1f, 0x8f, 0x1f, 0x8f, 
    0x1f, 0x8f, 0x1f, 0x8f, 0x1f, 0x8f, 0x1f, 0x8f, 0x1f, 0x8f, 0x1e, 0x8f, 
    0x1f, 0x8f, 0x3f, 0x8f, 0x3f, 0x8f, 0x1f, 0x97, 0x3f, 0x97, 0x3f, 0x97, 
    0x3f, 0x97, 0x3f, 0x97, 0x3f, 0x97, 0x3f, 0x9f, 0x5f, 0xa7, 0x3e, 0xaf, 
    0x3e, 0xb7, 0x3e, 0xb7, 0x3e, 0xb7, 0x3e, 0xb7, 0x3e, 0xb7, 0x3e, 0xaf, 
    0x3f, 0xaf, 0x3f, 0xa7, 0x5f, 0xa7, 0x5f, 0xa7, 0x5f, 0xa7, 0x5f, 0x9f, 
    0xff, 0x76, 0xdf, 0x76, 0xdf, 0x76, 0xdf, 0x76, 0xdf, 0x7e, 0xff, 0x7e, 
    0xff, 0x7e, 0xff, 0x7e, 0xff, 0x7e, 0xff, 0x7e, 0xfe, 0x7e, 0xde, 0x7e, 
    0xfe, 0x7e, 0xfe, 0x7e, 0xde, 0x76, 0xfe, 0x7e, 0xfe, 0x7e, 0xfe, 0x76, 
    0xff, 0x7e, 0xff, 0x7e, 0xfe, 0x7e, 0xff, 0x7e, 0xff, 0x7e, 0xfe, 0x7e, 
    0xfe, 0x7e, 0xfe, 0x7e, 0xfe, 0x7e, 0xfe, 0x7e, 0xfe, 0x7e, 0xde, 0x7e, 
    0xfe, 0x7e, 0xfe, 0x7e, 0xfe, 0x7e, 0xff, 0x7e, 0xfe, 0x7e, 0xff, 0x7e, 
    0xfe, 0x7e, 0xff, 0x7e, 0xff, 0x7e, 0xff, 0x7e, 0xff, 0x76, 0xff, 0x76, 
    0xff, 0x76, 0xff, 0x76, 0xff, 0x76, 0xff, 0x76, 0xff, 0x76, 0xff, 0x76, 
    0xff, 0x76, 0xfe, 0x76, 0xff, 0x76, 0xff, 0x76, 0xff, 0x76, 0xff, 0x76, 
    0xff, 0x76, 0xff, 0x76, 0xff, 0x76, 0xfe, 0x76, 0xff, 0x76, 0xfe, 0x76, 
    0xff, 0x76, 0xff, 0x76, 0xff, 0x76, 0xff, 0x7e, 0xfe, 0x7e, 0xff, 0x7e, 
    0xff, 0x7e, 0xff, 0x7e, 0xff, 0x7e, 0xff, 0x7e, 0xff, 0x7e, 0xff, 0x7e, 
    0xff, 0x7e, 0xff, 0x7e, 0xfe, 0x7e, 0xff, 0x7e, 0xff, 0x7e, 0xff, 0x76, 
    0xff, 0x76, 0xff, 0x7e, 0xff, 0x7e, 0xff, 0x7e, 0xff, 0x7e, 0xff, 0x7e, 
    0xff, 0x7e, 0x1f, 0x7f, 0xff, 0x7e, 0x1f, 0x7f, 0xff, 0x7e, 0x1f, 0x7f, 
    0xff, 0x7e, 0xff, 0x7e, 0xff, 0x7e, 0xff, 0x7e, 0xff, 0x7e, 0xff, 0x7e, 
    0xff, 0x7e, 0xff, 0x7e, 0xff, 0x7e, 0xff, 0x7e, 0xff, 0x7e, 0xff, 0x7e, 
    0xff, 0x7e, 0xff, 0x7e, 0xff, 0x7e, 0xff, 0x7e, 0xff, 0x7e, 0xff, 0x7e, 
    0xff, 0x7e, 0xff, 0x7e, 0xff, 0x7e, 0xff, 0x7e, 0xff, 0x7e, 0xff, 0x7e, 
    0xff, 0x7e, 0xff, 0x7e, 0xff, 0x7e, 0xff, 0x7e, 0xff, 0x7e, 0xff, 0x7e, 
    0xfe, 0x7e, 0xff, 0x7e, 0xff, 0x7e, 0x1f, 0x7f, 0x1f, 0x7f, 0x1f, 0x7f, 
    0x1f, 0x7f, 0x1f, 0x7f, 0x1f, 0x87, 0x1f, 0x87, 0x1f, 0x87, 0x1f, 0x87, 
    0x1f, 0x7f, 0x1f, 0x7f, 0xff, 0x7e, 0xff, 0x7e, 0xff, 0x7e, 0xff, 0x7e, 
    0xff, 0x7e, 0xff, 0x7e, 0x1f, 0x7f, 0xff, 0x7e, 0xff, 0x7e, 0xff, 0x7e, 
    0xff, 0x7e, 0xff, 0x7e, 0xff, 0x7e, 0xfe, 0x7e, 0xfe, 0x7e, 0xff, 0x7e, 
    0xff, 0x7e, 0xfe, 0x7e, 0xff, 0x7e, 0xff, 0x7e, 0xff, 0x7e, 0xfe, 0x7e, 
    0xff, 0x86, 0xff, 0x7e, 0x1f, 0x7f, 0x1f, 0x7f, 0x1f, 0x7f, 0x1f, 0x7f, 
    0x1f, 0x87, 0x1f, 0x87, 0xff, 0x7e, 0x1f, 0x7f, 0x1f, 0x87, 0x1f, 0x7f, 
    0x1f, 0x7f, 0x1f, 0x7f, 0xff, 0x7e, 0xff, 0x7e, 0xff, 0x7e, 0xfe, 0x7e, 
    0xff, 0x7e, 0xff, 0x7e, 0xff, 0x7e, 0xff, 0x7e, 0xff, 0x7e, 0xff, 0x7e, 
    0xff, 0x7e, 0x1f, 0x87, 0xff, 0x86, 0xfe, 0x86, 0xff, 0x86, 0x1f, 0x87, 
    0x1f, 0x87, 0x1f, 0x87, 0x1f, 0x87, 0x1f, 0x87, 0x1f, 0x87, 0x1f, 0x87, 
    0x1f, 0x87, 0x1f, 0x87, 0x1f, 0x87, 0x1f, 0x87, 0x1f, 0x87, 0x1f, 0x87, 
    0x1f, 0x8f, 0x1f, 0x87, 0x1f, 0x8f, 0x1f, 0x8f, 0x1f, 0x8f, 0x1f, 0x8f, 
    0x1f, 0x8f, 0x1f, 0x8f, 0x3f, 0x8f, 0x1f, 0x8f, 0x1f, 0x97, 0x3f, 0x8f, 
    0x3f, 0x8f, 0x1f, 0x8f, 0x3f, 0x97, 0x1f, 0x8f, 0x1f, 0x8f, 0x1f, 0x8f, 
    0x1f, 0x97, 0x1f, 0x97, 0x3f, 0x97, 0x3f, 0x97, 0x3f, 0x97, 0x3f, 0x9f, 
    0x3f, 0x9f, 0x5f, 0xa7, 0x5f, 0xb7, 0x7e, 0xd7, 0xde, 0xf7, 0xdd, 0xf7, 
    0xfe, 0xff, 0xfe, 0xff, 0xff, 0xff, 0xff, 0xff, 0xff, 0xff, 0xfe, 0xff, 
    0xfe, 0xff, 0xdd, 0xf7, 0xbd, 0xef, 0x7e, 0xdf, 0x7e, 0xbf, 0x5f, 0xaf, 
    0xff, 0x76, 0xff, 0x7e, 0xff, 0x7e, 0xff, 0x7e, 0xff, 0x7e, 0xff, 0x7e, 
    0xff, 0x7e, 0xfe, 0x7e, 0xff, 0x7e, 0xfe, 0x7e, 0xfe, 0x7e, 0xfe, 0x7e, 
    0xde, 0x7e, 0xfe, 0x7e, 0xde, 0x7e, 0xfe, 0x7e, 0xfe, 0x7e, 0xfe, 0x7e, 
    0xfe, 0x7e, 0xff, 0x7e, 0xff, 0x7e, 0xff, 0x7e, 0x1e, 0x7f, 0x1f, 0x87, 
    0x1f, 0x87, 0x1f, 0x87, 0xfe, 0x86, 0xfe, 0x7e, 0xfe, 0x7e, 0xff, 0x7e, 
    0xff, 0x7e, 0xff, 0x7e, 0xff, 0x7e, 0xff, 0x7e, 0xfe, 0x7e, 0xff, 0x7e, 
    0xff, 0x7e, 0xff, 0x7e, 0xff, 0x7e, 0xff, 0x7e, 0xff, 0x7e, 0xff, 0x7e, 
    0xff, 0x7e, 0xfe, 0x7e, 0xff, 0x7e, 0xff, 0x76, 0xfe, 0x76, 0xff, 0x76, 
    0xff, 0x76, 0xff, 0x76, 0xff, 0x76, 0xfe, 0x76, 0xff, 0x76, 0xff, 0x76, 
    0xff, 0x76, 0xff, 0x76, 0xfe, 0x76, 0xff, 0x76, 0xfe, 0x76, 0xff, 0x76, 
    0xfe, 0x76, 0xfe, 0x76, 0xfe, 0x76, 0xfe, 0x7e, 0xfe, 0x76, 0xdf, 0x7e, 
    0xfe, 0x7e, 0xff, 0x7e, 0xff, 0x7e, 0xfe, 0x7e, 0xfe, 0x7e, 0xff, 0x7e, 
    0xff, 0x7e, 0xfe, 0x7e, 0xff, 0x7e, 0xff, 0x7e, 0xfe, 0x7e, 0xff, 0x7e, 
    0xff, 0x7e, 0xff, 0x7e, 0xff, 0x7e, 0x1f, 0x7f, 0xff, 0x7e, 0xff, 0x7e, 
    0xff, 0x7e, 0xff, 0x7e, 0x1f, 0x7f, 0x1f, 0x7f, 0x1f, 0x7f, 0xff, 0x7e, 
    0x1f, 0x7f, 0xfe, 0x7e, 0x1f, 0x7f, 0xfe, 0x7e, 0xff, 0x7e, 0xff, 0x7e, 
    0x1f, 0x7f, 0x1f, 0x7f, 0xff, 0x7e, 0xff, 0x7e, 0xff, 0x7e, 0xff, 0x7e, 
    0xff, 0x7e, 0xff, 0x7e, 0xff, 0x7e, 0xff, 0x7e, 0xff, 0x7e, 0xff, 0x7e, 
    0xff, 0x7e, 0xff, 0x7e, 0xff, 0x7e, 0xfe, 0x7e, 0xff, 0x7e, 0xff, 0x7e, 
    0xff, 0x7e, 0xff, 0x7e, 0xff, 0x7e, 0xfe, 0x7e, 0xff, 0x7e, 0xff, 0x7e, 
    0x1f, 0x7f, 0xff, 0x7e, 0x1f, 0x7f, 0xff, 0x7e, 0x1f, 0x7f, 0x1f, 0x87, 
    0x1f, 0x7f, 0x1f, 0x87, 0x1f, 0x87, 0x1f, 0x87, 0x1f, 0x87, 0xff, 0x86, 
    0x1f, 0x87, 0xff, 0x86, 0xff, 0x86, 0xff, 0x7e, 0xff, 0x7e, 0xff, 0x7e, 
    0xff, 0x7e, 0xff, 0x7e, 0x1f, 0x7f, 0xff, 0x7e, 0xff, 0x7e, 0xff, 0x7e, 
    0xff, 0x7e, 0xff, 0x7e, 0xff, 0x7e, 0xfe, 0x7e, 0xff, 0x7e, 0xff, 0x7e, 
    0xfe, 0x7e, 0xff, 0x7e, 0xff, 0x7e, 0xff, 0x7e, 0xff, 0x7e, 0xfe, 0x86, 
    0xff, 0x86, 0xff, 0x86, 0x1f, 0x87, 0x1f, 0x87, 0x1f, 0x7f, 0xff, 0x86, 
    0x1f, 0x87, 0x1f, 0x87, 0x1f, 0x87, 0x1f, 0x87, 0x1f, 0x7f, 0x1f, 0x87, 
    0xff, 0x7e, 0x1f, 0x7f, 0x1f, 0x7f, 0x1f, 0x7f, 0x1f, 0x7f, 0x1f, 0x7f, 
    0x1f, 0x7f, 0xff, 0x7e, 0xfe, 0x7e, 0xff, 0x7e, 0xff, 0x7e, 0xff, 0x7e, 
    0x1f, 0x87, 0xfe, 0x86, 0xfe, 0x86, 0x1f, 0x87, 0x1f, 0x87, 0x1e, 0x87, 
    0x1f, 0x87, 0x1f, 0x87, 0x1f, 0x87, 0x1f, 0x87, 0x1f, 0x87, 0x3f, 0x87, 
    0x1f, 0x87, 0x1f, 0x87, 0x1f, 0x8f, 0x1f, 0x8f, 0x1f, 0x8f, 0x1f, 0x8f, 
    0x1f, 0x8f, 0x1f, 0x8f, 0x1f, 0x8f, 0x3f, 0x8f, 0x1f, 0x8f, 0x1f, 0x8f, 
    0x1f, 0x8f, 0x1f, 0x8f, 0x1e, 0x8f, 0x3f, 0x97, 0x1f, 0x97, 0x3f, 0x97, 
    0x3f, 0x97, 0x3f, 0x8f, 0x3f, 0x97, 0x3f, 0x97, 0x3f, 0x97, 0x3f, 0x97, 
    0x3f, 0x97, 0x3f, 0x97, 0x3f, 0x9f, 0x5f, 0x9f, 0x5f, 0xa7, 0x5f, 0xc7, 
    0x9d, 0xe7, 0xfe, 0xff, 0xff, 0xff, 0xfe, 0xff, 0xff, 0xff, 0xff, 0xff, 
    0xfe, 0xff, 0xfe, 0xff, 0xfe, 0xff, 0xfe, 0xff, 0xfe, 0xff, 0xff, 0xff, 
    0xfe, 0xff, 0xfe, 0xff, 0xfe, 0xff, 0xfe, 0xff, 0xfe, 0xff, 0xfd, 0xff, 
    0xff, 0x76, 0xff, 0x7e, 0xff, 0x7e, 0xff, 0x7e, 0xff, 0x7e, 0xff, 0x7e, 
    0xff, 0x7e, 0xfe, 0x7e, 0xff, 0x7e, 0xff, 0x7e, 0xfe, 0x7e, 0xfe, 0x7e, 
    0xff, 0x7e, 0xfe, 0x7e, 0xfe, 0x7e, 0xfe, 0x7e, 0xff, 0x86, 0xff, 0x7e, 
    0xff, 0x7e, 0x1f, 0x87, 0x1f, 0x87, 0x1f, 0x87, 0x1f, 0x8f, 0x3e, 0x97, 
    0x3f, 0x97, 0x3f, 0x97, 0x1f, 0x8f, 0x1f, 0x87, 0x1f, 0x87, 0xff, 0x86, 
    0x1f, 0x7f, 0x1f, 0x7f, 0x1f, 0x7f, 0xff, 0x7e, 0xff, 0x7e, 0xff, 0x7e, 
    0xff, 0x7e, 0x1f, 0x7f, 0xff, 0x7e, 0x1f, 0x7f, 0xff, 0x7e, 0xff, 0x7e, 
    0xff, 0x7e, 0xfe, 0x7e, 0xff, 0x7e, 0xfe, 0x7e, 0xff, 0x76, 0xff, 0x76, 
    0xff, 0x76, 0xfe, 0x76, 0xff, 0x76, 0xff, 0x76, 0xff, 0x76, 0xfe, 0x76, 
    0xff, 0x76, 0xff, 0x76, 0xff, 0x76, 0xff, 0x76, 0xfe, 0x76, 0xff, 0x76, 
    0xfe, 0x76, 0xde, 0x76, 0xff, 0x7e, 0xff, 0x7e, 0xfe, 0x7e, 0xff, 0x7e, 
    0xfe, 0x7e, 0xfe, 0x7e, 0xde, 0x7e, 0xde, 0x7e, 0xfe, 0x7e, 0xff, 0x7e, 
    0xff, 0x7e, 0x1f, 0x7f, 0xff, 0x7e, 0xff, 0x7e, 0x1f, 0x7f, 0xff, 0x7e, 
    0xff, 0x7e, 0xff, 0x7e, 0xff, 0x7e, 0xff, 0x7e, 0x1f, 0x7f, 0xff, 0x7e, 
    0xff, 0x7e, 0x1f, 0x7f, 0x1f, 0x7f, 0x1f, 0x7f, 0xff, 0x7e, 0x1f, 0x7f, 
    0xff, 0x7e, 0x1f, 0x7f, 0x1f, 0x7f, 0xff, 0x7e, 0xff, 0x7e, 0x1f, 0x7f, 
    0xff, 0x7e, 0xff, 0x7e, 0xff, 0x7e, 0xff, 0x7e, 0xff, 0x7e, 0xff, 0x7e, 
    0x1f, 0x7f, 0xff, 0x7e, 0xff, 0x7e, 0xff, 0x7e, 0xff, 0x7e, 0xff, 0x7e, 
    0xff, 0x7e, 0xff, 0x7e, 0xff, 0x7e, 0xff, 0x7e, 0xff, 0x7e, 0xff, 0x7e, 
    0xff, 0x7e, 0xff, 0x7e, 0xff, 0x7e, 0xfe, 0x7e, 0xff, 0x7e, 0xfe, 0x7e, 
    0xff, 0x7e, 0xff, 0x7e, 0xff, 0x7e, 0x1f, 0x7f, 0x1f, 0x7f, 0x1f, 0x7f, 
    0x1f, 0x87, 0x1f, 0x87, 0x1f, 0x87, 0x1f, 0x87, 0x1f, 0x87, 0x1f, 0x87, 
    0x1f, 0x87, 0xff, 0x86, 0x1f, 0x7f, 0x1f, 0x7f, 0x1f, 0x7f, 0xff, 0x7e, 
    0x1f, 0x7f, 0xff, 0x7e, 0x1f, 0x7f, 0xff, 0x7e, 0xff, 0x7e, 0xff, 0x7e, 
    0xff, 0x7e, 0xfe, 0x7e, 0xff, 0x7e, 0xff, 0x7e, 0xff, 0x7e, 0xfe, 0x7e, 
    0xff, 0x7e, 0xff, 0x7e, 0xff, 0x7e, 0xff, 0x7e, 0xff, 0x7e, 0xfe, 0x86, 
    0xff, 0x7e, 0x1f, 0x87, 0x1f, 0x7f, 0xff, 0x86, 0x1f, 0x87, 0x1f, 0x87, 
    0x1f, 0x87, 0x1f, 0x87, 0x1f, 0x87, 0x1f, 0x87, 0x1f, 0x87, 0xff, 0x7e, 
    0x1f, 0x87, 0x1f, 0x87, 0x1f, 0x87, 0x1e, 0x7f, 0x1f, 0x87, 0xff, 0x7e, 
    0x1f, 0x7f, 0xff, 0x7e, 0x1f, 0x7f, 0xff, 0x86, 0x1f, 0x7f, 0xff, 0x7e, 
    0x1f, 0x87, 0x1f, 0x87, 0xff, 0x86, 0x1f, 0x87, 0x1f, 0x87, 0x1f, 0x87, 
    0x1e, 0x87, 0x1e, 0x87, 0x1f, 0x87, 0x1f, 0x87, 0x1f, 0x87, 0x1f, 0x87, 
    0x1f, 0x87, 0x1f, 0x8f, 0x1f, 0x8f, 0x3f, 0x8f, 0x1f, 0x8f, 0x1f, 0x8f, 
    0x1f, 0x8f, 0x3f, 0x8f, 0x3f, 0x8f, 0x1f, 0x8f, 0x1f, 0x8f, 0x1f, 0x8f, 
    0x3f, 0x8f, 0x1f, 0x8f, 0x3f, 0x97, 0x1f, 0x97, 0x3f, 0x97, 0x1f, 0x97, 
    0x3f, 0x97, 0x3f, 0x97, 0x3f, 0x97, 0x3f, 0x97, 0x3f, 0x97, 0x3f, 0x97, 
    0x3f, 0x97, 0x3f, 0x9f, 0x5f, 0xaf, 0x7e, 0xd7, 0xde, 0xf7, 0xfe, 0xff, 
    0xff, 0xff, 0xfe, 0xff, 0xff, 0xff, 0xff, 0xff, 0xff, 0xff, 0xfe, 0xff, 
    0xff, 0xff, 0xfe, 0xff, 0xfe, 0xff, 0xfe, 0xff, 0xfe, 0xff, 0xfe, 0xff, 
    0xfe, 0xff, 0xff, 0xff, 0xfe, 0xff, 0xff, 0xff, 0xfe, 0xff, 0xfe, 0xff, 
    0xff, 0x7e, 0xff, 0x7e, 0xff, 0x7e, 0xff, 0x7e, 0xff, 0x7e, 0xff, 0x7e, 
    0xff, 0x7e, 0xff, 0x7e, 0xfe, 0x7e, 0xff, 0x7e, 0xff, 0x7e, 0xfe, 0x7e, 
    0xff, 0x86, 0xfe, 0x86, 0xfe, 0x86, 0xfe, 0x86, 0xff, 0x86, 0x1f, 0x87, 
    0x3f, 0x9f, 0x9f, 0xcf, 0xdf, 0xe7, 0xff, 0xf7, 0xff, 0xf7, 0xff, 0xf7, 
    0xff, 0xf7, 0xff, 0xf7, 0xff, 0xf7, 0xdf, 0xe7, 0xbf, 0xe7, 0xbf, 0xd7, 
    0x3e, 0x9f, 0x1f, 0x87, 0x1f, 0x87, 0x1f, 0x87, 0x1f, 0x7f, 0x1f, 0x7f, 
    0x1f, 0x7f, 0x1f, 0x7f, 0xff, 0x7e, 0xff, 0x7e, 0xff, 0x7e, 0xff, 0x7e, 
    0xff, 0x7e, 0xfe, 0x7e, 0xff, 0x7e, 0xff, 0x7e, 0xff, 0x76, 0xfe, 0x7e, 
    0xff, 0x76, 0xfe, 0x76, 0xfe, 0x7e, 0xff, 0x76, 0xfe, 0x76, 0xfe, 0x76, 
    0xfe, 0x76, 0xff, 0x76, 0xff, 0x76, 0xfe, 0x76, 0xfe, 0x76, 0xfe, 0x76, 
    0xfe, 0x76, 0xff, 0x76, 0xfe, 0x7e, 0xff, 0x7e, 0xfe, 0x7e, 0xfe, 0x7e, 
    0xff, 0x7e, 0xfe, 0x7e, 0xfe, 0x7e, 0xde, 0x7e, 0xde, 0x7e, 0xfe, 0x7e, 
    0xff, 0x7e, 0xff, 0x7e, 0xff, 0x7e, 0x1f, 0x7f, 0xff, 0x7e, 0xff, 0x7e, 
    0xff, 0x7e, 0xff, 0x7e, 0x1f, 0x7f, 0xff, 0x7e, 0x1f, 0x7f, 0x1f, 0x7f, 
    0x1f, 0x7f, 0x1f, 0x7f, 0x1f, 0x7f, 0x1f, 0x7f, 0x1f, 0x7f, 0x1f, 0x7f, 
    0xff, 0x7e, 0xff, 0x7e, 0xff, 0x7e, 0xff, 0x7e, 0x1f, 0x7f, 0x1f, 0x7f, 
    0xff, 0x7e, 0xff, 0x7e, 0xff, 0x7e, 0xff, 0x7e, 0xff, 0x7e, 0xff, 0x7e, 
    0xff, 0x7e, 0xff, 0x7e, 0xff, 0x7e, 0xff, 0x7e, 0xff, 0x7e, 0xff, 0x7e, 
    0xff, 0x7e, 0xff, 0x7e, 0xff, 0x7e, 0xff, 0x7e, 0xff, 0x7e, 0xfe, 0x7e, 
    0xff, 0x7e, 0xfe, 0x7e, 0xfe, 0x7e, 0xfe, 0x7e, 0xfe, 0x7e, 0xff, 0x7e, 
    0xff, 0x7e, 0x1e, 0x7f, 0x1f, 0x7f, 0x1f, 0x7f, 0x1f, 0x7f, 0x1f, 0x87, 
    0x1f, 0x87, 0x1f, 0x87, 0x1f, 0x87, 0x1f, 0x87, 0x1f, 0x87, 0x1f, 0x7f, 
    0x1f, 0x87, 0x1f, 0x87, 0xff, 0x86, 0x1f, 0x7f, 0x1f, 0x7f, 0xff, 0x86, 
    0xff, 0x7e, 0x1f, 0x7f, 0x1f, 0x7f, 0x1f, 0x7f, 0x1f, 0x7f, 0x1f, 0x7f, 
    0x1f, 0x7f, 0xff, 0x7e, 0xff, 0x7e, 0xff, 0x7e, 0xff, 0x7e, 0xff, 0x7e, 
    0xff, 0x7e, 0xfe, 0x7e, 0xff, 0x7e, 0xff, 0x86, 0xff, 0x7e, 0x1f, 0x87, 
    0xfe, 0x86, 0x1f, 0x7f, 0x1f, 0x87, 0x1f, 0x87, 0x1f, 0x87, 0x1f, 0x87, 
    0x1f, 0x87, 0x1f, 0x87, 0x1f, 0x87, 0x1f, 0x87, 0x1f, 0x87, 0x1f, 0x87, 
    0x1f, 0x87, 0x1f, 0x87, 0x1f, 0x87, 0x1f, 0x87, 0x1e, 0x87, 0x1f, 0x87, 
    0x1f, 0x7f, 0x1f, 0x7f, 0x1f, 0x7f, 0x1f, 0x87, 0x1f, 0x87, 0x1f, 0x87, 
    0xff, 0x86, 0x1e, 0x87, 0x1f, 0x87, 0x1f, 0x87, 0x1f, 0x87, 0x1f, 0x87, 
    0x1f, 0x87, 0x1e, 0x87, 0x1f, 0x87, 0x1e, 0x87, 0x1f, 0x8f, 0x1f, 0x8f, 
    0x3f, 0x8f, 0x3f, 0x8f, 0x3f, 0x8f, 0x1f, 0x8f, 0x1f, 0x8f, 0x1f, 0x8f, 
    0x1f, 0x8f, 0x1f, 0x8f, 0x1f, 0x8f, 0x1f, 0x8f, 0x1f, 0x8f, 0x1f, 0x8f, 
    0x1f, 0x97, 0x1f, 0x97, 0x1f, 0x97, 0x1f, 0x97, 0x1f, 0x97, 0x1f, 0x97, 
    0x3f, 0x97, 0x3f, 0x97, 0x3f, 0x97, 0x3f, 0x9f, 0x3f, 0x9f, 0x3f, 0x9f, 
    0x3f, 0xa7, 0x5e, 0xcf, 0xde, 0xf7, 0xff, 0xff, 0xfe, 0xff, 0xfe, 0xff, 
    0xfe, 0xff, 0xfe, 0xff, 0xfe, 0xff, 0xfe, 0xff, 0xff, 0xff, 0xfe, 0xff, 
    0xfe, 0xf7, 0xfe, 0xff, 0xfe, 0xf7, 0xfe, 0xf7, 0xfe, 0xf7, 0xfe, 0xf7, 
    0xfe, 0xff, 0xfe, 0xff, 0xfe, 0xff, 0xfe, 0xff, 0xfe, 0xff, 0xfe, 0xff, 
    0xff, 0x7e, 0xff, 0x7e, 0xff, 0x7e, 0xff, 0x7e, 0xff, 0x7e, 0xff, 0x7e, 
    0xff, 0x7e, 0xff, 0x7e, 0xff, 0x86, 0xff, 0x86, 0xff, 0x86, 0xff, 0x86, 
    0xff, 0x86, 0x1f, 0x87, 0x1f, 0x87, 0x1f, 0x8f, 0x5f, 0xa7, 0xbf, 0xe7, 
    0xff, 0xf7, 0xff, 0xff, 0xff, 0xff, 0xff, 0xff, 0xff, 0xff, 0xff, 0xff, 
    0xff, 0xff, 0xff, 0xff, 0xff, 0xff, 0xff, 0xff, 0xff, 0xf7, 0xff, 0xff, 
    0xff, 0xf7, 0xff, 0xef, 0x5e, 0xaf, 0x3f, 0x8f, 0x1f, 0x87, 0x1f, 0x87, 
    0x1f, 0x87, 0x1f, 0x87, 0x1f, 0x7f, 0xff, 0x86, 0x1f, 0x7f, 0xff, 0x7e, 
    0xff, 0x7e, 0xff, 0x7e, 0xff, 0x7e, 0xff, 0x7e, 0xfe, 0x7e, 0xfe, 0x7e, 
    0xfe, 0x76, 0xfe, 0x7e, 0xfe, 0x76, 0xff, 0x7e, 0xfe, 0x76, 0xfe, 0x76, 
    0xff, 0x76, 0xff, 0x76, 0xff, 0x76, 0xff, 0x76, 0xff, 0x76, 0xfe, 0x76, 
    0xff, 0x76, 0xfe, 0x76, 0xfe, 0x7e, 0xfe, 0x7e, 0xfe, 0x7e, 0xff, 0x7e, 
    0xff, 0x7e, 0xfe, 0x7e, 0xde, 0x7e, 0xfe, 0x7e, 0xfe, 0x7e, 0xfe, 0x7e, 
    0xfe, 0x7e, 0xff, 0x7e, 0xff, 0x7e, 0xff, 0x7e, 0xff, 0x7e, 0x1f, 0x7f, 
    0xff, 0x7e, 0x1f, 0x7f, 0xff, 0x7e, 0xff, 0x7e, 0x1f, 0x7f, 0x1f, 0x7f, 
    0xff, 0x7e, 0x1f, 0x7f, 0x1f, 0x7f, 0x1f, 0x7f, 0xff, 0x7e, 0xff, 0x7e, 
    0x1f, 0x7f, 0x1f, 0x7f, 0x1f, 0x7f, 0xff, 0x7e, 0xff, 0x7e, 0xff, 0x7e, 
    0xff, 0x7e, 0xff, 0x7e, 0xff, 0x7e, 0xff, 0x7e, 0xff, 0x7e, 0xff, 0x7e, 
    0xff, 0x7e, 0xff, 0x7e, 0xff, 0x7e, 0xfe, 0x7e, 0xff, 0x7e, 0xff, 0x7e, 
    0xff, 0x7e, 0xff, 0x7e, 0x1f, 0x7f, 0xff, 0x7e, 0xff, 0x7e, 0xfe, 0x7e, 
    0xff, 0x7e, 0xff, 0x7e, 0xfe, 0x7e, 0xfe, 0x7e, 0xff, 0x7e, 0xff, 0x7e, 
    0xfe, 0x7e, 0x1f, 0x7f, 0x1f, 0x7f, 0x1f, 0x7f, 0x1f, 0x7f, 0x1f, 0x87, 
    0x1f, 0x87, 0x1f, 0x87, 0x1f, 0x87, 0x1f, 0x87, 0x1f, 0x87, 0x1f, 0x87, 
    0x1f, 0x87, 0x1f, 0x7f, 0x1f, 0x7f, 0x1f, 0x7f, 0x1f, 0x7f, 0x1f, 0x7f, 
    0x1f, 0x7f, 0x1f, 0x7f, 0xff, 0x7e, 0x1f, 0x7f, 0x1f, 0x7f, 0x1f, 0x7f, 
    0x1f, 0x7f, 0x1f, 0x87, 0x1f, 0x7f, 0xff, 0x7e, 0xff, 0x7e, 0x1f, 0x87, 
    0x1f, 0x87, 0xff, 0x86, 0x1f, 0x7f, 0x1f, 0x7f, 0x1f, 0x87, 0xff, 0x86, 
    0x1f, 0x87, 0x1f, 0x87, 0x1f, 0x87, 0x1f, 0x87, 0x1f, 0x87, 0x1f, 0x87, 
    0x1f, 0x87, 0x1f, 0x87, 0x1f, 0x87, 0x1f, 0x87, 0x1f, 0x87, 0x1f, 0x87, 
    0x1e, 0x87, 0x1f, 0x87, 0x1f, 0x87, 0x1e, 0x87, 0x1e, 0x87, 0x1f, 0x87, 
    0x1f, 0x7f, 0x1f, 0x87, 0x1f, 0x87, 0x1f, 0x87, 0xff, 0x86, 0x1f, 0x87, 
    0xff, 0x86, 0xff, 0x86, 0x1f, 0x87, 0x1f, 0x87, 0x1f, 0x87, 0x1f, 0x87, 
    0x1f, 0x87, 0x1e, 0x87, 0x1f, 0x87, 0x1f, 0x87, 0x1f, 0x8f, 0x1f, 0x8f, 
    0x3f, 0x8f, 0x1f, 0x8f, 0x3f, 0x8f, 0x1f, 0x8f, 0x1f, 0x8f, 0x1f, 0x8f, 
    0x1f, 0x8f, 0x3f, 0x8f, 0x1f, 0x8f, 0x1f, 0x8f, 0x1f, 0x8f, 0x1f, 0x8f, 
    0x1f, 0x97, 0x1f, 0x97, 0x3f, 0x97, 0x1f, 0x97, 0x1f, 0x97, 0x3f, 0x97, 
    0x3f, 0x97, 0x3f, 0x97, 0x3f, 0x9f, 0x3f, 0x9f, 0x3f, 0xa7, 0x3f, 0xaf, 
    0xbe, 0xe7, 0xfe, 0xff, 0xff, 0xff, 0xfe, 0xff, 0xfe, 0xff, 0xfe, 0xff, 
    0xfe, 0xff, 0xff, 0xff, 0xfe, 0xff, 0xfe, 0xf7, 0xfe, 0xf7, 0xfe, 0xf7, 
    0xfe, 0xff, 0xfe, 0xf7, 0xfe, 0xf7, 0xfe, 0xf7, 0xfe, 0xf7, 0xfe, 0xff, 
    0xfe, 0xf7, 0xfe, 0xf7, 0xfe, 0xff, 0xfe, 0xf7, 0xfe, 0xf7, 0xfe, 0xf7, 
    0xff, 0x7e, 0xff, 0x7e, 0xff, 0x7e, 0xff, 0x7e, 0xff, 0x7e, 0xff, 0x7e, 
    0xff, 0x86, 0xff, 0x86, 0xff, 0x86, 0xff, 0x86, 0xff, 0x86, 0xff, 0x86, 
    0x1f, 0x87, 0x1f, 0x8f, 0x1f, 0x8f, 0x9e, 0xc7, 0xff, 0xf7, 0xff, 0xff, 
    0xfe, 0xf7, 0xfe, 0xf7, 0xfe, 0xf7, 0xfe, 0xff, 0xff, 0xff, 0xff, 0xff, 
    0xff, 0xff, 0xff, 0xff, 0xff, 0xff, 0xff, 0xff, 0xff, 0xff, 0xfe, 0xf7, 
    0xff, 0xf7, 0xff, 0xf7, 0xff, 0xf7, 0x9f, 0xcf, 0x3f, 0x97, 0x3f, 0x8f, 
    0x1f, 0x87, 0x1f, 0x87, 0x1f, 0x87, 0x1f, 0x87, 0x1f, 0x87, 0xff, 0x86, 
    0x1f, 0x87, 0xff, 0x86, 0xff, 0x7e, 0xff, 0x7e, 0xfe, 0x7e, 0xff, 0x7e, 
    0x1e, 0x7f, 0xfe, 0x7e, 0xfe, 0x7e, 0xfe, 0x7e, 0xff, 0x7e, 0xff, 0x76, 
    0xff, 0x76, 0xff, 0x76, 0xff, 0x76, 0xfe, 0x76, 0xff, 0x76, 0xfe, 0x76, 
    0xff, 0x76, 0xfe, 0x7e, 0xff, 0x7e, 0xfe, 0x7e, 0xfe, 0x7e, 0xfe, 0x7e, 
    0xfe, 0x7e, 0xfe, 0x7e, 0xfe, 0x7e, 0xfe, 0x7e, 0xfe, 0x7e, 0xfe, 0x7e, 
    0xfe, 0x7e, 0xff, 0x7e, 0xfe, 0x7e, 0x1f, 0x7f, 0x1f, 0x7f, 0xff, 0x7e, 
    0xff, 0x7e, 0xff, 0x7e, 0xff, 0x7e, 0x1f, 0x7f, 0x1f, 0x7f, 0x1f, 0x7f, 
    0x1f, 0x7f, 0xff, 0x7e, 0x1f, 0x7f, 0x1f, 0x7f, 0x1f, 0x7f, 0x1f, 0x7f, 
    0x1f, 0x7f, 0x1f, 0x7f, 0xff, 0x7e, 0xff, 0x7e, 0xff, 0x7e, 0xff, 0x7e, 
    0xff, 0x7e, 0xff, 0x7e, 0xff, 0x7e, 0xff, 0x7e, 0xff, 0x7e, 0xfe, 0x7e, 
    0xff, 0x7e, 0xfe, 0x7e, 0xff, 0x7e, 0xff, 0x7e, 0xff, 0x7e, 0xff, 0x7e, 
    0xff, 0x7e, 0xff, 0x7e, 0xff, 0x7e, 0x1f, 0x87, 0xff, 0x7e, 0xff, 0x7e, 
    0xfe, 0x7e, 0xff, 0x7e, 0xfe, 0x7e, 0xff, 0x7e, 0xfe, 0x7e, 0xff, 0x7e, 
    0x1f, 0x7f, 0xff, 0x7e, 0x1e, 0x7f, 0x1f, 0x87, 0x1f, 0x87, 0x1f, 0x87, 
    0x1f, 0x87, 0x1f, 0x87, 0x1f, 0x87, 0x1f, 0x87, 0x1f, 0x87, 0x1f, 0x87, 
    0x1f, 0x87, 0x1f, 0x87, 0x1f, 0x7f, 0x1f, 0x87, 0x1f, 0x7f, 0x1f, 0x7f, 
    0x1f, 0x7f, 0x1f, 0x7f, 0x1f, 0x7f, 0x1f, 0x7f, 0x1f, 0x7f, 0x1f, 0x7f, 
    0x1f, 0x87, 0x1f, 0x7f, 0x1f, 0x7f, 0x1f, 0x87, 0x1f, 0x87, 0x1f, 0x87, 
    0x1f, 0x87, 0x1f, 0x87, 0x1f, 0x87, 0x1f, 0x87, 0x1f, 0x87, 0x1f, 0x87, 
    0x1f, 0x87, 0x1f, 0x87, 0x1f, 0x87, 0x1f, 0x87, 0x1f, 0x87, 0x1f, 0x87, 
    0x1f, 0x87, 0x1f, 0x87, 0x1f, 0x87, 0x1f, 0x87, 0x1f, 0x87, 0x1e, 0x87, 
    0x1f, 0x87, 0x1f, 0x87, 0x1f, 0x87, 0x1f, 0x87, 0x1f, 0x87, 0x1f, 0x87, 
    0x1f, 0x87, 0x1f, 0x87, 0x1f, 0x87, 0x1f, 0x87, 0x1f, 0x87, 0x1f, 0x87, 
    0xff, 0x86, 0x1f, 0x87, 0x1f, 0x87, 0x1f, 0x87, 0x1f, 0x87, 0x1f, 0x87, 
    0x1f, 0x87, 0x1f, 0x87, 0x1f, 0x87, 0x1f, 0x8f, 0x1f, 0x8f, 0x1f, 0x8f, 
    0x1e, 0x8f, 0x1f, 0x8f, 0x1f, 0x8f, 0x1f, 0x8f, 0x1f, 0x8f, 0x1f, 0x8f, 
    0x1f, 0x8f, 0x1f, 0x8f, 0x1f, 0x97, 0x1f, 0x97, 0x3f, 0x97, 0x3f, 0x97, 
    0x1f, 0x97, 0x3f, 0x97, 0x1f, 0x97, 0x1f, 0x97, 0x3f, 0x97, 0x1f, 0x97, 
    0x3f, 0x97, 0x3f, 0x9f, 0x3f, 0x9f, 0x3f, 0xa7, 0x5e, 0xbf, 0xde, 0xef, 
    0xfe, 0xff, 0xfe, 0xff, 0xfe, 0xff, 0xfe, 0xff, 0xfe, 0xff, 0xfe, 0xff, 
    0xfe, 0xff, 0xfe, 0xff, 0xfe, 0xff, 0xfe, 0xff, 0xfe, 0xff, 0xfe, 0xf7, 
    0xfe, 0xf7, 0xfe, 0xf7, 0xfe, 0xf7, 0xfe, 0xf7, 0xfe, 0xf7, 0xfe, 0xf7, 
    0xfe, 0xf7, 0xfe, 0xf7, 0xde, 0xf7, 0xde, 0xf7, 0xde, 0xf7, 0xde, 0xf7, 
    0xff, 0x7e, 0xff, 0x7e, 0xff, 0x7e, 0xff, 0x7e, 0xff, 0x7e, 0xff, 0x86, 
    0xff, 0x86, 0xff, 0x86, 0xff, 0x86, 0xff, 0x86, 0x1f, 0x87, 0x1f, 0x87, 
    0x1f, 0x8f, 0x1f, 0x8f, 0x9f, 0xcf, 0xfe, 0xf7, 0xde, 0xf7, 0xfe, 0xf7, 
    0xfe, 0xf7, 0xfe, 0xf7, 0xfe, 0xf7, 0xfe, 0xf7, 0xff, 0xff, 0xff, 0xff, 
    0xff, 0xff, 0xff, 0xff, 0xff, 0xff, 0xff, 0xff, 0xff, 0xf7, 0xff, 0xf7, 
    0xfe, 0xf7, 0xdf, 0xf7, 0xde, 0xf7, 0xdf, 0xf7, 0x9f, 0xd7, 0x3f, 0x97, 
    0x3f, 0x8f, 0x3f, 0x8f, 0x1f, 0x87, 0x1f, 0x87, 0x1f, 0x87, 0x1f, 0x87, 
    0x1f, 0x87, 0x1f, 0x87, 0x1f, 0x87, 0x1f, 0x7f, 0x1f, 0x7f, 0x1e, 0x7f, 
    0xff, 0x7e, 0xff, 0x7e, 0xfe, 0x7e, 0xfe, 0x7e, 0xff, 0x7e, 0xff, 0x7e, 
    0xff, 0x7e, 0xfe, 0x76, 0xff, 0x76, 0xff, 0x76, 0xfe, 0x76, 0xfe, 0x76, 
    0xfe, 0x7e, 0xff, 0x7e, 0xfe, 0x7e, 0xff, 0x7e, 0xff, 0x86, 0x1e, 0x8f, 
    0x1e, 0x8f, 0x1e, 0x87, 0xff, 0x86, 0xfe, 0x86, 0xfe, 0x7e, 0xfe, 0x7e, 
    0xfe, 0x7e, 0xff, 0x7e, 0xfe, 0x7e, 0x1f, 0x7f, 0x1f, 0x7f, 0xfe, 0x7e, 
    0xff, 0x7e, 0xff, 0x7e, 0x1f, 0x7f, 0x1e, 0x7f, 0x1f, 0x7f, 0x1f, 0x7f, 
    0x1f, 0x7f, 0x1f, 0x7f, 0xff, 0x7e, 0x1f, 0x7f, 0x1f, 0x7f, 0x1f, 0x7f, 
    0x1f, 0x7f, 0x1f, 0x7f, 0x1f, 0x7f, 0x1f, 0x7f, 0xff, 0x7e, 0xff, 0x7e, 
    0xfe, 0x7e, 0xff, 0x7e, 0xff, 0x7e, 0xfe, 0x7e, 0xfe, 0x7e, 0xff, 0x7e, 
    0xfe, 0x7e, 0xff, 0x7e, 0xfe, 0x7e, 0xff, 0x7e, 0xff, 0x7e, 0xff, 0x7e, 
    0xff, 0x7e, 0xff, 0x7e, 0x1f, 0x87, 0x1f, 0x87, 0xff, 0x86, 0xff, 0x7e, 
    0xff, 0x7e, 0xfe, 0x7e, 0xff, 0x7e, 0xff, 0x7e, 0x1e, 0x7f, 0x1e, 0x7f, 
    0xff, 0x7e, 0x1f, 0x7f, 0x1f, 0x87, 0x1f, 0x87, 0x1f, 0x87, 0x1f, 0x87, 
    0x1f, 0x87, 0x1f, 0x87, 0x1f, 0x87, 0x1f, 0x87, 0x1f, 0x87, 0x1f, 0x87, 
    0x1f, 0x87, 0x1f, 0x87, 0x1f, 0x87, 0x1f, 0x87, 0x1f, 0x7f, 0x1f, 0x7f, 
    0x1f, 0x7f, 0x1f, 0x7f, 0x1f, 0x7f, 0xff, 0x7e, 0xff, 0x7e, 0x1f, 0x7f, 
    0x1f, 0x87, 0x1f, 0x87, 0x1f, 0x87, 0x1f, 0x87, 0x1f, 0x87, 0x1f, 0x87, 
    0x1f, 0x87, 0x1f, 0x87, 0x1f, 0x87, 0x1f, 0x87, 0x1f, 0x87, 0x1f, 0x87, 
    0x1f, 0x87, 0x1f, 0x87, 0x1f, 0x87, 0x1f, 0x87, 0x1f, 0x87, 0x1f, 0x87, 
    0x1f, 0x87, 0x1f, 0x87, 0x1f, 0x87, 0x1f, 0x87, 0x1e, 0x87, 0x1f, 0x87, 
    0x1f, 0x87, 0x1f, 0x87, 0x1f, 0x87, 0x1f, 0x87, 0x1f, 0x87, 0x1f, 0x87, 
    0x1e, 0x87, 0x1f, 0x87, 0x1f, 0x87, 0x1f, 0x87, 0x1f, 0x87, 0x1f, 0x87, 
    0x1f, 0x87, 0x1f, 0x87, 0x1f, 0x87, 0x1f, 0x87, 0x1f, 0x8f, 0x1f, 0x8f, 
    0x1f, 0x87, 0x1f, 0x8f, 0x1f, 0x8f, 0x1f, 0x8f, 0x1f, 0x8f, 0x1f, 0x8f, 
    0x1f, 0x8f, 0x1f, 0x8f, 0x1f, 0x8f, 0x3f, 0x8f, 0x1f, 0x8f, 0x1f, 0x8f, 
    0x1f, 0x8f, 0x1f, 0x97, 0x3f, 0x97, 0x1f, 0x97, 0x1f, 0x97, 0x3f, 0x97, 
    0x3f, 0x97, 0x1f, 0x97, 0x3f, 0x97, 0x1f, 0x97, 0x3f, 0x97, 0x1f, 0x97, 
    0x3f, 0x9f, 0x3f, 0x9f, 0x3f, 0xa7, 0x5e, 0xc7, 0xde, 0xf7, 0xfe, 0xff, 
    0xfe, 0xff, 0xfe, 0xff, 0xfe, 0xff, 0xfe, 0xff, 0xfe, 0xff, 0xfe, 0xff, 
    0xfe, 0xff, 0xfe, 0xff, 0xfe, 0xff, 0xfe, 0xff, 0xfe, 0xff, 0xfe, 0xff, 
    0xfe, 0xf7, 0xfe, 0xf7, 0xde, 0xf7, 0xde, 0xf7, 0xde, 0xf7, 0xde, 0xf7, 
    0xde, 0xf7, 0xde, 0xf7, 0xfe, 0xf7, 0xde, 0xf7, 0xfd, 0xf7, 0xfe, 0xf7, 
    0xff, 0x7e, 0x1f, 0x7f, 0xff, 0x7e, 0x1f, 0x7f, 0x1f, 0x87, 0x1f, 0x87, 
    0xff, 0x86, 0x1f, 0x87, 0x1f, 0x87, 0x1f, 0x87, 0x1f, 0x87, 0x1f, 0x8f, 
    0x3f, 0x97, 0xbf, 0xd7, 0xdf, 0xef, 0xde, 0xef, 0xde, 0xf7, 0xde, 0xf7, 
    0xde, 0xf7, 0xfe, 0xf7, 0xfe, 0xf7, 0xff, 0xf7, 0xff, 0xf7, 0xff, 0xff, 
    0xff, 0xf7, 0xff, 0xff, 0xff, 0xff, 0xff, 0xf7, 0xfe, 0xf7, 0xff, 0xf7, 
    0xfe, 0xf7, 0xde, 0xf7, 0xde, 0xf7, 0xde, 0xf7, 0xdf, 0xf7, 0x9f, 0xd7, 
    0x3f, 0x97, 0x3f, 0x97, 0x3f, 0x97, 0x3f, 0x8f, 0x3f, 0x8f, 0x3f, 0x8f, 
    0x1f, 0x87, 0x1f, 0x87, 0x1f, 0x87, 0x1f, 0x87, 0x1f, 0x87, 0x1f, 0x7f, 
    0x1f, 0x7f, 0x1f, 0x7f, 0xfe, 0x7e, 0xff, 0x7e, 0x1f, 0x7f, 0x1f, 0x7f, 
    0x1f, 0x7f, 0xff, 0x7e, 0xff, 0x76, 0xff, 0x76, 0xff, 0x76, 0xff, 0x7e, 
    0x1f, 0x7f, 0xff, 0x7e, 0xfe, 0x7e, 0xfe, 0x86, 0x1e, 0x8f, 0x1f, 0x8f, 
    0x3e, 0x8f, 0x1e, 0x8f, 0x1e, 0x87, 0x1f, 0x87, 0x1f, 0x7f, 0xfe, 0x7e, 
    0xfe, 0x7e, 0x1f, 0x87, 0x1f, 0x87, 0x1f, 0x7f, 0xff, 0x7e, 0x1f, 0x7f, 
    0x1f, 0x7f, 0xff, 0x7e, 0x1f, 0x7f, 0xff, 0x7e, 0x1f, 0x7f, 0xff, 0x7e, 
    0x1f, 0x7f, 0x1f, 0x7f, 0x1f, 0x7f, 0x1f, 0x7f, 0x1f, 0x7f, 0x1f, 0x7f, 
    0x1f, 0x7f, 0x1f, 0x7f, 0x1f, 0x7f, 0x1f, 0x7f, 0xff, 0x7e, 0xff, 0x7e, 
    0xff, 0x7e, 0xfe, 0x7e, 0xff, 0x7e, 0xff, 0x7e, 0xfe, 0x7e, 0xff, 0x7e, 
    0xff, 0x7e, 0xff, 0x7e, 0xff, 0x7e, 0xff, 0x7e, 0xff, 0x7e, 0xff, 0x7e, 
    0xff, 0x7e, 0xff, 0x86, 0xff, 0x86, 0xff, 0x86, 0xff, 0x7e, 0xff, 0x86, 
    0xff, 0x86, 0xff, 0x7e, 0xff, 0x7e, 0xfe, 0x7e, 0xff, 0x7e, 0x1f, 0x7f, 
    0x1f, 0x7f, 0x1f, 0x7f, 0x1f, 0x87, 0x1f, 0x87, 0x1f, 0x87, 0x1f, 0x87, 
    0x1f, 0x87, 0x1f, 0x87, 0x1f, 0x87, 0x1f, 0x87, 0x1f, 0x87, 0x1f, 0x87, 
    0x1f, 0x87, 0x1f, 0x87, 0x1f, 0x87, 0x1f, 0x87, 0x1f, 0x87, 0x1f, 0x7f, 
    0xff, 0x7e, 0x1f, 0x7f, 0x1f, 0x7f, 0x1f, 0x7f, 0x1f, 0x7f, 0x1f, 0x7f, 
    0x1f, 0x7f, 0x1f, 0x87, 0x1f, 0x87, 0x1f, 0x87, 0x1f, 0x87, 0x1f, 0x87, 
    0x1f, 0x87, 0x1f, 0x87, 0x1f, 0x87, 0x1f, 0x87, 0x1f, 0x87, 0x1f, 0x87, 
    0x1f, 0x87, 0xff, 0x86, 0x1f, 0x87, 0x1f, 0x87, 0x1f, 0x87, 0x1f, 0x87, 
    0x1f, 0x87, 0x1f, 0x87, 0x1f, 0x87, 0x1f, 0x87, 0x1f, 0x87, 0x1f, 0x87, 
    0x1f, 0x87, 0x1f, 0x87, 0x1f, 0x87, 0x1f, 0x87, 0x1f, 0x87, 0x1f, 0x87, 
    0x1f, 0x87, 0x1f, 0x87, 0x1f, 0x87, 0x1f, 0x87, 0x1f, 0x87, 0x1f, 0x87, 
    0x1f, 0x87, 0x1f, 0x87, 0x1f, 0x87, 0x1f, 0x8f, 0x1f, 0x8f, 0x1f, 0x8f, 
    0x1f, 0x8f, 0x1f, 0x8f, 0x1f, 0x8f, 0x1f, 0x8f, 0x1f, 0x8f, 0x1f, 0x8f, 
    0x1f, 0x8f, 0x1f, 0x8f, 0x1f, 0x8f, 0x1f, 0x8f, 0x1f, 0x8f, 0x1e, 0x8f, 
    0x1f, 0x8f, 0x3f, 0x97, 0x3f, 0x97, 0x3f, 0x97, 0x1f, 0x97, 0x1f, 0x97, 
    0x3f, 0x97, 0x1f, 0x97, 0x3f, 0x97, 0x1f, 0x9f, 0x3f, 0x9f, 0x3f, 0x9f, 
    0x3f, 0x9f, 0x3f, 0xa7, 0x5d, 0xcf, 0xde, 0xf7, 0xfe, 0xff, 0xfe, 0xff, 
    0xfe, 0xff, 0xfe, 0xff, 0xfe, 0xff, 0xfe, 0xff, 0xfe, 0xff, 0xfe, 0xff, 
    0xfe, 0xff, 0xfe, 0xff, 0xfe, 0xff, 0xfe, 0xff, 0xfe, 0xff, 0xfe, 0xff, 
    0xde, 0xf7, 0xde, 0xf7, 0xfe, 0xf7, 0xfe, 0xf7, 0xde, 0xf7, 0xde, 0xf7, 
    0xfe, 0xf7, 0xde, 0xf7, 0xfe, 0xf7, 0xde, 0xf7, 0xde, 0xf7, 0xdd, 0xf7, 
    0xff, 0x7e, 0xff, 0x7e, 0xff, 0x7e, 0x1f, 0x7f, 0xff, 0x86, 0x1f, 0x87, 
    0x1f, 0x87, 0x1f, 0x8f, 0x3f, 0x97, 0x3f, 0x97, 0x3f, 0x9f, 0x3f, 0x97, 
    0x3f, 0x9f, 0xbf, 0xe7, 0xbe, 0xef, 0xdf, 0xef, 0xde, 0xf7, 0xdf, 0xf7, 
    0xde, 0xf7, 0xde, 0xf7, 0xfe, 0xf7, 0xfe, 0xf7, 0xfe, 0xf7, 0xff, 0xff, 
    0xfe, 0xff, 0xfe, 0xf7, 0xff, 0xff, 0xff, 0xf7, 0xfe, 0xff, 0xfe, 0xf7, 
    0xff, 0xf7, 0xfe, 0xf7, 0xdf, 0xf7, 0xfe, 0xf7, 0xde, 0xf7, 0xde, 0xf7, 
    0x9f, 0xcf, 0x5f, 0xaf, 0x5f, 0xa7, 0x5f, 0xa7, 0x3f, 0x97, 0x3f, 0x8f, 
    0x3f, 0x8f, 0x3f, 0x8f, 0x1f, 0x87, 0x1f, 0x87, 0x1f, 0x87, 0x1f, 0x87, 
    0x1e, 0x87, 0x1f, 0x7f, 0x1f, 0x7f, 0xff, 0x7e, 0x1f, 0x7f, 0x1f, 0x7f, 
    0x1f, 0x7f, 0x1f, 0x7f, 0x1f, 0x7f, 0xff, 0x7e, 0x1f, 0x7f, 0x1f, 0x7f, 
    0x1f, 0x7f, 0x1f, 0x7f, 0xff, 0x7e, 0x1e, 0x87, 0x1f, 0x87, 0x1e, 0x8f, 
    0x1f, 0x8f, 0x1e, 0x87, 0xff, 0x86, 0xfe, 0x7e, 0x1f, 0x7f, 0xff, 0x7e, 
    0x1f, 0x87, 0x1e, 0x87, 0xff, 0x86, 0x1f, 0x7f, 0x1f, 0x7f, 0x1f, 0x7f, 
    0x1f, 0x7f, 0x1f, 0x7f, 0x1f, 0x7f, 0x1f, 0x7f, 0x1f, 0x7f, 0x1f, 0x7f, 
    0x1f, 0x7f, 0x1f, 0x7f, 0x1f, 0x7f, 0x1f, 0x7f, 0x1f, 0x7f, 0x1f, 0x7f, 
    0x1f, 0x7f, 0x1f, 0x7f, 0x1f, 0x7f, 0x1f, 0x7f, 0xff, 0x7e, 0xff, 0x7e, 
    0xfe, 0x7e, 0xfe, 0x7e, 0xfe, 0x7e, 0xfe, 0x7e, 0xff, 0x7e, 0xff, 0x7e, 
    0xfe, 0x7e, 0xfe, 0x7e, 0xff, 0x7e, 0xfe, 0x7e, 0xff, 0x7e, 0xff, 0x7e, 
    0xff, 0x7e, 0x1f, 0x87, 0xff, 0x7e, 0x1f, 0x87, 0xff, 0x7e, 0x1f, 0x7f, 
    0x1f, 0x87, 0xff, 0x7e, 0xff, 0x86, 0xff, 0x7e, 0xfe, 0x86, 0xff, 0x86, 
    0x1f, 0x87, 0x1f, 0x87, 0x1f, 0x87, 0x1f, 0x87, 0x1f, 0x87, 0x1f, 0x87, 
    0x1f, 0x87, 0x1f, 0x87, 0x1f, 0x87, 0x1f, 0x87, 0x1f, 0x87, 0x1f, 0x87, 
    0x1f, 0x87, 0x1f, 0x87, 0x1f, 0x87, 0x1f, 0x87, 0x1f, 0x87, 0x1e, 0x87, 
    0x1f, 0x87, 0x1f, 0x7f, 0x1f, 0x7f, 0x1f, 0x7f, 0x1f, 0x7f, 0x1f, 0x7f, 
    0x1f, 0x87, 0x1f, 0x7f, 0x1f, 0x87, 0x1f, 0x87, 0x1f, 0x87, 0x1f, 0x87, 
    0x1f, 0x87, 0x1f, 0x87, 0x1f, 0x87, 0x1f, 0x87, 0x1f, 0x87, 0x1f, 0x87, 
    0x1f, 0x87, 0xff, 0x86, 0x1e, 0x87, 0x1f, 0x87, 0x1f, 0x87, 0x1f, 0x87, 
    0x3f, 0x87, 0x1f, 0x87, 0x1f, 0x87, 0x1f, 0x87, 0x1f, 0x8f, 0x1f, 0x8f, 
    0x1f, 0x87, 0x1f, 0x87, 0x1f, 0x87, 0x1e, 0x87, 0x1f, 0x87, 0x1f, 0x87, 
    0x1f, 0x87, 0x1f, 0x87, 0x1f, 0x87, 0x1f, 0x87, 0x1f, 0x87, 0x1f, 0x87, 
    0x1f, 0x87, 0x1f, 0x87, 0x1f, 0x87, 0x1f, 0x8f, 0x1f, 0x8f, 0x1f, 0x8f, 
    0x1f, 0x8f, 0x1f, 0x8f, 0x1f, 0x8f, 0x1f, 0x8f, 0x1f, 0x8f, 0x1f, 0x8f, 
    0x1f, 0x8f, 0x1f, 0x8f, 0x1f, 0x8f, 0x1f, 0x8f, 0x1f, 0x8f, 0x1f, 0x97, 
    0x1e, 0x97, 0x1f, 0x97, 0x3f, 0x97, 0x1f, 0x97, 0x1f, 0x97, 0x1f, 0x97, 
    0x1f, 0x97, 0x1f, 0x97, 0x1f, 0x97, 0x3f, 0x9f, 0x3f, 0x9f, 0x3f, 0x9f, 
    0x3f, 0xa7, 0x5d, 0xcf, 0xde, 0xf7, 0xfe, 0xff, 0xfe, 0xff, 0xfe, 0xff, 
    0xfe, 0xff, 0xfe, 0xff, 0xfe, 0xff, 0xfe, 0xff, 0xfe, 0xff, 0xfe, 0xff, 
    0xfe, 0xff, 0xfe, 0xff, 0xfe, 0xff, 0xff, 0xff, 0xfe, 0xff, 0xfe, 0xff, 
    0xfe, 0xf7, 0xfe, 0xf7, 0xfe, 0xff, 0xfe, 0xff, 0xfe, 0xff, 0xfe, 0xff, 
    0xfe, 0xff, 0xfe, 0xf7, 0xde, 0xf7, 0xde, 0xf7, 0xbd, 0xf7, 0xdd, 0xf7, 
    0xff, 0x7e, 0xff, 0x7e, 0x1f, 0x87, 0xff, 0x86, 0x1f, 0x8f, 0x5f, 0xaf, 
    0xbf, 0xd7, 0x9f, 0xd7, 0xbf, 0xe7, 0xbf, 0xe7, 0xbf, 0xe7, 0xbf, 0xe7, 
    0xbf, 0xe7, 0xdf, 0xef, 0xbf, 0xe7, 0xbf, 0xe7, 0x9f, 0xe7, 0xbe, 0xe7, 
    0xdf, 0xef, 0xde, 0xf7, 0xdf, 0xf7, 0xfe, 0xf7, 0xff, 0xf7, 0xfe, 0xf7, 
    0xff, 0xf7, 0xff, 0xf7, 0xfe, 0xff, 0xfe, 0xf7, 0xfe, 0xff, 0xfe, 0xff, 
    0xde, 0xf7, 0xfe, 0xf7, 0xde, 0xf7, 0xde, 0xf7, 0xde, 0xf7, 0xdf, 0xf7, 
    0xde, 0xef, 0xbe, 0xef, 0xbe, 0xe7, 0xdf, 0xef, 0xbe, 0xe7, 0x9f, 0xc7, 
    0x5f, 0x9f, 0x3f, 0x97, 0x3f, 0x8f, 0x3f, 0x8f, 0x3f, 0x87, 0x1f, 0x87, 
    0x1f, 0x7f, 0x1f, 0x7f, 0x1f, 0x7f, 0x1f, 0x7f, 0x1f, 0x7f, 0x1f, 0x7f, 
    0x1f, 0x7f, 0x1f, 0x7f, 0x1f, 0x7f, 0x1f, 0x7f, 0x1f, 0x7f, 0x1f, 0x7f, 
    0x1f, 0x7f, 0x1f, 0x7f, 0x1f, 0x87, 0x1f, 0x7f, 0x1f, 0x87, 0x1f, 0x87, 
    0x1f, 0x87, 0x1f, 0x87, 0x1f, 0x87, 0x1f, 0x7f, 0xff, 0x86, 0x1e, 0x87, 
    0x1f, 0x87, 0x1f, 0x87, 0x1f, 0x7f, 0x1f, 0x7f, 0x1f, 0x7f, 0x1f, 0x7f, 
    0xff, 0x7e, 0x1f, 0x7f, 0xff, 0x7e, 0x1f, 0x7f, 0x1f, 0x7f, 0x1f, 0x7f, 
    0x1f, 0x7f, 0x1f, 0x7f, 0x1f, 0x7f, 0x1f, 0x7f, 0x1f, 0x7f, 0x1f, 0x7f, 
    0x1f, 0x7f, 0x1f, 0x7f, 0x1f, 0x7f, 0x1f, 0x7f, 0x1f, 0x7f, 0xff, 0x7e, 
    0xff, 0x7e, 0xff, 0x7e, 0xff, 0x7e, 0xff, 0x7e, 0xff, 0x7e, 0x1e, 0x7f, 
    0xfe, 0x7e, 0xff, 0x7e, 0xfe, 0x7e, 0xfe, 0x7e, 0xff, 0x7e, 0xfe, 0x7e, 
    0xff, 0x7e, 0xff, 0x7e, 0xff, 0x7e, 0x1f, 0x7f, 0xff, 0x86, 0x1f, 0x7f, 
    0x1f, 0x87, 0x1f, 0x87, 0x1e, 0x87, 0xff, 0x86, 0xff, 0x86, 0x1f, 0x87, 
    0x1f, 0x87, 0x1f, 0x87, 0x1f, 0x87, 0x1f, 0x87, 0x1f, 0x87, 0x1f, 0x87, 
    0x1f, 0x87, 0x1f, 0x87, 0x1f, 0x87, 0x1f, 0x87, 0x1f, 0x87, 0x1f, 0x87, 
    0x1f, 0x87, 0x1f, 0x87, 0x1f, 0x87, 0x1f, 0x87, 0x1f, 0x7f, 0x1f, 0x7f, 
    0x1f, 0x7f, 0x1f, 0x7f, 0x1f, 0x87, 0x1f, 0x87, 0x1f, 0x87, 0x1f, 0x7f, 
    0x1f, 0x87, 0x1f, 0x87, 0x1f, 0x87, 0x1f, 0x87, 0x1f, 0x87, 0x1f, 0x87, 
    0x1f, 0x87, 0x1f, 0x87, 0x1f, 0x87, 0xff, 0x86, 0x1f, 0x87, 0x1f, 0x87, 
    0xff, 0x86, 0x1f, 0x87, 0xff, 0x86, 0xff, 0x86, 0x1e, 0x87, 0x1f, 0x87, 
    0x1f, 0x87, 0x1f, 0x87, 0x1f, 0x87, 0x1e, 0x8f, 0x1f, 0x87, 0x1f, 0x87, 
    0x1f, 0x87, 0x1f, 0x87, 0x1f, 0x8f, 0x1f, 0x87, 0x1f, 0x87, 0xff, 0x86, 
    0x1f, 0x87, 0x1e, 0x87, 0x1f, 0x87, 0x1f, 0x87, 0x1f, 0x87, 0x1f, 0x8f, 
    0x3f, 0x8f, 0x1f, 0x87, 0x1f, 0x8f, 0x1f, 0x8f, 0x1f, 0x8f, 0x1f, 0x8f, 
    0x1f, 0x8f, 0x1f, 0x8f, 0x1f, 0x8f, 0x3f, 0x8f, 0x3e, 0x8f, 0x1f, 0x8f, 
    0x1f, 0x8f, 0x3f, 0x8f, 0x1f, 0x8f, 0x3e, 0x8f, 0x1f, 0x97, 0x1f, 0x97, 
    0x1f, 0x97, 0x1f, 0x97, 0x1f, 0x97, 0x3f, 0x97, 0x3f, 0x97, 0x3f, 0x97, 
    0x3f, 0x9f, 0x3f, 0x9f, 0x3f, 0x9f, 0x3f, 0x9f, 0x3f, 0xa7, 0x3f, 0xa7, 
    0x3e, 0xbf, 0xbd, 0xef, 0xfe, 0xff, 0xfe, 0xff, 0xfe, 0xff, 0xfe, 0xff, 
    0xfe, 0xff, 0xfe, 0xff, 0xfe, 0xff, 0xfe, 0xff, 0xfe, 0xff, 0xfe, 0xff, 
    0xfe, 0xff, 0xfe, 0xff, 0xfe, 0xff, 0xfe, 0xff, 0xfe, 0xff, 0xfe, 0xf7, 
    0xde, 0xff, 0xfe, 0xf7, 0xde, 0xf7, 0xde, 0xf7, 0xfe, 0xff, 0xfe, 0xff, 
    0xfe, 0xff, 0xfe, 0xf7, 0xfe, 0xf7, 0xfe, 0xff, 0xfe, 0xff, 0xfe, 0xff, 
    0xff, 0x7e, 0xff, 0x86, 0xff, 0x86, 0x3f, 0x8f, 0x7f, 0xc7, 0x9f, 0xd7, 
    0xbf, 0xdf, 0xbf, 0xdf, 0xbf, 0xdf, 0x9f, 0xdf, 0xbf, 0xe7, 0xbe, 0xe7, 
    0xbf, 0xe7, 0x9f, 0xe7, 0x7e, 0xd7, 0x7f, 0xd7, 0x7f, 0xd7, 0x9f, 0xdf, 
    0x9f, 0xdf, 0xbf, 0xe7, 0xdf, 0xef, 0xfe, 0xf7, 0xfe, 0xf7, 0xfe, 0xf7, 
    0xde, 0xf7, 0xfe, 0xf7, 0xfe, 0xf7, 0xff, 0xf7, 0xff, 0xf7, 0xfe, 0xf7, 
    0xfe, 0xf7, 0xfe, 0xf7, 0xdf, 0xf7, 0xde, 0xf7, 0xde, 0xf7, 0xdf, 0xf7, 
    0xdf, 0xf7, 0xde, 0xf7, 0xdf, 0xf7, 0xdf, 0xef, 0xde, 0xef, 0xde, 0xef, 
    0xdf, 0xef, 0xdf, 0xef, 0x7f, 0xb7, 0x3f, 0x8f, 0x3f, 0x8f, 0x1f, 0x87, 
    0x1f, 0x87, 0x1f, 0x87, 0x1f, 0x7f, 0x1f, 0x7f, 0x1f, 0x7f, 0x1f, 0x7f, 
    0x1f, 0x7f, 0x1f, 0x7f, 0x1f, 0x7f, 0x1f, 0x7f, 0x1f, 0x7f, 0x1f, 0x7f, 
    0x1f, 0x7f, 0x1f, 0x7f, 0x1f, 0x87, 0x1e, 0x7f, 0x1f, 0x87, 0x1f, 0x87, 
    0x1f, 0x87, 0x1e, 0x87, 0xff, 0x86, 0x1e, 0x87, 0x1e, 0x87, 0x1f, 0x87, 
    0x1f, 0x87, 0x1f, 0x87, 0x1f, 0x87, 0xff, 0x7e, 0x1f, 0x7f, 0x1f, 0x7f, 
    0x1f, 0x7f, 0x1f, 0x7f, 0x1f, 0x7f, 0x1f, 0x7f, 0x1f, 0x7f, 0x1f, 0x7f, 
    0x1f, 0x7f, 0x3f, 0x7f, 0x1f, 0x7f, 0x1f, 0x7f, 0x1f, 0x7f, 0x1f, 0x7f, 
    0x1f, 0x7f, 0x1f, 0x7f, 0x1f, 0x7f, 0x1f, 0x7f, 0x1f, 0x7f, 0x1f, 0x7f, 
    0x1f, 0x7f, 0xff, 0x7e, 0xff, 0x7e, 0x1f, 0x7f, 0x1e, 0x7f, 0xff, 0x7e, 
    0x1f, 0x7f, 0xfe, 0x7e, 0xfe, 0x7e, 0xff, 0x7e, 0xff, 0x7e, 0xfe, 0x7e, 
    0xff, 0x7e, 0xff, 0x7e, 0xff, 0x7e, 0x1e, 0x87, 0x1f, 0x87, 0x1f, 0x87, 
    0x1f, 0x87, 0x1f, 0x87, 0x1f, 0x87, 0x1f, 0x87, 0x1f, 0x87, 0x1f, 0x87, 
    0xff, 0x86, 0x1f, 0x87, 0x1e, 0x87, 0x1f, 0x87, 0x1f, 0x87, 0x1f, 0x87, 
    0x3f, 0x87, 0x1f, 0x87, 0x1f, 0x87, 0x1f, 0x87, 0x1f, 0x87, 0x1f, 0x87, 
    0x1f, 0x87, 0x1f, 0x87, 0x1f, 0x87, 0x1f, 0x87, 0x1f, 0x7f, 0x1f, 0x87, 
    0x1f, 0x7f, 0x1f, 0x87, 0x1f, 0x87, 0x1f, 0x87, 0x1f, 0x87, 0x1f, 0x87, 
    0x1f, 0x87, 0x1f, 0x87, 0x1f, 0x87, 0x1f, 0x87, 0x1f, 0x87, 0x1f, 0x87, 
    0x1f, 0x87, 0x1f, 0x87, 0x1f, 0x87, 0x1f, 0x87, 0xff, 0x86, 0xfe, 0x86, 
    0xfe, 0x86, 0xff, 0x86, 0x1e, 0x87, 0x1e, 0x87, 0x1f, 0x87, 0x1f, 0x87, 
    0x1f, 0x87, 0x3f, 0x8f, 0x1f, 0x8f, 0x1f, 0x8f, 0x3f, 0x8f, 0x1f, 0x8f, 
    0x1f, 0x8f, 0x1f, 0x87, 0x1f, 0x87, 0x1e, 0x8f, 0x1f, 0x87, 0x1e, 0x8f, 
    0x1e, 0x8f, 0x1f, 0x87, 0x1f, 0x87, 0x1e, 0x87, 0x1f, 0x8f, 0x1f, 0x8f, 
    0x1f, 0x8f, 0x1f, 0x8f, 0x1f, 0x8f, 0x1f, 0x8f, 0x1f, 0x8f, 0x3f, 0x8f, 
    0x3f, 0x8f, 0x1f, 0x8f, 0x3e, 0x8f, 0x3e, 0x8f, 0x1f, 0x8f, 0x1f, 0x8f, 
    0x3f, 0x8f, 0x3f, 0x8f, 0x1f, 0x8f, 0x1f, 0x8f, 0x1f, 0x8f, 0x1f, 0x97, 
    0x1f, 0x97, 0x1f, 0x97, 0x3e, 0x97, 0x1f, 0x97, 0x1f, 0x97, 0x3e, 0x97, 
    0x3e, 0x9f, 0x3f, 0x9f, 0x3f, 0x9f, 0x3e, 0xa7, 0x1f, 0xa7, 0x3f, 0xa7, 
    0x7d, 0xdf, 0xfe, 0xf7, 0xfe, 0xff, 0xfe, 0xff, 0xfe, 0xff, 0xfe, 0xff, 
    0xfe, 0xff, 0xfe, 0xff, 0xfe, 0xff, 0xfe, 0xff, 0xfe, 0xff, 0xfe, 0xff, 
    0xfe, 0xff, 0xfe, 0xff, 0xfe, 0xff, 0xff, 0xff, 0xfe, 0xff, 0xfe, 0xff, 
    0xde, 0xff, 0xde, 0xff, 0xfe, 0xff, 0xde, 0xff, 0xfe, 0xff, 0xfd, 0xff, 
    0xfd, 0xff, 0xfe, 0xf7, 0xde, 0xf7, 0xfe, 0xff, 0xfe, 0xff, 0xfe, 0xff, 
    0xff, 0x7e, 0x1f, 0x87, 0x1f, 0x8f, 0x3f, 0xaf, 0x5f, 0xbf, 0x7f, 0xc7, 
    0x9f, 0xcf, 0x9f, 0xdf, 0x9f, 0xdf, 0xbf, 0xdf, 0xbf, 0xe7, 0xbf, 0xe7, 
    0xbf, 0xe7, 0x7f, 0xd7, 0x5e, 0xcf, 0x5e, 0xcf, 0x7e, 0xd7, 0x7e, 0xd7, 
    0x7f, 0xdf, 0x9f, 0xdf, 0x9e, 0xe7, 0xde, 0xef, 0xdf, 0xef, 0xfe, 0xf7, 
    0xfe, 0xf7, 0xdf, 0xf7, 0xde, 0xf7, 0xfe, 0xf7, 0xfe, 0xf7, 0xfe, 0xf7, 
    0xfe, 0xf7, 0xfe, 0xf7, 0xde, 0xf7, 0xde, 0xf7, 0xde, 0xf7, 0xde, 0xf7, 
    0xde, 0xef, 0xde, 0xef, 0xde, 0xef, 0xde, 0xef, 0xdf, 0xef, 0xdf, 0xef, 
    0xde, 0xef, 0xff, 0xef, 0xff, 0xef, 0xbf, 0xd7, 0x3e, 0x97, 0x3f, 0x8f, 
    0x3f, 0x87, 0x1f, 0x87, 0x1f, 0x7f, 0x1f, 0x7f, 0x1f, 0x7f, 0x1f, 0x7f, 
    0x1f, 0x7f, 0x1f, 0x7f, 0x1f, 0x7f, 0x3f, 0x7f, 0x1f, 0x7f, 0x1f, 0x7f, 
    0x1f, 0x7f, 0x3f, 0x7f, 0x1f, 0x7f, 0x1f, 0x87, 0x1f, 0x87, 0x1e, 0x87, 
    0x1f, 0x87, 0x1f, 0x87, 0x1f, 0x87, 0x1f, 0x87, 0x1f, 0x87, 0x1f, 0x87, 
    0x1f, 0x7f, 0x1e, 0x7f, 0x1f, 0x7f, 0x1f, 0x7f, 0x1e, 0x7f, 0x1f, 0x7f, 
    0x1f, 0x7f, 0x1f, 0x7f, 0x1f, 0x7f, 0x1f, 0x7f, 0x1f, 0x7f, 0x1f, 0x7f, 
    0x1f, 0x7f, 0x1f, 0x7f, 0x1f, 0x7f, 0x1f, 0x7f, 0x1f, 0x7f, 0x1f, 0x7f, 
    0x1f, 0x7f, 0x1f, 0x7f, 0x1f, 0x7f, 0x1f, 0x7f, 0x1f, 0x7f, 0x1f, 0x7f, 
    0x1f, 0x7f, 0x1f, 0x7f, 0x1f, 0x7f, 0x1f, 0x7f, 0xff, 0x7e, 0x1f, 0x7f, 
    0xff, 0x7e, 0xff, 0x7e, 0xff, 0x7e, 0xfe, 0x7e, 0xff, 0x7e, 0xff, 0x7e, 
    0xfe, 0x7e, 0xfe, 0x7e, 0x1f, 0x87, 0x1f, 0x87, 0x1f, 0x87, 0x1f, 0x87, 
    0x1f, 0x87, 0x1f, 0x87, 0x1f, 0x87, 0x1f, 0x87, 0x1f, 0x87, 0x1f, 0x87, 
    0x1f, 0x87, 0x1f, 0x87, 0x1f, 0x87, 0x1f, 0x87, 0x1e, 0x87, 0x1f, 0x87, 
    0x1f, 0x87, 0x3f, 0x87, 0x1f, 0x87, 0x1f, 0x87, 0x1f, 0x87, 0x1f, 0x87, 
    0x1f, 0x87, 0x1f, 0x87, 0x1f, 0x87, 0x1f, 0x87, 0x1f, 0x87, 0x1f, 0x87, 
    0x1f, 0x87, 0x3f, 0x87, 0x1f, 0x87, 0x1f, 0x87, 0x1f, 0x87, 0x3f, 0x87, 
    0x1f, 0x87, 0x1f, 0x87, 0x1e, 0x87, 0x1f, 0x87, 0x1f, 0x87, 0x1f, 0x87, 
    0x1e, 0x87, 0x1f, 0x87, 0x1f, 0x87, 0x1f, 0x87, 0x1e, 0x87, 0x1f, 0x87, 
    0xff, 0x86, 0xfe, 0x86, 0x1e, 0x87, 0x1f, 0x87, 0x1f, 0x87, 0x1e, 0x87, 
    0x1f, 0x8f, 0x1f, 0x8f, 0x1e, 0x8f, 0x1e, 0x8f, 0x1f, 0x8f, 0x1f, 0x8f, 
    0x1f, 0x8f, 0x1f, 0x8f, 0x1f, 0x8f, 0x1f, 0x8f, 0x1f, 0x8f, 0x3f, 0x8f, 
    0x1f, 0x8f, 0x1f, 0x8f, 0x1f, 0x8f, 0x1f, 0x8f, 0x1f, 0x87, 0x1f, 0x8f, 
    0x3f, 0x8f, 0x3f, 0x8f, 0x3f, 0x8f, 0x3f, 0x8f, 0x3f, 0x8f, 0x3f, 0x8f, 
    0x3f, 0x8f, 0x3f, 0x8f, 0x3f, 0x8f, 0x3f, 0x8f, 0x1f, 0x8f, 0x3f, 0x8f, 
    0x1e, 0x8f, 0x1f, 0x8f, 0x3e, 0x8f, 0x3e, 0x8f, 0x1f, 0x8f, 0x3e, 0x97, 
    0x1e, 0x97, 0x3f, 0x97, 0x3f, 0x97, 0x3e, 0x97, 0x1f, 0x97, 0x1f, 0x9f, 
    0x3f, 0x9f, 0x3f, 0x9f, 0x3f, 0xa7, 0x3f, 0xa7, 0x3f, 0xa7, 0x3e, 0xbf, 
    0xde, 0xf7, 0xff, 0xf7, 0xfe, 0xff, 0xfe, 0xff, 0xfe, 0xff, 0xfe, 0xff, 
    0xfe, 0xff, 0xfe, 0xff, 0xfe, 0xff, 0xfe, 0xff, 0xfe, 0xff, 0xfe, 0xff, 
    0xfe, 0xff, 0xfe, 0xff, 0xfe, 0xff, 0xfe, 0xff, 0xfe, 0xff, 0xfe, 0xff, 
    0xfe, 0xf7, 0xfe, 0xff, 0xfe, 0xff, 0xfe, 0xff, 0xfe, 0xff, 0xfe, 0xff, 
    0xfe, 0xff, 0xdd, 0xf7, 0xfe, 0xf7, 0xfe, 0xff, 0xfe, 0xff, 0xfe, 0xf7, 
    0xff, 0x7e, 0xfe, 0x86, 0x1e, 0x97, 0x3e, 0xaf, 0x3e, 0xb7, 0x5f, 0xb7, 
    0x7f, 0xc7, 0x7f, 0xc7, 0x7f, 0xc7, 0x7f, 0xc7, 0x9f, 0xcf, 0x9e, 0xd7, 
    0x7e, 0xcf, 0x5e, 0xcf, 0x3e, 0xcf, 0x5e, 0xcf, 0x5e, 0xcf, 0x7e, 0xd7, 
    0x7f, 0xd7, 0x7e, 0xd7, 0x9f, 0xdf, 0xbf, 0xef, 0xde, 0xef, 0xde, 0xef, 
    0xde, 0xf7, 0xde, 0xf7, 0xde, 0xf7, 0xde, 0xf7, 0xde, 0xf7, 0xde, 0xf7, 
    0xdf, 0xf7, 0xfe, 0xf7, 0xfe, 0xf7, 0xde, 0xf7, 0xde, 0xef, 0xdf, 0xef, 
    0xdf, 0xef, 0xde, 0xef, 0xdf, 0xef, 0xdf, 0xef, 0xdf, 0xef, 0xdf, 0xef, 
    0xdf, 0xef, 0xff, 0xef, 0xff, 0xef, 0xdf, 0xef, 0xbf, 0xcf, 0x3f, 0x8f, 
    0x3f, 0x87, 0x3f, 0x87, 0x1f, 0x87, 0x1f, 0x7f, 0x1f, 0x7f, 0x1f, 0x7f, 
    0x1f, 0x7f, 0x1f, 0x7f, 0x3f, 0x7f, 0x1f, 0x7f, 0x3f, 0x7f, 0x1f, 0x7f, 
    0x1f, 0x7f, 0x3f, 0x7f, 0x1f, 0x87, 0x1f, 0x87, 0x3f, 0x87, 0x3f, 0x87, 
    0x1f, 0x87, 0x1f, 0x87, 0x1f, 0x87, 0x1f, 0x87, 0x1f, 0x87, 0x1f, 0x87, 
    0x1f, 0x87, 0x1e, 0x7f, 0xff, 0x7e, 0xff, 0x7e, 0x1e, 0x7f, 0x1e, 0x7f, 
    0x1f, 0x7f, 0x1f, 0x7f, 0x1f, 0x7f, 0x1f, 0x7f, 0x1f, 0x7f, 0x1f, 0x7f, 
    0x3f, 0x7f, 0x1f, 0x7f, 0x1f, 0x7f, 0x1f, 0x7f, 0x1f, 0x7f, 0x1f, 0x7f, 
    0x1f, 0x7f, 0x3f, 0x7f, 0x3f, 0x7f, 0x1f, 0x7f, 0x3f, 0x7f, 0x1f, 0x7f, 
    0x1f, 0x7f, 0x1f, 0x7f, 0x1f, 0x7f, 0x1f, 0x7f, 0x1f, 0x7f, 0x1f, 0x7f, 
    0x1f, 0x7f, 0x1e, 0x7f, 0xff, 0x7e, 0x1e, 0x87, 0xfe, 0x7e, 0xff, 0x7e, 
    0xfe, 0x7e, 0x1f, 0x7f, 0x1f, 0x7f, 0x1f, 0x7f, 0x1f, 0x87, 0x1f, 0x87, 
    0x1f, 0x87, 0x1f, 0x87, 0x1f, 0x87, 0x1f, 0x87, 0x1f, 0x87, 0x1f, 0x87, 
    0x3f, 0x87, 0x1f, 0x87, 0x1f, 0x87, 0x1f, 0x87, 0x1f, 0x87, 0x1f, 0x87, 
    0x3f, 0x87, 0x1f, 0x87, 0x3f, 0x87, 0x3f, 0x87, 0x1f, 0x87, 0x1f, 0x87, 
    0x1f, 0x87, 0x1f, 0x87, 0x1f, 0x87, 0x1f, 0x87, 0x3f, 0x87, 0x1f, 0x87, 
    0x1f, 0x87, 0x1f, 0x87, 0x1f, 0x87, 0x3f, 0x87, 0x1f, 0x87, 0x1f, 0x87, 
    0x1f, 0x87, 0x1f, 0x87, 0x1f, 0x87, 0x1f, 0x87, 0x1f, 0x87, 0x1f, 0x87, 
    0x1f, 0x87, 0x1e, 0x87, 0x1f, 0x87, 0x1e, 0x87, 0x1f, 0x87, 0x1f, 0x87, 
    0x1e, 0x87, 0x1f, 0x87, 0x1f, 0x87, 0x1f, 0x87, 0x1f, 0x87, 0x1f, 0x8f, 
    0x1f, 0x8f, 0x1f, 0x8f, 0x1f, 0x8f, 0x3f, 0x8f, 0x3f, 0x8f, 0x1f, 0x8f, 
    0x1f, 0x8f, 0x1f, 0x8f, 0x1f, 0x8f, 0x1e, 0x8f, 0x1f, 0x8f, 0x3f, 0x8f, 
    0x1f, 0x8f, 0x1f, 0x8f, 0x1f, 0x8f, 0x1f, 0x8f, 0x1f, 0x8f, 0x3f, 0x8f, 
    0x3f, 0x8f, 0x3f, 0x8f, 0x3f, 0x8f, 0x3f, 0x8f, 0x3f, 0x8f, 0x3f, 0x8f, 
    0x1f, 0x8f, 0x1f, 0x8f, 0x3f, 0x8f, 0x1f, 0x8f, 0x3e, 0x8f, 0x3f, 0x8f, 
    0x3e, 0x8f, 0x1f, 0x8f, 0x3e, 0x8f, 0x3e, 0x8f, 0x3f, 0x97, 0x3e, 0x97, 
    0x3e, 0x97, 0x3f, 0x97, 0x3e, 0x97, 0x1f, 0x97, 0x3f, 0x9f, 0x3f, 0x9f, 
    0x3f, 0x9f, 0x3f, 0x9f, 0x3f, 0x9f, 0x3e, 0xa7, 0x3f, 0xa7, 0x7d, 0xdf, 
    0xfd, 0xf7, 0xfe, 0xf7, 0xfe, 0xf7, 0xfe, 0xff, 0xfe, 0xff, 0xfe, 0xff, 
    0xfe, 0xff, 0xfe, 0xff, 0xfe, 0xff, 0xfe, 0xff, 0xfe, 0xff, 0xfe, 0xff, 
    0xfe, 0xff, 0xfe, 0xff, 0xfe, 0xff, 0xfe, 0xff, 0xde, 0xff, 0xfe, 0xff, 
    0xde, 0xff, 0xfe, 0xff, 0xfe, 0xff, 0xfe, 0xff, 0xfe, 0xff, 0xfe, 0xff, 
    0xfe, 0xff, 0xfe, 0xff, 0xfe, 0xff, 0xde, 0xff, 0xde, 0xf7, 0xde, 0xf7, 
    0xfe, 0x7e, 0xfe, 0x7e, 0xfe, 0x96, 0x1e, 0xa7, 0x3f, 0xaf, 0x3e, 0xb7, 
    0x5f, 0xbf, 0x5f, 0xbf, 0x5f, 0xbf, 0x5f, 0xbf, 0x5f, 0xbf, 0x5f, 0xbf, 
    0x3f, 0xbf, 0x3e, 0xc7, 0x3e, 0xc7, 0x3e, 0xc7, 0x5e, 0xcf, 0x5e, 0xcf, 
    0x5e, 0xd7, 0x5e, 0xd7, 0x7e, 0xd7, 0x9f, 0xe7, 0xbf, 0xe7, 0xbe, 0xef, 
    0xbe, 0xef, 0xbe, 0xef, 0xbe, 0xef, 0xbe, 0xef, 0xde, 0xef, 0xde, 0xf7, 
    0xde, 0xf7, 0xde, 0xf7, 0xde, 0xef, 0xde, 0xef, 0xde, 0xef, 0xde, 0xef, 
    0xde, 0xef, 0xde, 0xef, 0xde, 0xef, 0xdf, 0xef, 0xde, 0xef, 0xdf, 0xef, 
    0xdf, 0xef, 0xdf, 0xef, 0xdf, 0xef, 0xdf, 0xe7, 0xbf, 0xdf, 0x3f, 0x8f, 
    0x1f, 0x87, 0x1f, 0x87, 0x1f, 0x87, 0x1f, 0x7f, 0x1f, 0x7f, 0x1f, 0x7f, 
    0x1f, 0x7f, 0x3f, 0x7f, 0x3f, 0x7f, 0x3f, 0x7f, 0x3f, 0x7f, 0x3f, 0x7f, 
    0x1f, 0x7f, 0x1f, 0x7f, 0x3f, 0x87, 0x1f, 0x87, 0x1f, 0x87, 0x1f, 0x87, 
    0x3f, 0x87, 0x1f, 0x87, 0x1f, 0x87, 0x1f, 0x87, 0x1e, 0x87, 0x1f, 0x87, 
    0x1f, 0x87, 0x1f, 0x7f, 0x1e, 0x7f, 0xfe, 0x7e, 0xff, 0x7e, 0xfe, 0x7e, 
    0xff, 0x7e, 0xfe, 0x7e, 0x1f, 0x7f, 0x1f, 0x7f, 0x1f, 0x7f, 0x1f, 0x7f, 
    0x1f, 0x7f, 0x1f, 0x7f, 0x1f, 0x7f, 0x1f, 0x7f, 0x1f, 0x7f, 0x3f, 0x7f, 
    0x3f, 0x87, 0x3f, 0x7f, 0x3f, 0x7f, 0x1f, 0x7f, 0x1f, 0x7f, 0x1f, 0x7f, 
    0x1f, 0x7f, 0x1f, 0x7f, 0x1f, 0x7f, 0x1f, 0x7f, 0x1f, 0x7f, 0x1f, 0x7f, 
    0x1f, 0x7f, 0xff, 0x7e, 0x1f, 0x7f, 0xfe, 0x86, 0x1f, 0x87, 0x1f, 0x87, 
    0xff, 0x86, 0x1f, 0x87, 0x1f, 0x87, 0x1f, 0x87, 0x1f, 0x87, 0x1f, 0x87, 
    0x1e, 0x87, 0x1f, 0x87, 0x3f, 0x87, 0x1f, 0x87, 0x1f, 0x87, 0x1f, 0x87, 
    0x1f, 0x87, 0x1f, 0x87, 0x3f, 0x87, 0x1f, 0x87, 0x3f, 0x87, 0x1f, 0x87, 
    0x1f, 0x87, 0x1f, 0x87, 0x1f, 0x87, 0x1f, 0x87, 0x1f, 0x87, 0x1f, 0x87, 
    0x1f, 0x87, 0x1f, 0x87, 0x1f, 0x87, 0x1f, 0x87, 0x3f, 0x87, 0x1f, 0x87, 
    0x1f, 0x87, 0x1f, 0x87, 0x1f, 0x87, 0x1f, 0x87, 0x3f, 0x87, 0x1f, 0x87, 
    0x1e, 0x87, 0x1f, 0x87, 0x1f, 0x87, 0x1f, 0x87, 0x1f, 0x87, 0x1f, 0x87, 
    0x1f, 0x87, 0x1f, 0x87, 0x1f, 0x87, 0x1f, 0x87, 0x1f, 0x87, 0x1f, 0x87, 
    0x1f, 0x87, 0x1f, 0x87, 0x1f, 0x87, 0x1f, 0x87, 0x1f, 0x8f, 0x1f, 0x8f, 
    0x1f, 0x8f, 0x3e, 0x8f, 0x1f, 0x8f, 0x1f, 0x8f, 0x1f, 0x8f, 0x1f, 0x8f, 
    0x1f, 0x8f, 0x1f, 0x8f, 0x1f, 0x8f, 0x1f, 0x8f, 0x3f, 0x8f, 0x3f, 0x8f, 
    0x3f, 0x8f, 0x1f, 0x8f, 0x1f, 0x8f, 0x3f, 0x8f, 0x3f, 0x8f, 0x1f, 0x8f, 
    0x3f, 0x8f, 0x3f, 0x8f, 0x1f, 0x8f, 0x3f, 0x8f, 0x3f, 0x8f, 0x3f, 0x8f, 
    0x3f, 0x8f, 0x3f, 0x8f, 0x3f, 0x8f, 0x3f, 0x8f, 0x3f, 0x8f, 0x3f, 0x8f, 
    0x1f, 0x8f, 0x3f, 0x8f, 0x3f, 0x8f, 0x3f, 0x8f, 0x3f, 0x97, 0x1f, 0x97, 
    0x3e, 0x97, 0x3f, 0x97, 0x3f, 0x97, 0x3e, 0x97, 0x3e, 0x9f, 0x3e, 0x9f, 
    0x3e, 0x9f, 0x3e, 0x9f, 0x3e, 0x9f, 0x1f, 0xa7, 0x1e, 0xb7, 0xdd, 0xef, 
    0xfe, 0xf7, 0xfe, 0xf7, 0xfe, 0xff, 0xfe, 0xff, 0xfe, 0xff, 0xfe, 0xff, 
    0xfe, 0xff, 0xfe, 0xff, 0xfe, 0xff, 0xfe, 0xff, 0xfe, 0xff, 0xfe, 0xff, 
    0xfe, 0xff, 0xfe, 0xff, 0xfe, 0xff, 0xfe, 0xff, 0xfe, 0xff, 0xfe, 0xff, 
    0xfe, 0xff, 0xfe, 0xff, 0xfe, 0xff, 0xfe, 0xff, 0xfe, 0xff, 0xfe, 0xff, 
    0xfe, 0xff, 0xfe, 0xff, 0xfe, 0xff, 0xfd, 0xf7, 0xde, 0xf7, 0xde, 0xf7, 
    0xfe, 0x7e, 0xfe, 0x7e, 0xfe, 0x86, 0xfe, 0x96, 0x1e, 0xaf, 0x1e, 0xaf, 
    0x3f, 0xb7, 0x3f, 0xb7, 0x3f, 0xbf, 0x3e, 0xbf, 0x3f, 0xb7, 0x3e, 0xbf, 
    0x3e, 0xbf, 0x3e, 0xbf, 0x3e, 0xbf, 0x3e, 0xc7, 0x3e, 0xc7, 0x3e, 0xcf, 
    0x5e, 0xcf, 0x5e, 0xcf, 0x5e, 0xcf, 0x5e, 0xd7, 0x5e, 0xd7, 0x7e, 0xdf, 
    0x9e, 0xdf, 0x9e, 0xe7, 0x9e, 0xe7, 0xbe, 0xef, 0xde, 0xef, 0xbe, 0xef, 
    0xde, 0xef, 0xbe, 0xef, 0xbe, 0xef, 0xbe, 0xef, 0xbe, 0xe7, 0x9e, 0xdf, 
    0x7f, 0xd7, 0x9f, 0xdf, 0xbf, 0xdf, 0xdf, 0xe7, 0xdf, 0xe7, 0xdf, 0xe7, 
    0xdf, 0xe7, 0xdf, 0xe7, 0xbf, 0xe7, 0xdf, 0xe7, 0x9f, 0xcf, 0x3e, 0x8f, 
    0x3f, 0x87, 0x1f, 0x87, 0x1f, 0x87, 0x3f, 0x87, 0x1f, 0x7f, 0x1f, 0x7f, 
    0x1f, 0x7f, 0x1f, 0x7f, 0x1f, 0x7f, 0x1f, 0x7f, 0x1f, 0x7f, 0x1f, 0x7f, 
    0x1f, 0x7f, 0x1f, 0x87, 0x3f, 0x87, 0x3e, 0x87, 0x3f, 0x87, 0x3f, 0x87, 
    0x1f, 0x87, 0x1f, 0x87, 0x1f, 0x87, 0x1e, 0x87, 0x1f, 0x87, 0x1e, 0x87, 
    0x1f, 0x87, 0x1f, 0x7f, 0x1f, 0x7f, 0xfe, 0x7e, 0xfe, 0x7e, 0xfe, 0x7e, 
    0xfe, 0x7e, 0xfe, 0x7e, 0xff, 0x7e, 0x1e, 0x7f, 0x1f, 0x7f, 0x1f, 0x7f, 
    0x1e, 0x7f, 0x1f, 0x7f, 0x1f, 0x7f, 0x3f, 0x7f, 0x3f, 0x7f, 0x3f, 0x87, 
    0x3f, 0x87, 0x3f, 0x7f, 0x3f, 0x7f, 0x3f, 0x7f, 0x3f, 0x7f, 0x3f, 0x7f, 
    0x3f, 0x7f, 0x1f, 0x7f, 0x1f, 0x7f, 0x1f, 0x7f, 0x1f, 0x7f, 0x1f, 0x87, 
    0x1e, 0x7f, 0x1f, 0x7f, 0x1e, 0x87, 0x1f, 0x87, 0x1f, 0x87, 0x1f, 0x87, 
    0x1e, 0x87, 0x1f, 0x87, 0x1f, 0x87, 0x1f, 0x87, 0x1f, 0x87, 0x1f, 0x87, 
    0x1f, 0x87, 0x1f, 0x87, 0x1f, 0x87, 0x1e, 0x87, 0x1f, 0x87, 0x3f, 0x87, 
    0x1f, 0x87, 0x3f, 0x87, 0x3f, 0x87, 0x3f, 0x87, 0x3f, 0x87, 0x3f, 0x87, 
    0x3f, 0x8f, 0x3f, 0x8f, 0x3f, 0x8f, 0x3f, 0x87, 0x3f, 0x87, 0x3f, 0x87, 
    0x1f, 0x87, 0x1f, 0x87, 0x1f, 0x87, 0x1f, 0x87, 0x1f, 0x87, 0x3f, 0x87, 
    0x1f, 0x87, 0x1f, 0x87, 0x1f, 0x87, 0x1f, 0x87, 0x1f, 0x87, 0x1f, 0x87, 
    0x1f, 0x87, 0x1f, 0x87, 0x1f, 0x87, 0x1f, 0x87, 0x1f, 0x87, 0x1f, 0x87, 
    0x1f, 0x87, 0x1f, 0x87, 0x1e, 0x87, 0x1e, 0x87, 0x1f, 0x87, 0x1f, 0x87, 
    0x1f, 0x87, 0x1f, 0x8f, 0x1e, 0x87, 0x1f, 0x8f, 0x1f, 0x8f, 0x1e, 0x8f, 
    0x1f, 0x8f, 0x3f, 0x8f, 0x1f, 0x8f, 0x3f, 0x8f, 0x3f, 0x8f, 0x1e, 0x8f, 
    0x1e, 0x8f, 0x1f, 0x8f, 0x1f, 0x8f, 0x1f, 0x8f, 0x1f, 0x8f, 0x3e, 0x8f, 
    0x3f, 0x8f, 0x3f, 0x8f, 0x3f, 0x8f, 0x3f, 0x8f, 0x3f, 0x8f, 0x3f, 0x8f, 
    0x3f, 0x8f, 0x3f, 0x8f, 0x3f, 0x8f, 0x3f, 0x8f, 0x3f, 0x8f, 0x3f, 0x8f, 
    0x3f, 0x8f, 0x3f, 0x8f, 0x3f, 0x97, 0x3f, 0x8f, 0x3f, 0x97, 0x3e, 0x8f, 
    0x3f, 0x8f, 0x3e, 0x8f, 0x3f, 0x8f, 0x3e, 0x97, 0x3e, 0x97, 0x3e, 0x97, 
    0x3e, 0x97, 0x3e, 0x97, 0x3e, 0x97, 0x3e, 0x9f, 0x3e, 0x9f, 0x3e, 0x9f, 
    0x3e, 0x9f, 0x3e, 0x9f, 0x3e, 0x9f, 0x3e, 0xa7, 0x3d, 0xcf, 0xfe, 0xf7, 
    0xfe, 0xf7, 0xfe, 0xff, 0xfe, 0xff, 0xfe, 0xff, 0xfe, 0xff, 0xfe, 0xff, 
    0xfe, 0xff, 0xfe, 0xff, 0xfe, 0xff, 0xfe, 0xff, 0xfe, 0xff, 0xfe, 0xff, 
    0xff, 0xff, 0xfe, 0xff, 0xfe, 0xff, 0xfe, 0xff, 0xfe, 0xff, 0xfe, 0xff, 
    0xfe, 0xff, 0xfe, 0xff, 0xfe, 0xff, 0xfe, 0xff, 0xfe, 0xff, 0xfe, 0xff, 
    0xfe, 0xff, 0xfe, 0xff, 0xfd, 0xff, 0xfe, 0xf7, 0xde, 0xf7, 0xde, 0xf7, 
    0xfe, 0x7e, 0xde, 0x7e, 0xde, 0x7e, 0xfe, 0x86, 0xfe, 0x96, 0xfe, 0x9e, 
    0x1e, 0xaf, 0x1e, 0xaf, 0x1e, 0xb7, 0x1e, 0xb7, 0x3f, 0xb7, 0x3e, 0xb7, 
    0x3f, 0xb7, 0x3e, 0xbf, 0x3e, 0xbf, 0x3e, 0xbf, 0x3e, 0xc7, 0x3e, 0xc7, 
    0x3e, 0xcf, 0x3e, 0xcf, 0x5e, 0xcf, 0x5e, 0xcf, 0x5e, 0xcf, 0x5e, 0xcf, 
    0x5e, 0xd7, 0x7e, 0xd7, 0x7e, 0xdf, 0x7e, 0xdf, 0x9e, 0xe7, 0x9e, 0xe7, 
    0x9e, 0xe7, 0x9e, 0xdf, 0x9e, 0xdf, 0x9f, 0xdf, 0x7f, 0xcf, 0x5e, 0xc7, 
    0x5e, 0xcf, 0x5e, 0xcf, 0x5f, 0xcf, 0x7f, 0xd7, 0xbf, 0xdf, 0xbf, 0xe7, 
    0xbf, 0xe7, 0xbf, 0xe7, 0xbf, 0xdf, 0x9f, 0xcf, 0x5f, 0x9f, 0x1f, 0x8f, 
    0x1f, 0x87, 0x1f, 0x87, 0x3f, 0x87, 0x1f, 0x7f, 0x1f, 0x7f, 0x1f, 0x7f, 
    0x1f, 0x7f, 0x1f, 0x7f, 0x1f, 0x7f, 0x1f, 0x7f, 0x1f, 0x7f, 0x1f, 0x87, 
    0x1f, 0x7f, 0x1f, 0x87, 0x1f, 0x87, 0x1f, 0x87, 0x1f, 0x87, 0x1f, 0x87, 
    0x1f, 0x87, 0x1e, 0x87, 0x1f, 0x87, 0x1f, 0x87, 0x1f, 0x87, 0x1f, 0x87, 
    0x1f, 0x87, 0x1f, 0x87, 0x1f, 0x87, 0x1f, 0x7f, 0xff, 0x7e, 0xff, 0x7e, 
    0xff, 0x7e, 0xfe, 0x7e, 0xff, 0x7e, 0xfe, 0x7e, 0x1e, 0x7f, 0x1f, 0x7f, 
    0x1f, 0x7f, 0x1f, 0x7f, 0x1f, 0x7f, 0x3f, 0x7f, 0x3f, 0x7f, 0x3f, 0x87, 
    0x3f, 0x87, 0x3f, 0x87, 0x3f, 0x7f, 0x1f, 0x7f, 0x1f, 0x7f, 0x1f, 0x7f, 
    0x1f, 0x7f, 0x1f, 0x7f, 0x1f, 0x7f, 0x1f, 0x87, 0x1f, 0x7f, 0x1f, 0x87, 
    0x1f, 0x7f, 0x1f, 0x87, 0xff, 0x86, 0x1f, 0x87, 0x1f, 0x87, 0x1f, 0x87, 
    0x1f, 0x87, 0x1f, 0x87, 0x1f, 0x87, 0x1f, 0x87, 0x1f, 0x87, 0x1f, 0x87, 
    0x1f, 0x87, 0x1f, 0x87, 0x1f, 0x87, 0x1f, 0x8f, 0x1f, 0x87, 0x3f, 0x87, 
    0x1f, 0x87, 0x3f, 0x87, 0x3f, 0x87, 0x3f, 0x8f, 0x3f, 0x87, 0x3f, 0x87, 
    0x3f, 0x8f, 0x3f, 0x8f, 0x3f, 0x8f, 0x3f, 0x87, 0x3f, 0x87, 0x3f, 0x87, 
    0x1f, 0x87, 0x1f, 0x8f, 0x1f, 0x87, 0x1f, 0x87, 0x1f, 0x87, 0x1f, 0x87, 
    0x1f, 0x87, 0x1f, 0x87, 0x1f, 0x87, 0x1f, 0x87, 0x1f, 0x87, 0x1f, 0x87, 
    0x1f, 0x8f, 0x1f, 0x8f, 0x1f, 0x8f, 0x3f, 0x8f, 0x1f, 0x8f, 0x1f, 0x87, 
    0x1f, 0x8f, 0x1f, 0x8f, 0x1f, 0x8f, 0x1f, 0x87, 0x1f, 0x8f, 0x1f, 0x87, 
    0x1e, 0x8f, 0x1f, 0x8f, 0x1f, 0x8f, 0x1f, 0x8f, 0x1f, 0x8f, 0x1f, 0x8f, 
    0x3f, 0x8f, 0x1f, 0x8f, 0x1f, 0x8f, 0x3f, 0x8f, 0x1f, 0x8f, 0x1f, 0x8f, 
    0x1f, 0x8f, 0x1f, 0x8f, 0x1f, 0x8f, 0x3e, 0x8f, 0x1e, 0x8f, 0x3f, 0x8f, 
    0x3f, 0x8f, 0x3f, 0x8f, 0x3f, 0x8f, 0x3f, 0x8f, 0x3f, 0x8f, 0x3f, 0x8f, 
    0x3f, 0x8f, 0x3f, 0x8f, 0x3f, 0x8f, 0x3f, 0x8f, 0x3f, 0x8f, 0x3f, 0x8f, 
    0x3f, 0x97, 0x3f, 0x97, 0x3f, 0x97, 0x3f, 0x97, 0x3f, 0x97, 0x3f, 0x97, 
    0x3f, 0x97, 0x3f, 0x97, 0x3f, 0x97, 0x3f, 0x97, 0x3f, 0x97, 0x3f, 0x97, 
    0x3e, 0x97, 0x3f, 0x9f, 0x3e, 0x9f, 0x3e, 0x9f, 0x1e, 0x9f, 0x3f, 0x9f, 
    0x3e, 0x9f, 0x3f, 0x9f, 0x3e, 0xa7, 0x3e, 0xaf, 0x9c, 0xef, 0xfe, 0xf7, 
    0xfe, 0xf7, 0xfe, 0xf7, 0xfe, 0xff, 0xfe, 0xff, 0xfe, 0xff, 0xfe, 0xff, 
    0xfe, 0xff, 0xfe, 0xff, 0xfe, 0xff, 0xfe, 0xff, 0xff, 0xff, 0xfe, 0xff, 
    0xff, 0xff, 0xfe, 0xff, 0xfe, 0xff, 0xfe, 0xff, 0xfe, 0xff, 0xfe, 0xff, 
    0xfe, 0xff, 0xfe, 0xff, 0xfe, 0xff, 0xfe, 0xff, 0xfe, 0xff, 0xfe, 0xff, 
    0xfe, 0xff, 0xfe, 0xff, 0xfe, 0xf7, 0xde, 0xf7, 0xde, 0xf7, 0xde, 0xf7, 
    0xfe, 0x7e, 0xfe, 0x7e, 0xfe, 0x86, 0xfe, 0x86, 0xfe, 0x86, 0xfe, 0x8e, 
    0xfe, 0x96, 0xfe, 0x9e, 0xfe, 0xa6, 0x1e, 0xaf, 0x1e, 0xaf, 0x1e, 0xb7, 
    0x1e, 0xb7, 0x3e, 0xb7, 0x3e, 0xbf, 0x1e, 0xbf, 0x3e, 0xbf, 0x3e, 0xbf, 
    0x3e, 0xc7, 0x3e, 0xc7, 0x3e, 0xc7, 0x3e, 0xcf, 0x3e, 0xcf, 0x5e, 0xcf, 
    0x5e, 0xcf, 0x5e, 0xcf, 0x5e, 0xd7, 0x5e, 0xd7, 0x7e, 0xd7, 0x7e, 0xd7, 
    0x5e, 0xd7, 0x5e, 0xcf, 0x5e, 0xcf, 0x5f, 0xc7, 0x3e, 0xb7, 0x3e, 0xb7, 
    0x3e, 0xb7, 0x3e, 0xbf, 0x3e, 0xbf, 0x5e, 0xbf, 0x9f, 0xcf, 0x9e, 0xd7, 
    0x7f, 0xcf, 0x7f, 0xc7, 0x7f, 0xbf, 0x3f, 0x97, 0x3f, 0x8f, 0x1e, 0x87, 
    0x1f, 0x87, 0x1f, 0x87, 0x1f, 0x87, 0x1f, 0x87, 0x3f, 0x87, 0x3f, 0x87, 
    0x1f, 0x7f, 0x1f, 0x7f, 0x1f, 0x7f, 0x1f, 0x7f, 0x1f, 0x7f, 0x1f, 0x7f, 
    0x1f, 0x7f, 0x1f, 0x87, 0x1e, 0x87, 0x1f, 0x87, 0x1f, 0x87, 0x1f, 0x87, 
    0x1f, 0x87, 0x1e, 0x87, 0x1e, 0x87, 0x1f, 0x87, 0x1f, 0x87, 0x1f, 0x87, 
    0x3f, 0x87, 0x1f, 0x87, 0x1f, 0x87, 0x1f, 0x87, 0x1f, 0x7f, 0x1e, 0x7f, 
    0x1f, 0x7f, 0x1e, 0x7f, 0x1f, 0x87, 0xff, 0x7e, 0x1e, 0x7f, 0x1e, 0x7f, 
    0x1f, 0x7f, 0x1f, 0x87, 0x1f, 0x7f, 0x1f, 0x7f, 0x3f, 0x87, 0x3f, 0x87, 
    0x3f, 0x87, 0x1f, 0x87, 0x3f, 0x87, 0x1f, 0x87, 0x1f, 0x7f, 0x1f, 0x7f, 
    0x1f, 0x7f, 0x1f, 0x87, 0x1e, 0x87, 0x1f, 0x87, 0x1f, 0x87, 0x1f, 0x87, 
    0xfe, 0x7e, 0x1f, 0x87, 0xff, 0x86, 0x1f, 0x87, 0x1f, 0x87, 0x1f, 0x87, 
    0x1f, 0x87, 0x1f, 0x87, 0x1f, 0x87, 0x1f, 0x87, 0x1f, 0x8f, 0x3f, 0x8f, 
    0x1f, 0x8f, 0x3f, 0x8f, 0x1f, 0x8f, 0x1f, 0x87, 0x1f, 0x87, 0x3f, 0x8f, 
    0x3f, 0x87, 0x3f, 0x87, 0x3f, 0x8f, 0x3f, 0x8f, 0x3f, 0x8f, 0x3f, 0x8f, 
    0x3f, 0x8f, 0x3f, 0x8f, 0x3f, 0x8f, 0x3f, 0x8f, 0x3f, 0x87, 0x3f, 0x87, 
    0x3f, 0x8f, 0x1f, 0x8f, 0x1f, 0x87, 0x1f, 0x87, 0x3f, 0x8f, 0x1f, 0x87, 
    0x3f, 0x87, 0x3f, 0x8f, 0x1f, 0x8f, 0x1f, 0x87, 0x1f, 0x87, 0x3f, 0x87, 
    0x1f, 0x8f, 0x3f, 0x8f, 0x3f, 0x8f, 0x1f, 0x8f, 0x1f, 0x8f, 0x1f, 0x8f, 
    0x1f, 0x8f, 0x1f, 0x8f, 0x1f, 0x87, 0x1f, 0x8f, 0x1f, 0x8f, 0x1f, 0x8f, 
    0x1f, 0x8f, 0x1e, 0x8f, 0x1f, 0x8f, 0x1f, 0x8f, 0x1f, 0x8f, 0x1f, 0x8f, 
    0x1f, 0x8f, 0x1f, 0x8f, 0x1f, 0x8f, 0x1f, 0x8f, 0x1f, 0x8f, 0x1f, 0x8f, 
    0x1f, 0x8f, 0x1f, 0x8f, 0x3f, 0x8f, 0x3e, 0x8f, 0x3e, 0x8f, 0x3f, 0x8f, 
    0x3f, 0x8f, 0x3f, 0x8f, 0x3f, 0x8f, 0x3f, 0x8f, 0x3f, 0x8f, 0x3f, 0x8f, 
    0x3f, 0x8f, 0x3f, 0x97, 0x3f, 0x8f, 0x3f, 0x97, 0x3f, 0x8f, 0x3f, 0x8f, 
    0x3f, 0x97, 0x3f, 0x97, 0x3f, 0x97, 0x3f, 0x97, 0x3f, 0x97, 0x3f, 0x97, 
    0x3f, 0x97, 0x3f, 0x97, 0x3f, 0x97, 0x3f, 0x97, 0x3f, 0x97, 0x3e, 0x97, 
    0x3f, 0x9f, 0x3e, 0x9f, 0x3f, 0x9f, 0x3f, 0x9f, 0x3e, 0x9f, 0x3f, 0x9f, 
    0x3e, 0x9f, 0x3f, 0xa7, 0x3e, 0xa7, 0x3e, 0xb7, 0xbd, 0xef, 0xfe, 0xf7, 
    0xfe, 0xf7, 0xfe, 0xf7, 0xfe, 0xff, 0xfe, 0xff, 0xfe, 0xff, 0xfe, 0xff, 
    0xfe, 0xff, 0xfe, 0xff, 0xff, 0xff, 0xfe, 0xff, 0xff, 0xff, 0xff, 0xff, 
    0xff, 0xff, 0xfe, 0xff, 0xfe, 0xff, 0xfe, 0xff, 0xfe, 0xff, 0xfe, 0xff, 
    0xfe, 0xff, 0xfe, 0xff, 0xfe, 0xff, 0xfe, 0xff, 0xfe, 0xff, 0xfe, 0xff, 
    0xfe, 0xff, 0xfe, 0xff, 0xfe, 0xff, 0xdd, 0xf7, 0xde, 0xf7, 0xde, 0xf7, 
    0xfe, 0x7e, 0xfe, 0x86, 0xfe, 0x86, 0xfe, 0x86, 0xfe, 0x86, 0xde, 0x86, 
    0xfe, 0x86, 0xfe, 0x86, 0xde, 0x8e, 0xde, 0x8e, 0xde, 0x8e, 0xde, 0x8e, 
    0xfe, 0x96, 0xde, 0x8e, 0xfe, 0x96, 0x1e, 0xaf, 0x1e, 0xb7, 0x1e, 0xb7, 
    0x1e, 0xbf, 0x1e, 0xbf, 0x3e, 0xc7, 0x3e, 0xc7, 0x3e, 0xc7, 0x3e, 0xc7, 
    0x3e, 0xc7, 0x3e, 0xc7, 0x3e, 0xc7, 0x5e, 0xc7, 0x5e, 0xc7, 0x3e, 0xc7, 
    0x3e, 0xc7, 0x3e, 0xbf, 0x3e, 0xbf, 0x1e, 0xaf, 0xfe, 0x96, 0xfe, 0x8e, 
    0xfe, 0x8e, 0xfe, 0x8e, 0xfe, 0x96, 0xfe, 0x96, 0xff, 0x96, 0xfe, 0x96, 
    0xfe, 0x96, 0x1e, 0x97, 0x1e, 0x8f, 0x1f, 0x8f, 0x1e, 0x87, 0x1e, 0x87, 
    0x1e, 0x87, 0x1e, 0x87, 0x1f, 0x87, 0x1f, 0x87, 0x1f, 0x7f, 0x1f, 0x7f, 
    0x1f, 0x87, 0x1f, 0x7f, 0x1f, 0x7f, 0x1f, 0x7f, 0x1f, 0x7f, 0x1e, 0x87, 
    0x1f, 0x87, 0x1e, 0x87, 0x1f, 0x87, 0x1e, 0x87, 0x1e, 0x87, 0x1f, 0x87, 
    0x1f, 0x87, 0x1f, 0x87, 0x1f, 0x87, 0x1f, 0x87, 0x3f, 0x87, 0x3f, 0x87, 
    0x3f, 0x87, 0x1f, 0x87, 0x1f, 0x87, 0x1f, 0x87, 0x1f, 0x87, 0x1f, 0x87, 
    0x1f, 0x87, 0x1f, 0x87, 0x1f, 0x87, 0x1f, 0x87, 0x1f, 0x87, 0x1f, 0x87, 
    0x1f, 0x7f, 0x1f, 0x87, 0x1f, 0x7f, 0x1f, 0x87, 0x3f, 0x87, 0x3f, 0x87, 
    0x3f, 0x87, 0x3f, 0x87, 0x1f, 0x87, 0x1f, 0x87, 0x1f, 0x7f, 0x1f, 0x87, 
    0x1f, 0x7f, 0x1f, 0x87, 0x1f, 0x87, 0x1f, 0x87, 0x1f, 0x87, 0x1e, 0x87, 
    0x1f, 0x87, 0x1f, 0x87, 0x1f, 0x87, 0x1f, 0x87, 0x1f, 0x87, 0x1f, 0x87, 
    0x1f, 0x87, 0x1f, 0x87, 0x1f, 0x87, 0x1f, 0x87, 0x3f, 0x8f, 0x1f, 0x8f, 
    0x3f, 0x8f, 0x3f, 0x8f, 0x3f, 0x8f, 0x1f, 0x87, 0x3f, 0x8f, 0x3f, 0x8f, 
    0x3f, 0x8f, 0x3f, 0x87, 0x3f, 0x8f, 0x3f, 0x8f, 0x3f, 0x8f, 0x3f, 0x8f, 
    0x3f, 0x8f, 0x3f, 0x8f, 0x3f, 0x8f, 0x3f, 0x8f, 0x1f, 0x8f, 0x3f, 0x8f, 
    0x1e, 0x8f, 0x3e, 0x8f, 0x1f, 0x8f, 0x3f, 0x8f, 0x3f, 0x8f, 0x3f, 0x8f, 
    0x3f, 0x8f, 0x1f, 0x87, 0x1f, 0x8f, 0x1f, 0x8f, 0x1f, 0x87, 0x3f, 0x8f, 
    0x3f, 0x8f, 0x3f, 0x8f, 0x3f, 0x8f, 0x3f, 0x8f, 0x1f, 0x8f, 0x1f, 0x8f, 
    0x1f, 0x8f, 0x1f, 0x8f, 0x1f, 0x8f, 0x1f, 0x8f, 0x1f, 0x8f, 0x1f, 0x8f, 
    0x1f, 0x8f, 0x1f, 0x8f, 0x1f, 0x8f, 0x1f, 0x8f, 0x1f, 0x8f, 0x1f, 0x8f, 
    0x1e, 0x8f, 0x1e, 0x8f, 0x1f, 0x8f, 0x1f, 0x8f, 0x1f, 0x8f, 0x1f, 0x8f, 
    0x1f, 0x8f, 0x1f, 0x8f, 0x1f, 0x8f, 0x3f, 0x8f, 0x3f, 0x8f, 0x3f, 0x8f, 
    0x3f, 0x8f, 0x3f, 0x8f, 0x3f, 0x8f, 0x3f, 0x8f, 0x3f, 0x97, 0x3f, 0x8f, 
    0x3f, 0x97, 0x3f, 0x97, 0x3f, 0x97, 0x3f, 0x97, 0x3f, 0x97, 0x3f, 0x97, 
    0x3f, 0x97, 0x3f, 0x97, 0x3f, 0x97, 0x3f, 0x97, 0x3f, 0x97, 0x3f, 0x97, 
    0x3e, 0x97, 0x3f, 0x9f, 0x3f, 0x97, 0x3f, 0x97, 0x3f, 0x9f, 0x3f, 0x9f, 
    0x3f, 0x9f, 0x3e, 0x9f, 0x3f, 0x9f, 0x3f, 0x9f, 0x3f, 0x9f, 0x3f, 0x9f, 
    0x3f, 0xa7, 0x3f, 0xa7, 0x3e, 0xa7, 0x3e, 0xb7, 0xbd, 0xef, 0xfe, 0xf7, 
    0xfe, 0xf7, 0xfe, 0xf7, 0xfe, 0xff, 0xfe, 0xff, 0xfe, 0xff, 0xfe, 0xff, 
    0xff, 0xff, 0xff, 0xff, 0xff, 0xff, 0xfe, 0xff, 0xfe, 0xff, 0xff, 0xff, 
    0xfe, 0xff, 0xff, 0xff, 0xfe, 0xff, 0xfe, 0xff, 0xfe, 0xff, 0xfe, 0xff, 
    0xfe, 0xf7, 0xfe, 0xff, 0xfe, 0xff, 0xfe, 0xff, 0xfe, 0xff, 0xfe, 0xff, 
    0xde, 0xf7, 0xde, 0xff, 0xdd, 0xf7, 0xfd, 0xff, 0xde, 0xf7, 0xdd, 0xf7, 
    0xfe, 0x86, 0xfe, 0x86, 0xfe, 0x86, 0xfe, 0x86, 0xfe, 0x86, 0xfe, 0x86, 
    0xfe, 0x86, 0xfe, 0x86, 0xfe, 0x86, 0xde, 0x86, 0xde, 0x86, 0xde, 0x86, 
    0xde, 0x86, 0xde, 0x86, 0xde, 0x86, 0xfe, 0x8e, 0xfe, 0x9e, 0xfe, 0xb6, 
    0x1e, 0xb7, 0x1e, 0xb7, 0x1e, 0xb7, 0x1e, 0xb7, 0x3e, 0xbf, 0x3e, 0xbf, 
    0x3e, 0xbf, 0x1e, 0xbf, 0x3e, 0xbf, 0x3e, 0xbf, 0x3f, 0xbf, 0x3e, 0xbf, 
    0x3e, 0xb7, 0x1e, 0xb7, 0xff, 0x9e, 0xfe, 0x8e, 0xfe, 0x8e, 0xfe, 0x8e, 
    0xfe, 0x8e, 0xfe, 0x86, 0xfe, 0x86, 0xde, 0x8e, 0xfe, 0x8e, 0xfe, 0x8e, 
    0xfe, 0x8e, 0xfe, 0x8e, 0xfe, 0x8e, 0xfe, 0x86, 0x1e, 0x87, 0xff, 0x86, 
    0x1e, 0x87, 0xff, 0x86, 0x1f, 0x87, 0x1f, 0x7f, 0x1f, 0x87, 0x1f, 0x87, 
    0x1f, 0x7f, 0x1f, 0x7f, 0x1f, 0x7f, 0x1f, 0x7f, 0x1f, 0x87, 0x1f, 0x7f, 
    0x1f, 0x87, 0x1e, 0x87, 0x1f, 0x87, 0x1e, 0x87, 0x1f, 0x87, 0x1f, 0x87, 
    0x1f, 0x87, 0x3f, 0x87, 0x1f, 0x87, 0x3f, 0x87, 0x1f, 0x87, 0x3f, 0x87, 
    0x3f, 0x87, 0x3f, 0x87, 0x3f, 0x87, 0x1f, 0x87, 0x1f, 0x87, 0x1f, 0x87, 
    0x1f, 0x87, 0x1f, 0x87, 0x1f, 0x87, 0x1f, 0x87, 0x1f, 0x87, 0x1f, 0x7f, 
    0x1f, 0x87, 0x1f, 0x87, 0x3f, 0x87, 0x3f, 0x87, 0x3f, 0x87, 0x3f, 0x87, 
    0x3f, 0x87, 0x3f, 0x87, 0x1f, 0x87, 0x1f, 0x87, 0x1f, 0x87, 0x1f, 0x87, 
    0x1f, 0x87, 0x1f, 0x87, 0x1f, 0x87, 0x1f, 0x87, 0x1f, 0x87, 0x1f, 0x87, 
    0x1f, 0x87, 0x1e, 0x87, 0x1e, 0x87, 0x1f, 0x87, 0x1f, 0x87, 0x1f, 0x87, 
    0x1f, 0x87, 0x1f, 0x8f, 0x1f, 0x8f, 0x3f, 0x8f, 0x1f, 0x8f, 0x3f, 0x8f, 
    0x3f, 0x8f, 0x3f, 0x8f, 0x3f, 0x8f, 0x1f, 0x8f, 0x3f, 0x8f, 0x1f, 0x87, 
    0x3f, 0x8f, 0x3f, 0x8f, 0x3f, 0x8f, 0x3f, 0x8f, 0x3f, 0x8f, 0x3f, 0x8f, 
    0x3f, 0x8f, 0x3f, 0x8f, 0x3f, 0x8f, 0x3e, 0x8f, 0x1f, 0x8f, 0x3f, 0x8f, 
    0x3f, 0x8f, 0x3e, 0x8f, 0x3f, 0x8f, 0x3f, 0x8f, 0x1f, 0x8f, 0x3f, 0x8f, 
    0x3f, 0x8f, 0x3f, 0x8f, 0x1f, 0x8f, 0x1f, 0x8f, 0x1f, 0x8f, 0x3f, 0x8f, 
    0x3f, 0x8f, 0x1f, 0x8f, 0x3f, 0x8f, 0x3f, 0x8f, 0x1f, 0x8f, 0x1f, 0x8f, 
    0x1f, 0x8f, 0x1f, 0x8f, 0x1f, 0x8f, 0x1f, 0x8f, 0x1f, 0x8f, 0x1f, 0x8f, 
    0x1f, 0x8f, 0x3f, 0x8f, 0x3f, 0x8f, 0x1f, 0x8f, 0x3f, 0x8f, 0x3f, 0x8f, 
    0x1f, 0x8f, 0x3f, 0x8f, 0x3f, 0x8f, 0x1e, 0x8f, 0x1f, 0x8f, 0x1f, 0x8f, 
    0x1f, 0x8f, 0x1f, 0x8f, 0x1f, 0x8f, 0x3f, 0x8f, 0x3f, 0x8f, 0x3f, 0x8f, 
    0x3f, 0x8f, 0x3f, 0x8f, 0x3f, 0x8f, 0x3f, 0x8f, 0x3f, 0x8f, 0x3f, 0x97, 
    0x3f, 0x97, 0x3f, 0x97, 0x3f, 0x97, 0x3f, 0x97, 0x3f, 0x97, 0x3f, 0x97, 
    0x3f, 0x97, 0x3f, 0x97, 0x5f, 0x9f, 0x3f, 0x9f, 0x5f, 0x9f, 0x3f, 0x9f, 
    0x3f, 0x9f, 0x3f, 0x9f, 0x3f, 0x9f, 0x3f, 0x9f, 0x3f, 0x9f, 0x3e, 0x9f, 
    0x3f, 0x9f, 0x3f, 0x9f, 0x5f, 0x9f, 0x3f, 0x9f, 0x3f, 0x9f, 0x3e, 0xa7, 
    0x3f, 0xa7, 0x3e, 0xa7, 0x5f, 0xaf, 0x7e, 0xc7, 0xbd, 0xef, 0xff, 0xf7, 
    0xfe, 0xf7, 0xde, 0xf7, 0xbd, 0xef, 0xfe, 0xff, 0xff, 0xff, 0xfe, 0xff, 
    0xfe, 0xff, 0xff, 0xff, 0xfe, 0xff, 0xff, 0xff, 0xfe, 0xff, 0xff, 0xff, 
    0xff, 0xff, 0xff, 0xff, 0xfe, 0xff, 0xff, 0xff, 0xfe, 0xff, 0xfe, 0xff, 
    0xfe, 0xf7, 0xfe, 0xf7, 0xfe, 0xf7, 0xfe, 0xf7, 0xfe, 0xf7, 0xde, 0xff, 
    0xde, 0xf7, 0xdd, 0xf7, 0xde, 0xf7, 0xde, 0xf7, 0xdd, 0xf7, 0xdd, 0xf7, 
    0xfe, 0x7e, 0xff, 0x86, 0xfe, 0x86, 0x1e, 0x87, 0xfe, 0x86, 0xfe, 0x86, 
    0xfe, 0x86, 0xfe, 0x86, 0xfe, 0x86, 0xfe, 0x86, 0xfe, 0x86, 0xfe, 0x86, 
    0xde, 0x86, 0xde, 0x86, 0xde, 0x86, 0xfe, 0x86, 0xde, 0x86, 0xde, 0x86, 
    0xfe, 0x96, 0xfe, 0xa6, 0xfe, 0xae, 0xfe, 0xae, 0xfe, 0xae, 0x1e, 0xb7, 
    0x1e, 0xb7, 0x1e, 0xb7, 0x1e, 0xb7, 0x1e, 0xb7, 0x1e, 0xaf, 0xfe, 0x96, 
    0xfe, 0x8e, 0xff, 0x8e, 0x1e, 0x8f, 0xfe, 0x8e, 0xfe, 0x86, 0xfe, 0x86, 
    0xfe, 0x8e, 0xfe, 0x86, 0xfe, 0x86, 0xfe, 0x8e, 0xff, 0x8e, 0xfe, 0x86, 
    0xfe, 0x86, 0xfe, 0x86, 0xfe, 0x86, 0xfe, 0x86, 0xff, 0x86, 0x1e, 0x87, 
    0xfe, 0x86, 0x1f, 0x87, 0x1e, 0x87, 0x1e, 0x87, 0x1f, 0x87, 0x1f, 0x7f, 
    0x1f, 0x87, 0x1f, 0x7f, 0x1f, 0x7f, 0x3f, 0x87, 0x3f, 0x87, 0x1f, 0x87, 
    0x1f, 0x87, 0x1f, 0x87, 0x1e, 0x87, 0x1e, 0x87, 0x1f, 0x87, 0x1f, 0x87, 
    0x1f, 0x87, 0x3f, 0x87, 0x3f, 0x87, 0x3f, 0x87, 0x1f, 0x87, 0x3f, 0x87, 
    0x3f, 0x87, 0x3f, 0x87, 0x1f, 0x87, 0x1f, 0x87, 0x1f, 0x87, 0x1f, 0x87, 
    0x1f, 0x87, 0x1f, 0x87, 0x1f, 0x87, 0x1f, 0x87, 0x1f, 0x87, 0x1f, 0x87, 
    0x1f, 0x87, 0x1f, 0x87, 0x1f, 0x87, 0x3f, 0x87, 0x3f, 0x87, 0x3f, 0x87, 
    0x3f, 0x87, 0x1f, 0x87, 0x1f, 0x87, 0x1e, 0x87, 0x1f, 0x87, 0x1f, 0x87, 
    0x1f, 0x87, 0x1f, 0x87, 0x1f, 0x87, 0x1f, 0x87, 0x1f, 0x87, 0x1f, 0x87, 
    0x1f, 0x87, 0x1f, 0x87, 0x1f, 0x87, 0x1f, 0x87, 0x1f, 0x87, 0x1f, 0x87, 
    0x1f, 0x87, 0x1f, 0x8f, 0x1f, 0x8f, 0x1f, 0x8f, 0x3f, 0x8f, 0x3f, 0x8f, 
    0x3f, 0x8f, 0x3f, 0x8f, 0x1f, 0x8f, 0x3f, 0x8f, 0x1f, 0x8f, 0x3f, 0x8f, 
    0x3f, 0x8f, 0x3f, 0x8f, 0x3f, 0x8f, 0x3f, 0x8f, 0x3f, 0x8f, 0x3f, 0x8f, 
    0x3f, 0x8f, 0x3f, 0x8f, 0x3f, 0x8f, 0x3f, 0x8f, 0x1f, 0x8f, 0x1f, 0x8f, 
    0x3f, 0x8f, 0x3f, 0x8f, 0x1e, 0x8f, 0x3f, 0x8f, 0x3f, 0x8f, 0x3f, 0x8f, 
    0x3f, 0x8f, 0x3f, 0x8f, 0x3f, 0x8f, 0x1f, 0x8f, 0x3f, 0x8f, 0x1f, 0x8f, 
    0x1f, 0x8f, 0x1f, 0x8f, 0x1f, 0x8f, 0x3f, 0x8f, 0x1f, 0x8f, 0x1f, 0x8f, 
    0x1f, 0x8f, 0x1f, 0x8f, 0x1f, 0x8f, 0x1f, 0x8f, 0x1f, 0x8f, 0x3f, 0x8f, 
    0x1f, 0x8f, 0x3f, 0x8f, 0x3f, 0x8f, 0x3f, 0x8f, 0x3f, 0x97, 0x1f, 0x8f, 
    0x1f, 0x8f, 0x3f, 0x8f, 0x1f, 0x8f, 0x1f, 0x8f, 0x3f, 0x8f, 0x1f, 0x8f, 
    0x1f, 0x8f, 0x3f, 0x8f, 0x3f, 0x8f, 0x3f, 0x8f, 0x1f, 0x8f, 0x3f, 0x8f, 
    0x3f, 0x8f, 0x3f, 0x8f, 0x3f, 0x8f, 0x3f, 0x8f, 0x3f, 0x8f, 0x3f, 0x97, 
    0x3f, 0x97, 0x3f, 0x97, 0x3f, 0x97, 0x3f, 0x97, 0x3f, 0x97, 0x3f, 0x97, 
    0x3f, 0x97, 0x5f, 0x9f, 0x3f, 0x9f, 0x5f, 0x9f, 0x5f, 0x9f, 0x3f, 0x9f, 
    0x5f, 0x9f, 0x3f, 0x9f, 0x5f, 0x9f, 0x5f, 0x9f, 0x5f, 0xa7, 0x5f, 0xa7, 
    0x5f, 0xa7, 0x5f, 0xa7, 0x5f, 0xa7, 0x5f, 0xa7, 0x3f, 0xa7, 0x5f, 0xa7, 
    0x5f, 0xaf, 0x5e, 0xb7, 0x7e, 0xcf, 0xde, 0xef, 0xfe, 0xf7, 0xff, 0xff, 
    0xde, 0xf7, 0xbe, 0xf7, 0xfe, 0xff, 0xfe, 0xff, 0xfe, 0xff, 0xfe, 0xff, 
    0xfe, 0xff, 0xfe, 0xff, 0xff, 0xff, 0xfe, 0xff, 0xfe, 0xff, 0xfe, 0xff, 
    0xff, 0xff, 0xfe, 0xff, 0xff, 0xff, 0xfe, 0xff, 0xfe, 0xff, 0xfe, 0xf7, 
    0xfe, 0xf7, 0xfe, 0xf7, 0xfe, 0xf7, 0xfe, 0xff, 0xde, 0xf7, 0xde, 0xf7, 
    0xdd, 0xf7, 0xdd, 0xf7, 0xdd, 0xf7, 0xde, 0xf7, 0xdd, 0xf7, 0xbe, 0xf7, 
    0x1f, 0x87, 0xff, 0x86, 0xfe, 0x86, 0xfe, 0x86, 0xfe, 0x86, 0xfe, 0x86, 
    0xfe, 0x86, 0x1e, 0x87, 0xfe, 0x86, 0xfe, 0x86, 0xfe, 0x86, 0xfe, 0x86, 
    0xde, 0x86, 0xfd, 0x86, 0xfe, 0x86, 0xde, 0x86, 0xde, 0x86, 0xde, 0x86, 
    0xfe, 0x86, 0xfe, 0x86, 0xfe, 0x86, 0xfe, 0x8e, 0xfe, 0x8e, 0xfe, 0x8e, 
    0xfe, 0x8e, 0xfe, 0x96, 0xfe, 0x8e, 0xfe, 0x8e, 0xfe, 0x8e, 0xff, 0x8e, 
    0xff, 0x8e, 0xfe, 0x8e, 0xff, 0x8e, 0xff, 0x8e, 0xfe, 0x8e, 0xfe, 0x86, 
    0xfe, 0x86, 0xfe, 0x86, 0xff, 0x8e, 0xfe, 0x86, 0xfe, 0x86, 0xfe, 0x86, 
    0xff, 0x86, 0xfe, 0x86, 0xfe, 0x86, 0xfe, 0x86, 0xfe, 0x86, 0xfe, 0x86, 
    0x1e, 0x87, 0x1e, 0x87, 0xff, 0x86, 0x1f, 0x87, 0x1f, 0x87, 0x1f, 0x87, 
    0x1f, 0x7f, 0x1f, 0x87, 0x1f, 0x7f, 0x1f, 0x87, 0x3f, 0x87, 0x3f, 0x87, 
    0x1f, 0x87, 0x1f, 0x87, 0x1e, 0x87, 0x1f, 0x87, 0x1f, 0x87, 0x1e, 0x87, 
    0x1f, 0x87, 0x1f, 0x87, 0x1f, 0x87, 0x3f, 0x87, 0x1f, 0x87, 0x1f, 0x87, 
    0x1f, 0x87, 0x3f, 0x87, 0x1f, 0x87, 0x1f, 0x87, 0x1f, 0x87, 0x1f, 0x87, 
    0x1f, 0x87, 0x1f, 0x87, 0x1f, 0x87, 0x1f, 0x87, 0x3f, 0x87, 0x1f, 0x87, 
    0x1f, 0x87, 0x1f, 0x87, 0x1f, 0x87, 0x1f, 0x87, 0x3f, 0x87, 0x3f, 0x87, 
    0x3f, 0x87, 0x3f, 0x87, 0x1f, 0x87, 0x1f, 0x87, 0x1f, 0x87, 0x1f, 0x87, 
    0x1f, 0x87, 0x1f, 0x87, 0x1f, 0x87, 0x1f, 0x87, 0x3f, 0x87, 0x3f, 0x8f, 
    0x3f, 0x8f, 0x3f, 0x87, 0x1f, 0x87, 0x1f, 0x87, 0x1f, 0x8f, 0x1f, 0x8f, 
    0x1f, 0x8f, 0x1f, 0x8f, 0x1f, 0x8f, 0x1f, 0x8f, 0x3f, 0x8f, 0x3f, 0x8f, 
    0x3f, 0x8f, 0x3f, 0x8f, 0x3f, 0x8f, 0x3f, 0x8f, 0x3f, 0x8f, 0x3f, 0x8f, 
    0x3f, 0x8f, 0x3f, 0x8f, 0x3f, 0x8f, 0x3f, 0x8f, 0x3f, 0x8f, 0x3f, 0x8f, 
    0x3f, 0x8f, 0x3f, 0x8f, 0x3f, 0x8f, 0x3f, 0x8f, 0x3f, 0x8f, 0x3f, 0x8f, 
    0x3f, 0x8f, 0x3f, 0x8f, 0x1f, 0x8f, 0x3f, 0x8f, 0x3f, 0x8f, 0x3f, 0x8f, 
    0x1f, 0x8f, 0x3f, 0x8f, 0x1f, 0x8f, 0x3f, 0x8f, 0x3f, 0x8f, 0x1f, 0x8f, 
    0x3f, 0x8f, 0x3f, 0x8f, 0x1f, 0x8f, 0x3f, 0x8f, 0x1f, 0x8f, 0x3f, 0x8f, 
    0x1f, 0x8f, 0x1f, 0x8f, 0x1f, 0x8f, 0x1f, 0x8f, 0x1f, 0x8f, 0x1f, 0x8f, 
    0x3f, 0x97, 0x3f, 0x97, 0x3f, 0x97, 0x3f, 0x97, 0x3f, 0x97, 0x3f, 0x97, 
    0x3f, 0x97, 0x3f, 0x97, 0x3f, 0x97, 0x3f, 0x8f, 0x1f, 0x8f, 0x1f, 0x8f, 
    0x1f, 0x8f, 0x3f, 0x97, 0x1f, 0x8f, 0x3f, 0x8f, 0x3f, 0x8f, 0x3f, 0x97, 
    0x3f, 0x8f, 0x3f, 0x8f, 0x3f, 0x8f, 0x3f, 0x8f, 0x3f, 0x97, 0x3f, 0x97, 
    0x3f, 0x97, 0x3f, 0x97, 0x3f, 0x97, 0x3f, 0x97, 0x3f, 0x97, 0x3f, 0x97, 
    0x3f, 0x9f, 0x3f, 0x9f, 0x5f, 0x9f, 0x3f, 0x9f, 0x3f, 0x9f, 0x5e, 0x9f, 
    0x5f, 0xa7, 0x5f, 0xa7, 0x5f, 0xa7, 0x5f, 0xa7, 0x5f, 0xa7, 0x5f, 0xa7, 
    0x5f, 0xa7, 0x5f, 0xa7, 0x5f, 0xaf, 0x5f, 0xaf, 0x5f, 0xaf, 0x5e, 0xb7, 
    0xbf, 0xe7, 0xfe, 0xf7, 0xfe, 0xff, 0xfe, 0xff, 0xfe, 0xff, 0xfe, 0xff, 
    0xfe, 0xff, 0xfe, 0xff, 0xfe, 0xff, 0xfe, 0xff, 0xfe, 0xff, 0xfe, 0xff, 
    0xfe, 0xff, 0xfe, 0xff, 0xfe, 0xff, 0xfe, 0xff, 0xfe, 0xff, 0xfe, 0xff, 
    0xfe, 0xff, 0xfe, 0xff, 0xfe, 0xff, 0xfe, 0xf7, 0xfe, 0xff, 0xde, 0xf7, 
    0xde, 0xf7, 0xde, 0xf7, 0xde, 0xf7, 0xde, 0xf7, 0xdd, 0xf7, 0xdd, 0xf7, 
    0xdd, 0xf7, 0xde, 0xf7, 0xdd, 0xf7, 0xde, 0xf7, 0xbe, 0xf7, 0x9c, 0xef, 
    0x1f, 0x87, 0x1f, 0x87, 0x1f, 0x87, 0x1e, 0x87, 0xfe, 0x86, 0x1e, 0x87, 
    0x1e, 0x87, 0x1e, 0x87, 0xfe, 0x86, 0xfe, 0x86, 0xfe, 0x86, 0xfe, 0x86, 
    0xfe, 0x86, 0xfe, 0x86, 0xfe, 0x86, 0xfe, 0x86, 0xfe, 0x86, 0xfe, 0x86, 
    0xfe, 0x86, 0xfe, 0x86, 0xfe, 0x86, 0xfe, 0x86, 0xfe, 0x86, 0xfe, 0x86, 
    0xfe, 0x86, 0xfe, 0x86, 0xfe, 0x86, 0xfe, 0x86, 0xfe, 0x86, 0xfe, 0x8e, 
    0xff, 0x8e, 0xfe, 0x86, 0xff, 0x86, 0xfe, 0x86, 0x1f, 0x87, 0xff, 0x86, 
    0x1f, 0x87, 0x1f, 0x87, 0x1f, 0x87, 0x1f, 0x87, 0x1f, 0x87, 0xff, 0x86, 
    0xfe, 0x86, 0xff, 0x86, 0xfe, 0x86, 0xff, 0x86, 0x1e, 0x87, 0x1f, 0x87, 
    0x1e, 0x87, 0x1f, 0x87, 0x1f, 0x87, 0x1f, 0x87, 0x1f, 0x87, 0x1f, 0x87, 
    0x1f, 0x87, 0x1f, 0x87, 0x1f, 0x87, 0x1f, 0x87, 0x1f, 0x87, 0x1f, 0x87, 
    0x1f, 0x87, 0x1f, 0x87, 0x1f, 0x87, 0x1e, 0x87, 0x1f, 0x87, 0x1f, 0x87, 
    0x1f, 0x87, 0x1f, 0x87, 0x1f, 0x87, 0x3f, 0x8f, 0x1f, 0x87, 0x1f, 0x87, 
    0x1f, 0x87, 0x1f, 0x87, 0x1f, 0x87, 0x1f, 0x87, 0x1f, 0x87, 0x1f, 0x87, 
    0x1e, 0x87, 0x1e, 0x87, 0x1f, 0x87, 0x1f, 0x87, 0x3f, 0x87, 0x3f, 0x87, 
    0x3f, 0x87, 0x1f, 0x87, 0x3f, 0x87, 0x3f, 0x87, 0x3f, 0x87, 0x3f, 0x87, 
    0x3f, 0x87, 0x3f, 0x87, 0x1f, 0x87, 0x1f, 0x87, 0x1f, 0x87, 0x1f, 0x87, 
    0x1f, 0x87, 0x3f, 0x87, 0x3f, 0x8f, 0x3f, 0x8f, 0x3f, 0x87, 0x3f, 0x8f, 
    0x3f, 0x8f, 0x3f, 0x8f, 0x1f, 0x8f, 0x1f, 0x8f, 0x1f, 0x8f, 0x1f, 0x8f, 
    0x1f, 0x8f, 0x3f, 0x8f, 0x3f, 0x8f, 0x1f, 0x8f, 0x3f, 0x8f, 0x3f, 0x8f, 
    0x3f, 0x8f, 0x3f, 0x8f, 0x3f, 0x8f, 0x3f, 0x8f, 0x3f, 0x8f, 0x3f, 0x8f, 
    0x3f, 0x8f, 0x3f, 0x8f, 0x3f, 0x8f, 0x3f, 0x8f, 0x3f, 0x8f, 0x3f, 0x8f, 
    0x3f, 0x8f, 0x3f, 0x8f, 0x3f, 0x8f, 0x3f, 0x8f, 0x3f, 0x8f, 0x3f, 0x8f, 
    0x3f, 0x8f, 0x3f, 0x8f, 0x3f, 0x8f, 0x3f, 0x8f, 0x3f, 0x8f, 0x3f, 0x8f, 
    0x3f, 0x8f, 0x3f, 0x8f, 0x3f, 0x8f, 0x1f, 0x8f, 0x1f, 0x8f, 0x1f, 0x8f, 
    0x1f, 0x8f, 0x1f, 0x8f, 0x1f, 0x8f, 0x1f, 0x8f, 0x1f, 0x8f, 0x1f, 0x8f, 
    0x1f, 0x8f, 0x1f, 0x8f, 0x1f, 0x8f, 0x1f, 0x8f, 0x1f, 0x8f, 0x1f, 0x97, 
    0x1f, 0x97, 0x3f, 0x97, 0x3f, 0x97, 0x3f, 0x97, 0x3f, 0x97, 0x3f, 0x97, 
    0x3f, 0x97, 0x3f, 0x97, 0x3f, 0x8f, 0x3f, 0x97, 0x3f, 0x97, 0x3f, 0x97, 
    0x3f, 0x97, 0x3f, 0x97, 0x3f, 0x8f, 0x3f, 0x8f, 0x3f, 0x8f, 0x3f, 0x97, 
    0x3f, 0x97, 0x3f, 0x97, 0x3f, 0x97, 0x3f, 0x97, 0x3f, 0x97, 0x3f, 0x97, 
    0x3f, 0x97, 0x3f, 0x97, 0x3f, 0x97, 0x3f, 0x97, 0x3f, 0x97, 0x3f, 0x97, 
    0x3f, 0x9f, 0x3f, 0x9f, 0x3f, 0x9f, 0x3f, 0x9f, 0x5f, 0xa7, 0x3f, 0xa7, 
    0x5f, 0xa7, 0x5f, 0xa7, 0x5f, 0xa7, 0x5f, 0xa7, 0x5f, 0xa7, 0x5f, 0xaf, 
    0x5f, 0xaf, 0x5f, 0xb7, 0x5f, 0xb7, 0x5f, 0xb7, 0x7e, 0xc7, 0xff, 0xff, 
    0xff, 0xff, 0xff, 0xff, 0xfe, 0xff, 0xfe, 0xff, 0xff, 0xff, 0xfe, 0xff, 
    0xfe, 0xff, 0xfe, 0xff, 0xfe, 0xf7, 0xfe, 0xf7, 0xfe, 0xf7, 0xfe, 0xf7, 
    0xfe, 0xf7, 0xfe, 0xf7, 0xfe, 0xf7, 0xfe, 0xff, 0xfe, 0xff, 0xfe, 0xff, 
    0xfe, 0xff, 0xfe, 0xff, 0xfe, 0xff, 0xde, 0xf7, 0xde, 0xf7, 0xde, 0xf7, 
    0xde, 0xf7, 0xde, 0xf7, 0xde, 0xf7, 0xde, 0xf7, 0xde, 0xf7, 0xde, 0xf7, 
    0xde, 0xf7, 0xde, 0xf7, 0xde, 0xf7, 0xde, 0xf7, 0x9d, 0xf7, 0x7c, 0xef, 
    0x1f, 0x87, 0x1f, 0x87, 0x1f, 0x87, 0x1f, 0x87, 0x1f, 0x87, 0x1f, 0x87, 
    0x1f, 0x87, 0x1f, 0x87, 0xff, 0x86, 0xfe, 0x86, 0xfe, 0x86, 0xfe, 0x86, 
    0xfe, 0x86, 0xfe, 0x86, 0xfe, 0x86, 0xfe, 0x7e, 0xfe, 0x7e, 0xfe, 0x86, 
    0xfe, 0x86, 0xfe, 0x86, 0xfe, 0x86, 0xff, 0x86, 0xfe, 0x86, 0xfe, 0x86, 
    0xfe, 0x86, 0xfe, 0x86, 0xfe, 0x86, 0xfe, 0x86, 0xfe, 0x86, 0xff, 0x86, 
    0xff, 0x86, 0xff, 0x86, 0xfe, 0x86, 0xff, 0x86, 0x1f, 0x8f, 0x1f, 0x8f, 
    0x1f, 0x8f, 0x1f, 0x8f, 0x1f, 0x87, 0x1f, 0x87, 0x1f, 0x87, 0x1f, 0x87, 
    0x1f, 0x87, 0x1e, 0x87, 0xff, 0x86, 0xfe, 0x86, 0x1f, 0x87, 0x1f, 0x87, 
    0x1f, 0x87, 0x1f, 0x87, 0x1f, 0x87, 0x1f, 0x87, 0x1f, 0x87, 0x1f, 0x87, 
    0x1f, 0x87, 0x1f, 0x87, 0x1f, 0x87, 0x1f, 0x87, 0x1e, 0x87, 0x1f, 0x87, 
    0x1f, 0x87, 0x1f, 0x87, 0x1f, 0x87, 0x1f, 0x87, 0x1e, 0x87, 0x1f, 0x87, 
    0x1e, 0x87, 0x1f, 0x87, 0x1f, 0x87, 0x1f, 0x87, 0x1f, 0x8f, 0x1f, 0x8f, 
    0x1f, 0x87, 0x1f, 0x87, 0x1f, 0x87, 0x1f, 0x8f, 0x1f, 0x87, 0x1f, 0x87, 
    0x1f, 0x87, 0x1f, 0x87, 0x1f, 0x8f, 0x3f, 0x8f, 0x3f, 0x87, 0x1f, 0x87, 
    0x1f, 0x87, 0x3f, 0x87, 0x3f, 0x8f, 0x1f, 0x87, 0x3f, 0x87, 0x3f, 0x87, 
    0x3f, 0x8f, 0x3f, 0x8f, 0x3f, 0x8f, 0x1f, 0x8f, 0x3f, 0x8f, 0x1f, 0x8f, 
    0x3f, 0x8f, 0x3f, 0x8f, 0x3f, 0x8f, 0x3f, 0x8f, 0x3f, 0x8f, 0x3f, 0x8f, 
    0x3f, 0x8f, 0x3f, 0x8f, 0x3f, 0x8f, 0x1f, 0x8f, 0x1f, 0x8f, 0x1f, 0x8f, 
    0x1f, 0x8f, 0x1f, 0x8f, 0x3f, 0x8f, 0x3f, 0x8f, 0x3f, 0x8f, 0x3f, 0x8f, 
    0x3f, 0x8f, 0x3f, 0x8f, 0x3f, 0x8f, 0x3f, 0x8f, 0x3f, 0x8f, 0x3f, 0x8f, 
    0x3f, 0x8f, 0x3f, 0x8f, 0x3f, 0x8f, 0x3f, 0x8f, 0x3f, 0x8f, 0x3f, 0x8f, 
    0x3f, 0x8f, 0x3f, 0x8f, 0x3f, 0x8f, 0x3f, 0x8f, 0x3f, 0x8f, 0x3f, 0x8f, 
    0x3f, 0x8f, 0x3f, 0x8f, 0x3f, 0x8f, 0x3f, 0x8f, 0x3f, 0x8f, 0x3f, 0x8f, 
    0x3f, 0x8f, 0x3f, 0x8f, 0x3f, 0x8f, 0x3f, 0x8f, 0x3f, 0x8f, 0x3f, 0x8f, 
    0x1f, 0x8f, 0x1f, 0x8f, 0x3f, 0x8f, 0x1f, 0x8f, 0x3f, 0x8f, 0x1f, 0x8f, 
    0x1f, 0x8f, 0x1f, 0x8f, 0x1f, 0x8f, 0x3f, 0x8f, 0x1f, 0x8f, 0x3f, 0x97, 
    0x1f, 0x97, 0x3f, 0x97, 0x3f, 0x97, 0x3f, 0x97, 0x3f, 0x97, 0x3f, 0x97, 
    0x3f, 0x97, 0x3f, 0x97, 0x3f, 0x97, 0x3f, 0x97, 0x3f, 0x97, 0x3f, 0x97, 
    0x3f, 0x97, 0x3f, 0x97, 0x3f, 0x97, 0x3f, 0x97, 0x3f, 0x97, 0x3f, 0x97, 
    0x3f, 0x97, 0x3f, 0x97, 0x3f, 0x97, 0x3f, 0x97, 0x3f, 0x97, 0x3f, 0x97, 
    0x3f, 0x97, 0x3f, 0x97, 0x3f, 0x97, 0x3f, 0x9f, 0x3f, 0x9f, 0x3f, 0x9f, 
    0x3f, 0x9f, 0x3f, 0x9f, 0x5f, 0x9f, 0x5f, 0xa7, 0x5e, 0xa7, 0x5e, 0xaf, 
    0x3f, 0xaf, 0x5e, 0xb7, 0x5e, 0xbf, 0x9e, 0xd7, 0xbe, 0xe7, 0xde, 0xef, 
    0xde, 0xef, 0xde, 0xf7, 0xde, 0xef, 0xde, 0xf7, 0xfe, 0xff, 0xff, 0xff, 
    0xff, 0xff, 0xfe, 0xff, 0xfe, 0xff, 0xff, 0xff, 0xfe, 0xff, 0xfe, 0xff, 
    0xfe, 0xff, 0xfe, 0xff, 0xfe, 0xf7, 0xfe, 0xf7, 0xde, 0xf7, 0xde, 0xf7, 
    0xde, 0xf7, 0xde, 0xf7, 0xdd, 0xf7, 0xde, 0xf7, 0xfe, 0xf7, 0xde, 0xff, 
    0xde, 0xff, 0xfe, 0xf7, 0xde, 0xf7, 0xde, 0xf7, 0xde, 0xf7, 0xdd, 0xf7, 
    0xde, 0xf7, 0xde, 0xf7, 0xde, 0xf7, 0xde, 0xf7, 0xde, 0xf7, 0xdd, 0xf7, 
    0xde, 0xf7, 0xde, 0xf7, 0xde, 0xf7, 0xbd, 0xf7, 0x7c, 0xef, 0x7d, 0xef, 
    0x1f, 0x87, 0x1f, 0x87, 0x1f, 0x87, 0x1f, 0x87, 0x1f, 0x87, 0x1f, 0x87, 
    0x1f, 0x87, 0x1f, 0x87, 0x1f, 0x87, 0xfe, 0x86, 0xfe, 0x86, 0xfe, 0x86, 
    0xfe, 0x86, 0xfe, 0x7e, 0xfe, 0x7e, 0xfe, 0x7e, 0xfe, 0x86, 0xfe, 0x86, 
    0xfe, 0x86, 0x1e, 0x87, 0xfe, 0x86, 0xfe, 0x86, 0xfe, 0x86, 0xfe, 0x86, 
    0xfe, 0x86, 0xfe, 0x86, 0xfe, 0x86, 0xff, 0x86, 0xff, 0x86, 0xfe, 0x86, 
    0xfe, 0x86, 0xfe, 0x86, 0xff, 0x86, 0x1e, 0x87, 0x1f, 0x87, 0x1f, 0x87, 
    0x1f, 0x8f, 0x1f, 0x8f, 0x1f, 0x8f, 0x1f, 0x8f, 0x1f, 0x8f, 0x1f, 0x87, 
    0x1f, 0x87, 0x1f, 0x87, 0x1f, 0x87, 0x1f, 0x87, 0x1f, 0x87, 0x1f, 0x87, 
    0x1f, 0x87, 0x1f, 0x87, 0x1f, 0x87, 0x1f, 0x87, 0x3f, 0x87, 0x1f, 0x87, 
    0x1f, 0x87, 0x1e, 0x87, 0x1e, 0x87, 0x1f, 0x87, 0x1f, 0x87, 0x1f, 0x87, 
    0x1f, 0x87, 0x1f, 0x87, 0x1f, 0x87, 0x1e, 0x87, 0x1f, 0x87, 0x1f, 0x87, 
    0x1f, 0x87, 0x1f, 0x87, 0x1f, 0x8f, 0x3f, 0x87, 0x3f, 0x8f, 0x1f, 0x8f, 
    0x1f, 0x87, 0x1f, 0x87, 0x1f, 0x87, 0x1f, 0x87, 0x1f, 0x8f, 0x1f, 0x87, 
    0x1f, 0x87, 0x1f, 0x8f, 0x1f, 0x8f, 0x1f, 0x8f, 0x3f, 0x87, 0x3f, 0x87, 
    0x3f, 0x8f, 0x3f, 0x87, 0x3f, 0x8f, 0x3f, 0x8f, 0x3f, 0x8f, 0x3f, 0x8f, 
    0x3f, 0x8f, 0x3f, 0x8f, 0x1f, 0x8f, 0x3f, 0x8f, 0x1f, 0x8f, 0x1f, 0x8f, 
    0x3f, 0x8f, 0x3f, 0x8f, 0x3f, 0x8f, 0x3f, 0x8f, 0x3f, 0x8f, 0x3f, 0x8f, 
    0x3f, 0x8f, 0x3f, 0x8f, 0x3f, 0x8f, 0x3f, 0x8f, 0x3f, 0x8f, 0x3f, 0x8f, 
    0x1f, 0x8f, 0x1f, 0x8f, 0x3f, 0x8f, 0x3f, 0x8f, 0x3f, 0x8f, 0x3f, 0x8f, 
    0x3f, 0x8f, 0x3f, 0x8f, 0x3f, 0x8f, 0x3f, 0x8f, 0x3f, 0x8f, 0x3f, 0x8f, 
    0x3f, 0x8f, 0x3f, 0x8f, 0x3f, 0x8f, 0x3f, 0x8f, 0x3f, 0x8f, 0x3f, 0x8f, 
    0x3f, 0x8f, 0x3f, 0x8f, 0x3f, 0x8f, 0x3f, 0x8f, 0x3f, 0x8f, 0x3f, 0x8f, 
    0x3f, 0x8f, 0x3f, 0x8f, 0x3f, 0x8f, 0x3f, 0x8f, 0x3f, 0x8f, 0x3f, 0x8f, 
    0x3f, 0x8f, 0x3f, 0x8f, 0x3f, 0x8f, 0x3f, 0x8f, 0x1f, 0x8f, 0x3f, 0x8f, 
    0x3f, 0x8f, 0x3f, 0x8f, 0x3f, 0x8f, 0x3f, 0x8f, 0x3f, 0x8f, 0x3f, 0x8f, 
    0x3f, 0x8f, 0x1f, 0x97, 0x3f, 0x97, 0x1f, 0x97, 0x3f, 0x8f, 0x3f, 0x97, 
    0x3f, 0x97, 0x3f, 0x97, 0x3f, 0x97, 0x3f, 0x97, 0x3f, 0x97, 0x3f, 0x97, 
    0x3f, 0x97, 0x3f, 0x97, 0x3f, 0x97, 0x3f, 0x97, 0x3f, 0x97, 0x3f, 0x97, 
    0x3f, 0x97, 0x3f, 0x97, 0x3f, 0x97, 0x3f, 0x97, 0x3f, 0x97, 0x3f, 0x97, 
    0x3f, 0x97, 0x3f, 0x97, 0x3f, 0x97, 0x3f, 0x97, 0x3f, 0x97, 0x3f, 0x97, 
    0x3f, 0x97, 0x3f, 0x97, 0x3f, 0x9f, 0x5f, 0x9f, 0x3f, 0x9f, 0x5f, 0x9f, 
    0x5f, 0x9f, 0x5f, 0xa7, 0x5f, 0xa7, 0x5f, 0xa7, 0x5f, 0xb7, 0x7e, 0xcf, 
    0x9e, 0xe7, 0xfe, 0xff, 0xfe, 0xff, 0xfe, 0xff, 0xfe, 0xff, 0xfe, 0xff, 
    0xfe, 0xff, 0xfe, 0xff, 0xfe, 0xff, 0xff, 0xff, 0xff, 0xff, 0xff, 0xff, 
    0xfe, 0xff, 0xff, 0xff, 0xff, 0xff, 0xfe, 0xff, 0xfe, 0xff, 0xfe, 0xff, 
    0xff, 0xff, 0xfe, 0xff, 0xfe, 0xff, 0xfe, 0xf7, 0xde, 0xf7, 0xde, 0xf7, 
    0xdd, 0xf7, 0xde, 0xf7, 0xde, 0xf7, 0xdd, 0xf7, 0xdd, 0xf7, 0xbd, 0xf7, 
    0x9c, 0xf7, 0xbd, 0xf7, 0xde, 0xf7, 0xde, 0xf7, 0xdd, 0xf7, 0xdd, 0xf7, 
    0xdd, 0xf7, 0xde, 0xf7, 0xde, 0xf7, 0xde, 0xf7, 0xbe, 0xf7, 0xbd, 0xf7, 
    0xbd, 0xf7, 0xbd, 0xf7, 0x9d, 0xf7, 0x7c, 0xef, 0x7d, 0xef, 0x7d, 0xe7, 
    0x1f, 0x87, 0x3f, 0x87, 0x3f, 0x87, 0x1f, 0x87, 0x1f, 0x87, 0x1f, 0x87, 
    0x1f, 0x87, 0x1f, 0x87, 0x1f, 0x87, 0xfe, 0x86, 0xfe, 0x86, 0xfe, 0x86, 
    0xfe, 0x86, 0xfe, 0x86, 0xfe, 0x7e, 0xfe, 0x7e, 0xfe, 0x7e, 0xfe, 0x86, 
    0x1e, 0x87, 0x1f, 0x87, 0xfe, 0x86, 0xfe, 0x86, 0xff, 0x86, 0xfe, 0x86, 
    0xff, 0x86, 0xfe, 0x86, 0xfe, 0x86, 0xfe, 0x86, 0xfe, 0x86, 0xfe, 0x86, 
    0xfe, 0x86, 0xfe, 0x86, 0x1e, 0x8f, 0x1f, 0x8f, 0x1f, 0x8f, 0x3f, 0x8f, 
    0x1f, 0x8f, 0x3f, 0x8f, 0x3f, 0x8f, 0x3f, 0x8f, 0x3f, 0x87, 0x1f, 0x87, 
    0x1f, 0x87, 0x1f, 0x87, 0x1f, 0x87, 0x1f, 0x87, 0x1e, 0x87, 0x1f, 0x87, 
    0x1f, 0x87, 0x1f, 0x87, 0x3f, 0x87, 0x1f, 0x87, 0x1f, 0x87, 0x1f, 0x87, 
    0x1f, 0x87, 0x1f, 0x87, 0x1f, 0x87, 0x1e, 0x87, 0x1f, 0x87, 0x1f, 0x87, 
    0x1f, 0x87, 0x1e, 0x87, 0x1f, 0x87, 0x1f, 0x87, 0x1f, 0x87, 0x1e, 0x87, 
    0x1e, 0x87, 0x1f, 0x8f, 0x1f, 0x8f, 0x3f, 0x8f, 0x1f, 0x8f, 0x1f, 0x8f, 
    0x1f, 0x8f, 0x1f, 0x87, 0x1f, 0x87, 0x1f, 0x87, 0x1e, 0x8f, 0x1f, 0x8f, 
    0x1f, 0x8f, 0x1f, 0x8f, 0x3f, 0x8f, 0x3f, 0x8f, 0x3f, 0x8f, 0x3f, 0x8f, 
    0x3f, 0x8f, 0x3f, 0x8f, 0x3f, 0x8f, 0x3f, 0x8f, 0x3f, 0x8f, 0x3f, 0x8f, 
    0x3f, 0x8f, 0x1f, 0x8f, 0x3f, 0x8f, 0x3f, 0x8f, 0x3f, 0x8f, 0x3f, 0x8f, 
    0x3f, 0x8f, 0x1f, 0x8f, 0x3f, 0x8f, 0x3f, 0x8f, 0x3f, 0x8f, 0x3f, 0x8f, 
    0x3f, 0x8f, 0x3f, 0x8f, 0x3f, 0x8f, 0x3f, 0x8f, 0x3f, 0x8f, 0x3f, 0x8f, 
    0x3f, 0x8f, 0x3f, 0x8f, 0x3f, 0x8f, 0x3f, 0x8f, 0x3f, 0x8f, 0x3f, 0x8f, 
    0x3f, 0x8f, 0x3f, 0x8f, 0x3f, 0x8f, 0x3f, 0x8f, 0x3f, 0x8f, 0x3f, 0x8f, 
    0x5f, 0x8f, 0x3f, 0x8f, 0x3f, 0x8f, 0x3f, 0x8f, 0x3f, 0x8f, 0x3f, 0x8f, 
    0x3f, 0x8f, 0x3f, 0x8f, 0x3f, 0x8f, 0x3f, 0x8f, 0x3f, 0x8f, 0x3f, 0x8f, 
    0x3f, 0x8f, 0x3f, 0x8f, 0x3f, 0x8f, 0x3f, 0x8f, 0x3f, 0x8f, 0x3f, 0x8f, 
    0x3f, 0x8f, 0x3f, 0x8f, 0x3f, 0x8f, 0x3f, 0x8f, 0x3f, 0x8f, 0x3f, 0x8f, 
    0x3f, 0x8f, 0x3f, 0x8f, 0x3f, 0x8f, 0x3f, 0x8f, 0x3f, 0x8f, 0x3f, 0x97, 
    0x3f, 0x97, 0x3f, 0x97, 0x3f, 0x97, 0x3f, 0x97, 0x3f, 0x97, 0x3f, 0x97, 
    0x3f, 0x97, 0x3f, 0x97, 0x3f, 0x97, 0x3f, 0x97, 0x3f, 0x97, 0x3f, 0x97, 
    0x3f, 0x97, 0x3f, 0x97, 0x3f, 0x97, 0x3f, 0x97, 0x3f, 0x97, 0x3f, 0x97, 
    0x3f, 0x97, 0x3f, 0x97, 0x3f, 0x97, 0x3f, 0x97, 0x3f, 0x97, 0x3f, 0x97, 
    0x3f, 0x97, 0x3f, 0x97, 0x3f, 0x97, 0x3f, 0x97, 0x3f, 0x97, 0x3f, 0x97, 
    0x3f, 0x97, 0x3f, 0x9f, 0x3f, 0x9f, 0x5f, 0x9f, 0x5f, 0x9f, 0x5f, 0xa7, 
    0x5f, 0xa7, 0x5f, 0xaf, 0x7f, 0xb7, 0x7e, 0xcf, 0xde, 0xef, 0xfe, 0xff, 
    0xfe, 0xff, 0xfe, 0xff, 0xfe, 0xff, 0xfe, 0xff, 0xfe, 0xff, 0xfe, 0xff, 
    0xfe, 0xff, 0xfe, 0xff, 0xfe, 0xff, 0xfe, 0xff, 0xff, 0xff, 0xff, 0xff, 
    0xff, 0xff, 0xff, 0xff, 0xff, 0xff, 0xff, 0xff, 0xfe, 0xff, 0xfe, 0xff, 
    0xfe, 0xff, 0xfe, 0xff, 0xfe, 0xff, 0xfe, 0xf7, 0xfe, 0xf7, 0xde, 0xf7, 
    0xdd, 0xf7, 0xde, 0xf7, 0xbd, 0xf7, 0x9c, 0xef, 0x9c, 0xf7, 0xbd, 0xf7, 
    0xde, 0xf7, 0xde, 0xf7, 0xdd, 0xf7, 0xbd, 0xf7, 0xbd, 0xf7, 0xbd, 0xf7, 
    0xdd, 0xf7, 0xbd, 0xf7, 0xbe, 0xf7, 0xbd, 0xf7, 0xbd, 0xf7, 0xbd, 0xf7, 
    0x9d, 0xef, 0x9d, 0xef, 0x7c, 0xef, 0x7c, 0xef, 0x7d, 0xe7, 0x7d, 0xe7, 
    0x3f, 0x87, 0x3f, 0x87, 0x1f, 0x87, 0x1f, 0x87, 0x1f, 0x87, 0x1f, 0x87, 
    0x1f, 0x87, 0x1e, 0x87, 0x1f, 0x87, 0xff, 0x86, 0x1e, 0x87, 0xff, 0x86, 
    0xfe, 0x86, 0xfe, 0x7e, 0xfe, 0x7e, 0xff, 0x7e, 0xfe, 0x7e, 0xfe, 0x86, 
    0x1e, 0x87, 0x1e, 0x87, 0x1f, 0x87, 0xff, 0x86, 0xfe, 0x86, 0xff, 0x86, 
    0xff, 0x86, 0xfe, 0x86, 0xff, 0x86, 0xfe, 0x86, 0xfe, 0x86, 0xfe, 0x86, 
    0xff, 0x86, 0x1f, 0x87, 0x1e, 0x87, 0x1f, 0x8f, 0x1e, 0x8f, 0x1f, 0x8f, 
    0x1f, 0x8f, 0x3f, 0x8f, 0x3f, 0x8f, 0x3f, 0x87, 0x3f, 0x87, 0x1f, 0x87, 
    0x1f, 0x87, 0x1f, 0x87, 0x1f, 0x87, 0x1f, 0x87, 0x1e, 0x87, 0x1e, 0x87, 
    0x1f, 0x87, 0x3f, 0x87, 0x1f, 0x87, 0x1f, 0x87, 0x3f, 0x87, 0x1f, 0x87, 
    0x1f, 0x87, 0x1f, 0x87, 0x1f, 0x87, 0x1e, 0x87, 0x1f, 0x87, 0x1f, 0x87, 
    0x1f, 0x87, 0x1e, 0x87, 0x1e, 0x87, 0x1f, 0x87, 0x1e, 0x87, 0x1f, 0x87, 
    0x1f, 0x87, 0x3e, 0x87, 0x1f, 0x8f, 0x1f, 0x8f, 0x1f, 0x8f, 0x1f, 0x8f, 
    0x1f, 0x8f, 0x1f, 0x8f, 0x1f, 0x87, 0x1f, 0x8f, 0x1f, 0x8f, 0x1f, 0x8f, 
    0x1f, 0x8f, 0x3f, 0x8f, 0x3f, 0x8f, 0x3f, 0x8f, 0x3f, 0x8f, 0x3f, 0x8f, 
    0x3f, 0x8f, 0x3f, 0x8f, 0x3f, 0x8f, 0x3f, 0x8f, 0x3f, 0x8f, 0x3f, 0x8f, 
    0x3f, 0x8f, 0x3f, 0x8f, 0x3f, 0x8f, 0x3f, 0x8f, 0x3f, 0x8f, 0x1f, 0x8f, 
    0x3f, 0x8f, 0x3f, 0x8f, 0x1f, 0x8f, 0x3f, 0x8f, 0x3f, 0x8f, 0x3f, 0x8f, 
    0x3f, 0x8f, 0x3f, 0x8f, 0x3f, 0x8f, 0x3f, 0x8f, 0x3f, 0x8f, 0x3f, 0x8f, 
    0x3f, 0x8f, 0x3f, 0x8f, 0x3f, 0x8f, 0x3f, 0x8f, 0x3f, 0x8f, 0x3f, 0x8f, 
    0x3f, 0x8f, 0x3f, 0x8f, 0x3f, 0x8f, 0x3f, 0x8f, 0x3f, 0x8f, 0x3f, 0x97, 
    0x3f, 0x8f, 0x3f, 0x8f, 0x3f, 0x8f, 0x3f, 0x8f, 0x3f, 0x8f, 0x3f, 0x97, 
    0x3f, 0x8f, 0x3f, 0x8f, 0x3f, 0x8f, 0x3f, 0x8f, 0x3f, 0x8f, 0x3f, 0x8f, 
    0x3f, 0x8f, 0x3f, 0x8f, 0x3f, 0x8f, 0x3f, 0x8f, 0x3f, 0x8f, 0x3f, 0x8f, 
    0x5f, 0x8f, 0x3f, 0x97, 0x3f, 0x8f, 0x3f, 0x8f, 0x3f, 0x8f, 0x3f, 0x8f, 
    0x3f, 0x8f, 0x3f, 0x8f, 0x3f, 0x8f, 0x3f, 0x97, 0x3f, 0x8f, 0x3f, 0x97, 
    0x3f, 0x97, 0x3f, 0x97, 0x3f, 0x97, 0x3e, 0x97, 0x1f, 0x97, 0x3f, 0x97, 
    0x3f, 0x97, 0x3f, 0x97, 0x3f, 0x97, 0x3f, 0x97, 0x3f, 0x97, 0x3f, 0x97, 
    0x3f, 0x97, 0x3f, 0x97, 0x3f, 0x97, 0x3f, 0x97, 0x3f, 0x97, 0x3f, 0x97, 
    0x3f, 0x97, 0x3f, 0x97, 0x3f, 0x97, 0x3f, 0x97, 0x3f, 0x97, 0x5f, 0x97, 
    0x3f, 0x97, 0x5f, 0x97, 0x3f, 0x97, 0x3f, 0x97, 0x3f, 0x97, 0x3f, 0x97, 
    0x3f, 0x97, 0x5f, 0x9f, 0x5f, 0x9f, 0x5f, 0x9f, 0x5f, 0xa7, 0x5f, 0xa7, 
    0x5f, 0xaf, 0x7f, 0xc7, 0xbe, 0xe7, 0xff, 0xff, 0xfe, 0xff, 0xfe, 0xff, 
    0xfe, 0xff, 0xde, 0xff, 0xfe, 0xf7, 0xfe, 0xff, 0xfe, 0xff, 0xfe, 0xff, 
    0xfe, 0xff, 0xfe, 0xff, 0xfe, 0xff, 0xfe, 0xff, 0xff, 0xff, 0xfe, 0xff, 
    0xff, 0xff, 0xfe, 0xff, 0xff, 0xff, 0xff, 0xff, 0xff, 0xff, 0xfe, 0xff, 
    0xfe, 0xff, 0xfe, 0xff, 0xfe, 0xff, 0xfe, 0xff, 0xfe, 0xf7, 0xfe, 0xf7, 
    0xde, 0xff, 0xbd, 0xf7, 0xbc, 0xf7, 0xde, 0xff, 0xfe, 0xf7, 0xde, 0xf7, 
    0xde, 0xf7, 0xbe, 0xf7, 0xbd, 0xf7, 0xbd, 0xf7, 0xbe, 0xf7, 0xbd, 0xf7, 
    0xbe, 0xf7, 0xbe, 0xf7, 0xbd, 0xf7, 0xbd, 0xf7, 0x9d, 0xef, 0x9d, 0xef, 
    0x9d, 0xef, 0x7c, 0xef, 0x7c, 0xef, 0x7d, 0xe7, 0x7e, 0xe7, 0x7d, 0xe7, 
    0x3f, 0x87, 0x3f, 0x87, 0x3f, 0x87, 0x1f, 0x87, 0x1f, 0x87, 0x1f, 0x87, 
    0x1f, 0x87, 0xff, 0x86, 0x1f, 0x87, 0x1f, 0x87, 0x1e, 0x87, 0x1f, 0x87, 
    0xff, 0x7e, 0x1f, 0x87, 0xff, 0x7e, 0xff, 0x86, 0xff, 0x86, 0xff, 0x7e, 
    0x1f, 0x87, 0xff, 0x86, 0xff, 0x86, 0xff, 0x86, 0xff, 0x7e, 0xfe, 0x86, 
    0x1f, 0x87, 0x1e, 0x87, 0xff, 0x86, 0xff, 0x86, 0xff, 0x86, 0xff, 0x86, 
    0x1f, 0x87, 0x1f, 0x8f, 0x1f, 0x8f, 0x1f, 0x8f, 0x1f, 0x8f, 0x1f, 0x8f, 
    0x1f, 0x8f, 0x3f, 0x8f, 0x3f, 0x8f, 0x9f, 0xaf, 0x3f, 0x8f, 0x3f, 0x87, 
    0x3f, 0x87, 0x3f, 0x87, 0x1f, 0x87, 0x1f, 0x8f, 0x1f, 0x87, 0x1f, 0x87, 
    0x1f, 0x87, 0x1f, 0x87, 0x1f, 0x87, 0x3f, 0x87, 0x1f, 0x87, 0x3f, 0x87, 
    0x3f, 0x87, 0x1f, 0x87, 0x1f, 0x87, 0x1f, 0x87, 0x1f, 0x87, 0x1f, 0x87, 
    0x1f, 0x87, 0x1f, 0x87, 0x1f, 0x87, 0x1f, 0x87, 0x1f, 0x87, 0x1f, 0x87, 
    0x3f, 0x8f, 0x1f, 0x8f, 0x3f, 0x8f, 0x1f, 0x8f, 0x1f, 0x8f, 0x1f, 0x8f, 
    0x1f, 0x8f, 0x1f, 0x8f, 0x1f, 0x8f, 0x1f, 0x8f, 0x1f, 0x8f, 0x1f, 0x8f, 
    0x3f, 0x8f, 0x3f, 0x8f, 0x3f, 0x8f, 0x3f, 0x8f, 0x1f, 0x8f, 0x1f, 0x8f, 
    0x3f, 0x8f, 0x3f, 0x8f, 0x3f, 0x8f, 0x3f, 0x8f, 0x1f, 0x8f, 0x3f, 0x8f, 
    0x3f, 0x8f, 0x3f, 0x8f, 0x1f, 0x8f, 0x1f, 0x8f, 0x3f, 0x8f, 0x3f, 0x8f, 
    0x3f, 0x8f, 0x3f, 0x8f, 0x3f, 0x8f, 0x3f, 0x8f, 0x3f, 0x8f, 0x3f, 0x8f, 
    0x3f, 0x8f, 0x3f, 0x8f, 0x3f, 0x8f, 0x3f, 0x8f, 0x3f, 0x8f, 0x3f, 0x8f, 
    0x3f, 0x8f, 0x3f, 0x8f, 0x3f, 0x97, 0x3f, 0x97, 0x3f, 0x8f, 0x3f, 0x97, 
    0x3f, 0x8f, 0x3f, 0x97, 0x3f, 0x97, 0x3f, 0x8f, 0x3f, 0x8f, 0x3f, 0x97, 
    0x3f, 0x97, 0x3f, 0x8f, 0x3f, 0x8f, 0x3f, 0x8f, 0x3f, 0x8f, 0x3f, 0x8f, 
    0x3f, 0x8f, 0x3f, 0x8f, 0x3f, 0x8f, 0x3f, 0x8f, 0x3f, 0x8f, 0x3f, 0x8f, 
    0x3f, 0x8f, 0x3f, 0x8f, 0x3f, 0x97, 0x3f, 0x8f, 0x3f, 0x97, 0x3f, 0x97, 
    0x3f, 0x8f, 0x3f, 0x97, 0x3f, 0x8f, 0x3f, 0x8f, 0x3f, 0x8f, 0x3f, 0x8f, 
    0x3f, 0x8f, 0x3f, 0x8f, 0x3f, 0x8f, 0x3f, 0x8f, 0x3f, 0x97, 0x3f, 0x97, 
    0x3f, 0x97, 0x3f, 0x97, 0x3f, 0x97, 0x3f, 0x97, 0x3f, 0x97, 0x3f, 0x97, 
    0x3f, 0x97, 0x3f, 0x97, 0x3f, 0x97, 0x3f, 0x97, 0x3f, 0x97, 0x3f, 0x97, 
    0x3f, 0x97, 0x3f, 0x97, 0x3f, 0x97, 0x3f, 0x97, 0x3f, 0x97, 0x3f, 0x97, 
    0x3f, 0x97, 0x5f, 0x97, 0x3f, 0x97, 0x3f, 0x97, 0x3f, 0x97, 0x3f, 0x97, 
    0x3f, 0x97, 0x3f, 0x97, 0x5f, 0x97, 0x3f, 0x9f, 0x3f, 0x9f, 0x3f, 0x9f, 
    0x3f, 0x9f, 0x5f, 0x9f, 0x5f, 0x9f, 0x5f, 0x9f, 0x5f, 0xa7, 0x5f, 0xa7, 
    0x7f, 0xc7, 0xfe, 0xf7, 0xfe, 0xf7, 0xfe, 0xf7, 0xde, 0xf7, 0xfe, 0xf7, 
    0xde, 0xf7, 0xfe, 0xf7, 0xfe, 0xff, 0xff, 0xff, 0xfe, 0xff, 0xff, 0xff, 
    0xff, 0xff, 0xfe, 0xff, 0xfe, 0xff, 0xfe, 0xff, 0xfe, 0xff, 0xfe, 0xff, 
    0xfe, 0xff, 0xfe, 0xff, 0xfe, 0xff, 0xff, 0xff, 0xff, 0xff, 0xfe, 0xff, 
    0xff, 0xff, 0xfe, 0xff, 0xfe, 0xff, 0xfe, 0xf7, 0xfe, 0xff, 0xde, 0xff, 
    0xdd, 0xf7, 0xdd, 0xf7, 0xfe, 0xff, 0xde, 0xf7, 0xde, 0xf7, 0xde, 0xf7, 
    0xbd, 0xf7, 0xbd, 0xf7, 0xbd, 0xf7, 0x9c, 0xf7, 0x7c, 0xef, 0x7c, 0xef, 
    0x7c, 0xef, 0x9c, 0xef, 0x7c, 0xef, 0x7c, 0xef, 0x7d, 0xef, 0x7d, 0xef, 
    0x7d, 0xef, 0x7d, 0xef, 0x7d, 0xe7, 0x7d, 0xe7, 0x7d, 0xe7, 0x7d, 0xe7, 
    0x3f, 0x8f, 0x1f, 0x8f, 0x3f, 0x8f, 0x3f, 0x87, 0x3f, 0x87, 0x1f, 0x87, 
    0x1f, 0x87, 0x1f, 0x87, 0x1f, 0x87, 0x1f, 0x87, 0x1f, 0x87, 0x1f, 0x87, 
    0x1f, 0x87, 0x1e, 0x7f, 0x1f, 0x87, 0xfe, 0x7e, 0xff, 0x86, 0xff, 0x86, 
    0x1e, 0x87, 0x1e, 0x87, 0x1f, 0x87, 0xfe, 0x86, 0xff, 0x86, 0xff, 0x86, 
    0x1f, 0x87, 0x1f, 0x87, 0x1e, 0x87, 0x1e, 0x87, 0x1e, 0x87, 0xff, 0x86, 
    0x1e, 0x8f, 0x1f, 0x87, 0x1f, 0x8f, 0x3f, 0x8f, 0x3f, 0x8f, 0x3f, 0x8f, 
    0x3f, 0x8f, 0x3f, 0x8f, 0x5f, 0x8f, 0x5f, 0x97, 0x3f, 0x8f, 0x3f, 0x87, 
    0x3f, 0x87, 0x3f, 0x8f, 0x1f, 0x8f, 0x3e, 0x87, 0x1f, 0x8f, 0x1f, 0x87, 
    0x3f, 0x8f, 0x3e, 0x8f, 0x3f, 0x87, 0x3f, 0x87, 0x1f, 0x87, 0x3f, 0x87, 
    0x3f, 0x87, 0x1f, 0x87, 0x3f, 0x87, 0x1f, 0x87, 0x3f, 0x87, 0x1f, 0x87, 
    0x1e, 0x87, 0x1f, 0x87, 0x1f, 0x87, 0x1e, 0x87, 0x1e, 0x87, 0x1f, 0x87, 
    0x1f, 0x87, 0x1f, 0x8f, 0x1f, 0x8f, 0x3f, 0x8f, 0x1f, 0x8f, 0x3f, 0x8f, 
    0x1f, 0x8f, 0x1f, 0x8f, 0x3f, 0x8f, 0x3f, 0x8f, 0x3f, 0x8f, 0x3f, 0x8f, 
    0x3f, 0x8f, 0x3f, 0x8f, 0x3f, 0x8f, 0x3f, 0x8f, 0x3f, 0x8f, 0x3f, 0x8f, 
    0x3e, 0x8f, 0x3f, 0x8f, 0x3f, 0x8f, 0x3f, 0x8f, 0x3f, 0x8f, 0x3f, 0x8f, 
    0x3f, 0x8f, 0x3f, 0x8f, 0x3f, 0x8f, 0x3f, 0x8f, 0x3f, 0x8f, 0x3f, 0x8f, 
    0x3f, 0x8f, 0x1f, 0x8f, 0x3f, 0x8f, 0x3f, 0x8f, 0x3f, 0x8f, 0x3f, 0x8f, 
    0x5e, 0x8f, 0x3f, 0x8f, 0x3f, 0x8f, 0x3f, 0x8f, 0x3f, 0x8f, 0x3f, 0x8f, 
    0x3f, 0x8f, 0x3f, 0x97, 0x3f, 0x97, 0x3f, 0x97, 0x3f, 0x97, 0x3f, 0x8f, 
    0x3f, 0x8f, 0x3f, 0x8f, 0x3f, 0x8f, 0x5f, 0x97, 0x3f, 0x97, 0x3f, 0x97, 
    0x3f, 0x97, 0x3f, 0x8f, 0x3f, 0x8f, 0x3f, 0x8f, 0x3f, 0x8f, 0x3f, 0x8f, 
    0x3f, 0x8f, 0x3f, 0x8f, 0x3f, 0x97, 0x3f, 0x97, 0x3f, 0x97, 0x3f, 0x8f, 
    0x3f, 0x97, 0x3f, 0x97, 0x3f, 0x97, 0x3f, 0x97, 0x3f, 0x97, 0x5f, 0x97, 
    0x5f, 0x97, 0x3f, 0x97, 0x3f, 0x97, 0x3f, 0x8f, 0x3f, 0x8f, 0x3f, 0x8f, 
    0x3f, 0x8f, 0x3f, 0x8f, 0x3f, 0x8f, 0x3f, 0x8f, 0x3f, 0x97, 0x3f, 0x97, 
    0x3f, 0x97, 0x3f, 0x97, 0x3f, 0x97, 0x3e, 0x97, 0x3f, 0x97, 0x3f, 0x97, 
    0x3f, 0x97, 0x3f, 0x97, 0x3e, 0x97, 0x3f, 0x97, 0x3f, 0x97, 0x3f, 0x97, 
    0x3f, 0x97, 0x3f, 0x97, 0x3f, 0x97, 0x3f, 0x97, 0x3f, 0x97, 0x3f, 0x97, 
    0x5f, 0x97, 0x3f, 0x97, 0x5f, 0x97, 0x5f, 0x9f, 0x5f, 0x97, 0x5f, 0x9f, 
    0x5f, 0x9f, 0x5f, 0x9f, 0x5f, 0x9f, 0x3f, 0x9f, 0x5f, 0x9f, 0x5f, 0x9f, 
    0x5f, 0x9f, 0x5f, 0x9f, 0x3f, 0x9f, 0x5f, 0x9f, 0x5f, 0xa7, 0x7e, 0xbf, 
    0xdf, 0xef, 0xfe, 0xf7, 0xfe, 0xf7, 0xfe, 0xf7, 0xfd, 0xf7, 0xdd, 0xf7, 
    0xde, 0xf7, 0xfe, 0xf7, 0xfe, 0xf7, 0xfe, 0xff, 0xfe, 0xff, 0xfe, 0xff, 
    0xfe, 0xf7, 0xff, 0xff, 0xfe, 0xff, 0xfe, 0xff, 0xfe, 0xff, 0xfe, 0xff, 
    0xfe, 0xff, 0xfe, 0xff, 0xfe, 0xff, 0xff, 0xff, 0xfe, 0xff, 0xff, 0xff, 
    0xfe, 0xff, 0xfe, 0xff, 0xfe, 0xf7, 0xde, 0xff, 0xde, 0xf7, 0xde, 0xff, 
    0xde, 0xff, 0xfe, 0xf7, 0xde, 0xf7, 0xde, 0xf7, 0xde, 0xf7, 0xbe, 0xf7, 
    0x9d, 0xef, 0x7b, 0xef, 0x5b, 0xef, 0x7b, 0xef, 0x7c, 0xef, 0x7c, 0xe7, 
    0x7d, 0xe7, 0x7d, 0xe7, 0x7e, 0xe7, 0x7d, 0xe7, 0x7d, 0xe7, 0x7d, 0xe7, 
    0x7d, 0xe7, 0x7d, 0xe7, 0x7d, 0xe7, 0x7e, 0xe7, 0x7d, 0xe7, 0x7d, 0xef, 
    0x3f, 0x8f, 0x1f, 0x8f, 0x1f, 0x8f, 0x1f, 0x8f, 0x1f, 0x87, 0x3f, 0x87, 
    0x1f, 0x87, 0x1f, 0x87, 0x1f, 0x87, 0x1f, 0x87, 0x1f, 0x87, 0x1f, 0x87, 
    0x1f, 0x87, 0x1f, 0x87, 0x1f, 0x87, 0xff, 0x86, 0x1f, 0x87, 0xfe, 0x86, 
    0xff, 0x86, 0xff, 0x86, 0x1e, 0x87, 0xfe, 0x86, 0x1e, 0x87, 0x1e, 0x87, 
    0x1f, 0x87, 0x1f, 0x87, 0x1f, 0x87, 0x1f, 0x87, 0x1f, 0x87, 0x1f, 0x87, 
    0x1f, 0x87, 0x1f, 0x8f, 0x3f, 0x8f, 0x1f, 0x8f, 0x1f, 0x8f, 0x3f, 0x8f, 
    0x3f, 0x8f, 0x3f, 0x8f, 0x3f, 0x8f, 0x3f, 0x8f, 0x3f, 0x8f, 0x1f, 0x8f, 
    0x1f, 0x8f, 0x3f, 0x8f, 0x1f, 0x8f, 0x3f, 0x8f, 0x1f, 0x8f, 0x1f, 0x8f, 
    0x1f, 0x87, 0x3f, 0x8f, 0x3f, 0x8f, 0x3f, 0x87, 0x3e, 0x87, 0x3f, 0x87, 
    0x3f, 0x87, 0x3f, 0x87, 0x3f, 0x87, 0x3f, 0x87, 0x3f, 0x87, 0x3f, 0x87, 
    0x1f, 0x87, 0x1f, 0x87, 0x3f, 0x87, 0x1f, 0x87, 0x1f, 0x87, 0x1f, 0x87, 
    0x1f, 0x87, 0x1e, 0x87, 0x3f, 0x8f, 0x1f, 0x8f, 0x1f, 0x8f, 0x1f, 0x8f, 
    0x1f, 0x8f, 0x3f, 0x8f, 0x1f, 0x8f, 0x1f, 0x8f, 0x3f, 0x8f, 0x3f, 0x8f, 
    0x3f, 0x8f, 0x3f, 0x8f, 0x3f, 0x8f, 0x3f, 0x8f, 0x3f, 0x8f, 0x3f, 0x8f, 
    0x1f, 0x8f, 0x3f, 0x87, 0x3f, 0x8f, 0x3f, 0x8f, 0x3f, 0x8f, 0x3f, 0x8f, 
    0x3f, 0x8f, 0x3f, 0x8f, 0x3f, 0x8f, 0x1f, 0x8f, 0x3f, 0x97, 0x3f, 0x97, 
    0x3f, 0x8f, 0x3e, 0x8f, 0x3f, 0x8f, 0x3f, 0x8f, 0x3f, 0x8f, 0x1f, 0x8f, 
    0x3f, 0x8f, 0x3f, 0x8f, 0x3f, 0x8f, 0x3f, 0x8f, 0x3f, 0x8f, 0x3f, 0x97, 
    0x3f, 0x97, 0x3f, 0x97, 0x3f, 0x97, 0x3f, 0x97, 0x3f, 0x97, 0x3f, 0x97, 
    0x3f, 0x8f, 0x3f, 0x8f, 0x3f, 0x97, 0x3f, 0x97, 0x3f, 0x97, 0x3f, 0x8f, 
    0x3f, 0x97, 0x3f, 0x8f, 0x3f, 0x97, 0x3f, 0x97, 0x3f, 0x8f, 0x3f, 0x97, 
    0x3f, 0x8f, 0x3f, 0x97, 0x3f, 0x97, 0x3f, 0x97, 0x3f, 0x97, 0x3f, 0x97, 
    0x3f, 0x97, 0x3f, 0x97, 0x3f, 0x97, 0x3f, 0x97, 0x3f, 0x97, 0x3f, 0x97, 
    0x3f, 0x97, 0x3f, 0x97, 0x3f, 0x97, 0x3e, 0x97, 0x3f, 0x97, 0x3f, 0x97, 
    0x3f, 0x8f, 0x3f, 0x97, 0x3f, 0x97, 0x5f, 0x97, 0x3f, 0x97, 0x3f, 0x97, 
    0x3f, 0x97, 0x3f, 0x97, 0x3f, 0x97, 0x3f, 0x97, 0x3f, 0x97, 0x3f, 0x97, 
    0x3e, 0x97, 0x3f, 0x97, 0x3f, 0x97, 0x3f, 0x97, 0x3f, 0x97, 0x3f, 0x97, 
    0x3f, 0x97, 0x3f, 0x97, 0x3f, 0x97, 0x5f, 0x97, 0x3f, 0x97, 0x3f, 0x97, 
    0x3f, 0x97, 0x3f, 0x9f, 0x5f, 0x97, 0x5f, 0x9f, 0x5f, 0x9f, 0x3f, 0x9f, 
    0x5f, 0x9f, 0x3f, 0x9f, 0x3f, 0x9f, 0x5f, 0x9f, 0x3f, 0x9f, 0x5f, 0x9f, 
    0x3f, 0x9f, 0x5f, 0x9f, 0x3f, 0x9f, 0x3f, 0x9f, 0x5f, 0xa7, 0x7e, 0xd7, 
    0xde, 0xf7, 0xdf, 0xf7, 0xdf, 0xf7, 0xde, 0xf7, 0xde, 0xf7, 0xde, 0xf7, 
    0xfe, 0xf7, 0xfe, 0xf7, 0xfe, 0xf7, 0xfe, 0xff, 0xff, 0xff, 0xff, 0xff, 
    0xfe, 0xf7, 0xfe, 0xff, 0xfe, 0xff, 0xfe, 0xff, 0xfe, 0xff, 0xfe, 0xff, 
    0xfe, 0xff, 0xff, 0xff, 0xfe, 0xff, 0xfe, 0xff, 0xfe, 0xff, 0xfe, 0xff, 
    0xfe, 0xf7, 0xde, 0xf7, 0xde, 0xf7, 0xdd, 0xf7, 0xde, 0xf7, 0xde, 0xf7, 
    0xde, 0xf7, 0xde, 0xf7, 0xbe, 0xf7, 0xbe, 0xf7, 0x9c, 0xef, 0x7b, 0xef, 
    0x7b, 0xef, 0x7c, 0xe7, 0x7d, 0xe7, 0x7d, 0xe7, 0x7e, 0xe7, 0x7e, 0xe7, 
    0x7e, 0xdf, 0x7e, 0xe7, 0x7d, 0xe7, 0x7d, 0xe7, 0x7e, 0xe7, 0x7e, 0xe7, 
    0x7e, 0xe7, 0x7e, 0xe7, 0x7e, 0xe7, 0x7e, 0xe7, 0x7d, 0xe7, 0x7d, 0xe7, 
    0x1f, 0x8f, 0x1f, 0x8f, 0x3f, 0x8f, 0x1f, 0x8f, 0x3f, 0x8f, 0x3f, 0x8f, 
    0x1f, 0x87, 0x1f, 0x8f, 0x1e, 0x87, 0x1e, 0x87, 0x1f, 0x87, 0x1f, 0x87, 
    0x1f, 0x87, 0x1f, 0x87, 0x1f, 0x87, 0xff, 0x86, 0x1f, 0x87, 0xff, 0x86, 
    0xff, 0x86, 0x1e, 0x87, 0x1e, 0x87, 0x1f, 0x87, 0x1f, 0x87, 0x1f, 0x87, 
    0x1f, 0x87, 0x1f, 0x87, 0x1f, 0x87, 0x1f, 0x87, 0x1f, 0x8f, 0x1f, 0x8f, 
    0x1f, 0x87, 0x1e, 0x8f, 0x3f, 0x8f, 0x1f, 0x8f, 0x3f, 0x8f, 0x3f, 0x8f, 
    0x3f, 0x8f, 0x3f, 0x8f, 0x3f, 0x8f, 0x3f, 0x8f, 0x3f, 0x8f, 0x3f, 0x87, 
    0x1f, 0x87, 0x1f, 0x8f, 0x1f, 0x8f, 0x1f, 0x8f, 0x3f, 0x87, 0x1f, 0x87, 
    0x3f, 0x8f, 0x3f, 0x8f, 0x3f, 0x87, 0x3f, 0x8f, 0x3f, 0x87, 0x3e, 0x87, 
    0x3f, 0x87, 0x3f, 0x87, 0x3f, 0x87, 0x3f, 0x87, 0x1f, 0x87, 0x1f, 0x87, 
    0x1f, 0x87, 0x1f, 0x87, 0x1f, 0x87, 0x1f, 0x87, 0x1e, 0x87, 0x1f, 0x87, 
    0x1f, 0x87, 0x1e, 0x8f, 0x1e, 0x8f, 0x1f, 0x8f, 0x3f, 0x8f, 0x1f, 0x8f, 
    0x3f, 0x8f, 0x1f, 0x8f, 0x1f, 0x8f, 0x1f, 0x8f, 0x3f, 0x8f, 0x3f, 0x8f, 
    0x3f, 0x8f, 0x3f, 0x8f, 0x3f, 0x8f, 0x3f, 0x8f, 0x3f, 0x8f, 0x3f, 0x8f, 
    0x1f, 0x8f, 0x3f, 0x8f, 0x3f, 0x8f, 0x3f, 0x8f, 0x3f, 0x8f, 0x3f, 0x8f, 
    0x3f, 0x8f, 0x3f, 0x8f, 0x3f, 0x8f, 0x3f, 0x8f, 0x3f, 0x8f, 0x3f, 0x8f, 
    0x3f, 0x8f, 0x3f, 0x8f, 0x3e, 0x8f, 0x3f, 0x8f, 0x3f, 0x8f, 0x1f, 0x8f, 
    0x3f, 0x8f, 0x3f, 0x8f, 0x3f, 0x8f, 0x3f, 0x8f, 0x3f, 0x8f, 0x3f, 0x8f, 
    0x3f, 0x97, 0x3f, 0x97, 0x3f, 0x8f, 0x3f, 0x97, 0x3f, 0x97, 0x3f, 0x97, 
    0x3f, 0x8f, 0x3f, 0x97, 0x3f, 0x97, 0x3f, 0x97, 0x3f, 0x97, 0x3f, 0x8f, 
    0x3f, 0x8f, 0x3f, 0x97, 0x3f, 0x8f, 0x3f, 0x8f, 0x3f, 0x97, 0x3f, 0x8f, 
    0x3f, 0x8f, 0x3f, 0x97, 0x3f, 0x8f, 0x3f, 0x97, 0x3f, 0x97, 0x3f, 0x97, 
    0x3f, 0x97, 0x3f, 0x97, 0x3f, 0x97, 0x5f, 0x97, 0x3f, 0x97, 0x3f, 0x97, 
    0x5f, 0x97, 0x3f, 0x97, 0x3f, 0x97, 0x5f, 0x97, 0x5f, 0x97, 0x3f, 0x97, 
    0x5f, 0x97, 0x3f, 0x97, 0x3f, 0x97, 0x3f, 0x97, 0x3f, 0x97, 0x3f, 0x97, 
    0x3f, 0x97, 0x3f, 0x97, 0x3f, 0x97, 0x3f, 0x97, 0x3f, 0x97, 0x3f, 0x97, 
    0x3f, 0x97, 0x3e, 0x97, 0x3f, 0x97, 0x3f, 0x97, 0x3f, 0x97, 0x3f, 0x97, 
    0x3f, 0x97, 0x3f, 0x97, 0x3f, 0x97, 0x3f, 0x97, 0x3f, 0x97, 0x3f, 0x97, 
    0x5f, 0x97, 0x5f, 0x9f, 0x3f, 0x9f, 0x5f, 0x9f, 0x5f, 0x9f, 0x5f, 0x9f, 
    0x5f, 0x9f, 0x3f, 0x9f, 0x5f, 0x9f, 0x5f, 0x9f, 0x5f, 0x9f, 0x5f, 0x9f, 
    0x5f, 0x9f, 0x5f, 0xa7, 0x5f, 0x9f, 0x5f, 0xa7, 0x3f, 0xaf, 0xbe, 0xe7, 
    0xde, 0xef, 0xde, 0xf7, 0xde, 0xf7, 0xfe, 0xf7, 0xde, 0xf7, 0xde, 0xf7, 
    0xde, 0xf7, 0xff, 0xf7, 0xfe, 0xf7, 0xfe, 0xf7, 0xfe, 0xf7, 0xfe, 0xf7, 
    0xfe, 0xff, 0xfe, 0xf7, 0xfe, 0xff, 0xfe, 0xf7, 0xfe, 0xff, 0xfe, 0xff, 
    0xfe, 0xff, 0xfe, 0xff, 0xfe, 0xff, 0xfe, 0xf7, 0xfe, 0xf7, 0xfe, 0xf7, 
    0xfe, 0xf7, 0xde, 0xf7, 0xdd, 0xf7, 0xde, 0xf7, 0xde, 0xf7, 0xde, 0xf7, 
    0xbd, 0xf7, 0xbd, 0xf7, 0xbe, 0xf7, 0x9d, 0xef, 0x7c, 0xef, 0x7d, 0xe7, 
    0x7d, 0xe7, 0x7e, 0xe7, 0x7d, 0xdf, 0x7e, 0xe7, 0x7e, 0xe7, 0x7d, 0xe7, 
    0x7e, 0xdf, 0x7e, 0xdf, 0x7e, 0xe7, 0x7e, 0xe7, 0x7e, 0xe7, 0x7e, 0xe7, 
    0x7e, 0xe7, 0x7d, 0xe7, 0x7e, 0xe7, 0x7e, 0xe7, 0x7e, 0xe7, 0x7d, 0xef, 
    0x3f, 0x8f, 0x3f, 0x8f, 0x3f, 0x8f, 0x3e, 0x8f, 0x1f, 0x8f, 0x1f, 0x8f, 
    0x3f, 0x8f, 0x1f, 0x8f, 0x1f, 0x8f, 0x1f, 0x8f, 0x1f, 0x87, 0x1f, 0x87, 
    0x1f, 0x87, 0x1f, 0x87, 0x1e, 0x87, 0x1f, 0x87, 0x1f, 0x87, 0x1f, 0x87, 
    0x1e, 0x87, 0x1f, 0x87, 0xfe, 0x86, 0x1e, 0x87, 0x1f, 0x87, 0x1f, 0x87, 
    0x1f, 0x87, 0x1f, 0x87, 0x1f, 0x8f, 0x1e, 0x8f, 0x1f, 0x8f, 0x1e, 0x8f, 
    0x1f, 0x8f, 0x1e, 0x8f, 0x1f, 0x8f, 0x3f, 0x8f, 0x3f, 0x8f, 0x3f, 0x8f, 
    0x3f, 0x8f, 0x3f, 0x8f, 0x3f, 0x8f, 0x3f, 0x8f, 0x3f, 0x8f, 0x3f, 0x8f, 
    0x3f, 0x8f, 0x1e, 0x8f, 0x3e, 0x87, 0x1f, 0x8f, 0x3f, 0x8f, 0x1f, 0x8f, 
    0x3e, 0x87, 0x3f, 0x87, 0x3f, 0x87, 0x3f, 0x8f, 0x3f, 0x8f, 0x1f, 0x8f, 
    0x3f, 0x8f, 0x3f, 0x87, 0x3f, 0x87, 0x3f, 0x87, 0x3f, 0x87, 0x3e, 0x87, 
    0x1f, 0x87, 0x1f, 0x87, 0x1e, 0x87, 0x1e, 0x87, 0x1f, 0x87, 0x1f, 0x87, 
    0x1f, 0x87, 0x1f, 0x87, 0x3f, 0x8f, 0x3f, 0x8f, 0x1f, 0x8f, 0x1e, 0x8f, 
    0x3f, 0x8f, 0x3f, 0x8f, 0x3f, 0x8f, 0x3f, 0x8f, 0x3f, 0x8f, 0x3f, 0x8f, 
    0x3f, 0x8f, 0x3f, 0x8f, 0x3f, 0x8f, 0x3f, 0x8f, 0x3f, 0x8f, 0x3f, 0x8f, 
    0x3f, 0x8f, 0x3f, 0x8f, 0x3f, 0x8f, 0x3f, 0x8f, 0x3f, 0x8f, 0x3f, 0x8f, 
    0x3f, 0x8f, 0x3f, 0x8f, 0x3f, 0x8f, 0x3f, 0x8f, 0x3f, 0x8f, 0x3f, 0x8f, 
    0x3f, 0x8f, 0x3f, 0x8f, 0x3f, 0x97, 0x3f, 0x8f, 0x3f, 0x8f, 0x3f, 0x8f, 
    0x3f, 0x8f, 0x3f, 0x8f, 0x3f, 0x8f, 0x3f, 0x8f, 0x3f, 0x8f, 0x3f, 0x8f, 
    0x3f, 0x97, 0x3f, 0x8f, 0x3f, 0x97, 0x3f, 0x8f, 0x3f, 0x8f, 0x3f, 0x97, 
    0x3f, 0x97, 0x3f, 0x97, 0x3f, 0x97, 0x3f, 0x97, 0x3e, 0x97, 0x3f, 0x97, 
    0x3f, 0x97, 0x3f, 0x97, 0x3f, 0x97, 0x3f, 0x97, 0x3f, 0x8f, 0x3f, 0x97, 
    0x3f, 0x97, 0x3f, 0x97, 0x3f, 0x97, 0x3f, 0x97, 0x3f, 0x97, 0x3f, 0x97, 
    0x3f, 0x97, 0x5f, 0x97, 0x3f, 0x97, 0x3f, 0x97, 0x3f, 0x97, 0x5f, 0x97, 
    0x3f, 0x97, 0x3f, 0x97, 0x5f, 0x97, 0x5f, 0x97, 0x5f, 0x97, 0x5f, 0x97, 
    0x5f, 0x97, 0x5f, 0x97, 0x5f, 0x97, 0x3f, 0x97, 0x3f, 0x97, 0x3f, 0x97, 
    0x3f, 0x97, 0x3f, 0x97, 0x3f, 0x97, 0x3f, 0x97, 0x3f, 0x97, 0x3f, 0x97, 
    0x3f, 0x97, 0x3f, 0x97, 0x3f, 0x97, 0x3f, 0x97, 0x3f, 0x97, 0x3f, 0x97, 
    0x3f, 0x97, 0x3f, 0x97, 0x3f, 0x97, 0x3f, 0x97, 0x3f, 0x97, 0x5f, 0x9f, 
    0x5f, 0x9f, 0x5f, 0x9f, 0x5f, 0x9f, 0x5f, 0x9f, 0x5f, 0x9f, 0x5f, 0x9f, 
    0x5f, 0x9f, 0x5f, 0x9f, 0x5f, 0x9f, 0x5f, 0x9f, 0x5f, 0x9f, 0x5f, 0x9f, 
    0x5f, 0x9f, 0x5f, 0xa7, 0x3f, 0xa7, 0x5f, 0xa7, 0x5f, 0xb7, 0xbd, 0xe7, 
    0xde, 0xef, 0xde, 0xf7, 0xde, 0xf7, 0xde, 0xf7, 0xdd, 0xf7, 0xde, 0xf7, 
    0xfe, 0xf7, 0xde, 0xf7, 0xde, 0xf7, 0xde, 0xf7, 0xfe, 0xf7, 0xde, 0xf7, 
    0xde, 0xf7, 0xde, 0xf7, 0xde, 0xf7, 0xde, 0xf7, 0xde, 0xf7, 0xfe, 0xff, 
    0xfe, 0xf7, 0xfe, 0xf7, 0xfe, 0xf7, 0xfe, 0xf7, 0xfe, 0xf7, 0xfe, 0xf7, 
    0xde, 0xf7, 0xdd, 0xf7, 0xde, 0xf7, 0xdd, 0xf7, 0xbd, 0xf7, 0xbd, 0xf7, 
    0xbe, 0xf7, 0xbd, 0xef, 0x9d, 0xef, 0x7d, 0xef, 0x7d, 0xe7, 0x7e, 0xe7, 
    0x7d, 0xe7, 0x7e, 0xe7, 0x7e, 0xe7, 0x7e, 0xe7, 0x7d, 0xe7, 0x7e, 0xe7, 
    0x7e, 0xdf, 0x7d, 0xe7, 0x7e, 0xe7, 0x7e, 0xe7, 0x7e, 0xe7, 0x7e, 0xe7, 
    0x7e, 0xe7, 0x7d, 0xe7, 0x7e, 0xe7, 0x9d, 0xe7, 0x7d, 0xef, 0x7d, 0xef, 
    0x3f, 0x8f, 0x3f, 0x8f, 0x3f, 0x8f, 0x3f, 0x8f, 0x3f, 0x8f, 0x3f, 0x8f, 
    0x3f, 0x8f, 0x3f, 0x8f, 0x1f, 0x8f, 0x1f, 0x8f, 0x1f, 0x8f, 0x1f, 0x87, 
    0x1f, 0x87, 0x1f, 0x87, 0x1f, 0x87, 0x1e, 0x87, 0x1f, 0x87, 0x1e, 0x87, 
    0x1f, 0x87, 0x1f, 0x87, 0x1f, 0x87, 0x1e, 0x87, 0x1f, 0x87, 0x1f, 0x87, 
    0x1f, 0x8f, 0x1f, 0x8f, 0x1f, 0x8f, 0x1f, 0x8f, 0x1f, 0x87, 0x1f, 0x8f, 
    0x3e, 0x8f, 0x1f, 0x8f, 0x3f, 0x8f, 0x3f, 0x8f, 0x3f, 0x8f, 0x3f, 0x8f, 
    0x3f, 0x8f, 0x3f, 0x8f, 0x3f, 0x8f, 0x3f, 0x8f, 0x3f, 0x8f, 0x3f, 0x8f, 
    0x1f, 0x87, 0x1f, 0x87, 0x3f, 0x87, 0x3e, 0x87, 0x3f, 0x8f, 0x3f, 0x87, 
    0x3f, 0x8f, 0x3f, 0x8f, 0x3f, 0x8f, 0x3f, 0x8f, 0x3f, 0x8f, 0x1f, 0x8f, 
    0x3f, 0x8f, 0x3f, 0x8f, 0x3f, 0x8f, 0x3f, 0x87, 0x3f, 0x87, 0x1f, 0x87, 
    0x1f, 0x87, 0x1f, 0x87, 0x1f, 0x87, 0x1f, 0x87, 0x1f, 0x87, 0x3e, 0x87, 
    0x1e, 0x87, 0x3f, 0x8f, 0x1f, 0x8f, 0x3f, 0x8f, 0x3f, 0x8f, 0x1f, 0x8f, 
    0x1f, 0x8f, 0x1f, 0x8f, 0x3f, 0x8f, 0x3f, 0x8f, 0x3f, 0x8f, 0x3f, 0x8f, 
    0x3f, 0x8f, 0x3f, 0x8f, 0x3f, 0x8f, 0x3f, 0x8f, 0x3f, 0x8f, 0x3f, 0x8f, 
    0x3f, 0x8f, 0x3f, 0x8f, 0x3f, 0x8f, 0x3f, 0x8f, 0x3f, 0x8f, 0x3f, 0x8f, 
    0x3f, 0x8f, 0x3f, 0x8f, 0x3f, 0x8f, 0x3f, 0x8f, 0x3f, 0x8f, 0x3f, 0x8f, 
    0x3f, 0x97, 0x3f, 0x8f, 0x3f, 0x8f, 0x3f, 0x8f, 0x3f, 0x8f, 0x3f, 0x8f, 
    0x3f, 0x8f, 0x3f, 0x8f, 0x3f, 0x8f, 0x5f, 0x8f, 0x3f, 0x97, 0x3f, 0x97, 
    0x3f, 0x97, 0x3f, 0x97, 0x3f, 0x97, 0x5f, 0x97, 0x3f, 0x97, 0x3f, 0x97, 
    0x3f, 0x97, 0x3f, 0x97, 0x3f, 0x97, 0x3f, 0x97, 0x3f, 0x97, 0x3f, 0x97, 
    0x3f, 0x97, 0x3f, 0x97, 0x3f, 0x97, 0x3f, 0x97, 0x3f, 0x97, 0x3f, 0x97, 
    0x3f, 0x8f, 0x3f, 0x97, 0x3f, 0x97, 0x5f, 0x97, 0x3f, 0x97, 0x3f, 0x97, 
    0x3f, 0x97, 0x3f, 0x97, 0x3f, 0x97, 0x3f, 0x97, 0x3f, 0x97, 0x3f, 0x97, 
    0x3f, 0x97, 0x5f, 0x97, 0x5f, 0x97, 0x5f, 0x97, 0x5f, 0x97, 0x5f, 0x97, 
    0x5f, 0x97, 0x5f, 0x97, 0x5f, 0x97, 0x5f, 0x97, 0x5f, 0x97, 0x5f, 0x97, 
    0x3f, 0x97, 0x3f, 0x97, 0x3f, 0x97, 0x3f, 0x97, 0x3f, 0x97, 0x3f, 0x97, 
    0x3f, 0x97, 0x3f, 0x97, 0x3f, 0x97, 0x3f, 0x97, 0x3f, 0x97, 0x3f, 0x97, 
    0x3f, 0x97, 0x3f, 0x97, 0x3f, 0x97, 0x3f, 0x9f, 0x5f, 0x9f, 0x5f, 0x9f, 
    0x5f, 0x9f, 0x5f, 0x9f, 0x5f, 0x9f, 0x5f, 0x9f, 0x5f, 0x9f, 0x5f, 0x9f, 
    0x5f, 0x9f, 0x5f, 0x9f, 0x5f, 0x9f, 0x5f, 0xa7, 0x5f, 0xa7, 0x5f, 0xa7, 
    0x5f, 0xa7, 0x5f, 0xa7, 0x5f, 0xa7, 0x5f, 0xa7, 0x5f, 0xaf, 0x9d, 0xe7, 
    0xdd, 0xef, 0xde, 0xf7, 0xdd, 0xf7, 0xdd, 0xf7, 0xde, 0xf7, 0xde, 0xf7, 
    0xde, 0xf7, 0xdd, 0xf7, 0xde, 0xf7, 0xde, 0xf7, 0xde, 0xf7, 0xde, 0xf7, 
    0xde, 0xf7, 0xde, 0xf7, 0xde, 0xf7, 0xde, 0xf7, 0xbe, 0xf7, 0xbe, 0xef, 
    0xbe, 0xef, 0xbe, 0xef, 0xbe, 0xf7, 0xbd, 0xf7, 0xdd, 0xf7, 0xde, 0xf7, 
    0xde, 0xf7, 0xdd, 0xf7, 0xbd, 0xf7, 0xbd, 0xf7, 0xbd, 0xf7, 0xbd, 0xef, 
    0x9d, 0xef, 0x7d, 0xef, 0x7d, 0xef, 0x7d, 0xe7, 0x7d, 0xe7, 0x7e, 0xe7, 
    0x7d, 0xe7, 0x7d, 0xe7, 0x7e, 0xe7, 0x7d, 0xe7, 0x7e, 0xe7, 0x7e, 0xe7, 
    0x7d, 0xe7, 0x7d, 0xe7, 0x7e, 0xe7, 0x9e, 0xe7, 0x7e, 0xe7, 0x9d, 0xe7, 
    0x7e, 0xe7, 0x7d, 0xe7, 0x7d, 0xef, 0x7d, 0xef, 0x7d, 0xef, 0x7d, 0xef, 
    0x3f, 0x8f, 0x3f, 0x8f, 0x3f, 0x8f, 0x3f, 0x8f, 0x3f, 0x8f, 0x3f, 0x8f, 
    0x3f, 0x8f, 0x3f, 0x8f, 0x3f, 0x8f, 0x1f, 0x8f, 0x1f, 0x8f, 0x3f, 0x8f, 
    0x1f, 0x87, 0x1f, 0x87, 0x1f, 0x87, 0x1f, 0x87, 0x1f, 0x87, 0x1f, 0x87, 
    0x1f, 0x87, 0x1f, 0x87, 0x1f, 0x87, 0x1f, 0x87, 0x1f, 0x87, 0x1f, 0x87, 
    0x1f, 0x8f, 0x1f, 0x8f, 0x1f, 0x8f, 0x1f, 0x8f, 0x1f, 0x8f, 0x1f, 0x8f, 
    0x1e, 0x8f, 0x3f, 0x8f, 0x3f, 0x8f, 0x3f, 0x8f, 0x3f, 0x8f, 0x3f, 0x8f, 
    0x3f, 0x8f, 0x3f, 0x8f, 0x5f, 0x8f, 0x3f, 0x8f, 0x3f, 0x8f, 0x3f, 0x8f, 
    0x3f, 0x8f, 0x3f, 0x8f, 0x1f, 0x87, 0x3f, 0x8f, 0x3f, 0x8f, 0x3f, 0x8f, 
    0x3f, 0x8f, 0x3f, 0x8f, 0x3f, 0x8f, 0x3f, 0x8f, 0x3f, 0x8f, 0x3f, 0x8f, 
    0x1f, 0x87, 0x3f, 0x8f, 0x3f, 0x8f, 0x3f, 0x8f, 0x1f, 0x87, 0x1f, 0x87, 
    0x1f, 0x87, 0x1f, 0x87, 0x1f, 0x87, 0x1f, 0x87, 0x1f, 0x87, 0x1f, 0x87, 
    0x1f, 0x8f, 0x3f, 0x8f, 0x3f, 0x8f, 0x3f, 0x8f, 0x3f, 0x8f, 0x3f, 0x8f, 
    0x3f, 0x8f, 0x3f, 0x8f, 0x3f, 0x8f, 0x3f, 0x8f, 0x3f, 0x8f, 0x3f, 0x8f, 
    0x3f, 0x8f, 0x3f, 0x8f, 0x3f, 0x8f, 0x3f, 0x8f, 0x3f, 0x8f, 0x3f, 0x8f, 
    0x3f, 0x97, 0x3f, 0x8f, 0x3f, 0x8f, 0x3f, 0x8f, 0x3f, 0x8f, 0x3f, 0x8f, 
    0x3f, 0x8f, 0x3f, 0x8f, 0x3f, 0x8f, 0x3f, 0x8f, 0x3f, 0x8f, 0x3f, 0x97, 
    0x3f, 0x97, 0x3f, 0x97, 0x3f, 0x97, 0x3f, 0x8f, 0x3f, 0x97, 0x3f, 0x8f, 
    0x3f, 0x8f, 0x3f, 0x97, 0x3f, 0x8f, 0x5f, 0x97, 0x3f, 0x97, 0x3f, 0x97, 
    0x5f, 0x97, 0x3f, 0x8f, 0x3f, 0x8f, 0x3f, 0x97, 0x5f, 0x97, 0x3f, 0x97, 
    0x3f, 0x97, 0x3f, 0x97, 0x3f, 0x97, 0x3f, 0x97, 0x3f, 0x97, 0x3f, 0x97, 
    0x3f, 0x97, 0x3f, 0x97, 0x3f, 0x97, 0x3f, 0x97, 0x3f, 0x97, 0x3f, 0x97, 
    0x3f, 0x97, 0x3f, 0x97, 0x3f, 0x97, 0x3f, 0x97, 0x3f, 0x97, 0x3f, 0x97, 
    0x3f, 0x97, 0x3f, 0x97, 0x3f, 0x97, 0x5f, 0x97, 0x5f, 0x97, 0x5f, 0x97, 
    0x5f, 0x97, 0x5f, 0x97, 0x5f, 0x97, 0x5f, 0x97, 0x5f, 0x97, 0x5f, 0x97, 
    0x5f, 0x97, 0x5f, 0x97, 0x5f, 0x97, 0x5f, 0x9f, 0x5f, 0x9f, 0x5f, 0x9f, 
    0x3f, 0x97, 0x5f, 0x97, 0x3f, 0x97, 0x3f, 0x97, 0x3f, 0x97, 0x3f, 0x97, 
    0x3f, 0x9f, 0x3f, 0x9f, 0x3f, 0x9f, 0x3f, 0x9f, 0x3f, 0x9f, 0x3f, 0x97, 
    0x3f, 0x9f, 0x3f, 0x9f, 0x3f, 0x9f, 0x3f, 0x9f, 0x5f, 0x9f, 0x5f, 0x9f, 
    0x5f, 0x9f, 0x5f, 0x9f, 0x5f, 0x9f, 0x5f, 0x9f, 0x5f, 0x9f, 0x5f, 0x9f, 
    0x5f, 0x9f, 0x5f, 0x9f, 0x5f, 0x9f, 0x5f, 0x9f, 0x5f, 0xa7, 0x5f, 0xa7, 
    0x5f, 0xa7, 0x5f, 0xa7, 0x5f, 0xa7, 0x5f, 0xa7, 0x5f, 0xaf, 0x7e, 0xc7, 
    0x9d, 0xef, 0xbd, 0xf7, 0xbd, 0xf7, 0xbd, 0xef, 0x9d, 0xef, 0x9d, 0xef, 
    0x9e, 0xef, 0x9d, 0xef, 0x9d, 0xef, 0xbd, 0xef, 0x9d, 0xef, 0x9d, 0xef, 
    0x9d, 0xef, 0x9d, 0xef, 0x9d, 0xef, 0x9d, 0xef, 0x9e, 0xef, 0x9e, 0xef, 
    0xbe, 0xef, 0xbe, 0xef, 0xbe, 0xef, 0x9e, 0xef, 0xbd, 0xef, 0x9d, 0xef, 
    0xbd, 0xef, 0xbd, 0xef, 0xbd, 0xf7, 0x9c, 0xef, 0x9c, 0xef, 0x7c, 0xe7, 
    0x7c, 0xe7, 0x7d, 0xe7, 0x7d, 0xe7, 0x7d, 0xe7, 0x7d, 0xe7, 0x7d, 0xe7, 
    0x7e, 0xe7, 0x7e, 0xe7, 0x7e, 0xe7, 0x7d, 0xe7, 0x7e, 0xe7, 0x7e, 0xe7, 
    0x7d, 0xe7, 0x7e, 0xe7, 0x7e, 0xe7, 0x9e, 0xe7, 0x9e, 0xe7, 0x9e, 0xe7, 
    0x9e, 0xe7, 0x7e, 0xe7, 0x7e, 0xef, 0x7e, 0xef, 0x7d, 0xef, 0x7d, 0xe7, 
    0x3f, 0x8f, 0x3f, 0x8f, 0x3f, 0x8f, 0x3f, 0x8f, 0x3f, 0x8f, 0x3f, 0x8f, 
    0x3f, 0x8f, 0x3f, 0x8f, 0x3f, 0x8f, 0x3f, 0x8f, 0x3f, 0x8f, 0x3f, 0x8f, 
    0x3f, 0x8f, 0x3f, 0x8f, 0x1f, 0x8f, 0x1f, 0x87, 0x1f, 0x87, 0x1f, 0x87, 
    0x1f, 0x87, 0x1f, 0x87, 0x1f, 0x8f, 0x1f, 0x8f, 0x1f, 0x87, 0x3f, 0x8f, 
    0x3f, 0x8f, 0x3f, 0x8f, 0x3f, 0x8f, 0x3f, 0x8f, 0x3f, 0x8f, 0x3f, 0x8f, 
    0x3f, 0x8f, 0x3f, 0x8f, 0x3f, 0x8f, 0x3f, 0x8f, 0x3f, 0x8f, 0x3f, 0x8f, 
    0x3f, 0x8f, 0x3f, 0x8f, 0x3f, 0x8f, 0x3f, 0x8f, 0x3f, 0x8f, 0x3f, 0x8f, 
    0x3f, 0x8f, 0x3f, 0x8f, 0x3f, 0x8f, 0x3f, 0x8f, 0x3f, 0x8f, 0x3f, 0x8f, 
    0x3f, 0x8f, 0x3f, 0x8f, 0x3f, 0x8f, 0x3e, 0x87, 0x3f, 0x8f, 0x1f, 0x8f, 
    0x1e, 0x8f, 0x1f, 0x8f, 0x3f, 0x8f, 0x3f, 0x87, 0x3e, 0x87, 0x1e, 0x87, 
    0x1f, 0x87, 0x1e, 0x87, 0x1f, 0x87, 0x1f, 0x87, 0x1f, 0x87, 0x1e, 0x8f, 
    0x1e, 0x8f, 0x3f, 0x8f, 0x3f, 0x8f, 0x3f, 0x8f, 0x3f, 0x8f, 0x3f, 0x8f, 
    0x3f, 0x8f, 0x3f, 0x8f, 0x3f, 0x8f, 0x3f, 0x8f, 0x3f, 0x8f, 0x3f, 0x8f, 
    0x3f, 0x8f, 0x3f, 0x8f, 0x3f, 0x8f, 0x3f, 0x8f, 0x3f, 0x8f, 0x3f, 0x97, 
    0x3f, 0x8f, 0x3f, 0x8f, 0x3f, 0x97, 0x3f, 0x8f, 0x3f, 0x8f, 0x3f, 0x8f, 
    0x3f, 0x8f, 0x3f, 0x8f, 0x3f, 0x8f, 0x3f, 0x97, 0x3f, 0x97, 0x3f, 0x97, 
    0x3f, 0x97, 0x3f, 0x97, 0x3f, 0x97, 0x3f, 0x97, 0x3f, 0x97, 0x3f, 0x97, 
    0x5f, 0x97, 0x3f, 0x97, 0x3f, 0x97, 0x3f, 0x97, 0x3f, 0x97, 0x3f, 0x97, 
    0x3f, 0x97, 0x3f, 0x97, 0x5f, 0x97, 0x5f, 0x97, 0x3f, 0x97, 0x3f, 0x97, 
    0x3f, 0x97, 0x3f, 0x97, 0x3f, 0x97, 0x3f, 0x97, 0x3f, 0x97, 0x3f, 0x97, 
    0x3f, 0x97, 0x3f, 0x97, 0x3f, 0x97, 0x3f, 0x97, 0x3f, 0x97, 0x3f, 0x97, 
    0x3f, 0x97, 0x3f, 0x97, 0x3f, 0x97, 0x3f, 0x97, 0x3f, 0x97, 0x3f, 0x97, 
    0x5f, 0x97, 0x3f, 0x97, 0x5f, 0x97, 0x5f, 0x97, 0x5f, 0x97, 0x5f, 0x97, 
    0x5f, 0x97, 0x5f, 0x9f, 0x5f, 0x97, 0x5f, 0x97, 0x5f, 0x97, 0x5f, 0x9f, 
    0x5f, 0x9f, 0x5f, 0x9f, 0x5f, 0x9f, 0x5f, 0x9f, 0x5f, 0x9f, 0x5f, 0x9f, 
    0x5f, 0x9f, 0x5f, 0x9f, 0x5f, 0x9f, 0x3f, 0x9f, 0x3f, 0x9f, 0x3f, 0x9f, 
    0x5f, 0x9f, 0x3f, 0x9f, 0x5f, 0x9f, 0x3f, 0x9f, 0x3f, 0x9f, 0x3f, 0x9f, 
    0x5f, 0x9f, 0x3f, 0x9f, 0x5f, 0x9f, 0x5f, 0x9f, 0x5f, 0x9f, 0x5f, 0x9f, 
    0x5f, 0x9f, 0x5f, 0x9f, 0x5f, 0x9f, 0x5f, 0x9f, 0x5f, 0x9f, 0x5f, 0x9f, 
    0x5f, 0xa7, 0x5f, 0xa7, 0x5f, 0x9f, 0x5f, 0xa7, 0x5f, 0xa7, 0x5f, 0xa7, 
    0x5f, 0xa7, 0x5f, 0xaf, 0x5f, 0xaf, 0x5f, 0xaf, 0x5f, 0xaf, 0x7f, 0xaf, 
    0x7e, 0xc7, 0x9e, 0xe7, 0x9d, 0xe7, 0x7d, 0xe7, 0x7d, 0xe7, 0x7d, 0xe7, 
    0x7d, 0xe7, 0x7d, 0xe7, 0x7d, 0xe7, 0x7d, 0xe7, 0x7d, 0xe7, 0x7d, 0xe7, 
    0x7d, 0xe7, 0x7d, 0xe7, 0x7d, 0xe7, 0x7e, 0xe7, 0x9e, 0xe7, 0x9e, 0xe7, 
    0x9e, 0xe7, 0x9e, 0xe7, 0x9e, 0xe7, 0x9e, 0xe7, 0x9e, 0xe7, 0x9d, 0xe7, 
    0x9d, 0xe7, 0x9d, 0xe7, 0x9d, 0xe7, 0x7d, 0xe7, 0x7d, 0xe7, 0x7d, 0xe7, 
    0x7d, 0xe7, 0x7d, 0xdf, 0x7d, 0xdf, 0x7e, 0xdf, 0x7e, 0xdf, 0x7d, 0xdf, 
    0x7d, 0xdf, 0x7e, 0xe7, 0x7d, 0xdf, 0x7e, 0xdf, 0x7d, 0xe7, 0x7e, 0xe7, 
    0x7d, 0xe7, 0x7e, 0xe7, 0x7e, 0xe7, 0x9e, 0xe7, 0x9e, 0xe7, 0x9e, 0xe7, 
    0x9e, 0xe7, 0x9e, 0xe7, 0x9e, 0xe7, 0x7d, 0xe7, 0x7d, 0xe7, 0x7d, 0xe7, 
    0x3f, 0x97, 0x3f, 0x97, 0x3f, 0x8f, 0x3f, 0x8f, 0x3f, 0x8f, 0x3f, 0x8f, 
    0x3f, 0x8f, 0x3f, 0x8f, 0x3f, 0x8f, 0x3f, 0x8f, 0x3f, 0x8f, 0x3f, 0x8f, 
    0x3f, 0x8f, 0x1f, 0x8f, 0x1f, 0x8f, 0x1f, 0x8f, 0x3f, 0x8f, 0x3f, 0x8f, 
    0x3f, 0x8f, 0x1f, 0x8f, 0x1f, 0x8f, 0x3f, 0x8f, 0x3f, 0x8f, 0x3f, 0x8f, 
    0x3f, 0x8f, 0x3f, 0x8f, 0x3f, 0x8f, 0x3f, 0x8f, 0x3f, 0x8f, 0x3f, 0x8f, 
    0x3f, 0x8f, 0x3f, 0x8f, 0x3f, 0x8f, 0x3f, 0x8f, 0x3f, 0x8f, 0x3f, 0x8f, 
    0x3f, 0x8f, 0x3f, 0x8f, 0x3f, 0x97, 0x3f, 0x8f, 0x3f, 0x97, 0x3f, 0x8f, 
    0x3f, 0x8f, 0x3f, 0x8f, 0x3f, 0x8f, 0x3f, 0x8f, 0x3f, 0x8f, 0x3f, 0x8f, 
    0x3f, 0x8f, 0x3f, 0x8f, 0x3f, 0x8f, 0x3f, 0x8f, 0x1f, 0x8f, 0x1f, 0x8f, 
    0x1f, 0x8f, 0x3f, 0x8f, 0x3f, 0x8f, 0x1f, 0x87, 0x1f, 0x87, 0x1e, 0x87, 
    0x1f, 0x87, 0x1e, 0x87, 0x1f, 0x8f, 0x1e, 0x8f, 0x1f, 0x8f, 0x1f, 0x8f, 
    0x3f, 0x8f, 0x3f, 0x8f, 0x3f, 0x8f, 0x3f, 0x8f, 0x3f, 0x8f, 0x3f, 0x8f, 
    0x3f, 0x8f, 0x3f, 0x8f, 0x3f, 0x8f, 0x3f, 0x8f, 0x3f, 0x8f, 0x3f, 0x8f, 
    0x3f, 0x97, 0x3f, 0x8f, 0x3f, 0x8f, 0x3f, 0x97, 0x3f, 0x97, 0x3f, 0x97, 
    0x3f, 0x97, 0x3f, 0x97, 0x3f, 0x97, 0x3f, 0x8f, 0x3f, 0x8f, 0x3f, 0x8f, 
    0x3f, 0x97, 0x3f, 0x97, 0x3f, 0x8f, 0x3f, 0x8f, 0x3f, 0x8f, 0x3f, 0x97, 
    0x3f, 0x97, 0x3f, 0x97, 0x3f, 0x97, 0x3f, 0x97, 0x3f, 0x97, 0x3f, 0x97, 
    0x5f, 0x97, 0x3f, 0x97, 0x5f, 0x97, 0x5f, 0x97, 0x3f, 0x97, 0x3f, 0x97, 
    0x3f, 0x97, 0x3f, 0x97, 0x5f, 0x97, 0x5f, 0x97, 0x3f, 0x97, 0x3f, 0x97, 
    0x3f, 0x97, 0x3f, 0x97, 0x3f, 0x97, 0x3f, 0x97, 0x3f, 0x97, 0x3f, 0x97, 
    0x3f, 0x97, 0x3f, 0x97, 0x3f, 0x97, 0x3f, 0x97, 0x3f, 0x97, 0x3f, 0x97, 
    0x3f, 0x97, 0x3f, 0x97, 0x3f, 0x97, 0x3f, 0x97, 0x3f, 0x97, 0x3f, 0x97, 
    0x3f, 0x97, 0x5f, 0x97, 0x5f, 0x97, 0x5f, 0x97, 0x5f, 0x97, 0x5f, 0x9f, 
    0x5f, 0x9f, 0x5f, 0x9f, 0x5f, 0x9f, 0x5f, 0x9f, 0x5f, 0x9f, 0x5f, 0x9f, 
    0x5f, 0x9f, 0x5f, 0x9f, 0x5f, 0x9f, 0x7f, 0x9f, 0x5f, 0x9f, 0x5f, 0x9f, 
    0x5f, 0x9f, 0x5f, 0x9f, 0x5f, 0x9f, 0x5f, 0x9f, 0x3f, 0x9f, 0x5f, 0x9f, 
    0x3f, 0x9f, 0x5f, 0x9f, 0x5f, 0x9f, 0x3f, 0x9f, 0x5f, 0x9f, 0x5f, 0x9f, 
    0x5f, 0x9f, 0x5f, 0x9f, 0x5f, 0x9f, 0x5f, 0x9f, 0x5f, 0x9f, 0x5f, 0x9f, 
    0x5f, 0x9f, 0x5f, 0x9f, 0x5f, 0x9f, 0x5f, 0xa7, 0x5f, 0xa7, 0x5f, 0xa7, 
    0x5f, 0xa7, 0x5f, 0xa7, 0x5f, 0xa7, 0x5f, 0xa7, 0x5f, 0xa7, 0x5f, 0xa7, 
    0x5f, 0xa7, 0x5f, 0xaf, 0x5f, 0xaf, 0x5f, 0xaf, 0x5f, 0xaf, 0x5f, 0xaf, 
    0x5f, 0xaf, 0x5f, 0xb7, 0x5e, 0xc7, 0x5d, 0xcf, 0x5d, 0xd7, 0x5d, 0xdf, 
    0x5d, 0xdf, 0x5d, 0xdf, 0x5d, 0xdf, 0x5d, 0xdf, 0x5d, 0xdf, 0x5d, 0xdf, 
    0x5d, 0xdf, 0x5d, 0xdf, 0x5d, 0xdf, 0x5e, 0xdf, 0x7e, 0xdf, 0x7e, 0xe7, 
    0x7e, 0xe7, 0x7e, 0xdf, 0x7e, 0xdf, 0x7e, 0xdf, 0x7e, 0xdf, 0x7d, 0xdf, 
    0x7d, 0xdf, 0x7d, 0xdf, 0x7d, 0xdf, 0x7e, 0xdf, 0x7e, 0xdf, 0x5e, 0xdf, 
    0x5d, 0xdf, 0x5d, 0xdf, 0x5d, 0xdf, 0x5d, 0xdf, 0x7d, 0xdf, 0x7e, 0xdf, 
    0x7e, 0xdf, 0x5e, 0xdf, 0x7d, 0xdf, 0x7e, 0xdf, 0x7e, 0xdf, 0x7e, 0xdf, 
    0x7e, 0xdf, 0x7e, 0xdf, 0x7e, 0xe7, 0x9e, 0xe7, 0x9e, 0xe7, 0x7e, 0xe7, 
    0x9e, 0xe7, 0x7e, 0xe7, 0x7e, 0xe7, 0x7d, 0xe7, 0x7e, 0xe7, 0x7d, 0xe7, 
    0x3f, 0x97, 0x3f, 0x97, 0x3f, 0x97, 0x3f, 0x8f, 0x3f, 0x97, 0x3f, 0x97, 
    0x3f, 0x8f, 0x3f, 0x97, 0x3f, 0x97, 0x3f, 0x8f, 0x3f, 0x8f, 0x3f, 0x8f, 
    0x1f, 0x8f, 0x3f, 0x8f, 0x1f, 0x8f, 0x3f, 0x8f, 0x1f, 0x8f, 0x3f, 0x8f, 
    0x3f, 0x8f, 0x3f, 0x8f, 0x3f, 0x8f, 0x3f, 0x8f, 0x3f, 0x8f, 0x3f, 0x8f, 
    0x3f, 0x8f, 0x3f, 0x8f, 0x3f, 0x8f, 0x3f, 0x8f, 0x3f, 0x8f, 0x3f, 0x8f, 
    0x3f, 0x97, 0x3f, 0x8f, 0x3f, 0x8f, 0x3f, 0x97, 0x3f, 0x8f, 0x3f, 0x8f, 
    0x3f, 0x97, 0x3f, 0x97, 0x3f, 0x97, 0x3f, 0x97, 0x3f, 0x8f, 0x3f, 0x8f, 
    0x3f, 0x8f, 0x3f, 0x8f, 0x3f, 0x8f, 0x3f, 0x8f, 0x3f, 0x8f, 0x3f, 0x8f, 
    0x3f, 0x8f, 0x3e, 0x8f, 0x1f, 0x8f, 0x1e, 0x8f, 0x1f, 0x8f, 0x1f, 0x8f, 
    0x3f, 0x8f, 0x3f, 0x8f, 0x3f, 0x8f, 0x1f, 0x8f, 0x3f, 0x8f, 0x1f, 0x8f, 
    0x1f, 0x8f, 0x1f, 0x8f, 0x1f, 0x8f, 0x1f, 0x8f, 0x1e, 0x8f, 0x1f, 0x8f, 
    0x3e, 0x8f, 0x3f, 0x8f, 0x3f, 0x8f, 0x3f, 0x8f, 0x3f, 0x8f, 0x3f, 0x8f, 
    0x3f, 0x8f, 0x3f, 0x97, 0x3f, 0x8f, 0x3f, 0x97, 0x3f, 0x97, 0x3f, 0x97, 
    0x3f, 0x97, 0x3f, 0x97, 0x3f, 0x97, 0x5f, 0x97, 0x3f, 0x97, 0x3f, 0x97, 
    0x3f, 0x97, 0x3f, 0x97, 0x3f, 0x97, 0x3f, 0x8f, 0x3f, 0x8f, 0x3f, 0x97, 
    0x3f, 0x97, 0x3f, 0x97, 0x3f, 0x97, 0x3f, 0x97, 0x3f, 0x8f, 0x3f, 0x97, 
    0x3f, 0x97, 0x3f, 0x97, 0x5f, 0x97, 0x3f, 0x97, 0x3f, 0x97, 0x5f, 0x97, 
    0x5e, 0x97, 0x5f, 0x97, 0x5f, 0x97, 0x5f, 0x97, 0x3f, 0x97, 0x3f, 0x97, 
    0x3f, 0x97, 0x3f, 0x97, 0x3f, 0x97, 0x3f, 0x97, 0x3f, 0x97, 0x5f, 0x97, 
    0x5f, 0x97, 0x3f, 0x97, 0x3f, 0x97, 0x3f, 0x97, 0x3f, 0x97, 0x3f, 0x97, 
    0x3f, 0x97, 0x3f, 0x97, 0x3f, 0x97, 0x3f, 0x97, 0x3f, 0x97, 0x3f, 0x97, 
    0x3f, 0x97, 0x3f, 0x97, 0x3f, 0x97, 0x3f, 0x97, 0x3f, 0x97, 0x3f, 0x97, 
    0x3f, 0x97, 0x3f, 0x97, 0x5f, 0x97, 0x5f, 0x9f, 0x5f, 0x9f, 0x5f, 0x9f, 
    0x5f, 0x9f, 0x5f, 0x9f, 0x5f, 0x9f, 0x5f, 0x9f, 0x5f, 0x9f, 0x5f, 0x9f, 
    0x5f, 0x9f, 0x5f, 0x9f, 0x5f, 0x9f, 0x5f, 0x9f, 0x5f, 0x9f, 0x5f, 0x9f, 
    0x5f, 0x9f, 0x5f, 0x9f, 0x5f, 0x9f, 0x5f, 0x9f, 0x5f, 0x9f, 0x5f, 0x9f, 
    0x5f, 0x9f, 0x5f, 0x9f, 0x5f, 0x9f, 0x5f, 0x9f, 0x5f, 0x9f, 0x5f, 0x9f, 
    0x5f, 0x9f, 0x5f, 0x9f, 0x5f, 0x9f, 0x5f, 0x9f, 0x5f, 0x9f, 0x5f, 0x9f, 
    0x5f, 0x9f, 0x5f, 0xa7, 0x5f, 0xa7, 0x5f, 0xa7, 0x5f, 0xa7, 0x5f, 0xa7, 
    0x5f, 0xa7, 0x5f, 0xa7, 0x5f, 0xa7, 0x5f, 0xa7, 0x5f, 0xa7, 0x7f, 0xa7, 
    0x5f, 0xa7, 0x5f, 0xaf, 0x5f, 0xaf, 0x5f, 0xaf, 0x5f, 0xaf, 0x5f, 0xaf, 
    0x5f, 0xaf, 0x5f, 0xaf, 0x5f, 0xb7, 0x5f, 0xb7, 0x5f, 0xb7, 0x5e, 0xbf, 
    0x3d, 0xc7, 0x3d, 0xcf, 0x3d, 0xcf, 0x1d, 0xcf, 0x3c, 0xcf, 0x3d, 0xd7, 
    0x3d, 0xd7, 0x3d, 0xd7, 0x5d, 0xd7, 0x5e, 0xd7, 0x5d, 0xd7, 0x5e, 0xd7, 
    0x5e, 0xd7, 0x5e, 0xcf, 0x7e, 0xd7, 0x7e, 0xd7, 0x7d, 0xdf, 0x5d, 0xdf, 
    0x5e, 0xdf, 0x5d, 0xdf, 0x5d, 0xdf, 0x5d, 0xdf, 0x5d, 0xdf, 0x5d, 0xdf, 
    0x5e, 0xdf, 0x7d, 0xdf, 0x7d, 0xdf, 0x5e, 0xdf, 0x5e, 0xdf, 0x5d, 0xdf, 
    0x5e, 0xdf, 0x5d, 0xd7, 0x5e, 0xd7, 0x7e, 0xd7, 0x7e, 0xd7, 0x7e, 0xdf, 
    0x7e, 0xdf, 0x7e, 0xdf, 0x7e, 0xdf, 0x7e, 0xe7, 0x7e, 0xe7, 0x7e, 0xe7, 
    0x9e, 0xe7, 0x7e, 0xe7, 0x7e, 0xe7, 0x7e, 0xe7, 0x7d, 0xe7, 0x7e, 0xe7, 
    0x3f, 0x97, 0x3f, 0x97, 0x3f, 0x97, 0x3f, 0x97, 0x3f, 0x97, 0x3f, 0x97, 
    0x3f, 0x97, 0x3f, 0x97, 0x3f, 0x97, 0x3f, 0x97, 0x3f, 0x97, 0x3f, 0x97, 
    0x3f, 0x8f, 0x3f, 0x8f, 0x3f, 0x8f, 0x3f, 0x8f, 0x3f, 0x8f, 0x3f, 0x8f, 
    0x3f, 0x8f, 0x3f, 0x8f, 0x3f, 0x8f, 0x3f, 0x97, 0x3f, 0x8f, 0x3f, 0x8f, 
    0x3f, 0x8f, 0x3f, 0x97, 0x3f, 0x97, 0x3f, 0x97, 0x3f, 0x8f, 0x3f, 0x8f, 
    0x3f, 0x97, 0x3f, 0x97, 0x3f, 0x97, 0x3f, 0x97, 0x3f, 0x97, 0x3f, 0x8f, 
    0x3f, 0x97, 0x3f, 0x97, 0x3f, 0x97, 0x3f, 0x97, 0x3f, 0x8f, 0x3f, 0x8f, 
    0x3f, 0x8f, 0x3f, 0x8f, 0x3f, 0x8f, 0x3f, 0x8f, 0x3f, 0x8f, 0x3f, 0x8f, 
    0x3e, 0x8f, 0x3f, 0x8f, 0x1e, 0x8f, 0x1e, 0x8f, 0x1f, 0x8f, 0x3f, 0x8f, 
    0x3f, 0x8f, 0x3f, 0x8f, 0x3f, 0x8f, 0x3f, 0x8f, 0x3f, 0x8f, 0x1f, 0x8f, 
    0x3f, 0x8f, 0x1e, 0x8f, 0x1f, 0x8f, 0x3f, 0x8f, 0x3f, 0x8f, 0x3f, 0x8f, 
    0x3f, 0x8f, 0x3f, 0x8f, 0x3f, 0x8f, 0x3f, 0x8f, 0x3f, 0x8f, 0x3f, 0x8f, 
    0x3f, 0x97, 0x3f, 0x8f, 0x3f, 0x97, 0x3f, 0x97, 0x3f, 0x97, 0x3f, 0x97, 
    0x3f, 0x97, 0x3f, 0x97, 0x3f, 0x97, 0x3f, 0x97, 0x3f, 0x97, 0x3f, 0x97, 
    0x3f, 0x97, 0x3f, 0x97, 0x3f, 0x97, 0x3f, 0x97, 0x3f, 0x97, 0x3f, 0x97, 
    0x3f, 0x97, 0x3f, 0x97, 0x3f, 0x97, 0x3f, 0x97, 0x3f, 0x97, 0x3f, 0x97, 
    0x3f, 0x97, 0x3f, 0x97, 0x3f, 0x97, 0x5f, 0x97, 0x3f, 0x97, 0x5f, 0x97, 
    0x3f, 0x97, 0x5f, 0x97, 0x5f, 0x97, 0x5f, 0x97, 0x5f, 0x97, 0x5f, 0x97, 
    0x5f, 0x97, 0x5f, 0x97, 0x5f, 0x97, 0x5f, 0x97, 0x3f, 0x97, 0x3f, 0x97, 
    0x5f, 0x97, 0x5f, 0x97, 0x3f, 0x97, 0x3f, 0x97, 0x3f, 0x97, 0x3f, 0x97, 
    0x5f, 0x97, 0x3f, 0x97, 0x3f, 0x97, 0x3f, 0x97, 0x3f, 0x97, 0x3f, 0x97, 
    0x3f, 0x97, 0x3f, 0x97, 0x3f, 0x97, 0x3f, 0x97, 0x3f, 0x97, 0x5f, 0x97, 
    0x5f, 0x97, 0x5f, 0x9f, 0x5f, 0x9f, 0x5f, 0x9f, 0x5f, 0x9f, 0x5f, 0x9f, 
    0x5f, 0x9f, 0x5f, 0x9f, 0x5f, 0x9f, 0x5f, 0x9f, 0x5f, 0x9f, 0x5f, 0x9f, 
    0x5f, 0x9f, 0x5f, 0x9f, 0x5f, 0x9f, 0x5f, 0x9f, 0x7f, 0xa7, 0x5f, 0x9f, 
    0x5f, 0x9f, 0x5f, 0x9f, 0x5f, 0x9f, 0x5f, 0x9f, 0x5f, 0xa7, 0x5f, 0x9f, 
    0x5f, 0x9f, 0x5f, 0xa7, 0x5f, 0x9f, 0x5f, 0x9f, 0x5f, 0x9f, 0x5f, 0xa7, 
    0x5f, 0xa7, 0x5f, 0xa7, 0x5f, 0xa7, 0x5f, 0xa7, 0x5f, 0xa7, 0x5f, 0xa7, 
    0x5f, 0xa7, 0x5f, 0xa7, 0x5f, 0xa7, 0x5f, 0xa7, 0x5f, 0xa7, 0x7f, 0xa7, 
    0x5f, 0xa7, 0x5f, 0xa7, 0x5f, 0xa7, 0x5f, 0xa7, 0x7f, 0xa7, 0x7f, 0xa7, 
    0x5f, 0xaf, 0x5f, 0xaf, 0x5f, 0xaf, 0x7f, 0xaf, 0x5f, 0xaf, 0x5f, 0xaf, 
    0x5f, 0xaf, 0x5f, 0xaf, 0x5f, 0xaf, 0x5f, 0xaf, 0x5f, 0xaf, 0x5f, 0xaf, 
    0x5e, 0xaf, 0x5e, 0xaf, 0x3e, 0xaf, 0x3e, 0xaf, 0x3e, 0xb7, 0x3e, 0xb7, 
    0x3e, 0xb7, 0x5e, 0xb7, 0x3e, 0xb7, 0x3e, 0xb7, 0x5e, 0xb7, 0x5f, 0xb7, 
    0x5f, 0xb7, 0x7f, 0xb7, 0x5f, 0xb7, 0x5e, 0xb7, 0x5e, 0xbf, 0x5e, 0xcf, 
    0x5d, 0xd7, 0x5d, 0xd7, 0x5d, 0xd7, 0x5d, 0xd7, 0x5d, 0xd7, 0x5d, 0xd7, 
    0x5d, 0xd7, 0x5d, 0xd7, 0x5d, 0xd7, 0x5d, 0xd7, 0x5d, 0xd7, 0x5e, 0xd7, 
    0x5e, 0xcf, 0x5e, 0xcf, 0x7f, 0xc7, 0x5f, 0xb7, 0x7e, 0xb7, 0x5f, 0xbf, 
    0x5e, 0xcf, 0x7e, 0xdf, 0x7e, 0xdf, 0x7e, 0xdf, 0x7e, 0xdf, 0x7e, 0xdf, 
    0x7e, 0xdf, 0x7d, 0xdf, 0x7e, 0xdf, 0x7e, 0xe7, 0x7d, 0xe7, 0x7d, 0xe7, 
    0x3f, 0x97, 0x3f, 0x97, 0x3f, 0x97, 0x3f, 0x97, 0x3f, 0x97, 0x3f, 0x97, 
    0x3f, 0x97, 0x3f, 0x97, 0x3f, 0x97, 0x3f, 0x97, 0x3f, 0x97, 0x3f, 0x97, 
    0x3f, 0x97, 0x3f, 0x8f, 0x3f, 0x97, 0x3f, 0x8f, 0x3f, 0x8f, 0x3f, 0x8f, 
    0x3f, 0x97, 0x3f, 0x97, 0x3f, 0x8f, 0x3f, 0x97, 0x3f, 0x97, 0x3f, 0x97, 
    0x3f, 0x8f, 0x3f, 0x97, 0x3f, 0x97, 0x3f, 0x97, 0x3f, 0x8f, 0x3f, 0x97, 
    0x3f, 0x97, 0x3f, 0x97, 0x3f, 0x97, 0x5f, 0x97, 0x3f, 0x97, 0x3f, 0x97, 
    0x3f, 0x97, 0x3f, 0x8f, 0x3f, 0x97, 0x3f, 0x8f, 0x3f, 0x8f, 0x3f, 0x8f, 
    0x3f, 0x8f, 0x3f, 0x8f, 0x3f, 0x8f, 0x3f, 0x8f, 0x3f, 0x8f, 0x3f, 0x8f, 
    0x3f, 0x8f, 0x1f, 0x8f, 0x1e, 0x8f, 0x3e, 0x8f, 0x1e, 0x8f, 0x3f, 0x8f, 
    0x3f, 0x8f, 0x3f, 0x8f, 0x3f, 0x8f, 0x3f, 0x8f, 0x3f, 0x8f, 0x3f, 0x8f, 
    0x3f, 0x8f, 0x3f, 0x8f, 0x1f, 0x8f, 0x3f, 0x8f, 0x3f, 0x8f, 0x3f, 0x8f, 
    0x3e, 0x8f, 0x3f, 0x97, 0x3f, 0x8f, 0x5f, 0x97, 0x3f, 0x97, 0x3f, 0x97, 
    0x3f, 0x97, 0x3f, 0x97, 0x3f, 0x97, 0x3f, 0x97, 0x3f, 0x97, 0x3f, 0x97, 
    0x3f, 0x97, 0x3f, 0x97, 0x3f, 0x97, 0x5f, 0x97, 0x3f, 0x97, 0x3f, 0x97, 
    0x3f, 0x97, 0x3f, 0x97, 0x3f, 0x97, 0x3f, 0x97, 0x3f, 0x97, 0x3f, 0x97, 
    0x3f, 0x97, 0x3f, 0x97, 0x3f, 0x97, 0x5f, 0x97, 0x3f, 0x97, 0x3f, 0x97, 
    0x5f, 0x97, 0x3f, 0x97, 0x3f, 0x97, 0x5f, 0x97, 0x3f, 0x97, 0x5f, 0x97, 
    0x5f, 0x97, 0x5f, 0x97, 0x3f, 0x97, 0x5f, 0x97, 0x5f, 0x97, 0x3f, 0x97, 
    0x5f, 0x97, 0x3f, 0x97, 0x3f, 0x97, 0x3f, 0x97, 0x3f, 0x97, 0x3f, 0x97, 
    0x3f, 0x97, 0x3f, 0x97, 0x3f, 0x97, 0x3f, 0x97, 0x3f, 0x97, 0x3f, 0x97, 
    0x3f, 0x97, 0x3f, 0x97, 0x3f, 0x97, 0x3f, 0x97, 0x3f, 0x97, 0x3f, 0x97, 
    0x3f, 0x97, 0x3f, 0x97, 0x3f, 0x97, 0x3f, 0x9f, 0x3f, 0x9f, 0x3f, 0x97, 
    0x5f, 0x9f, 0x5f, 0x9f, 0x5f, 0x9f, 0x5f, 0x9f, 0x5f, 0x9f, 0x5f, 0x9f, 
    0x5f, 0x9f, 0x5f, 0x9f, 0x5f, 0x9f, 0x5f, 0x9f, 0x5f, 0x9f, 0x5f, 0x9f, 
    0x5f, 0x9f, 0x5f, 0x9f, 0x5f, 0xa7, 0x5f, 0x9f, 0x7f, 0xa7, 0x5f, 0xa7, 
    0x5f, 0xa7, 0x5f, 0x9f, 0x5f, 0xa7, 0x5f, 0xa7, 0x7f, 0xa7, 0x5f, 0x9f, 
    0x5f, 0xa7, 0x5f, 0xa7, 0x5f, 0xa7, 0x5f, 0xa7, 0x5f, 0xa7, 0x5f, 0xa7, 
    0x5f, 0xa7, 0x5f, 0xa7, 0x5f, 0xa7, 0x5f, 0xa7, 0x5f, 0xa7, 0x5f, 0xa7, 
    0x5f, 0xa7, 0x5f, 0xa7, 0x5f, 0xa7, 0x5f, 0xa7, 0x7f, 0xa7, 0x5f, 0xa7, 
    0x5f, 0xa7, 0x5f, 0xa7, 0x5f, 0xa7, 0x5f, 0xa7, 0x5f, 0xaf, 0x5f, 0xaf, 
    0x5f, 0xaf, 0x7f, 0xaf, 0x7f, 0xaf, 0x5f, 0xaf, 0x5f, 0xaf, 0x7f, 0xaf, 
    0x5f, 0xaf, 0x5f, 0xaf, 0x5f, 0xaf, 0x5f, 0xaf, 0x5f, 0xaf, 0x5f, 0xaf, 
    0x5f, 0xaf, 0x5f, 0xaf, 0x5f, 0xaf, 0x5e, 0xaf, 0x5e, 0xaf, 0x5e, 0xaf, 
    0x5e, 0xaf, 0x5f, 0xaf, 0x5e, 0xaf, 0x3f, 0xaf, 0x5e, 0xaf, 0x5f, 0xaf, 
    0x5f, 0xb7, 0x7f, 0xb7, 0x5f, 0xb7, 0x5f, 0xaf, 0x5e, 0xaf, 0x5f, 0xaf, 
    0x5e, 0xb7, 0x5e, 0xb7, 0x5e, 0xb7, 0x5e, 0xbf, 0x5e, 0xb7, 0x5e, 0xbf, 
    0x5e, 0xbf, 0x5e, 0xb7, 0x7e, 0xb7, 0x5f, 0xb7, 0x5e, 0xb7, 0x5f, 0xaf, 
    0x5f, 0xb7, 0x7f, 0xb7, 0x5f, 0xb7, 0x5f, 0xb7, 0x5f, 0xb7, 0x5f, 0xb7, 
    0x5f, 0xb7, 0x5f, 0xb7, 0x5f, 0xc7, 0x7e, 0xd7, 0x7e, 0xdf, 0x7e, 0xdf, 
    0x7e, 0xdf, 0x7e, 0xdf, 0x7d, 0xdf, 0x7d, 0xdf, 0x5e, 0xdf, 0x7d, 0xdf, 
    0x3f, 0x97, 0x3f, 0x97, 0x3f, 0x97, 0x3f, 0x97, 0x3f, 0x97, 0x3f, 0x97, 
    0x3f, 0x97, 0x3f, 0x97, 0x3f, 0x97, 0x5f, 0x97, 0x3f, 0x97, 0x3f, 0x97, 
    0x3f, 0x97, 0x3f, 0x97, 0x3f, 0x97, 0x3f, 0x97, 0x3f, 0x97, 0x3f, 0x97, 
    0x3f, 0x97, 0x3f, 0x97, 0x3f, 0x97, 0x5f, 0x97, 0x3f, 0x97, 0x5f, 0x97, 
    0x3f, 0x97, 0x3f, 0x97, 0x3f, 0x97, 0x3f, 0x97, 0x3f, 0x97, 0x5f, 0x97, 
    0x5f, 0x97, 0x5f, 0x9f, 0x5f, 0x9f, 0x3f, 0x9f, 0x3f, 0x97, 0x3f, 0x97, 
    0x3f, 0x97, 0x3f, 0x97, 0x3f, 0x97, 0x3f, 0x8f, 0x3f, 0x8f, 0x3f, 0x8f, 
    0x3f, 0x8f, 0x3f, 0x8f, 0x3f, 0x8f, 0x3f, 0x8f, 0x3f, 0x8f, 0x3e, 0x8f, 
    0x1f, 0x8f, 0x3e, 0x8f, 0x3f, 0x8f, 0x1e, 0x8f, 0x1f, 0x8f, 0x3f, 0x8f, 
    0x3f, 0x8f, 0x3f, 0x8f, 0x3f, 0x8f, 0x3f, 0x8f, 0x3f, 0x8f, 0x3f, 0x8f, 
    0x3f, 0x8f, 0x3f, 0x8f, 0x3f, 0x8f, 0x3f, 0x8f, 0x3f, 0x97, 0x3f, 0x97, 
    0x3f, 0x97, 0x3f, 0x97, 0x3f, 0x97, 0x3f, 0x97, 0x3f, 0x97, 0x3f, 0x97, 
    0x5f, 0x97, 0x3f, 0x97, 0x3f, 0x97, 0x3f, 0x97, 0x3f, 0x97, 0x3f, 0x97, 
    0x3f, 0x97, 0x3f, 0x97, 0x3f, 0x97, 0x3f, 0x97, 0x3f, 0x97, 0x3f, 0x97, 
    0x3f, 0x97, 0x3f, 0x97, 0x5f, 0x97, 0x3f, 0x97, 0x3f, 0x97, 0x3f, 0x97, 
    0x3f, 0x97, 0x3f, 0x97, 0x3f, 0x97, 0x3f, 0x97, 0x3f, 0x97, 0x3f, 0x97, 
    0x3f, 0x97, 0x5f, 0x97, 0x3f, 0x97, 0x5f, 0x97, 0x5f, 0x97, 0x5f, 0x97, 
    0x5f, 0x97, 0x5f, 0x97, 0x5f, 0x97, 0x5f, 0x97, 0x5f, 0x97, 0x5f, 0x97, 
    0x5f, 0x97, 0x3f, 0x97, 0x5f, 0x97, 0x3f, 0x97, 0x3f, 0x97, 0x3f, 0x97, 
    0x3f, 0x97, 0x3f, 0x97, 0x5f, 0x97, 0x5f, 0x97, 0x3f, 0x97, 0x3f, 0x97, 
    0x3e, 0x97, 0x3f, 0x97, 0x3f, 0x97, 0x3f, 0x97, 0x3f, 0x97, 0x3f, 0x97, 
    0x3f, 0x97, 0x3f, 0x97, 0x3f, 0x97, 0x3f, 0x9f, 0x3f, 0x9f, 0x5f, 0x9f, 
    0x5f, 0x9f, 0x5f, 0x9f, 0x5f, 0x9f, 0x5f, 0x9f, 0x5f, 0x9f, 0x5f, 0x9f, 
    0x5f, 0x9f, 0x5f, 0x9f, 0x5f, 0x9f, 0x5f, 0x9f, 0x5f, 0x9f, 0x5f, 0x9f, 
    0x5f, 0x9f, 0x7f, 0xa7, 0x5f, 0xa7, 0x5f, 0xa7, 0x5f, 0xa7, 0x7f, 0xa7, 
    0x7f, 0xa7, 0x7f, 0xa7, 0x5f, 0xa7, 0x7f, 0xa7, 0x5f, 0xa7, 0x5f, 0xa7, 
    0x5f, 0xa7, 0x5f, 0xa7, 0x5f, 0xa7, 0x5f, 0xa7, 0x5f, 0xa7, 0x5f, 0xa7, 
    0x5f, 0xa7, 0x5f, 0xa7, 0x5f, 0xa7, 0x5f, 0xa7, 0x5f, 0xa7, 0x5f, 0xa7, 
    0x5f, 0xa7, 0x5f, 0xa7, 0x5f, 0xa7, 0x5f, 0xa7, 0x5f, 0xa7, 0x5f, 0xa7, 
    0x7f, 0xa7, 0x7f, 0xa7, 0x5f, 0xaf, 0x5f, 0xaf, 0x5f, 0xaf, 0x5f, 0xaf, 
    0x5f, 0xaf, 0x7f, 0xaf, 0x5f, 0xaf, 0x7f, 0xaf, 0x5f, 0xaf, 0x5f, 0xaf, 
    0x5f, 0xaf, 0x5f, 0xaf, 0x5f, 0xaf, 0x5f, 0xaf, 0x5f, 0xaf, 0x5f, 0xaf, 
    0x5f, 0xaf, 0x5f, 0xaf, 0x5f, 0xaf, 0x5f, 0xaf, 0x5f, 0xaf, 0x5f, 0xaf, 
    0x5f, 0xaf, 0x5f, 0xaf, 0x5f, 0xaf, 0x5e, 0xaf, 0x5f, 0xaf, 0x5e, 0xaf, 
    0x5f, 0xaf, 0x7f, 0xaf, 0x5f, 0xaf, 0x5f, 0xaf, 0x5f, 0xaf, 0x5e, 0xaf, 
    0x5f, 0xaf, 0x5f, 0xaf, 0x5f, 0xb7, 0x5f, 0xaf, 0x5f, 0xaf, 0x7f, 0xaf, 
    0x5f, 0xaf, 0x5f, 0xaf, 0x7f, 0xaf, 0x5f, 0xaf, 0x7f, 0xaf, 0x5f, 0xaf, 
    0x7f, 0xaf, 0x5f, 0xaf, 0x5f, 0xaf, 0x5e, 0xaf, 0x5f, 0xaf, 0x5f, 0xaf, 
    0x5f, 0xb7, 0x5f, 0xb7, 0x5f, 0xb7, 0x5f, 0xb7, 0x5f, 0xbf, 0x5f, 0xbf, 
    0x5e, 0xc7, 0x5e, 0xc7, 0x5e, 0xcf, 0x7d, 0xd7, 0x5e, 0xd7, 0x5e, 0xdf, 
    0x5f, 0x97, 0x5f, 0x9f, 0x5f, 0x97, 0x3f, 0x9f, 0x5f, 0x97, 0x5f, 0x9f, 
    0x5f, 0x9f, 0x5f, 0x9f, 0x5f, 0x9f, 0x5f, 0x9f, 0x5f, 0x9f, 0x5f, 0x9f, 
    0x3f, 0x97, 0x5f, 0x97, 0x3f, 0x97, 0x3f, 0x97, 0x5f, 0x97, 0x5f, 0x97, 
    0x5f, 0x97, 0x3f, 0x97, 0x5f, 0x97, 0x3f, 0x97, 0x3f, 0x97, 0x3f, 0x97, 
    0x3f, 0x97, 0x3f, 0x97, 0x3f, 0x97, 0x3f, 0x97, 0x5f, 0x97, 0x3f, 0x97, 
    0x5f, 0x9f, 0x3e, 0x9f, 0x5f, 0x9f, 0x5f, 0x9f, 0x3f, 0x97, 0x3f, 0x97, 
    0x3f, 0x97, 0x3f, 0x97, 0x3f, 0x97, 0x3f, 0x97, 0x3f, 0x97, 0x3f, 0x8f, 
    0x3f, 0x8f, 0x3f, 0x97, 0x3f, 0x8f, 0x3f, 0x97, 0x3f, 0x8f, 0x3f, 0x8f, 
    0x3f, 0x8f, 0x3f, 0x8f, 0x1e, 0x8f, 0x3f, 0x8f, 0x3f, 0x8f, 0x3f, 0x8f, 
    0x3f, 0x8f, 0x3f, 0x8f, 0x3f, 0x8f, 0x3f, 0x8f, 0x3f, 0x97, 0x3f, 0x8f, 
    0x3f, 0x8f, 0x3f, 0x8f, 0x3f, 0x8f, 0x3f, 0x8f, 0x5f, 0x97, 0x5f, 0x97, 
    0x3f, 0x97, 0x3f, 0x97, 0x5f, 0x97, 0x3f, 0x97, 0x3f, 0x97, 0x5f, 0x97, 
    0x3f, 0x97, 0x3f, 0x97, 0x3f, 0x97, 0x3f, 0x97, 0x3f, 0x97, 0x3f, 0x97, 
    0x3f, 0x97, 0x3f, 0x97, 0x3f, 0x97, 0x5f, 0x97, 0x3f, 0x97, 0x3f, 0x97, 
    0x3f, 0x97, 0x3f, 0x97, 0x3f, 0x97, 0x3f, 0x97, 0x3f, 0x97, 0x3f, 0x97, 
    0x3f, 0x97, 0x3f, 0x97, 0x3f, 0x97, 0x3f, 0x97, 0x3f, 0x97, 0x3f, 0x97, 
    0x5f, 0x97, 0x5f, 0x97, 0x5f, 0x97, 0x5f, 0x97, 0x5f, 0x97, 0x5f, 0x97, 
    0x5f, 0x97, 0x5f, 0x97, 0x5f, 0x97, 0x5f, 0x97, 0x5f, 0x97, 0x5f, 0x97, 
    0x5f, 0x97, 0x5f, 0x97, 0x5f, 0x97, 0x3f, 0x97, 0x5f, 0x97, 0x3f, 0x97, 
    0x3f, 0x97, 0x5f, 0x97, 0x5f, 0x97, 0x5e, 0x97, 0x3f, 0x97, 0x3f, 0x97, 
    0x3f, 0x97, 0x5f, 0x97, 0x3f, 0x97, 0x3f, 0x97, 0x3f, 0x97, 0x3f, 0x97, 
    0x3f, 0x97, 0x3f, 0x97, 0x3f, 0x9f, 0x3f, 0x9f, 0x5f, 0x9f, 0x5f, 0x9f, 
    0x5f, 0x9f, 0x5f, 0x9f, 0x5f, 0x9f, 0x5f, 0x9f, 0x5f, 0x9f, 0x7f, 0xa7, 
    0x7f, 0xa7, 0x5f, 0x9f, 0x5f, 0x9f, 0x5f, 0x9f, 0x5f, 0x9f, 0x5f, 0x9f, 
    0x5f, 0xa7, 0x7f, 0xa7, 0x7f, 0xa7, 0x7f, 0xa7, 0x5f, 0xa7, 0x5f, 0xa7, 
    0x5f, 0xa7, 0x5f, 0xa7, 0x5f, 0xa7, 0x5f, 0xa7, 0x5f, 0xa7, 0x5f, 0xa7, 
    0x5f, 0xa7, 0x5f, 0xa7, 0x5f, 0xa7, 0x5f, 0xa7, 0x5f, 0xa7, 0x7f, 0xa7, 
    0x5f, 0xa7, 0x5f, 0xa7, 0x5f, 0xa7, 0x5f, 0xa7, 0x5f, 0xa7, 0x5f, 0xa7, 
    0x5f, 0xa7, 0x5f, 0xa7, 0x5f, 0xa7, 0x5f, 0xa7, 0x5f, 0xa7, 0x7f, 0xaf, 
    0x7f, 0xaf, 0x5f, 0xaf, 0x5f, 0xaf, 0x7f, 0xaf, 0x5f, 0xaf, 0x5f, 0xaf, 
    0x5f, 0xaf, 0x5f, 0xaf, 0x5f, 0xaf, 0x7f, 0xaf, 0x5f, 0xaf, 0x7f, 0xaf, 
    0x5f, 0xaf, 0x5f, 0xaf, 0x7f, 0xaf, 0x5f, 0xaf, 0x5f, 0xaf, 0x5f, 0xaf, 
    0x5f, 0xaf, 0x5f, 0xaf, 0x5f, 0xaf, 0x5f, 0xaf, 0x5f, 0xaf, 0x5f, 0xaf, 
    0x5f, 0xaf, 0x5f, 0xaf, 0x5f, 0xaf, 0x5f, 0xaf, 0x5f, 0xaf, 0x5f, 0xaf, 
    0x5f, 0xaf, 0x5f, 0xaf, 0x7f, 0xaf, 0x5f, 0xaf, 0x5f, 0xaf, 0x5f, 0xaf, 
    0x7f, 0xaf, 0x5f, 0xaf, 0x5f, 0xaf, 0x7f, 0xaf, 0x7f, 0xaf, 0x5f, 0xaf, 
    0x5f, 0xaf, 0x7f, 0xaf, 0x5f, 0xaf, 0x7f, 0xaf, 0x5f, 0xaf, 0x7f, 0xaf, 
    0x5f, 0xaf, 0x5f, 0xaf, 0x5f, 0xaf, 0x5f, 0xaf, 0x5f, 0xaf, 0x5f, 0xb7, 
    0x5f, 0xb7, 0x5f, 0xaf, 0x5f, 0xb7, 0x5f, 0xb7, 0x5f, 0xb7, 0x5f, 0xb7, 
    0x5e, 0xb7, 0x3f, 0xb7, 0x5e, 0xb7, 0x5f, 0xbf, 0x5f, 0xbf, 0x5e, 0xbf, 
    0x5f, 0x9f, 0x3f, 0x9f, 0x5f, 0x9f, 0x5f, 0x9f, 0x5f, 0x9f, 0x5f, 0x9f, 
    0x5f, 0x9f, 0x5f, 0x9f, 0x5f, 0x9f, 0x5f, 0x9f, 0x5f, 0x9f, 0x5f, 0x9f, 
    0x5f, 0x9f, 0x5f, 0x9f, 0x5f, 0x9f, 0x5f, 0x9f, 0x5f, 0x97, 0x5f, 0x97, 
    0x5f, 0x97, 0x5f, 0x97, 0x5f, 0x97, 0x3f, 0x97, 0x5f, 0x97, 0x3f, 0x97, 
    0x3f, 0x97, 0x5f, 0x97, 0x5f, 0x97, 0x5f, 0x97, 0x5e, 0x97, 0x5f, 0x9f, 
    0x5e, 0x9f, 0x3f, 0x9f, 0x5f, 0x9f, 0x5f, 0x9f, 0x3e, 0x97, 0x3f, 0x97, 
    0x3f, 0x97, 0x3f, 0x97, 0x3f, 0x97, 0x3f, 0x97, 0x3f, 0x97, 0x3f, 0x97, 
    0x3f, 0x97, 0x3f, 0x97, 0x3f, 0x97, 0x3f, 0x97, 0x3f, 0x8f, 0x3f, 0x97, 
    0x3f, 0x8f, 0x3e, 0x8f, 0x3f, 0x8f, 0x3f, 0x8f, 0x3f, 0x8f, 0x3f, 0x8f, 
    0x3f, 0x8f, 0x3f, 0x8f, 0x3f, 0x8f, 0x3f, 0x8f, 0x3f, 0x97, 0x3f, 0x8f, 
    0x3f, 0x8f, 0x3f, 0x97, 0x5f, 0x97, 0x5f, 0x97, 0x5f, 0x97, 0x3f, 0x97, 
    0x3f, 0x97, 0x5f, 0x97, 0x3f, 0x97, 0x3f, 0x97, 0x3f, 0x97, 0x5f, 0x97, 
    0x3f, 0x97, 0x3f, 0x97, 0x3f, 0x97, 0x3f, 0x97, 0x3f, 0x97, 0x3f, 0x97, 
    0x5f, 0x97, 0x5f, 0x97, 0x3f, 0x97, 0x3f, 0x97, 0x3f, 0x97, 0x3f, 0x97, 
    0x3f, 0x97, 0x3f, 0x97, 0x5f, 0x97, 0x3e, 0x97, 0x3f, 0x97, 0x3f, 0x97, 
    0x3f, 0x97, 0x3f, 0x97, 0x3f, 0x97, 0x3f, 0x97, 0x3f, 0x97, 0x5f, 0x97, 
    0x5f, 0x97, 0x5f, 0x97, 0x5f, 0x97, 0x5f, 0x97, 0x5f, 0x97, 0x5f, 0x97, 
    0x5f, 0x9f, 0x5f, 0x9f, 0x5f, 0x9f, 0x5f, 0x9f, 0x5f, 0x9f, 0x5f, 0x9f, 
    0x5f, 0x9f, 0x5f, 0x97, 0x3f, 0x97, 0x5f, 0x97, 0x3f, 0x97, 0x3f, 0x97, 
    0x5f, 0x97, 0x5f, 0x97, 0x5f, 0x97, 0x5f, 0x97, 0x5f, 0x97, 0x5f, 0x9f, 
    0x3f, 0x9f, 0x5f, 0x97, 0x5f, 0x97, 0x3f, 0x97, 0x3f, 0x97, 0x3f, 0x97, 
    0x3f, 0x9f, 0x3f, 0x9f, 0x5f, 0x9f, 0x5f, 0x9f, 0x5f, 0x9f, 0x5f, 0x9f, 
    0x5f, 0x9f, 0x5f, 0x9f, 0x5f, 0xa7, 0x5f, 0xa7, 0x5f, 0xa7, 0x5f, 0x9f, 
    0x7e, 0x9f, 0x5f, 0xa7, 0x5f, 0xa7, 0x5f, 0x9f, 0x5f, 0x9f, 0x5f, 0xa7, 
    0x7f, 0xa7, 0x7f, 0xa7, 0x7f, 0xa7, 0x7f, 0xa7, 0x5f, 0xa7, 0x5f, 0xa7, 
    0x5f, 0xa7, 0x7f, 0xa7, 0x7f, 0xa7, 0x7f, 0xa7, 0x5f, 0xa7, 0x5f, 0xa7, 
    0x5f, 0xa7, 0x7f, 0xa7, 0x5f, 0xa7, 0x5f, 0xa7, 0x5f, 0xa7, 0x5f, 0xa7, 
    0x5f, 0xaf, 0x7f, 0xaf, 0x5f, 0xaf, 0x5f, 0xaf, 0x5f, 0xaf, 0x5f, 0xaf, 
    0x5f, 0xaf, 0x5f, 0xaf, 0x5f, 0xaf, 0x5f, 0xaf, 0x7f, 0xaf, 0x7f, 0xaf, 
    0x7f, 0xaf, 0x7f, 0xaf, 0x7f, 0xaf, 0x5f, 0xaf, 0x7f, 0xaf, 0x5f, 0xaf, 
    0x5f, 0xaf, 0x7f, 0xaf, 0x5f, 0xaf, 0x7f, 0xaf, 0x7f, 0xaf, 0x7f, 0xaf, 
    0x7f, 0xaf, 0x5f, 0xaf, 0x7f, 0xaf, 0x5f, 0xaf, 0x5f, 0xaf, 0x7f, 0xaf, 
    0x5f, 0xaf, 0x5f, 0xaf, 0x5f, 0xaf, 0x5f, 0xaf, 0x5f, 0xaf, 0x5f, 0xaf, 
    0x5f, 0xaf, 0x5f, 0xaf, 0x5f, 0xaf, 0x5f, 0xaf, 0x5f, 0xaf, 0x5f, 0xaf, 
    0x7f, 0xaf, 0x7f, 0xaf, 0x5f, 0xaf, 0x5f, 0xaf, 0x5e, 0xaf, 0x7f, 0xaf, 
    0x5f, 0xaf, 0x5f, 0xaf, 0x5f, 0xaf, 0x5f, 0xaf, 0x5f, 0xaf, 0x5f, 0xaf, 
    0x5f, 0xaf, 0x5f, 0xaf, 0x7f, 0xaf, 0x5f, 0xaf, 0x7f, 0xaf, 0x7f, 0xaf, 
    0x5f, 0xaf, 0x5f, 0xaf, 0x5f, 0xaf, 0x5f, 0xaf, 0x5f, 0xaf, 0x5f, 0xb7, 
    0x5f, 0xaf, 0x5f, 0xb7, 0x5f, 0xb7, 0x5f, 0xb7, 0x5f, 0xb7, 0x5f, 0xb7, 
    0x5f, 0xb7, 0x5f, 0xb7, 0x5e, 0xb7, 0x5f, 0xb7, 0x5e, 0xb7, 0x5f, 0xbf, 
    0x5f, 0x9f, 0x5f, 0x9f, 0x5f, 0x9f, 0x5f, 0x9f, 0x5f, 0x9f, 0x5f, 0x9f, 
    0x5f, 0x9f, 0x5f, 0x9f, 0x5f, 0xa7, 0x5f, 0xa7, 0x5f, 0xa7, 0x5f, 0xa7, 
    0x5f, 0x9f, 0x5f, 0x9f, 0x5f, 0x9f, 0x5f, 0x9f, 0x5f, 0x9f, 0x5f, 0x9f, 
    0x5f, 0x9f, 0x5f, 0x9f, 0x5f, 0x97, 0x5f, 0x97, 0x5f, 0x97, 0x5f, 0x97, 
    0x5f, 0x97, 0x5f, 0x97, 0x5f, 0x97, 0x5f, 0x97, 0x5f, 0x9f, 0x5f, 0x9f, 
    0x3f, 0x9f, 0x3f, 0x97, 0x5f, 0x9f, 0x3f, 0x9f, 0x3f, 0x97, 0x3f, 0x97, 
    0x3f, 0x97, 0x3f, 0x97, 0x3f, 0x97, 0x3f, 0x97, 0x3f, 0x97, 0x3f, 0x97, 
    0x3f, 0x97, 0x3f, 0x97, 0x3f, 0x97, 0x3f, 0x97, 0x3f, 0x97, 0x3f, 0x8f, 
    0x3f, 0x8f, 0x3f, 0x8f, 0x3f, 0x8f, 0x3f, 0x8f, 0x3e, 0x8f, 0x3f, 0x8f, 
    0x3f, 0x8f, 0x3f, 0x8f, 0x3f, 0x8f, 0x3f, 0x97, 0x3f, 0x97, 0x3f, 0x97, 
    0x3f, 0x97, 0x3f, 0x97, 0x5f, 0x97, 0x5f, 0x97, 0x5f, 0x97, 0x5f, 0x97, 
    0x3f, 0x97, 0x5f, 0x97, 0x3f, 0x97, 0x3f, 0x97, 0x3f, 0x97, 0x3f, 0x97, 
    0x5f, 0x97, 0x3f, 0x97, 0x3f, 0x97, 0x3f, 0x97, 0x5f, 0x97, 0x3f, 0x97, 
    0x3f, 0x97, 0x3f, 0x97, 0x3f, 0x97, 0x3f, 0x97, 0x3f, 0x97, 0x5f, 0x97, 
    0x3f, 0x97, 0x5f, 0x97, 0x3f, 0x97, 0x3f, 0x97, 0x3f, 0x97, 0x3f, 0x97, 
    0x3f, 0x97, 0x3f, 0x97, 0x3f, 0x97, 0x5f, 0x97, 0x5f, 0x97, 0x5f, 0x97, 
    0x5f, 0x97, 0x5f, 0x9f, 0x5f, 0x97, 0x5f, 0x97, 0x5f, 0x97, 0x5f, 0x9f, 
    0x5f, 0x9f, 0x5f, 0x9f, 0x5f, 0x9f, 0x5f, 0x9f, 0x5f, 0x9f, 0x5f, 0x9f, 
    0x5f, 0x9f, 0x5f, 0x9f, 0x3f, 0x9f, 0x5f, 0x97, 0x5f, 0x97, 0x5f, 0x97, 
    0x5f, 0x97, 0x5f, 0x97, 0x3f, 0x97, 0x5f, 0x9f, 0x5f, 0x9f, 0x5f, 0x9f, 
    0x5f, 0x9f, 0x5f, 0x9f, 0x5f, 0x9f, 0x5f, 0x9f, 0x3f, 0x9f, 0x3f, 0x9f, 
    0x3f, 0x9f, 0x5f, 0x9f, 0x5f, 0x9f, 0x5f, 0x9f, 0x5f, 0x9f, 0x5f, 0x9f, 
    0x5f, 0x9f, 0x5f, 0xa7, 0x5f, 0xa7, 0x5f, 0xa7, 0x5f, 0xa7, 0x5f, 0xa7, 
    0x5f, 0xa7, 0x5f, 0xa7, 0x5f, 0xa7, 0x5f, 0x9f, 0x5f, 0xa7, 0x5f, 0xa7, 
    0x5f, 0xa7, 0x5f, 0xa7, 0x7f, 0xa7, 0x7f, 0xa7, 0x7f, 0xa7, 0x7f, 0xa7, 
    0x7f, 0xa7, 0x7f, 0xa7, 0x7f, 0xa7, 0x7f, 0xa7, 0x7f, 0xa7, 0x7f, 0xa7, 
    0x7f, 0xa7, 0x5f, 0xa7, 0x5f, 0xa7, 0x5f, 0xa7, 0x5f, 0xaf, 0x5f, 0xaf, 
    0x5f, 0xaf, 0x5f, 0xaf, 0x7f, 0xaf, 0x7f, 0xaf, 0x5f, 0xaf, 0x5f, 0xaf, 
    0x5f, 0xaf, 0x5f, 0xaf, 0x5f, 0xaf, 0x5f, 0xaf, 0x7f, 0xaf, 0x5f, 0xaf, 
    0x7f, 0xaf, 0x7f, 0xaf, 0x7f, 0xaf, 0x7f, 0xaf, 0x7f, 0xaf, 0x7f, 0xaf, 
    0x7f, 0xaf, 0x5f, 0xaf, 0x7f, 0xaf, 0x7f, 0xaf, 0x7f, 0xaf, 0x7f, 0xaf, 
    0x7f, 0xaf, 0x7f, 0xaf, 0x5f, 0xaf, 0x7f, 0xaf, 0x5f, 0xaf, 0x5f, 0xaf, 
    0x5f, 0xaf, 0x5f, 0xaf, 0x7f, 0xaf, 0x5f, 0xaf, 0x5f, 0xaf, 0x5f, 0xaf, 
    0x5f, 0xaf, 0x5f, 0xaf, 0x5f, 0xaf, 0x5f, 0xaf, 0x5f, 0xaf, 0x5f, 0xaf, 
    0x7f, 0xaf, 0x7f, 0xaf, 0x7f, 0xaf, 0x5f, 0xaf, 0x5f, 0xaf, 0x7f, 0xaf, 
    0x5f, 0xaf, 0x7f, 0xaf, 0x5f, 0xaf, 0x7f, 0xaf, 0x5f, 0xaf, 0x7f, 0xaf, 
    0x5f, 0xaf, 0x7f, 0xaf, 0x5f, 0xaf, 0x7f, 0xaf, 0x5f, 0xaf, 0x7f, 0xaf, 
    0x7f, 0xaf, 0x7f, 0xaf, 0x5f, 0xaf, 0x5f, 0xaf, 0x5f, 0xaf, 0x5f, 0xaf, 
    0x5f, 0xb7, 0x5f, 0xb7, 0x7f, 0xb7, 0x5f, 0xb7, 0x5f, 0xb7, 0x5f, 0xb7, 
    0x5f, 0xb7, 0x5f, 0xb7, 0x5f, 0xb7, 0x5f, 0xb7, 0x5f, 0xb7, 0x5f, 0xb7, 
    0x5f, 0x9f, 0x5f, 0x9f, 0x5f, 0x9f, 0x5f, 0x9f, 0x5f, 0x9f, 0x5f, 0x9f, 
    0x5f, 0x9f, 0x5f, 0x9f, 0x5f, 0xa7, 0x5f, 0xa7, 0x5f, 0xa7, 0x5f, 0xa7, 
    0x5f, 0xa7, 0x5f, 0x9f, 0x5f, 0x9f, 0x5f, 0x9f, 0x5f, 0x9f, 0x5f, 0x9f, 
    0x5f, 0x9f, 0x5f, 0x9f, 0x5f, 0x9f, 0x5f, 0x9f, 0x5f, 0x97, 0x5f, 0x97, 
    0x5f, 0x97, 0x5f, 0x97, 0x5f, 0x97, 0x3f, 0x97, 0x5f, 0x97, 0x5f, 0x97, 
    0x3f, 0x97, 0x3f, 0x97, 0x3f, 0x97, 0x3f, 0x97, 0x3f, 0x97, 0x3f, 0x97, 
    0x3f, 0x97, 0x3f, 0x97, 0x3f, 0x97, 0x3f, 0x97, 0x3f, 0x97, 0x3f, 0x97, 
    0x3f, 0x97, 0x3f, 0x97, 0x3f, 0x97, 0x3f, 0x97, 0x3f, 0x97, 0x3f, 0x97, 
    0x3f, 0x8f, 0x3e, 0x8f, 0x3f, 0x97, 0x3f, 0x8f, 0x3f, 0x8f, 0x3f, 0x8f, 
    0x3f, 0x8f, 0x3f, 0x8f, 0x3f, 0x8f, 0x3f, 0x97, 0x3f, 0x97, 0x3f, 0x97, 
    0x3f, 0x97, 0x5f, 0x97, 0x3f, 0x97, 0x3f, 0x97, 0x5f, 0x97, 0x3f, 0x97, 
    0x3f, 0x97, 0x5f, 0x97, 0x5f, 0x97, 0x3f, 0x97, 0x5f, 0x97, 0x5f, 0x97, 
    0x3f, 0x97, 0x3f, 0x97, 0x3f, 0x97, 0x3f, 0x97, 0x3f, 0x97, 0x3f, 0x97, 
    0x5f, 0x97, 0x5f, 0x97, 0x3f, 0x97, 0x3f, 0x97, 0x3e, 0x97, 0x5f, 0x97, 
    0x3f, 0x97, 0x5f, 0x97, 0x3f, 0x97, 0x3f, 0x97, 0x3f, 0x97, 0x3f, 0x97, 
    0x3f, 0x97, 0x5f, 0x97, 0x3f, 0x97, 0x5f, 0x9f, 0x5f, 0x97, 0x5f, 0x9f, 
    0x5f, 0x9f, 0x5f, 0x9f, 0x5f, 0x9f, 0x5f, 0x9f, 0x5f, 0x9f, 0x5f, 0x9f, 
    0x5f, 0x9f, 0x5f, 0x9f, 0x5f, 0x9f, 0x5f, 0x9f, 0x5f, 0x9f, 0x5f, 0x9f, 
    0x5f, 0x9f, 0x5f, 0x9f, 0x5f, 0x9f, 0x5f, 0x9f, 0x5f, 0x9f, 0x5f, 0x9f, 
    0x5f, 0x9f, 0x5f, 0x9f, 0x5f, 0x9f, 0x5f, 0x9f, 0x5f, 0x9f, 0x5f, 0x9f, 
    0x5e, 0x9f, 0x5f, 0x9f, 0x5f, 0x9f, 0x5f, 0x9f, 0x5f, 0x9f, 0x3f, 0x9f, 
    0x5f, 0x9f, 0x5f, 0x9f, 0x5f, 0x9f, 0x5f, 0x9f, 0x5f, 0x9f, 0x5f, 0x9f, 
    0x5f, 0xa7, 0x5f, 0xa7, 0x5f, 0xa7, 0x5e, 0xa7, 0x5f, 0xa7, 0x5f, 0xa7, 
    0x5f, 0xa7, 0x5f, 0xa7, 0x5f, 0xa7, 0x7f, 0xa7, 0x5f, 0xa7, 0x5f, 0xa7, 
    0x7f, 0xa7, 0x7f, 0xa7, 0x7f, 0xa7, 0x7f, 0xa7, 0x7f, 0xa7, 0x7f, 0xa7, 
    0x7f, 0xa7, 0x7f, 0xa7, 0x7f, 0xa7, 0x7f, 0xa7, 0x7f, 0xa7, 0x7f, 0xaf, 
    0x7f, 0xa7, 0x7f, 0xaf, 0x5f, 0xaf, 0x7f, 0xaf, 0x5f, 0xaf, 0x5f, 0xaf, 
    0x5f, 0xaf, 0x5f, 0xaf, 0x5f, 0xaf, 0x7f, 0xaf, 0x7f, 0xaf, 0x7f, 0xaf, 
    0x7f, 0xaf, 0x7f, 0xaf, 0x5f, 0xaf, 0x7f, 0xaf, 0x7f, 0xaf, 0x7f, 0xaf, 
    0x7f, 0xaf, 0x7f, 0xaf, 0x7f, 0xaf, 0x7f, 0xaf, 0x7f, 0xaf, 0x7f, 0xaf, 
    0x7f, 0xaf, 0x7f, 0xaf, 0x7f, 0xaf, 0x7f, 0xaf, 0x7f, 0xaf, 0x7f, 0xaf, 
    0x7f, 0xaf, 0x7f, 0xaf, 0x5f, 0xaf, 0x5f, 0xaf, 0x7f, 0xaf, 0x7f, 0xaf, 
    0x5f, 0xaf, 0x5f, 0xaf, 0x7f, 0xaf, 0x5f, 0xaf, 0x7f, 0xaf, 0x7f, 0xaf, 
    0x5f, 0xaf, 0x5f, 0xaf, 0x5f, 0xaf, 0x5f, 0xaf, 0x7f, 0xaf, 0x7f, 0xaf, 
    0x7f, 0xaf, 0x7f, 0xaf, 0x7f, 0xaf, 0x5f, 0xaf, 0x7f, 0xaf, 0x7f, 0xaf, 
    0x7f, 0xaf, 0x7f, 0xaf, 0x7f, 0xaf, 0x7f, 0xaf, 0x7f, 0xaf, 0x7f, 0xaf, 
    0x7f, 0xaf, 0x5f, 0xaf, 0x5f, 0xaf, 0x5f, 0xaf, 0x7f, 0xaf, 0x7f, 0xaf, 
    0x7f, 0xaf, 0x7f, 0xaf, 0x7f, 0xaf, 0x7f, 0xaf, 0x5f, 0xaf, 0x7f, 0xaf, 
    0x7f, 0xb7, 0x5f, 0xb7, 0x7f, 0xb7, 0x7f, 0xb7, 0x7f, 0xb7, 0x5f, 0xb7, 
    0x5f, 0xb7, 0x5f, 0xb7, 0x5f, 0xb7, 0x7f, 0xb7, 0x5f, 0xb7, 0x7f, 0xb7, 
    0x7f, 0xa7, 0x7f, 0xa7, 0x7f, 0xa7, 0x7f, 0xa7, 0x5f, 0xa7, 0x7f, 0xa7, 
    0x5f, 0xa7, 0x5f, 0x9f, 0x5f, 0x9f, 0x5f, 0xa7, 0x7f, 0xa7, 0x5f, 0x9f, 
    0x5f, 0x9f, 0x5f, 0x9f, 0x7f, 0x9f, 0x5f, 0x9f, 0x5f, 0x9f, 0x5f, 0x9f, 
    0x5f, 0x9f, 0x5f, 0x9f, 0x5f, 0x9f, 0x5f, 0x9f, 0x5f, 0x9f, 0x5f, 0x97, 
    0x5f, 0x97, 0x5f, 0x97, 0x5f, 0x97, 0x5f, 0x97, 0x3f, 0x97, 0x5e, 0x97, 
    0x3f, 0x97, 0x3f, 0x97, 0x3f, 0x97, 0x3f, 0x97, 0x3f, 0x97, 0x3f, 0x97, 
    0x3f, 0x97, 0x3f, 0x97, 0x3f, 0x97, 0x3f, 0x97, 0x3f, 0x97, 0x3f, 0x97, 
    0x3f, 0x97, 0x3f, 0x97, 0x3e, 0x97, 0x3f, 0x97, 0x3f, 0x97, 0x3f, 0x97, 
    0x3e, 0x97, 0x3f, 0x97, 0x3f, 0x97, 0x3f, 0x97, 0x3f, 0x8f, 0x3f, 0x8f, 
    0x3f, 0x8f, 0x3f, 0x8f, 0x3f, 0x8f, 0x3f, 0x97, 0x3f, 0x97, 0x3e, 0x97, 
    0x3f, 0x97, 0x3f, 0x97, 0x3f, 0x97, 0x5f, 0x97, 0x5f, 0x97, 0x3f, 0x97, 
    0x5f, 0x97, 0x3f, 0x97, 0x3f, 0x97, 0x3f, 0x97, 0x5f, 0x97, 0x5f, 0x97, 
    0x5f, 0x97, 0x3f, 0x97, 0x5f, 0x97, 0x5f, 0x97, 0x5f, 0x97, 0x5f, 0x97, 
    0x5f, 0x97, 0x5f, 0x97, 0x5f, 0x97, 0x3f, 0x97, 0x3f, 0x97, 0x3f, 0x97, 
    0x3f, 0x97, 0x3f, 0x97, 0x5e, 0x97, 0x3f, 0x97, 0x3f, 0x97, 0x3f, 0x97, 
    0x3f, 0x97, 0x3f, 0x9f, 0x5f, 0x9f, 0x5f, 0x97, 0x5f, 0x9f, 0x5f, 0x9f, 
    0x5f, 0x9f, 0x5f, 0x9f, 0x5f, 0x9f, 0x5f, 0x9f, 0x5f, 0x9f, 0x5f, 0x9f, 
    0x5f, 0x9f, 0x5f, 0x9f, 0x5f, 0x9f, 0x5f, 0x9f, 0x5f, 0x9f, 0x5f, 0x9f, 
    0x5f, 0x9f, 0x5f, 0x9f, 0x5e, 0x9f, 0x5f, 0x9f, 0x5f, 0x9f, 0x5f, 0x9f, 
    0x5f, 0x9f, 0x5f, 0x9f, 0x5f, 0x9f, 0x5f, 0x9f, 0x5e, 0x9f, 0x5f, 0x9f, 
    0x5f, 0x9f, 0x5f, 0x9f, 0x5f, 0x9f, 0x5f, 0x9f, 0x5f, 0x9f, 0x5f, 0x9f, 
    0x5f, 0x9f, 0x5f, 0x9f, 0x5f, 0x9f, 0x5f, 0x9f, 0x5f, 0xa7, 0x5f, 0x9f, 
    0x5f, 0xa7, 0x5e, 0xa7, 0x5f, 0xa7, 0x5f, 0xa7, 0x5f, 0xa7, 0x5e, 0xa7, 
    0x5f, 0xa7, 0x5f, 0xa7, 0x7f, 0xa7, 0x7f, 0xa7, 0x5f, 0xa7, 0x7f, 0xa7, 
    0x5f, 0xa7, 0x7f, 0xa7, 0x7f, 0xa7, 0x7f, 0xa7, 0x7f, 0xa7, 0x7f, 0xaf, 
    0x7f, 0xaf, 0x7f, 0xa7, 0x7f, 0xaf, 0x7f, 0xaf, 0x9e, 0xc7, 0x9e, 0xcf, 
    0x7f, 0xaf, 0x7f, 0xaf, 0x7f, 0xaf, 0x7f, 0xaf, 0x7f, 0xaf, 0x7f, 0xaf, 
    0x7f, 0xaf, 0x7f, 0xaf, 0x7f, 0xaf, 0x7f, 0xaf, 0x7f, 0xaf, 0x7f, 0xaf, 
    0x7f, 0xaf, 0x7f, 0xaf, 0x7f, 0xaf, 0x7f, 0xaf, 0x7f, 0xaf, 0x7f, 0xaf, 
    0x7f, 0xaf, 0x7f, 0xaf, 0x7f, 0xaf, 0x7f, 0xaf, 0x7f, 0xaf, 0x5f, 0xaf, 
    0x5f, 0xaf, 0x7f, 0xaf, 0x7f, 0xaf, 0x7f, 0xaf, 0x7f, 0xaf, 0x7f, 0xaf, 
    0x7f, 0xaf, 0x7f, 0xaf, 0x7f, 0xaf, 0x7f, 0xaf, 0x7f, 0xaf, 0x5f, 0xaf, 
    0x7f, 0xaf, 0x7f, 0xaf, 0x7f, 0xaf, 0x7f, 0xaf, 0x7f, 0xaf, 0x7f, 0xaf, 
    0x7f, 0xaf, 0x7f, 0xaf, 0x5f, 0xaf, 0x5f, 0xaf, 0x7f, 0xaf, 0x7f, 0xaf, 
    0x7f, 0xaf, 0x7f, 0xaf, 0x7f, 0xaf, 0x7f, 0xaf, 0x7f, 0xaf, 0x7f, 0xaf, 
    0x7f, 0xaf, 0x7f, 0xaf, 0x7f, 0xaf, 0x7f, 0xaf, 0x7f, 0xaf, 0x7f, 0xaf, 
    0x7f, 0xaf, 0x5f, 0xaf, 0x7f, 0xaf, 0x7f, 0xaf, 0x7f, 0xaf, 0x7f, 0xaf, 
    0x7f, 0xaf, 0x7f, 0xaf, 0x7f, 0xaf, 0x7f, 0xb7, 0x7f, 0xaf, 0x5f, 0xaf, 
    0x7f, 0xb7, 0x7f, 0xb7, 0x7f, 0xb7, 0x7f, 0xb7, 0x7f, 0xb7, 0x7f, 0xb7, 
    0x7f, 0xb7, 0x7f, 0xb7, 0x7f, 0xb7, 0x7e, 0xb7, 0x7f, 0xb7, 0x5f, 0xb7, 
    0x7f, 0xa7, 0x7f, 0xa7, 0x7f, 0xa7, 0x7f, 0xa7, 0x7f, 0xa7, 0x7f, 0xa7, 
    0x5f, 0xa7, 0x5f, 0xa7, 0x5f, 0xa7, 0x5f, 0xa7, 0x7f, 0xa7, 0x7f, 0xa7, 
    0x5f, 0x9f, 0x7f, 0x9f, 0x7f, 0x9f, 0x7f, 0x9f, 0x5f, 0x9f, 0x7f, 0x9f, 
    0x5f, 0x9f, 0x5f, 0x9f, 0x5f, 0x9f, 0x5f, 0x9f, 0x5f, 0x9f, 0x5f, 0x97, 
    0x3f, 0x97, 0x3f, 0x97, 0x5f, 0x97, 0x3f, 0x97, 0x3f, 0x97, 0x3e, 0x97, 
    0x3e, 0x97, 0x3f, 0x97, 0x3f, 0x97, 0x3f, 0x97, 0x3f, 0x97, 0x3f, 0x97, 
    0x3f, 0x97, 0x3f, 0x97, 0x3f, 0x97, 0x3f, 0x97, 0x3f, 0x97, 0x3f, 0x97, 
    0x3f, 0x97, 0x3f, 0x97, 0x3f, 0x97, 0x3f, 0x97, 0x3f, 0x97, 0x3f, 0x97, 
    0x3f, 0x97, 0x3f, 0x97, 0x3e, 0x8f, 0x5e, 0x97, 0x3f, 0x97, 0x3f, 0x97, 
    0x3f, 0x8f, 0x3f, 0x97, 0x3f, 0x97, 0x3f, 0x97, 0x3f, 0x97, 0x3e, 0x97, 
    0x3f, 0x97, 0x3f, 0x97, 0x5e, 0x97, 0x3f, 0x97, 0x3f, 0x97, 0x3e, 0x97, 
    0x5e, 0x97, 0x5f, 0x97, 0x3f, 0x97, 0x5f, 0x97, 0x5f, 0x97, 0x5f, 0x9f, 
    0x5f, 0x97, 0x5f, 0x9f, 0x5f, 0x97, 0x5f, 0x97, 0x5f, 0x97, 0x5f, 0x97, 
    0x5f, 0x97, 0x3f, 0x97, 0x3e, 0x97, 0x5f, 0x97, 0x3f, 0x97, 0x3f, 0x97, 
    0x5e, 0x97, 0x5e, 0x97, 0x3f, 0x97, 0x3f, 0x97, 0x3f, 0x97, 0x3f, 0x9f, 
    0x5f, 0x9f, 0x5f, 0x97, 0x5f, 0x9f, 0x5f, 0x9f, 0x5f, 0x9f, 0x5f, 0x9f, 
    0x5f, 0x9f, 0x5f, 0x9f, 0x5f, 0x9f, 0x5f, 0x9f, 0x5f, 0x9f, 0x5f, 0x9f, 
    0x5f, 0x9f, 0x5f, 0x9f, 0x5f, 0x9f, 0x5f, 0x9f, 0x5e, 0x9f, 0x5f, 0x9f, 
    0x5f, 0x9f, 0x5f, 0x9f, 0x5e, 0x9f, 0x5e, 0x9f, 0x5f, 0x9f, 0x5f, 0x9f, 
    0x5f, 0x9f, 0x7f, 0x9f, 0x5f, 0x9f, 0x5f, 0x9f, 0x5f, 0x9f, 0x5e, 0x9f, 
    0x5f, 0x9f, 0x5e, 0x9f, 0x5f, 0x9f, 0x5f, 0x9f, 0x5f, 0x9f, 0x5f, 0x9f, 
    0x5f, 0x9f, 0x5f, 0xa7, 0x5f, 0x9f, 0x5f, 0xa7, 0x5f, 0xa7, 0x5f, 0xa7, 
    0x5f, 0xa7, 0x5f, 0xa7, 0x5e, 0xa7, 0x5f, 0xa7, 0x5e, 0xa7, 0x5f, 0xa7, 
    0x5f, 0xa7, 0x5e, 0xa7, 0x5e, 0xa7, 0x5f, 0xa7, 0x5f, 0xa7, 0x5f, 0xa7, 
    0x7f, 0xa7, 0x7f, 0xaf, 0x7f, 0xaf, 0x7f, 0xa7, 0x7f, 0xaf, 0x7f, 0xaf, 
    0x7f, 0xaf, 0x7f, 0xaf, 0x7f, 0xaf, 0x9e, 0xc7, 0x9e, 0xd7, 0x9e, 0xc7, 
    0x7f, 0xaf, 0x7f, 0xaf, 0x7f, 0xaf, 0x7f, 0xaf, 0x7f, 0xaf, 0x7f, 0xaf, 
    0x7f, 0xaf, 0x7f, 0xaf, 0x7f, 0xaf, 0x7f, 0xaf, 0x7f, 0xaf, 0x7f, 0xaf, 
    0x7f, 0xaf, 0x7f, 0xaf, 0x7f, 0xaf, 0x5f, 0xaf, 0x5f, 0xaf, 0x7f, 0xaf, 
    0x7f, 0xaf, 0x7f, 0xaf, 0x7f, 0xaf, 0x7f, 0xaf, 0x7f, 0xaf, 0x7f, 0xaf, 
    0x7f, 0xaf, 0x7f, 0xaf, 0x7f, 0xaf, 0x7f, 0xaf, 0x7f, 0xaf, 0x7f, 0xaf, 
    0x7f, 0xaf, 0x7f, 0xaf, 0x7f, 0xaf, 0x7f, 0xaf, 0x7f, 0xaf, 0x7f, 0xaf, 
    0x7f, 0xaf, 0x7f, 0xaf, 0x7f, 0xaf, 0x7f, 0xaf, 0x7f, 0xaf, 0x7f, 0xaf, 
    0x7f, 0xaf, 0x7f, 0xaf, 0x7f, 0xaf, 0x5f, 0xaf, 0x7f, 0xaf, 0x7f, 0xaf, 
    0x7f, 0xaf, 0x7f, 0xaf, 0x7f, 0xaf, 0x7f, 0xaf, 0x7f, 0xaf, 0x7f, 0xaf, 
    0x7f, 0xaf, 0x7f, 0xb7, 0x7f, 0xaf, 0x7f, 0xaf, 0x7f, 0xaf, 0x7f, 0xaf, 
    0x7f, 0xaf, 0x7f, 0xaf, 0x7f, 0xaf, 0x7f, 0xaf, 0x7f, 0xaf, 0x7f, 0xaf, 
    0x7f, 0xaf, 0x7f, 0xaf, 0x7f, 0xaf, 0x7f, 0xaf, 0x5f, 0xaf, 0x7f, 0xb7, 
    0x7f, 0xb7, 0x7f, 0xb7, 0x7f, 0xb7, 0x7f, 0xb7, 0x7f, 0xb7, 0x7f, 0xb7, 
    0x7f, 0xb7, 0x7f, 0xb7, 0x5e, 0xb7, 0x7f, 0xb7, 0x7e, 0xb7, 0x7f, 0xb7, 
    0x7f, 0xaf, 0x7f, 0xa7, 0x7f, 0xaf, 0x7f, 0xa7, 0x7f, 0xa7, 0x7f, 0xa7, 
    0x5f, 0xa7, 0x7f, 0xa7, 0x7f, 0xa7, 0x7f, 0xa7, 0x5f, 0xa7, 0x7f, 0xa7, 
    0x7f, 0xa7, 0x5f, 0xa7, 0x5f, 0x9f, 0x5f, 0x9f, 0x5f, 0x9f, 0x5f, 0x9f, 
    0x5f, 0x9f, 0x5f, 0x9f, 0x5f, 0x9f, 0x5f, 0x9f, 0x5f, 0x9f, 0x5f, 0x97, 
    0x5f, 0x97, 0x3f, 0x97, 0x3f, 0x97, 0x3f, 0x97, 0x3f, 0x97, 0x3f, 0x97, 
    0x3f, 0x97, 0x3f, 0x97, 0x3f, 0x97, 0x3f, 0x97, 0x3f, 0x97, 0x3f, 0x97, 
    0x3f, 0x97, 0x3f, 0x97, 0x5f, 0x97, 0x3f, 0x97, 0x3f, 0x97, 0x3f, 0x97, 
    0x3f, 0x97, 0x3f, 0x97, 0x3f, 0x97, 0x3f, 0x97, 0x3f, 0x97, 0x3f, 0x97, 
    0x3f, 0x97, 0x3f, 0x97, 0x3f, 0x97, 0x3f, 0x97, 0x5f, 0x97, 0x3f, 0x97, 
    0x3f, 0x97, 0x3f, 0x97, 0x3f, 0x97, 0x3f, 0x97, 0x3f, 0x97, 0x3f, 0x97, 
    0x3f, 0x97, 0x3f, 0x97, 0x3f, 0x97, 0x3f, 0x97, 0x3f, 0x97, 0x3f, 0x97, 
    0x5f, 0x9f, 0x5f, 0x9f, 0x5f, 0x97, 0x5f, 0x97, 0x5f, 0x9f, 0x5f, 0x9f, 
    0x5f, 0x9f, 0x5f, 0x9f, 0x3f, 0x9f, 0x5f, 0x9f, 0x3f, 0x97, 0x5f, 0x9f, 
    0x3f, 0x97, 0x3f, 0x97, 0x3f, 0x97, 0x3f, 0x97, 0x5f, 0x97, 0x3f, 0x97, 
    0x3f, 0x97, 0x3f, 0x97, 0x3f, 0x97, 0x3f, 0x97, 0x3f, 0x9f, 0x5f, 0x9f, 
    0x3f, 0x9f, 0x3f, 0x9f, 0x5f, 0x9f, 0x5f, 0x9f, 0x5f, 0x9f, 0x5f, 0x9f, 
    0x5f, 0x9f, 0x7f, 0x9f, 0x5f, 0x9f, 0x5f, 0x9f, 0x5f, 0x9f, 0x5f, 0x9f, 
    0x5f, 0x9f, 0x5f, 0x9f, 0x5f, 0x9f, 0x5f, 0x9f, 0x5f, 0x9f, 0x5f, 0x9f, 
    0x5f, 0x9f, 0x7f, 0x9f, 0x5f, 0x9f, 0x7f, 0x9f, 0x7f, 0x9f, 0x5f, 0x9f, 
    0x7f, 0x9f, 0x7f, 0x9f, 0x5f, 0x9f, 0x5f, 0x9f, 0x5f, 0x9f, 0x5f, 0x9f, 
    0x5f, 0x9f, 0x5f, 0xa7, 0x5f, 0x9f, 0x5f, 0x9f, 0x5f, 0x9f, 0x5f, 0x9f, 
    0x5f, 0xa7, 0x5f, 0xa7, 0x7f, 0xa7, 0x5f, 0xa7, 0x5f, 0xa7, 0x5f, 0xa7, 
    0x5f, 0xa7, 0x5f, 0xa7, 0x5f, 0xa7, 0x5f, 0xa7, 0x5f, 0xa7, 0x5f, 0xa7, 
    0x5f, 0xa7, 0x5f, 0xa7, 0x5f, 0xa7, 0x7f, 0xa7, 0x7f, 0xa7, 0x5f, 0xaf, 
    0x5f, 0xaf, 0x7f, 0xaf, 0x7f, 0xaf, 0x7f, 0xaf, 0x7f, 0xaf, 0x7f, 0xaf, 
    0x7f, 0xaf, 0x7f, 0xaf, 0x7f, 0xaf, 0x7f, 0xaf, 0x7f, 0xaf, 0x9f, 0xb7, 
    0x7f, 0xaf, 0x7f, 0xaf, 0x7f, 0xaf, 0x7f, 0xaf, 0x7f, 0xaf, 0x7f, 0xaf, 
    0x7f, 0xaf, 0x7f, 0xaf, 0x7f, 0xaf, 0x7f, 0xaf, 0x7f, 0xaf, 0x7f, 0xaf, 
    0x7f, 0xaf, 0x7f, 0xaf, 0x7f, 0xaf, 0x7f, 0xaf, 0x7f, 0xaf, 0x7f, 0xaf, 
    0x7f, 0xaf, 0x7f, 0xaf, 0x7f, 0xaf, 0x7f, 0xaf, 0x7f, 0xaf, 0x7f, 0xaf, 
    0x7f, 0xaf, 0x7f, 0xaf, 0x7f, 0xaf, 0x7f, 0xaf, 0x7f, 0xb7, 0x7f, 0xaf, 
    0x7f, 0xaf, 0x7f, 0xaf, 0x7f, 0xaf, 0x7f, 0xaf, 0x7f, 0xaf, 0x7f, 0xaf, 
    0x7f, 0xaf, 0x7f, 0xaf, 0x7f, 0xaf, 0x7f, 0xb7, 0x7f, 0xaf, 0x7f, 0xaf, 
    0x7f, 0xaf, 0x7f, 0xaf, 0x7f, 0xaf, 0x7f, 0xaf, 0x7f, 0xaf, 0x7f, 0xaf, 
    0x7f, 0xaf, 0x7f, 0xaf, 0x7f, 0xaf, 0x7f, 0xaf, 0x7f, 0xaf, 0x7f, 0xaf, 
    0x7f, 0xb7, 0x7f, 0xaf, 0x7f, 0xaf, 0x7f, 0xaf, 0x7f, 0xaf, 0x7f, 0xaf, 
    0x7f, 0xaf, 0x7f, 0xaf, 0x7f, 0xaf, 0x7f, 0xaf, 0x7f, 0xaf, 0x7f, 0xaf, 
    0x7f, 0xaf, 0x7f, 0xaf, 0x7f, 0xb7, 0x7f, 0xb7, 0x7f, 0xb7, 0x7f, 0xb7, 
    0x7f, 0xb7, 0x7f, 0xb7, 0x7f, 0xb7, 0x7f, 0xb7, 0x7f, 0xb7, 0x5f, 0xb7, 
    0x7f, 0xb7, 0x5f, 0xb7, 0x7f, 0xb7, 0x5f, 0xb7, 0x7f, 0xb7, 0x5f, 0xb7, 
    0x7f, 0xb7, 0x7f, 0xb7, 0x7f, 0xaf, 0x7f, 0xaf, 0x7f, 0xaf, 0x7f, 0xaf, 
    0x7f, 0xa7, 0x7f, 0xa7, 0x7f, 0xa7, 0x7f, 0xa7, 0x7f, 0xa7, 0x5f, 0xa7, 
    0x5f, 0xa7, 0x5f, 0xa7, 0x7f, 0x9f, 0x5f, 0x9f, 0x5f, 0x9f, 0x5f, 0x9f, 
    0x5f, 0x9f, 0x5f, 0x9f, 0x5f, 0x9f, 0x5f, 0x9f, 0x5f, 0x9f, 0x5f, 0x97, 
    0x3f, 0x97, 0x3f, 0x97, 0x3f, 0x97, 0x3f, 0x97, 0x3f, 0x97, 0x3e, 0x97, 
    0x3f, 0x97, 0x3e, 0x97, 0x3f, 0x97, 0x3f, 0x97, 0x3f, 0x97, 0x3f, 0x97, 
    0x3f, 0x97, 0x3f, 0x97, 0x3f, 0x97, 0x3f, 0x97, 0x3f, 0x97, 0x3f, 0x97, 
    0x3f, 0x97, 0x3f, 0x97, 0x3f, 0x97, 0x3f, 0x97, 0x3f, 0x97, 0x3f, 0x97, 
    0x5f, 0x97, 0x3f, 0x97, 0x5f, 0x97, 0x3f, 0x97, 0x5f, 0x97, 0x3f, 0x97, 
    0x5f, 0x97, 0x3f, 0x97, 0x3f, 0x97, 0x3f, 0x97, 0x3e, 0x97, 0x3f, 0x97, 
    0x3f, 0x97, 0x3f, 0x97, 0x3f, 0x97, 0x5f, 0x97, 0x5f, 0x97, 0x5f, 0x97, 
    0x5f, 0x97, 0x5f, 0x9f, 0x5f, 0x9f, 0x5f, 0x9f, 0x5f, 0x9f, 0x5f, 0x9f, 
    0x5f, 0x9f, 0x5f, 0x9f, 0x5f, 0x9f, 0x5f, 0x9f, 0x5f, 0x9f, 0x5f, 0x9f, 
    0x5f, 0x9f, 0x3f, 0x9f, 0x5f, 0x9f, 0x3f, 0x9f, 0x3f, 0x9f, 0x3f, 0x9f, 
    0x5e, 0x9f, 0x3f, 0x97, 0x3f, 0x9f, 0x5f, 0x9f, 0x5e, 0x9f, 0x5f, 0x9f, 
    0x5f, 0x9f, 0x5f, 0x9f, 0x5f, 0x9f, 0x5f, 0x9f, 0x5f, 0x9f, 0x5f, 0x9f, 
    0x5f, 0x9f, 0x5f, 0x9f, 0x5f, 0x9f, 0x5f, 0xa7, 0x5f, 0x9f, 0x5f, 0xa7, 
    0x5f, 0xa7, 0x5e, 0x9f, 0x5f, 0x9f, 0x5f, 0x9f, 0x5f, 0x9f, 0x5f, 0x9f, 
    0x7f, 0x9f, 0x7f, 0xa7, 0x7f, 0xa7, 0x7f, 0xa7, 0x7f, 0xa7, 0x7f, 0xa7, 
    0x7f, 0xa7, 0x7f, 0xa7, 0x7f, 0xa7, 0x5f, 0xa7, 0x7f, 0xa7, 0x5f, 0x9f, 
    0x5f, 0xa7, 0x5f, 0xa7, 0x7f, 0xa7, 0x7f, 0xa7, 0x7f, 0xa7, 0x5f, 0xa7, 
    0x5f, 0xa7, 0x5f, 0xa7, 0x7f, 0xa7, 0x7f, 0xa7, 0x5f, 0xa7, 0x7f, 0xaf, 
    0x5f, 0xa7, 0x5f, 0xa7, 0x5f, 0xa7, 0x7f, 0xaf, 0x5f, 0xaf, 0x5e, 0xaf, 
    0x7f, 0xaf, 0x7e, 0xaf, 0x7f, 0xaf, 0x7f, 0xa7, 0x7f, 0xaf, 0x7f, 0xaf, 
    0x5f, 0xaf, 0x7f, 0xaf, 0x7f, 0xaf, 0x7f, 0xaf, 0x7f, 0xaf, 0x7f, 0xaf, 
    0x7f, 0xaf, 0x7f, 0xaf, 0x9f, 0xaf, 0x7f, 0xaf, 0x9f, 0xaf, 0x9f, 0xaf, 
    0x7f, 0xaf, 0x7f, 0xaf, 0x9f, 0xaf, 0x7f, 0xaf, 0x7f, 0xaf, 0x7f, 0xaf, 
    0x7f, 0xaf, 0x7f, 0xaf, 0x7f, 0xaf, 0x7f, 0xaf, 0x7f, 0xaf, 0x7f, 0xaf, 
    0x7f, 0xaf, 0x7f, 0xaf, 0x7f, 0xaf, 0x7f, 0xaf, 0x7f, 0xaf, 0x7f, 0xaf, 
    0x7f, 0xaf, 0x7f, 0xaf, 0x7f, 0xaf, 0x7f, 0xaf, 0x7f, 0xaf, 0x7f, 0xaf, 
    0x7f, 0xb7, 0x7f, 0xb7, 0x7f, 0xaf, 0x7f, 0xaf, 0x7f, 0xaf, 0x7f, 0xaf, 
    0x7f, 0xaf, 0x7f, 0xaf, 0x7f, 0xaf, 0x7f, 0xaf, 0x7f, 0xaf, 0x7f, 0xaf, 
    0x7f, 0xaf, 0x7f, 0xaf, 0x7f, 0xaf, 0x7f, 0xaf, 0x7f, 0xb7, 0x7f, 0xaf, 
    0x7f, 0xb7, 0x5f, 0xaf, 0x7f, 0xaf, 0x7f, 0xb7, 0x7f, 0xaf, 0x7f, 0xb7, 
    0x7f, 0xb7, 0x7f, 0xb7, 0x7f, 0xb7, 0x7f, 0xaf, 0x7f, 0xb7, 0x7f, 0xb7, 
    0x7f, 0xb7, 0x7f, 0xb7, 0x7f, 0xb7, 0x7f, 0xaf, 0x7f, 0xb7, 0x7f, 0xaf, 
    0x7f, 0xaf, 0x7f, 0xaf, 0x7f, 0xaf, 0x7f, 0xaf, 0x7f, 0xaf, 0x7f, 0xaf, 
    0x7f, 0xaf, 0x7f, 0xb7, 0x7f, 0xb7, 0x7f, 0xb7, 0x7f, 0xb7, 0x7f, 0xb7, 
    0x7f, 0xb7, 0x7f, 0xb7, 0x7f, 0xb7, 0x7f, 0xb7, 0x7e, 0xb7, 0x7f, 0xb7, 
    0x7f, 0xb7, 0x7f, 0xb7, 0x7e, 0xb7, 0x7f, 0xb7, 0x7f, 0xb7, 0x7f, 0xb7, 
    0xdd, 0xf7, 0x7c, 0xdf, 0x7f, 0xbf, 0x7f, 0xb7, 0x7f, 0xaf, 0x7f, 0xaf, 
    0x7f, 0xaf, 0x7f, 0xa7, 0x7f, 0xa7, 0x7f, 0xa7, 0x7f, 0xa7, 0x5f, 0xa7, 
    0x7f, 0xa7, 0x5f, 0xa7, 0x5f, 0x9f, 0x5f, 0x9f, 0x5f, 0x9f, 0x5f, 0x9f, 
    0x5f, 0x9f, 0x5f, 0x9f, 0x5f, 0x9f, 0x5f, 0x9f, 0x5f, 0x97, 0x3f, 0x97, 
    0x3f, 0x97, 0x3f, 0x97, 0x3f, 0x97, 0x3f, 0x97, 0x3f, 0x97, 0x3f, 0x97, 
    0x3f, 0x97, 0x3f, 0x97, 0x3f, 0x97, 0x3f, 0x97, 0x3f, 0x97, 0x3f, 0x97, 
    0x5f, 0x97, 0x3f, 0x97, 0x5f, 0x97, 0x3f, 0x97, 0x3f, 0x97, 0x3f, 0x97, 
    0x5f, 0x97, 0x3f, 0x97, 0x3f, 0x97, 0x3f, 0x97, 0x3f, 0x97, 0x5f, 0x97, 
    0x5f, 0x9f, 0x5f, 0x97, 0x5f, 0x97, 0x5f, 0x97, 0x3f, 0x97, 0x5f, 0x97, 
    0x3f, 0x97, 0x3f, 0x97, 0x5f, 0x97, 0x3f, 0x97, 0x3f, 0x97, 0x3f, 0x97, 
    0x3f, 0x97, 0x5f, 0x97, 0x5f, 0x97, 0x3f, 0x97, 0x5f, 0x97, 0x5f, 0x97, 
    0x5f, 0x9f, 0x5f, 0x9f, 0x5f, 0x9f, 0x5f, 0x9f, 0x5f, 0x9f, 0x5f, 0x9f, 
    0x5f, 0x9f, 0x5f, 0x9f, 0x5f, 0x9f, 0x5f, 0x9f, 0x5f, 0x9f, 0x5f, 0x9f, 
    0x5f, 0x9f, 0x5f, 0x9f, 0x3f, 0x9f, 0x3f, 0x9f, 0x3f, 0x9f, 0x3f, 0x9f, 
    0x3f, 0x9f, 0x3f, 0x97, 0x5e, 0x9f, 0x5f, 0x9f, 0x5f, 0x9f, 0x5e, 0x9f, 
    0x5f, 0x9f, 0x5f, 0x9f, 0x5f, 0x9f, 0x5f, 0x9f, 0x5f, 0x9f, 0x5f, 0x9f, 
    0x5f, 0x9f, 0x5f, 0x9f, 0x5f, 0xa7, 0x5f, 0xa7, 0x5f, 0xa7, 0x5e, 0xa7, 
    0x5f, 0xa7, 0x5f, 0xa7, 0x5f, 0xa7, 0x5f, 0xa7, 0x5f, 0xa7, 0x7f, 0xa7, 
    0x5f, 0xa7, 0x7f, 0xa7, 0x7f, 0xa7, 0x7f, 0xa7, 0x7f, 0xa7, 0x7f, 0xa7, 
    0x7f, 0xa7, 0x7f, 0xa7, 0x7f, 0xa7, 0x7f, 0xa7, 0x5f, 0xa7, 0x5f, 0xa7, 
    0x7f, 0xa7, 0x7f, 0xa7, 0x5f, 0xa7, 0x7f, 0xa7, 0x5f, 0xa7, 0x7f, 0xa7, 
    0x5f, 0xa7, 0x7f, 0xa7, 0x7f, 0xa7, 0x7f, 0xa7, 0x7f, 0xa7, 0x5f, 0xaf, 
    0x5f, 0xaf, 0x7f, 0xaf, 0x7f, 0xaf, 0x7f, 0xaf, 0x7f, 0xaf, 0x7f, 0xaf, 
    0x7f, 0xaf, 0x5f, 0xaf, 0x7f, 0xaf, 0x5f, 0xaf, 0x7f, 0xaf, 0x7f, 0xaf, 
    0x7f, 0xaf, 0x7f, 0xaf, 0x7f, 0xaf, 0x7f, 0xaf, 0x7f, 0xaf, 0x7f, 0xaf, 
    0x7f, 0xaf, 0x7f, 0xaf, 0x7f, 0xaf, 0x7f, 0xaf, 0x7f, 0xaf, 0x9f, 0xaf, 
    0x7f, 0xaf, 0x7f, 0xaf, 0x7f, 0xaf, 0x7f, 0xaf, 0x7f, 0xaf, 0x7f, 0xaf, 
    0x7f, 0xaf, 0x7f, 0xaf, 0x7f, 0xaf, 0x7f, 0xaf, 0x7f, 0xaf, 0x7f, 0xaf, 
    0x7f, 0xaf, 0x7f, 0xaf, 0x7f, 0xaf, 0x7f, 0xaf, 0x7f, 0xaf, 0x7f, 0xaf, 
    0x7f, 0xaf, 0x7f, 0xaf, 0x7f, 0xaf, 0x7f, 0xaf, 0x7f, 0xaf, 0x7f, 0xaf, 
    0x7f, 0xaf, 0x7f, 0xaf, 0x7f, 0xaf, 0x7f, 0xb7, 0x7f, 0xaf, 0x7f, 0xaf, 
    0x7f, 0xaf, 0x7f, 0xaf, 0x7f, 0xb7, 0x7f, 0xaf, 0x9f, 0xaf, 0x7f, 0xaf, 
    0x7f, 0xaf, 0x7f, 0xb7, 0x7f, 0xb7, 0x7f, 0xb7, 0x7f, 0xb7, 0x7f, 0xb7, 
    0x7f, 0xb7, 0x7f, 0xb7, 0x7f, 0xaf, 0x7f, 0xb7, 0x7f, 0xb7, 0x7f, 0xb7, 
    0x7f, 0xb7, 0x7f, 0xb7, 0x7f, 0xb7, 0x7f, 0xb7, 0x7f, 0xb7, 0x7f, 0xb7, 
    0x7f, 0xaf, 0x7f, 0xb7, 0x7f, 0xb7, 0x7f, 0xb7, 0x7f, 0xb7, 0x7f, 0xb7, 
    0x7f, 0xaf, 0x7f, 0xaf, 0x7f, 0xb7, 0x7f, 0xaf, 0x7f, 0xaf, 0x7f, 0xb7, 
    0x7f, 0xaf, 0x7f, 0xb7, 0x7f, 0xb7, 0x7f, 0xb7, 0x7f, 0xb7, 0x7f, 0xb7, 
    0x7f, 0xb7, 0x7f, 0xb7, 0x7f, 0xb7, 0x7f, 0xb7, 0x7f, 0xb7, 0x7f, 0xb7, 
    0x7f, 0xb7, 0x5f, 0xb7, 0x7f, 0xb7, 0x7f, 0xb7, 0x7f, 0xb7, 0x7e, 0xb7, 
    0xff, 0xff, 0xff, 0xff, 0xdd, 0xf7, 0x7d, 0xd7, 0x9f, 0xbf, 0x7f, 0xb7, 
    0x7f, 0xaf, 0x7f, 0xaf, 0x7f, 0xaf, 0x7f, 0xaf, 0x7f, 0xa7, 0x7f, 0xa7, 
    0x5f, 0xa7, 0x7f, 0xa7, 0x7f, 0xa7, 0x7f, 0x9f, 0x5f, 0x9f, 0x5f, 0x9f, 
    0x5f, 0x9f, 0x5f, 0x9f, 0x5f, 0x9f, 0x5f, 0x9f, 0x5f, 0x9f, 0x5f, 0x9f, 
    0x3f, 0x97, 0x3f, 0x97, 0x3f, 0x97, 0x3f, 0x97, 0x3f, 0x97, 0x3f, 0x97, 
    0x3f, 0x97, 0x3f, 0x97, 0x5f, 0x97, 0x5f, 0x97, 0x3f, 0x97, 0x5f, 0x97, 
    0x5f, 0x97, 0x5f, 0x97, 0x5f, 0x97, 0x5f, 0x97, 0x5f, 0x97, 0x5f, 0x97, 
    0x3f, 0x97, 0x5f, 0x97, 0x5f, 0x97, 0x5f, 0x97, 0x5f, 0x9f, 0x3f, 0x9f, 
    0x5f, 0x9f, 0x5f, 0x9f, 0x5f, 0x97, 0x5f, 0x97, 0x5f, 0x97, 0x5f, 0x97, 
    0x3f, 0x97, 0x5f, 0x97, 0x5f, 0x97, 0x3f, 0x97, 0x3f, 0x97, 0x5f, 0x97, 
    0x3f, 0x97, 0x5f, 0x97, 0x5f, 0x97, 0x5f, 0x97, 0x5f, 0x97, 0x5f, 0x9f, 
    0x5f, 0x9f, 0x5f, 0x9f, 0x5f, 0x9f, 0x5f, 0x9f, 0x5f, 0x9f, 0x5f, 0x9f, 
    0x5f, 0x9f, 0x5f, 0x9f, 0x5f, 0x9f, 0x5f, 0x9f, 0x5f, 0x9f, 0x5f, 0x9f, 
    0x5f, 0x9f, 0x5f, 0x9f, 0x5f, 0x9f, 0x3f, 0x9f, 0x3f, 0x9f, 0x5f, 0x9f, 
    0x5e, 0x9f, 0x5f, 0x9f, 0x5f, 0x9f, 0x5f, 0x9f, 0x5f, 0x9f, 0x5f, 0x9f, 
    0x5f, 0x9f, 0x5f, 0x9f, 0x5f, 0x9f, 0x5f, 0x9f, 0x5f, 0x9f, 0x5f, 0x9f, 
    0x5f, 0x9f, 0x5f, 0xa7, 0x5f, 0xa7, 0x5f, 0xa7, 0x5f, 0xa7, 0x5f, 0xa7, 
    0x5f, 0xa7, 0x5f, 0xa7, 0x5f, 0xa7, 0x5f, 0xa7, 0x7f, 0xa7, 0x7f, 0xa7, 
    0x7f, 0xa7, 0x7f, 0xa7, 0x7f, 0xa7, 0x7f, 0xa7, 0x7f, 0xa7, 0x7f, 0xa7, 
    0x7f, 0xa7, 0x7f, 0xa7, 0x7f, 0xa7, 0x7f, 0xa7, 0x7f, 0xa7, 0x7f, 0xa7, 
    0x7f, 0xa7, 0x7f, 0xa7, 0x7f, 0xa7, 0x7f, 0xa7, 0x7f, 0xa7, 0x7f, 0xa7, 
    0x7f, 0xa7, 0x7f, 0xa7, 0x7f, 0xa7, 0x7f, 0xa7, 0x7f, 0xaf, 0x7f, 0xaf, 
    0x7f, 0xaf, 0x7f, 0xaf, 0x7f, 0xaf, 0x7f, 0xaf, 0x7f, 0xaf, 0x7f, 0xaf, 
    0x7f, 0xaf, 0x7f, 0xaf, 0x7f, 0xaf, 0x7f, 0xaf, 0x7f, 0xaf, 0x7f, 0xaf, 
    0x7f, 0xaf, 0x7f, 0xaf, 0x7f, 0xaf, 0x7f, 0xaf, 0x7f, 0xaf, 0x7f, 0xaf, 
    0x7f, 0xaf, 0x7f, 0xaf, 0x9f, 0xaf, 0x9f, 0xaf, 0x7f, 0xaf, 0x9f, 0xaf, 
    0x9f, 0xaf, 0x7f, 0xaf, 0x7f, 0xaf, 0x7f, 0xaf, 0x7f, 0xaf, 0x7f, 0xaf, 
    0x7f, 0xaf, 0x7f, 0xaf, 0x7f, 0xaf, 0x7f, 0xaf, 0x7f, 0xaf, 0x7f, 0xaf, 
    0x7f, 0xaf, 0x7f, 0xaf, 0x9f, 0xb7, 0x7f, 0xaf, 0x7f, 0xaf, 0x7f, 0xb7, 
    0x7f, 0xaf, 0x7f, 0xaf, 0x7f, 0xaf, 0x7f, 0xaf, 0x7f, 0xaf, 0x7f, 0xaf, 
    0x7f, 0xaf, 0x7f, 0xaf, 0x7f, 0xb7, 0x7f, 0xaf, 0x7f, 0xaf, 0x7f, 0xaf, 
    0x7f, 0xaf, 0x7f, 0xb7, 0x7f, 0xb7, 0x9f, 0xaf, 0x7f, 0xb7, 0x7f, 0xb7, 
    0x7f, 0xb7, 0x7f, 0xb7, 0x7f, 0xb7, 0x7f, 0xb7, 0x7f, 0xb7, 0x7f, 0xb7, 
    0x7f, 0xb7, 0x7f, 0xb7, 0x7f, 0xb7, 0x7f, 0xb7, 0x7f, 0xb7, 0x7f, 0xb7, 
    0x7f, 0xb7, 0x7f, 0xb7, 0x7f, 0xb7, 0x7f, 0xb7, 0x9f, 0xb7, 0x7f, 0xb7, 
    0x7f, 0xb7, 0x9f, 0xb7, 0x7f, 0xb7, 0x7f, 0xb7, 0x7f, 0xb7, 0x7f, 0xb7, 
    0x7f, 0xb7, 0x7f, 0xb7, 0x7f, 0xb7, 0x7f, 0xb7, 0x7f, 0xb7, 0x7f, 0xb7, 
    0x7f, 0xb7, 0x7f, 0xb7, 0x7f, 0xb7, 0x7f, 0xb7, 0x7f, 0xb7, 0x7f, 0xb7, 
    0x7f, 0xb7, 0x7f, 0xb7, 0x7f, 0xb7, 0x7f, 0xb7, 0x7f, 0xb7, 0x7f, 0xb7, 
    0x7f, 0xb7, 0x7f, 0xb7, 0x7f, 0xb7, 0x7f, 0xb7, 0x7f, 0xb7, 0x7f, 0xb7, 
    0xff, 0xff, 0xff, 0xff, 0xff, 0xff, 0xfe, 0xff, 0x9d, 0xe7, 0x9f, 0xc7, 
    0x9f, 0xb7, 0x7f, 0xaf, 0x7f, 0xaf, 0x7f, 0xaf, 0x7f, 0xa7, 0x7f, 0xa7, 
    0x7f, 0xa7, 0x7f, 0xa7, 0x7f, 0xa7, 0x7f, 0xa7, 0x5f, 0x9f, 0x5f, 0x9f, 
    0x5f, 0x9f, 0x5f, 0x9f, 0x5f, 0x9f, 0x5f, 0x9f, 0x5f, 0x9f, 0x5f, 0x9f, 
    0x3f, 0x9f, 0x3f, 0x97, 0x3f, 0x97, 0x3f, 0x97, 0x3f, 0x97, 0x3f, 0x97, 
    0x3f, 0x97, 0x5e, 0x97, 0x3f, 0x97, 0x5f, 0x97, 0x5f, 0x97, 0x5f, 0x97, 
    0x5f, 0x97, 0x5f, 0x97, 0x5f, 0x97, 0x5f, 0x97, 0x5f, 0x97, 0x5f, 0x97, 
    0x5f, 0x97, 0x5f, 0x97, 0x5f, 0x97, 0x5f, 0x9f, 0x5f, 0x9f, 0x5f, 0x9f, 
    0x5f, 0x9f, 0x5f, 0x97, 0x5f, 0x9f, 0x5f, 0x97, 0x5f, 0x9f, 0x5f, 0x97, 
    0x5f, 0x97, 0x5f, 0x97, 0x5f, 0x97, 0x5f, 0x97, 0x3f, 0x97, 0x5f, 0x97, 
    0x5f, 0x97, 0x5f, 0x97, 0x5f, 0x9f, 0x5f, 0x9f, 0x5f, 0x9f, 0x5e, 0x9f, 
    0x5f, 0x9f, 0x5f, 0x9f, 0x5f, 0x9f, 0x5f, 0x9f, 0x5f, 0x9f, 0x5f, 0x9f, 
    0x7f, 0x9f, 0x5f, 0x9f, 0x5f, 0x9f, 0x5f, 0x9f, 0x5f, 0x9f, 0x5f, 0x9f, 
    0x5f, 0x9f, 0x5f, 0x9f, 0x5f, 0x9f, 0x5f, 0x9f, 0x3f, 0x9f, 0x5f, 0x9f, 
    0x5f, 0x9f, 0x5f, 0x9f, 0x5f, 0x9f, 0x5f, 0x9f, 0x5f, 0x9f, 0x5f, 0xa7, 
    0x5f, 0xa7, 0x5f, 0xa7, 0x5f, 0x9f, 0x5f, 0xa7, 0x5f, 0xa7, 0x5f, 0xa7, 
    0x5f, 0xa7, 0x5f, 0xa7, 0x5f, 0xa7, 0x5f, 0xa7, 0x5f, 0xa7, 0x5f, 0xa7, 
    0x5f, 0xa7, 0x5f, 0xa7, 0x5f, 0xa7, 0x7f, 0xa7, 0x7f, 0xa7, 0x7f, 0xa7, 
    0x7f, 0xa7, 0x7f, 0xa7, 0x7f, 0xa7, 0x7f, 0xa7, 0x7f, 0xa7, 0x7f, 0xa7, 
    0x7f, 0xa7, 0x7f, 0xa7, 0x7f, 0xa7, 0x7f, 0xa7, 0x7f, 0xa7, 0x7f, 0xa7, 
    0x7f, 0xaf, 0x7f, 0xaf, 0x7f, 0xaf, 0x7f, 0xaf, 0x7f, 0xaf, 0x7f, 0xaf, 
    0x7f, 0xaf, 0x7f, 0xaf, 0x7f, 0xaf, 0x7f, 0xaf, 0x7f, 0xaf, 0x7f, 0xaf, 
    0x7f, 0xaf, 0x7f, 0xaf, 0x7f, 0xaf, 0x7f, 0xaf, 0x7f, 0xaf, 0x7f, 0xaf, 
    0x7f, 0xaf, 0x7f, 0xaf, 0x7f, 0xaf, 0x7f, 0xaf, 0x7f, 0xaf, 0x7f, 0xaf, 
    0x7f, 0xaf, 0x7f, 0xaf, 0x9f, 0xaf, 0x7f, 0xaf, 0x7f, 0xaf, 0x7f, 0xaf, 
    0x9f, 0xaf, 0x9f, 0xb7, 0x9f, 0xaf, 0x9f, 0xaf, 0x9f, 0xb7, 0x9f, 0xaf, 
    0x7f, 0xaf, 0x7f, 0xaf, 0x7f, 0xaf, 0x7f, 0xaf, 0x7f, 0xaf, 0x7f, 0xaf, 
    0x7f, 0xaf, 0x7f, 0xaf, 0x7f, 0xaf, 0x7f, 0xaf, 0x7f, 0xb7, 0x7f, 0xaf, 
    0x7f, 0xb7, 0x7f, 0xaf, 0x7f, 0xaf, 0x7f, 0xaf, 0x7f, 0xb7, 0x7f, 0xb7, 
    0x7f, 0xaf, 0x7f, 0xaf, 0x7f, 0xaf, 0x7f, 0xaf, 0x7f, 0xaf, 0x7f, 0xaf, 
    0x7f, 0xaf, 0x7f, 0xaf, 0x7f, 0xb7, 0x7f, 0xaf, 0x7f, 0xaf, 0x7f, 0xb7, 
    0x7f, 0xb7, 0x7f, 0xb7, 0x7f, 0xb7, 0x7f, 0xb7, 0x7f, 0xb7, 0x7f, 0xb7, 
    0x7f, 0xb7, 0x7f, 0xb7, 0x7f, 0xb7, 0x7f, 0xb7, 0x7f, 0xb7, 0x7f, 0xb7, 
    0x7f, 0xb7, 0x7f, 0xb7, 0x7f, 0xb7, 0x7f, 0xb7, 0x7f, 0xb7, 0x7f, 0xb7, 
    0x7f, 0xb7, 0x9f, 0xb7, 0x7f, 0xb7, 0x7f, 0xb7, 0x9f, 0xb7, 0x9f, 0xb7, 
    0x9f, 0xb7, 0x9f, 0xb7, 0x7f, 0xb7, 0x9f, 0xb7, 0x9f, 0xb7, 0x7f, 0xb7, 
    0x9f, 0xb7, 0x7f, 0xb7, 0x7f, 0xb7, 0x7f, 0xb7, 0x7f, 0xb7, 0x7f, 0xb7, 
    0x7f, 0xb7, 0x7f, 0xb7, 0x7f, 0xb7, 0x7f, 0xb7, 0x7f, 0xb7, 0x7f, 0xb7, 
    0x7f, 0xb7, 0x7f, 0xb7, 0x7f, 0xb7, 0x7f, 0xb7, 0x7f, 0xb7, 0x7f, 0xb7, 
    0x7f, 0xb7, 0x7e, 0xb7, 0x7f, 0xb7, 0x7f, 0xb7, 0x7f, 0xb7, 0x7e, 0xb7, 
    0xff, 0xff, 0xff, 0xff, 0xff, 0xff, 0xff, 0xff, 0xff, 0xff, 0xdd, 0xf7, 
    0x7e, 0xc7, 0x9f, 0xb7, 0x7f, 0xaf, 0x7f, 0xaf, 0x7f, 0xaf, 0x7f, 0xa7, 
    0x7f, 0xa7, 0x7f, 0xa7, 0x7f, 0xa7, 0x5f, 0xa7, 0x5f, 0x9f, 0x5f, 0x9f, 
    0x5f, 0x9f, 0x5f, 0x9f, 0x5f, 0x9f, 0x5f, 0x9f, 0x5f, 0x9f, 0x5f, 0x9f, 
    0x3f, 0x9f, 0x5f, 0x9f, 0x3f, 0x97, 0x3f, 0x97, 0x3f, 0x97, 0x3f, 0x97, 
    0x3f, 0x97, 0x3f, 0x97, 0x5f, 0x9f, 0x5f, 0x97, 0x5f, 0x97, 0x5f, 0x97, 
    0x5f, 0x97, 0x5f, 0x97, 0x5f, 0x97, 0x5f, 0x97, 0x5f, 0x97, 0x5f, 0x97, 
    0x5f, 0x97, 0x5f, 0x97, 0x5f, 0x9f, 0x5f, 0x9f, 0x5f, 0x9f, 0x5f, 0x9f, 
    0x5f, 0x9f, 0x5f, 0x9f, 0x5f, 0x9f, 0x5f, 0x9f, 0x5f, 0x9f, 0x5f, 0x9f, 
    0x5f, 0x9f, 0x5f, 0x9f, 0x5f, 0x9f, 0x5f, 0x9f, 0x5f, 0x9f, 0x5f, 0x97, 
    0x5f, 0x9f, 0x5f, 0x97, 0x5f, 0x9f, 0x5f, 0x9f, 0x5f, 0x9f, 0x5f, 0x9f, 
    0x5f, 0x9f, 0x5f, 0x9f, 0x5f, 0x9f, 0x5f, 0x9f, 0x5f, 0x9f, 0x5f, 0x9f, 
    0x5f, 0xa7, 0x7f, 0xa7, 0x5f, 0x9f, 0x5f, 0x9f, 0x5f, 0x9f, 0x5f, 0xa7, 
    0x5f, 0xa7, 0x5f, 0xa7, 0x5f, 0xa7, 0x5f, 0xa7, 0x5f, 0xa7, 0x5f, 0x9f, 
    0x5f, 0x9f, 0x5f, 0x9f, 0x7f, 0xa7, 0x5f, 0xa7, 0x5f, 0xa7, 0x5f, 0xa7, 
    0x5f, 0xa7, 0x5f, 0xa7, 0x5f, 0xa7, 0x5f, 0xa7, 0x5f, 0xa7, 0x5f, 0xa7, 
    0x5f, 0xa7, 0x5f, 0xa7, 0x5f, 0xa7, 0x7f, 0xa7, 0x7f, 0xa7, 0x7f, 0xa7, 
    0x5f, 0xa7, 0x7f, 0xa7, 0x5f, 0xa7, 0x7f, 0xa7, 0x5f, 0xa7, 0x7f, 0xaf, 
    0x7f, 0xa7, 0x7f, 0xa7, 0x7f, 0xa7, 0x7f, 0xa7, 0x7f, 0xa7, 0x7f, 0xa7, 
    0x7f, 0xa7, 0x7f, 0xa7, 0x7f, 0xa7, 0x7f, 0xa7, 0x7f, 0xa7, 0x7f, 0xa7, 
    0x7f, 0xa7, 0x7f, 0xaf, 0x7f, 0xaf, 0x7f, 0xaf, 0x7f, 0xaf, 0x7f, 0xaf, 
    0x7f, 0xaf, 0x7f, 0xaf, 0x7f, 0xaf, 0x7f, 0xaf, 0x7f, 0xaf, 0x7f, 0xaf, 
    0x7f, 0xaf, 0x7f, 0xaf, 0x7f, 0xaf, 0x7f, 0xaf, 0x7f, 0xaf, 0x7f, 0xaf, 
    0x7f, 0xaf, 0x7f, 0xaf, 0x7f, 0xaf, 0x7f, 0xaf, 0x7f, 0xaf, 0x7f, 0xaf, 
    0x7f, 0xaf, 0x7f, 0xaf, 0x7f, 0xaf, 0x7f, 0xaf, 0x7f, 0xaf, 0x7f, 0xaf, 
    0x9f, 0xb7, 0x9f, 0xb7, 0x9f, 0xb7, 0x9f, 0xb7, 0x9f, 0xb7, 0x9f, 0xaf, 
    0x9f, 0xaf, 0x7f, 0xaf, 0x9f, 0xaf, 0x7f, 0xaf, 0x7f, 0xaf, 0x7f, 0xaf, 
    0x7f, 0xaf, 0x7f, 0xaf, 0x7f, 0xb7, 0x7f, 0xb7, 0x7f, 0xb7, 0x7f, 0xb7, 
    0x7f, 0xb7, 0x7f, 0xb7, 0x7f, 0xb7, 0x7f, 0xb7, 0x7f, 0xb7, 0x7f, 0xb7, 
    0x7f, 0xb7, 0x7f, 0xb7, 0x7f, 0xaf, 0x7f, 0xaf, 0x7f, 0xaf, 0x7f, 0xb7, 
    0x7f, 0xb7, 0x7f, 0xaf, 0x7f, 0xaf, 0x7f, 0xb7, 0x7f, 0xb7, 0x7f, 0xb7, 
    0x7f, 0xb7, 0x7f, 0xb7, 0x7f, 0xb7, 0x7f, 0xb7, 0x7f, 0xb7, 0x7f, 0xb7, 
    0x7f, 0xb7, 0x7f, 0xb7, 0x7f, 0xb7, 0x9f, 0xb7, 0x7f, 0xb7, 0x7f, 0xb7, 
    0x7f, 0xb7, 0x7f, 0xb7, 0x7f, 0xb7, 0x7f, 0xb7, 0x7f, 0xb7, 0x7f, 0xb7, 
    0x7f, 0xb7, 0x9f, 0xb7, 0x9f, 0xb7, 0x9f, 0xb7, 0x7f, 0xb7, 0x9f, 0xb7, 
    0x9f, 0xb7, 0x9f, 0xb7, 0x9f, 0xb7, 0x9f, 0xb7, 0x9f, 0xb7, 0x9f, 0xb7, 
    0x7f, 0xb7, 0x7f, 0xb7, 0x7f, 0xb7, 0x7f, 0xb7, 0x7f, 0xb7, 0x7f, 0xb7, 
    0x7f, 0xb7, 0x7f, 0xb7, 0x7f, 0xb7, 0x7f, 0xb7, 0x7f, 0xb7, 0x7f, 0xb7, 
    0x7f, 0xb7, 0x7f, 0xb7, 0x7f, 0xb7, 0x7f, 0xb7, 0x7f, 0xb7, 0x7f, 0xb7, 
    0x7f, 0xb7, 0x7f, 0xbf, 0x7f, 0xbf, 0x7f, 0xb7, 0x7f, 0xbf, 0x7f, 0xbf, 
    0xff, 0xff, 0xff, 0xff, 0xff, 0xff, 0xff, 0xff, 0xff, 0xff, 0xff, 0xff, 
    0xdd, 0xf7, 0x7d, 0xcf, 0x7f, 0xb7, 0x7f, 0xaf, 0x7f, 0xaf, 0x7f, 0xaf, 
    0x7f, 0xa7, 0x7f, 0xa7, 0x7f, 0xa7, 0x5f, 0xa7, 0x5f, 0xa7, 0x5f, 0xa7, 
    0x5f, 0xa7, 0x5f, 0x9f, 0x5f, 0x9f, 0x5f, 0x9f, 0x5f, 0x9f, 0x5f, 0x9f, 
    0x5f, 0x9f, 0x5f, 0x9f, 0x3f, 0x9f, 0x5f, 0x9f, 0x5f, 0x97, 0x3f, 0x97, 
    0x5f, 0x9f, 0x5f, 0x97, 0x5f, 0x9f, 0x5f, 0x97, 0x5f, 0x97, 0x5f, 0x97, 
    0x5f, 0x97, 0x5f, 0x9f, 0x5f, 0x97, 0x5f, 0x97, 0x5f, 0x97, 0x5f, 0x97, 
    0x5f, 0x97, 0x5f, 0x9f, 0x5f, 0x97, 0x5f, 0x9f, 0x5f, 0x9f, 0x5f, 0x9f, 
    0x5f, 0x9f, 0x5f, 0x9f, 0x5f, 0x9f, 0x5f, 0x9f, 0x5f, 0x9f, 0x5f, 0x9f, 
    0x5f, 0x9f, 0x5f, 0x9f, 0x5f, 0x9f, 0x5f, 0x9f, 0x5f, 0x9f, 0x5f, 0x9f, 
    0x5f, 0x9f, 0x5f, 0x9f, 0x5f, 0x9f, 0x5f, 0x9f, 0x7f, 0x9f, 0x5f, 0x9f, 
    0x5f, 0x9f, 0x5f, 0x9f, 0x5f, 0x9f, 0x7f, 0x9f, 0x5f, 0x9f, 0x7f, 0xa7, 
    0x7f, 0xa7, 0x5f, 0xa7, 0x7f, 0xa7, 0x7f, 0xa7, 0x7f, 0xa7, 0x7f, 0xa7, 
    0x5f, 0xa7, 0x7f, 0xa7, 0x5f, 0xa7, 0x7f, 0xa7, 0x5f, 0xa7, 0x7f, 0xa7, 
    0x5f, 0xa7, 0x7f, 0xa7, 0x7f, 0xa7, 0x7f, 0xa7, 0x7f, 0xa7, 0x7f, 0xa7, 
    0x7f, 0xa7, 0x7f, 0xa7, 0x7f, 0xa7, 0x5f, 0xa7, 0x5f, 0xa7, 0x5f, 0xa7, 
    0x5f, 0xa7, 0x5f, 0xa7, 0x5f, 0xa7, 0x5f, 0xa7, 0x5f, 0xa7, 0x5f, 0xa7, 
    0x7f, 0xa7, 0x5f, 0xa7, 0x5f, 0xaf, 0x7f, 0xaf, 0x7f, 0xaf, 0x7f, 0xaf, 
    0x7f, 0xa7, 0x7f, 0xaf, 0x7f, 0xa7, 0x7f, 0xa7, 0x7f, 0xaf, 0x7f, 0xaf, 
    0x9f, 0xaf, 0x7f, 0xaf, 0x7f, 0xaf, 0x7f, 0xaf, 0x7f, 0xaf, 0x7f, 0xaf, 
    0x7f, 0xaf, 0x7f, 0xaf, 0x7f, 0xaf, 0x7f, 0xaf, 0x7f, 0xaf, 0x7f, 0xaf, 
    0x7f, 0xaf, 0x7f, 0xaf, 0x7f, 0xaf, 0x7f, 0xaf, 0x7f, 0xaf, 0x7f, 0xaf, 
    0x7f, 0xaf, 0x7f, 0xaf, 0x7f, 0xaf, 0x7f, 0xaf, 0x7f, 0xaf, 0x7f, 0xaf, 
    0x7f, 0xaf, 0x7f, 0xaf, 0x7f, 0xaf, 0x7f, 0xaf, 0x7f, 0xaf, 0x7f, 0xaf, 
    0x7f, 0xaf, 0x7f, 0xb7, 0x7f, 0xaf, 0x9f, 0xb7, 0x9f, 0xb7, 0x7f, 0xb7, 
    0x9f, 0xb7, 0x9f, 0xb7, 0x9f, 0xb7, 0x9f, 0xb7, 0x9f, 0xb7, 0x9f, 0xb7, 
    0x9f, 0xaf, 0x9f, 0xb7, 0x9f, 0xb7, 0x9f, 0xb7, 0x9f, 0xb7, 0x7f, 0xb7, 
    0x7f, 0xb7, 0x7f, 0xb7, 0x7f, 0xb7, 0x7f, 0xb7, 0x7f, 0xb7, 0x7f, 0xb7, 
    0x7f, 0xb7, 0x7f, 0xb7, 0x7f, 0xb7, 0x7f, 0xb7, 0x7f, 0xb7, 0x7f, 0xb7, 
    0x7f, 0xb7, 0x7f, 0xb7, 0x7f, 0xb7, 0x7f, 0xb7, 0x7f, 0xb7, 0x7f, 0xb7, 
    0x7f, 0xb7, 0x7f, 0xb7, 0x7f, 0xb7, 0x7f, 0xb7, 0x7f, 0xb7, 0x7f, 0xb7, 
    0x7f, 0xb7, 0x7f, 0xb7, 0x7f, 0xb7, 0x7f, 0xb7, 0x7f, 0xb7, 0x7f, 0xb7, 
    0x7f, 0xb7, 0x7f, 0xb7, 0x7f, 0xb7, 0x7f, 0xb7, 0x7f, 0xb7, 0x7f, 0xb7, 
    0x7f, 0xb7, 0x7f, 0xb7, 0x7f, 0xb7, 0x9f, 0xb7, 0x7f, 0xb7, 0x9f, 0xb7, 
    0x7f, 0xb7, 0x9f, 0xb7, 0x7f, 0xb7, 0x9f, 0xb7, 0x9f, 0xb7, 0x9f, 0xb7, 
    0x9f, 0xb7, 0x9f, 0xb7, 0x9f, 0xb7, 0x9f, 0xb7, 0x9f, 0xb7, 0x9f, 0xb7, 
    0x9f, 0xb7, 0x7f, 0xb7, 0x9f, 0xb7, 0x9f, 0xb7, 0x9f, 0xb7, 0x9f, 0xb7, 
    0x7f, 0xb7, 0x7f, 0xb7, 0x7f, 0xb7, 0x7f, 0xb7, 0x7f, 0xb7, 0x7f, 0xb7, 
    0x7f, 0xb7, 0x7f, 0xb7, 0x7f, 0xb7, 0x7f, 0xb7, 0x7f, 0xb7, 0x7f, 0xb7, 
    0x7f, 0xb7, 0x7f, 0xb7, 0x7f, 0xbf, 0x7e, 0xbf, 0x7f, 0xbf, 0x7f, 0xbf, 
    0xfe, 0xff, 0xfe, 0xff, 0xfe, 0xff, 0xfe, 0xff, 0xfe, 0xff, 0xfe, 0xff, 
    0xfe, 0xff, 0xdd, 0xf7, 0x7d, 0xcf, 0x7f, 0xb7, 0x7f, 0xaf, 0x7f, 0xaf, 
    0x7f, 0xa7, 0x7f, 0xa7, 0x5f, 0xa7, 0x7f, 0xa7, 0x7f, 0xa7, 0x5f, 0xa7, 
    0x5f, 0xa7, 0x5f, 0xa7, 0x5f, 0x9f, 0x5f, 0x9f, 0x5f, 0x9f, 0x5f, 0x9f, 
    0x5f, 0x9f, 0x5f, 0x9f, 0x5f, 0x9f, 0x5f, 0x9f, 0x5f, 0x9f, 0x5f, 0x9f, 
    0x5f, 0x9f, 0x5f, 0x9f, 0x5f, 0x9f, 0x5f, 0x9f, 0x5f, 0x9f, 0x5f, 0x9f, 
    0x5f, 0x9f, 0x5f, 0x9f, 0x5f, 0x97, 0x5f, 0x97, 0x5f, 0x97, 0x5f, 0x97, 
    0x5f, 0x9f, 0x5f, 0x9f, 0x5f, 0x97, 0x5f, 0x9f, 0x5f, 0x9f, 0x5f, 0x9f, 
    0x5f, 0x9f, 0x5f, 0x9f, 0x5f, 0x9f, 0x5f, 0x9f, 0x5f, 0x9f, 0x5f, 0x9f, 
    0x5f, 0x9f, 0x5f, 0x9f, 0x5f, 0x9f, 0x5f, 0x9f, 0x5f, 0x9f, 0x5f, 0x9f, 
    0x5f, 0x9f, 0x5f, 0x9f, 0x5f, 0x9f, 0x5f, 0x9f, 0x7f, 0x9f, 0x7f, 0x9f, 
    0x7f, 0x9f, 0x5f, 0x9f, 0x7f, 0x9f, 0x5f, 0x9f, 0x5f, 0x9f, 0x7f, 0xa7, 
    0x5f, 0xa7, 0x7f, 0xa7, 0x5f, 0x9f, 0x7f, 0xa7, 0x5f, 0xa7, 0x7f, 0xa7, 
    0x7f, 0xa7, 0x7f, 0xa7, 0x7f, 0xa7, 0x7f, 0xa7, 0x5f, 0xa7, 0x7f, 0xa7, 
    0x7f, 0xa7, 0x7f, 0xa7, 0x7f, 0xa7, 0x7f, 0xa7, 0x7f, 0xa7, 0x7f, 0xa7, 
    0x7f, 0xa7, 0x7f, 0xa7, 0x7f, 0xa7, 0x7f, 0xa7, 0x7f, 0xa7, 0x5f, 0xa7, 
    0x7f, 0xa7, 0x5f, 0xa7, 0x7f, 0xa7, 0x7f, 0xa7, 0x5f, 0xa7, 0x5f, 0xaf, 
    0x5f, 0xaf, 0x5f, 0xaf, 0x7f, 0xaf, 0x7f, 0xaf, 0x7f, 0xaf, 0x7f, 0xaf, 
    0x7f, 0xaf, 0x7f, 0xaf, 0x7f, 0xaf, 0x9f, 0xaf, 0x7f, 0xaf, 0x9f, 0xaf, 
    0x9f, 0xaf, 0x9f, 0xaf, 0x7f, 0xaf, 0x7f, 0xaf, 0x7f, 0xaf, 0x7f, 0xaf, 
    0x7f, 0xaf, 0x7f, 0xaf, 0x7f, 0xaf, 0x7f, 0xaf, 0x7f, 0xaf, 0x7f, 0xaf, 
    0x7f, 0xaf, 0x7f, 0xaf, 0x7f, 0xaf, 0x7f, 0xaf, 0x9f, 0xb7, 0x7f, 0xaf, 
    0x7f, 0xaf, 0x7f, 0xb7, 0x7f, 0xb7, 0x7f, 0xb7, 0x9f, 0xb7, 0x7f, 0xb7, 
    0x7f, 0xaf, 0x7f, 0xb7, 0x7f, 0xaf, 0x7f, 0xaf, 0x7f, 0xaf, 0x7f, 0xaf, 
    0x7f, 0xb7, 0x7f, 0xb7, 0x7f, 0xb7, 0x7f, 0xb7, 0x9f, 0xb7, 0x9f, 0xb7, 
    0x9f, 0xb7, 0x9f, 0xb7, 0x9f, 0xb7, 0x9f, 0xb7, 0x9f, 0xb7, 0x9f, 0xb7, 
    0x9f, 0xb7, 0x9f, 0xb7, 0x9f, 0xb7, 0x9f, 0xb7, 0x9f, 0xb7, 0x9f, 0xb7, 
    0x9f, 0xb7, 0x9f, 0xb7, 0x9f, 0xb7, 0x9f, 0xb7, 0x7f, 0xb7, 0x9f, 0xb7, 
    0x7f, 0xb7, 0x7f, 0xb7, 0x7e, 0xb7, 0x7f, 0xb7, 0x7f, 0xb7, 0x7f, 0xb7, 
    0x7f, 0xb7, 0x7f, 0xb7, 0x9f, 0xb7, 0x7f, 0xb7, 0x7f, 0xb7, 0x7f, 0xb7, 
    0x7f, 0xb7, 0x7f, 0xb7, 0x7f, 0xb7, 0x7f, 0xb7, 0x7f, 0xb7, 0x7f, 0xb7, 
    0x7f, 0xb7, 0x7f, 0xb7, 0x7f, 0xb7, 0x7f, 0xb7, 0x7f, 0xb7, 0x7e, 0xb7, 
    0x7f, 0xb7, 0x7f, 0xb7, 0x9f, 0xb7, 0x7f, 0xb7, 0x7f, 0xb7, 0x7f, 0xb7, 
    0x7f, 0xb7, 0x7f, 0xb7, 0x9f, 0xb7, 0x7f, 0xb7, 0x7f, 0xb7, 0x9f, 0xb7, 
    0x9f, 0xb7, 0x7f, 0xb7, 0x9f, 0xb7, 0x9f, 0xb7, 0x9f, 0xb7, 0x9f, 0xb7, 
    0x9f, 0xbf, 0x9f, 0xb7, 0x9f, 0xb7, 0x9f, 0xb7, 0x9f, 0xb7, 0x9f, 0xb7, 
    0x9f, 0xb7, 0x9f, 0xb7, 0x9f, 0xb7, 0x9f, 0xb7, 0x9f, 0xb7, 0x9f, 0xb7, 
    0x7f, 0xb7, 0x7f, 0xb7, 0x7f, 0xb7, 0x9f, 0xb7, 0x7f, 0xb7, 0x7f, 0xb7, 
    0x7f, 0xb7, 0x7f, 0xb7, 0x7f, 0xbf, 0x7f, 0xbf, 0x7f, 0xb7, 0x7f, 0xbf, 
    0x7f, 0xb7, 0x7f, 0xbf, 0x7e, 0xbf, 0x7f, 0xbf, 0x7e, 0xbf, 0x7f, 0xbf, 
    0xfe, 0xff, 0xfe, 0xff, 0xfe, 0xff, 0xfe, 0xff, 0xfe, 0xff, 0xfe, 0xff, 
    0xfe, 0xff, 0xfe, 0xff, 0xdd, 0xf7, 0x7c, 0xcf, 0x7f, 0xb7, 0x7f, 0xaf, 
    0x7f, 0xaf, 0x7f, 0xaf, 0x7f, 0xa7, 0x7f, 0xa7, 0x7f, 0xa7, 0x7f, 0xa7, 
    0x5f, 0xa7, 0x5f, 0xa7, 0x5f, 0x9f, 0x5f, 0x9f, 0x5f, 0x9f, 0x5f, 0x9f, 
    0x5f, 0x9f, 0x5f, 0x9f, 0x5f, 0x9f, 0x5f, 0x9f, 0x5f, 0x9f, 0x5f, 0x9f, 
    0x5f, 0x9f, 0x5f, 0x9f, 0x5f, 0x9f, 0x5f, 0x9f, 0x5f, 0x9f, 0x5f, 0x9f, 
    0x5f, 0x9f, 0x5f, 0x9f, 0x5f, 0x97, 0x5f, 0x97, 0x5f, 0x97, 0x5f, 0x97, 
    0x5f, 0x9f, 0x5f, 0x97, 0x5f, 0x9f, 0x5f, 0x9f, 0x5f, 0x9f, 0x5f, 0x9f, 
    0x5f, 0x9f, 0x5f, 0x9f, 0x5f, 0x9f, 0x5f, 0x9f, 0x5f, 0x9f, 0x5f, 0x9f, 
    0x5f, 0x9f, 0x5f, 0x9f, 0x5f, 0x9f, 0x5f, 0x9f, 0x5f, 0x9f, 0x5f, 0x9f, 
    0x5f, 0x9f, 0x5f, 0x9f, 0x7f, 0x9f, 0x5f, 0x9f, 0x7f, 0x9f, 0x5f, 0x9f, 
    0x7f, 0xa7, 0x7f, 0xa7, 0x5f, 0x9f, 0x5f, 0x9f, 0x7f, 0x9f, 0x5f, 0xa7, 
    0x7f, 0xa7, 0x7f, 0xa7, 0x7f, 0xa7, 0x7f, 0xa7, 0x7f, 0xa7, 0x7f, 0xa7, 
    0x7f, 0xa7, 0x7f, 0xa7, 0x7f, 0xa7, 0x7f, 0xa7, 0x7f, 0xa7, 0x9f, 0xa7, 
    0x7f, 0xa7, 0x7f, 0xa7, 0x7f, 0xa7, 0x7f, 0xa7, 0x7f, 0xa7, 0x7f, 0xa7, 
    0x7f, 0xa7, 0x7f, 0xa7, 0x7f, 0xa7, 0x7f, 0xa7, 0x7f, 0xa7, 0x5f, 0xa7, 
    0x7f, 0xa7, 0x7f, 0xa7, 0x5f, 0xa7, 0x5f, 0xaf, 0x5f, 0xaf, 0x5f, 0xaf, 
    0x5f, 0xaf, 0x5f, 0xaf, 0x7f, 0xaf, 0x7f, 0xaf, 0x7f, 0xaf, 0x7f, 0xaf, 
    0x7f, 0xaf, 0x7f, 0xaf, 0x7f, 0xaf, 0x9f, 0xaf, 0x9f, 0xaf, 0x9f, 0xaf, 
    0x7f, 0xaf, 0x7f, 0xaf, 0x7f, 0xaf, 0x7f, 0xaf, 0x7f, 0xaf, 0x7f, 0xaf, 
    0x7f, 0xaf, 0x7f, 0xaf, 0x7f, 0xaf, 0x7f, 0xaf, 0x7f, 0xaf, 0x7f, 0xaf, 
    0x7f, 0xaf, 0x7f, 0xaf, 0x7f, 0xaf, 0x7f, 0xaf, 0x9f, 0xb7, 0x7f, 0xb7, 
    0x7f, 0xb7, 0x7f, 0xb7, 0x9f, 0xb7, 0x7f, 0xb7, 0x7f, 0xb7, 0x7f, 0xb7, 
    0x7f, 0xb7, 0x7f, 0xaf, 0x7f, 0xaf, 0x7f, 0xb7, 0x7f, 0xb7, 0x7f, 0xb7, 
    0x7f, 0xb7, 0x7f, 0xb7, 0x9f, 0xb7, 0x7f, 0xb7, 0x9f, 0xb7, 0x9f, 0xb7, 
    0x9f, 0xb7, 0x9f, 0xb7, 0x9f, 0xb7, 0x9f, 0xb7, 0x7f, 0xb7, 0x9f, 0xb7, 
    0x9f, 0xb7, 0x9f, 0xb7, 0x9f, 0xb7, 0x9f, 0xb7, 0x7f, 0xb7, 0x7f, 0xb7, 
    0x9f, 0xb7, 0x7f, 0xb7, 0x9f, 0xb7, 0x9f, 0xb7, 0x9f, 0xb7, 0x7f, 0xb7, 
    0x9f, 0xb7, 0x7f, 0xb7, 0x7f, 0xb7, 0x7f, 0xb7, 0x7f, 0xb7, 0x7f, 0xb7, 
    0x7f, 0xb7, 0x7f, 0xb7, 0x7f, 0xb7, 0x7f, 0xb7, 0x7f, 0xb7, 0x7f, 0xb7, 
    0x7f, 0xb7, 0x7f, 0xb7, 0x7f, 0xb7, 0x7f, 0xb7, 0x7f, 0xb7, 0x7f, 0xb7, 
    0x7f, 0xb7, 0x9f, 0xb7, 0x7f, 0xb7, 0x7f, 0xb7, 0x7f, 0xb7, 0x7f, 0xb7, 
    0x7f, 0xb7, 0x7f, 0xb7, 0x7f, 0xb7, 0x7f, 0xb7, 0x7f, 0xb7, 0x7f, 0xb7, 
    0x9f, 0xb7, 0x7f, 0xb7, 0x7f, 0xb7, 0x9f, 0xbf, 0x7f, 0xb7, 0x9f, 0xbf, 
    0x9f, 0xb7, 0x7f, 0xb7, 0x9f, 0xb7, 0x9f, 0xbf, 0x9f, 0xb7, 0x9f, 0xbf, 
    0x9f, 0xbf, 0x9f, 0xbf, 0x9f, 0xbf, 0x9f, 0xbf, 0x9f, 0xbf, 0x9f, 0xbf, 
    0x9f, 0xb7, 0x9f, 0xbf, 0x9f, 0xbf, 0x9f, 0xbf, 0x9f, 0xbf, 0x9f, 0xbf, 
    0x7f, 0xb7, 0x9f, 0xbf, 0x7f, 0xbf, 0x7f, 0xbf, 0x7f, 0xb7, 0x9f, 0xb7, 
    0x7f, 0xb7, 0x7f, 0xb7, 0x7f, 0xb7, 0x7f, 0xb7, 0x7f, 0xbf, 0x7f, 0xbf, 
    0x5f, 0xbf, 0x7f, 0xbf, 0x7e, 0xbf, 0x7f, 0xbf, 0x7f, 0xbf, 0x7f, 0xbf, 
    0xfe, 0xff, 0xfe, 0xff, 0xfe, 0xff, 0xfe, 0xff, 0xfe, 0xf7, 0xde, 0xff, 
    0xfe, 0xff, 0xfe, 0xff, 0xfe, 0xff, 0xdd, 0xf7, 0x5d, 0xc7, 0x7f, 0xb7, 
    0x7e, 0xaf, 0x7f, 0xaf, 0x7f, 0xaf, 0x7f, 0xaf, 0x7f, 0xa7, 0x7f, 0xa7, 
    0x7f, 0xa7, 0x5f, 0xa7, 0x5f, 0xa7, 0x5f, 0x9f, 0x5f, 0x9f, 0x5f, 0x9f, 
    0x5f, 0x9f, 0x5f, 0x9f, 0x5f, 0x9f, 0x5f, 0x9f, 0x5f, 0x9f, 0x5f, 0x9f, 
    0x5f, 0x9f, 0x5f, 0x9f, 0x5f, 0x9f, 0x5f, 0x9f, 0x5f, 0x9f, 0x5f, 0x9f, 
    0x5f, 0x9f, 0x5f, 0x9f, 0x5f, 0x9f, 0x5f, 0x97, 0x3f, 0x97, 0x5f, 0x97, 
    0x5f, 0x97, 0x5f, 0x97, 0x5f, 0x9f, 0x5f, 0x9f, 0x5f, 0x9f, 0x5f, 0x9f, 
    0x5f, 0x9f, 0x5f, 0x9f, 0x5f, 0x9f, 0x5f, 0x9f, 0x5f, 0x9f, 0x5f, 0x9f, 
    0x5f, 0x9f, 0x5f, 0x9f, 0x5f, 0x9f, 0x5f, 0x9f, 0x5f, 0x9f, 0x5f, 0x9f, 
    0x5f, 0x9f, 0x5f, 0xa7, 0x7f, 0x9f, 0x5f, 0x9f, 0x5f, 0xa7, 0x5f, 0x9f, 
    0x7f, 0x9f, 0x7f, 0xa7, 0x7f, 0xa7, 0x7f, 0xa7, 0x5f, 0xa7, 0x7f, 0xa7, 
    0x7f, 0xa7, 0x7f, 0xa7, 0x7f, 0xa7, 0x7f, 0xa7, 0x7f, 0xa7, 0x7f, 0xa7, 
    0x7f, 0xa7, 0x7f, 0xa7, 0x7f, 0xa7, 0x7f, 0xa7, 0x7f, 0xaf, 0x9f, 0xa7, 
    0x7f, 0xaf, 0x9f, 0xaf, 0x7f, 0xa7, 0x7f, 0xaf, 0x7f, 0xa7, 0x7f, 0xaf, 
    0x7f, 0xaf, 0x7f, 0xaf, 0x7f, 0xaf, 0x7f, 0xa7, 0x7f, 0xaf, 0x7f, 0xaf, 
    0x7f, 0xaf, 0x7f, 0xaf, 0x7f, 0xaf, 0x7f, 0xaf, 0x5f, 0xaf, 0x5f, 0xaf, 
    0x5f, 0xaf, 0x7f, 0xaf, 0x7f, 0xaf, 0x7f, 0xaf, 0x7f, 0xaf, 0x7f, 0xaf, 
    0x7f, 0xaf, 0x7f, 0xaf, 0x9f, 0xaf, 0x7f, 0xaf, 0x9f, 0xaf, 0x9f, 0xaf, 
    0x7f, 0xaf, 0x7f, 0xaf, 0x7f, 0xaf, 0x7f, 0xaf, 0x7f, 0xaf, 0x7f, 0xaf, 
    0x7f, 0xaf, 0x7e, 0xaf, 0x7f, 0xaf, 0x7f, 0xaf, 0x7f, 0xaf, 0x7f, 0xaf, 
    0x7f, 0xaf, 0x7f, 0xaf, 0x7f, 0xaf, 0x7f, 0xaf, 0x7f, 0xb7, 0x9f, 0xb7, 
    0x7f, 0xb7, 0x7f, 0xb7, 0x7f, 0xb7, 0x7f, 0xb7, 0x9f, 0xb7, 0x7f, 0xb7, 
    0x7f, 0xb7, 0x7f, 0xb7, 0x7f, 0xb7, 0x7f, 0xaf, 0x7f, 0xb7, 0x7f, 0xb7, 
    0x9f, 0xb7, 0x9f, 0xb7, 0x9f, 0xb7, 0x9f, 0xb7, 0x9f, 0xb7, 0x9f, 0xb7, 
    0x9f, 0xb7, 0x9f, 0xb7, 0x9f, 0xb7, 0x9f, 0xb7, 0x9f, 0xb7, 0x7f, 0xb7, 
    0x9f, 0xb7, 0x9f, 0xb7, 0x9f, 0xb7, 0x9f, 0xb7, 0x9f, 0xb7, 0x9f, 0xb7, 
    0x9f, 0xb7, 0x9f, 0xb7, 0x9f, 0xb7, 0x9f, 0xb7, 0x9f, 0xb7, 0x9f, 0xb7, 
    0x7f, 0xb7, 0x7f, 0xb7, 0x7f, 0xb7, 0x7f, 0xb7, 0x7e, 0xb7, 0x7f, 0xb7, 
    0x9e, 0xb7, 0x7f, 0xb7, 0x9f, 0xb7, 0x9f, 0xb7, 0x7f, 0xb7, 0x9f, 0xb7, 
    0x7f, 0xb7, 0x7f, 0xb7, 0x7f, 0xb7, 0x7f, 0xb7, 0x7f, 0xb7, 0x7f, 0xb7, 
    0x7f, 0xb7, 0x9f, 0xb7, 0x7f, 0xb7, 0x7f, 0xb7, 0x7f, 0xb7, 0x7f, 0xb7, 
    0x9f, 0xb7, 0x7f, 0xb7, 0x7f, 0xb7, 0x9f, 0xb7, 0x9f, 0xb7, 0x9f, 0xbf, 
    0x7f, 0xbf, 0x9f, 0xbf, 0x7f, 0xbf, 0x7f, 0xbf, 0x9f, 0xbf, 0x9f, 0xbf, 
    0x9f, 0xbf, 0x9f, 0xbf, 0x9f, 0xb7, 0x9f, 0xbf, 0x9f, 0xbf, 0x9f, 0xbf, 
    0x9f, 0xbf, 0x9f, 0xbf, 0x9f, 0xbf, 0x9f, 0xbf, 0x9f, 0xbf, 0x9f, 0xbf, 
    0x9f, 0xbf, 0x9f, 0xbf, 0x9f, 0xbf, 0x9f, 0xbf, 0x9f, 0xbf, 0x9f, 0xbf, 
    0x9f, 0xbf, 0x9f, 0xbf, 0x9f, 0xbf, 0x9f, 0xbf, 0x7f, 0xbf, 0x7f, 0xbf, 
    0x7f, 0xbf, 0x7f, 0xbf, 0x7f, 0xbf, 0x7f, 0xbf, 0x7e, 0xbf, 0x7f, 0xbf, 
    0x7e, 0xbf, 0x7e, 0xbf, 0x7f, 0xbf, 0x7e, 0xbf, 0x7f, 0xbf, 0x7f, 0xbf, 
    0xfe, 0xff, 0xfe, 0xff, 0xfe, 0xff, 0xfe, 0xff, 0xfe, 0xf7, 0xfe, 0xf7, 
    0xfe, 0xf7, 0xfe, 0xff, 0xfe, 0xff, 0xfe, 0xff, 0x9c, 0xef, 0x5d, 0xbf, 
    0x7f, 0xaf, 0x7f, 0xaf, 0x7f, 0xaf, 0x7f, 0xaf, 0x7f, 0xaf, 0x7f, 0xa7, 
    0x7f, 0xa7, 0x7f, 0xa7, 0x7f, 0xa7, 0x5f, 0xa7, 0x5f, 0xa7, 0x5f, 0x9f, 
    0x5f, 0x9f, 0x5f, 0x9f, 0x5f, 0x9f, 0x5f, 0x9f, 0x5f, 0x9f, 0x5f, 0x9f, 
    0x5f, 0xa7, 0x5f, 0x9f, 0x5f, 0x9f, 0x5f, 0x9f, 0x5f, 0x9f, 0x5f, 0x9f, 
    0x5f, 0x9f, 0x5f, 0x9f, 0x5f, 0x9f, 0x5f, 0x9f, 0x3f, 0x9f, 0x5f, 0x9f, 
    0x5f, 0x9f, 0x5f, 0x9f, 0x5f, 0x9f, 0x5f, 0x9f, 0x5f, 0x9f, 0x5f, 0x9f, 
    0x5f, 0x9f, 0x5f, 0x9f, 0x5f, 0x9f, 0x5f, 0x9f, 0x5f, 0xa7, 0x5f, 0xa7, 
    0x5f, 0xa7, 0x5f, 0x9f, 0x5f, 0xa7, 0x5f, 0x9f, 0x5f, 0x9f, 0x5f, 0xa7, 
    0x5f, 0xa7, 0x5f, 0xa7, 0x5f, 0x9f, 0x7f, 0x9f, 0x5f, 0x9f, 0x7f, 0xa7, 
    0x7f, 0xa7, 0x7f, 0x9f, 0x5f, 0x9f, 0x5f, 0x9f, 0x7f, 0xa7, 0x7f, 0xa7, 
    0x7f, 0xa7, 0x7f, 0xa7, 0x7f, 0xa7, 0x7f, 0xa7, 0x7f, 0xa7, 0x7f, 0xa7, 
    0x7f, 0xa7, 0x7f, 0xa7, 0x7f, 0xa7, 0x9f, 0xaf, 0x9f, 0xaf, 0x7f, 0xa7, 
    0x9f, 0xaf, 0x7f, 0xaf, 0x9f, 0xaf, 0x7f, 0xaf, 0x7f, 0xaf, 0x7f, 0xa7, 
    0x7f, 0xaf, 0x9f, 0xaf, 0x9f, 0xaf, 0x7f, 0xaf, 0x7f, 0xaf, 0x7f, 0xaf, 
    0x7f, 0xaf, 0x7f, 0xaf, 0x7f, 0xaf, 0x5f, 0xaf, 0x7f, 0xaf, 0x5f, 0xaf, 
    0x5f, 0xaf, 0x5f, 0xaf, 0x5f, 0xaf, 0x7f, 0xaf, 0x7f, 0xaf, 0x7f, 0xaf, 
    0x7f, 0xaf, 0x7f, 0xaf, 0x9f, 0xaf, 0x9f, 0xaf, 0x7f, 0xaf, 0x9f, 0xaf, 
    0x7f, 0xaf, 0x7f, 0xaf, 0x7f, 0xaf, 0x7f, 0xaf, 0x7f, 0xaf, 0x7f, 0xaf, 
    0x7f, 0xaf, 0x7f, 0xaf, 0x7f, 0xaf, 0x7f, 0xaf, 0x7f, 0xaf, 0x7f, 0xaf, 
    0x7f, 0xaf, 0x7f, 0xaf, 0x7f, 0xb7, 0x9f, 0xb7, 0x7f, 0xb7, 0x7f, 0xb7, 
    0x7f, 0xb7, 0x9f, 0xb7, 0x7f, 0xb7, 0x9f, 0xb7, 0x7f, 0xb7, 0x7f, 0xb7, 
    0x7f, 0xb7, 0x7f, 0xb7, 0x7f, 0xb7, 0x7f, 0xb7, 0x7f, 0xb7, 0x7f, 0xb7, 
    0x7f, 0xb7, 0x7f, 0xb7, 0x9f, 0xb7, 0x9f, 0xb7, 0x9f, 0xb7, 0x9f, 0xb7, 
    0x9f, 0xb7, 0x9f, 0xb7, 0x9f, 0xb7, 0x9f, 0xb7, 0x9f, 0xb7, 0x7f, 0xb7, 
    0x9f, 0xb7, 0x9f, 0xb7, 0x7f, 0xb7, 0x9f, 0xb7, 0x9f, 0xb7, 0x9f, 0xb7, 
    0x9f, 0xb7, 0x9f, 0xb7, 0x9f, 0xbf, 0x9f, 0xbf, 0x9f, 0xbf, 0x9f, 0xbf, 
    0x9f, 0xbf, 0x7f, 0xb7, 0x7f, 0xb7, 0x7f, 0xb7, 0x7f, 0xb7, 0x7f, 0xb7, 
    0x7f, 0xb7, 0x7f, 0xb7, 0x7f, 0xb7, 0x7f, 0xb7, 0x9f, 0xb7, 0x9f, 0xb7, 
    0x9f, 0xb7, 0x9f, 0xb7, 0x7f, 0xb7, 0x9f, 0xb7, 0x9f, 0xb7, 0x7f, 0xb7, 
    0x7f, 0xb7, 0x9f, 0xb7, 0x9f, 0xb7, 0x7f, 0xb7, 0x9f, 0xb7, 0x9f, 0xb7, 
    0x7f, 0xb7, 0x7f, 0xb7, 0x7f, 0xbf, 0x7f, 0xbf, 0x7f, 0xbf, 0x7f, 0xbf, 
    0x9f, 0xbf, 0x9f, 0xbf, 0x9f, 0xbf, 0x9f, 0xbf, 0x9f, 0xbf, 0x7f, 0xbf, 
    0x7f, 0xbf, 0x7f, 0xbf, 0x9f, 0xbf, 0x9f, 0xbf, 0x7f, 0xbf, 0x9f, 0xbf, 
    0x9f, 0xbf, 0x9f, 0xbf, 0x9f, 0xbf, 0x9f, 0xbf, 0x9f, 0xbf, 0x9f, 0xbf, 
    0x9f, 0xbf, 0x9f, 0xbf, 0x9f, 0xbf, 0x9f, 0xbf, 0x9f, 0xbf, 0x9f, 0xbf, 
    0x9f, 0xbf, 0x9f, 0xbf, 0x9f, 0xbf, 0x9f, 0xbf, 0x9f, 0xbf, 0x9f, 0xbf, 
    0x7f, 0xbf, 0x7f, 0xbf, 0x7f, 0xbf, 0x7f, 0xbf, 0x7f, 0xbf, 0x7f, 0xbf, 
    0x7f, 0xbf, 0x7f, 0xbf, 0x7f, 0xbf, 0x7f, 0xbf, 0x7e, 0xc7, 0x9e, 0xdf, 
    0xfe, 0xff, 0xfe, 0xff, 0xfe, 0xff, 0xfe, 0xf7, 0xfe, 0xf7, 0xfe, 0xff, 
    0xfe, 0xff, 0xfe, 0xff, 0xfe, 0xff, 0xfe, 0xff, 0xfe, 0xff, 0x5a, 0xdf, 
    0x5f, 0xb7, 0x5f, 0xaf, 0x7f, 0xaf, 0x7f, 0xaf, 0x7f, 0xaf, 0x7f, 0xa7, 
    0x7f, 0xa7, 0x7f, 0xa7, 0x7f, 0xa7, 0x5f, 0xa7, 0x5f, 0xa7, 0x5f, 0xa7, 
    0x5f, 0xa7, 0x5f, 0xa7, 0x5f, 0xa7, 0x7f, 0xa7, 0x5f, 0xa7, 0x7f, 0xa7, 
    0x5f, 0x9f, 0x7f, 0xa7, 0x5f, 0x9f, 0x7f, 0x9f, 0x5f, 0x9f, 0x5f, 0x9f, 
    0x5f, 0x9f, 0x5f, 0x9f, 0x5f, 0x9f, 0x5f, 0x9f, 0x5f, 0x9f, 0x5f, 0x9f, 
    0x5f, 0x9f, 0x5f, 0x9f, 0x5f, 0x9f, 0x5f, 0x9f, 0x5f, 0x9f, 0x5f, 0x9f, 
    0x5f, 0x9f, 0x5f, 0x9f, 0x5f, 0x9f, 0x5f, 0xa7, 0x5f, 0xa7, 0x7f, 0xa7, 
    0x5f, 0xa7, 0x7f, 0xa7, 0x5f, 0xa7, 0x7f, 0xa7, 0x5f, 0xa7, 0x5f, 0xa7, 
    0x7f, 0xa7, 0x5f, 0xa7, 0x5f, 0xa7, 0x7f, 0xa7, 0x7f, 0xa7, 0x7f, 0xa7, 
    0x7f, 0xa7, 0x7f, 0xa7, 0x5f, 0xa7, 0x7f, 0xa7, 0x7f, 0xa7, 0x7f, 0xa7, 
    0x7f, 0xa7, 0x7f, 0xa7, 0x7f, 0xa7, 0x7f, 0xa7, 0x7f, 0xa7, 0x7f, 0xa7, 
    0x7f, 0xa7, 0x7f, 0xa7, 0x7f, 0xa7, 0x9f, 0xaf, 0x9f, 0xaf, 0x9f, 0xaf, 
    0x9f, 0xaf, 0x7f, 0xaf, 0x9f, 0xaf, 0x7f, 0xaf, 0x9f, 0xaf, 0x7f, 0xaf, 
    0x7f, 0xaf, 0x7f, 0xaf, 0x7f, 0xaf, 0x7f, 0xaf, 0x7f, 0xaf, 0x7f, 0xaf, 
    0x7f, 0xaf, 0x7f, 0xaf, 0x7f, 0xaf, 0x7f, 0xaf, 0x7f, 0xaf, 0x7f, 0xaf, 
    0x7f, 0xaf, 0x7e, 0xaf, 0x7f, 0xaf, 0x7f, 0xaf, 0x7f, 0xaf, 0x7f, 0xaf, 
    0x9f, 0xaf, 0x7f, 0xaf, 0x7f, 0xaf, 0x9f, 0xaf, 0x7f, 0xaf, 0x9f, 0xaf, 
    0x7f, 0xaf, 0x7f, 0xaf, 0x7f, 0xaf, 0x7f, 0xaf, 0x7f, 0xaf, 0x7f, 0xaf, 
    0x7f, 0xaf, 0x7f, 0xaf, 0x7f, 0xaf, 0x7f, 0xaf, 0x7f, 0xaf, 0x7f, 0xaf, 
    0x7f, 0xb7, 0x7f, 0xb7, 0x7f, 0xb7, 0x9f, 0xb7, 0x7f, 0xb7, 0x9f, 0xb7, 
    0x7f, 0xb7, 0x7f, 0xb7, 0x7f, 0xb7, 0x9f, 0xb7, 0x7f, 0xb7, 0x7f, 0xb7, 
    0x7f, 0xb7, 0x7f, 0xb7, 0x7f, 0xb7, 0x7f, 0xb7, 0x7f, 0xb7, 0x7f, 0xb7, 
    0x7f, 0xb7, 0x7f, 0xb7, 0x7f, 0xb7, 0x7f, 0xb7, 0x9f, 0xb7, 0x9f, 0xb7, 
    0x9f, 0xbf, 0x9f, 0xb7, 0x9f, 0xbf, 0x9f, 0xb7, 0x9f, 0xb7, 0x9f, 0xbf, 
    0x9f, 0xb7, 0x9f, 0xb7, 0x9f, 0xb7, 0x7f, 0xb7, 0x7f, 0xb7, 0x7f, 0xb7, 
    0x7f, 0xb7, 0x7f, 0xbf, 0x7f, 0xbf, 0x9f, 0xbf, 0x9f, 0xbf, 0x9f, 0xbf, 
    0x9f, 0xbf, 0x9f, 0xb7, 0x7f, 0xb7, 0x7f, 0xb7, 0x7f, 0xb7, 0x7f, 0xb7, 
    0x7f, 0xb7, 0x7e, 0xb7, 0x7f, 0xb7, 0x9f, 0xb7, 0x7f, 0xb7, 0x7f, 0xb7, 
    0x9f, 0xb7, 0x7f, 0xb7, 0x7f, 0xb7, 0x9f, 0xb7, 0x7f, 0xb7, 0x9f, 0xb7, 
    0x7f, 0xb7, 0x9f, 0xbf, 0x7f, 0xbf, 0x7f, 0xb7, 0x9f, 0xb7, 0x7f, 0xbf, 
    0x7f, 0xbf, 0x9f, 0xbf, 0x7f, 0xbf, 0x7f, 0xbf, 0x7f, 0xbf, 0x7f, 0xbf, 
    0x9f, 0xbf, 0x9f, 0xbf, 0x9f, 0xbf, 0x9f, 0xbf, 0x9f, 0xbf, 0x9f, 0xbf, 
    0x7f, 0xbf, 0x9f, 0xbf, 0x7f, 0xbf, 0x9f, 0xbf, 0x9f, 0xbf, 0x7f, 0xbf, 
    0x9f, 0xbf, 0x9f, 0xbf, 0x9f, 0xbf, 0x9f, 0xbf, 0x9f, 0xbf, 0x9f, 0xbf, 
    0x9f, 0xbf, 0x9f, 0xbf, 0x9f, 0xbf, 0x9f, 0xbf, 0x9f, 0xbf, 0x9f, 0xbf, 
    0x9f, 0xbf, 0x9f, 0xbf, 0x9f, 0xbf, 0x7f, 0xbf, 0x9f, 0xbf, 0x9f, 0xbf, 
    0x9f, 0xbf, 0x7f, 0xbf, 0x7f, 0xbf, 0x7f, 0xbf, 0x7f, 0xbf, 0x7f, 0xbf, 
    0x7f, 0xbf, 0x7e, 0xbf, 0x7f, 0xbf, 0x9e, 0xcf, 0xde, 0xef, 0xff, 0xff, 
    0xfe, 0xff, 0xfe, 0xff, 0xfe, 0xff, 0xfe, 0xff, 0xfe, 0xff, 0xfe, 0xff, 
    0xfe, 0xff, 0xfe, 0xff, 0xfe, 0xff, 0xfe, 0xff, 0xfe, 0xff, 0xdd, 0xf7, 
    0x3c, 0xc7, 0x7e, 0xb7, 0x7f, 0xaf, 0x7f, 0xaf, 0x7f, 0xaf, 0x7f, 0xa7, 
    0x7f, 0xa7, 0x7f, 0xa7, 0x7f, 0xa7, 0x7f, 0xa7, 0x7f, 0xa7, 0x7f, 0xa7, 
    0x7f, 0xa7, 0x5f, 0xa7, 0x7f, 0xa7, 0x7f, 0xa7, 0x7f, 0xa7, 0x7f, 0xa7, 
    0x7f, 0xa7, 0x7f, 0xa7, 0x7f, 0xa7, 0x5f, 0xa7, 0x5f, 0xa7, 0x7f, 0xa7, 
    0x7f, 0x9f, 0x5f, 0x9f, 0x5f, 0x9f, 0x5f, 0x9f, 0x5f, 0x9f, 0x5f, 0x9f, 
    0x5f, 0x9f, 0x5f, 0x9f, 0x5f, 0x9f, 0x7f, 0x9f, 0x5f, 0x9f, 0x5f, 0xa7, 
    0x5f, 0x9f, 0x7f, 0xa7, 0x5f, 0xa7, 0x5f, 0xa7, 0x7f, 0xa7, 0x5f, 0xa7, 
    0x7f, 0xa7, 0x7f, 0xa7, 0x5f, 0xa7, 0x5f, 0xa7, 0x7f, 0xa7, 0x7f, 0xa7, 
    0x7f, 0xa7, 0x5f, 0xa7, 0x7f, 0xa7, 0x5f, 0xa7, 0x7f, 0xa7, 0x7f, 0xa7, 
    0x7f, 0xa7, 0x7f, 0xa7, 0x7f, 0xa7, 0x7f, 0xa7, 0x7f, 0xa7, 0x7f, 0xa7, 
    0x7f, 0xa7, 0x7f, 0xa7, 0x7f, 0xa7, 0x7f, 0xa7, 0x7f, 0xa7, 0x7f, 0xa7, 
    0x7f, 0xa7, 0x7f, 0xa7, 0x9f, 0xaf, 0x9f, 0xaf, 0x9f, 0xaf, 0x9f, 0xaf, 
    0x9f, 0xaf, 0x9f, 0xaf, 0x9f, 0xaf, 0x9f, 0xaf, 0x9f, 0xaf, 0x7f, 0xaf, 
    0x9f, 0xaf, 0x9f, 0xaf, 0x9f, 0xaf, 0x7f, 0xaf, 0x7f, 0xaf, 0x7f, 0xaf, 
    0x7f, 0xaf, 0x7f, 0xaf, 0x7f, 0xaf, 0x7f, 0xaf, 0x7f, 0xaf, 0x7f, 0xaf, 
    0x7f, 0xaf, 0x7f, 0xaf, 0x7f, 0xaf, 0x7f, 0xaf, 0x7f, 0xaf, 0x7f, 0xaf, 
    0x9f, 0xaf, 0x9f, 0xaf, 0x7f, 0xaf, 0x9f, 0xaf, 0x7f, 0xaf, 0x7f, 0xaf, 
    0x7f, 0xaf, 0x7f, 0xaf, 0x7f, 0xaf, 0x7f, 0xaf, 0x7f, 0xaf, 0x7e, 0xaf, 
    0x7f, 0xaf, 0x7f, 0xaf, 0x7f, 0xaf, 0x7f, 0xaf, 0x7f, 0xaf, 0x7f, 0xaf, 
    0x7f, 0xb7, 0x9f, 0xb7, 0x7f, 0xb7, 0x7f, 0xb7, 0x9f, 0xb7, 0x9f, 0xb7, 
    0x9f, 0xb7, 0x7f, 0xb7, 0x9f, 0xb7, 0x7f, 0xb7, 0x9f, 0xb7, 0x7f, 0xb7, 
    0x7f, 0xb7, 0x7f, 0xb7, 0x7f, 0xb7, 0x7f, 0xb7, 0x7f, 0xb7, 0x7f, 0xb7, 
    0x7f, 0xb7, 0x7f, 0xb7, 0x7f, 0xb7, 0x9f, 0xb7, 0x9f, 0xb7, 0x9f, 0xbf, 
    0x9f, 0xbf, 0x9f, 0xbf, 0x9f, 0xbf, 0x9f, 0xbf, 0x9f, 0xbf, 0x9f, 0xbf, 
    0x9f, 0xbf, 0x9f, 0xbf, 0x9f, 0xb7, 0x7f, 0xb7, 0x7f, 0xbf, 0x7f, 0xbf, 
    0x7f, 0xbf, 0x9f, 0xcf, 0xbe, 0xdf, 0xbe, 0xe7, 0xbe, 0xe7, 0xbe, 0xdf, 
    0x9e, 0xd7, 0x9f, 0xc7, 0x7f, 0xb7, 0x7f, 0xb7, 0x7f, 0xb7, 0x7f, 0xb7, 
    0x7e, 0xb7, 0x7f, 0xb7, 0x7f, 0xb7, 0x7f, 0xb7, 0x7f, 0xb7, 0x7f, 0xb7, 
    0x7f, 0xb7, 0x9f, 0xb7, 0x9f, 0xb7, 0x7f, 0xb7, 0x7f, 0xbf, 0x9f, 0xbf, 
    0x7f, 0xbf, 0x9f, 0xbf, 0x9f, 0xbf, 0x9f, 0xbf, 0x9f, 0xbf, 0x9f, 0xbf, 
    0x9f, 0xbf, 0x9f, 0xbf, 0x7f, 0xbf, 0x9f, 0xbf, 0x9f, 0xbf, 0x7f, 0xbf, 
    0x9f, 0xbf, 0x9f, 0xbf, 0x9f, 0xbf, 0x9f, 0xbf, 0x9f, 0xbf, 0x9f, 0xbf, 
    0x9f, 0xbf, 0x9f, 0xbf, 0x9f, 0xbf, 0x9f, 0xbf, 0x9f, 0xbf, 0x9f, 0xbf, 
    0x9f, 0xbf, 0x9f, 0xbf, 0x9f, 0xbf, 0x9f, 0xbf, 0x9f, 0xbf, 0x9f, 0xbf, 
    0x9f, 0xbf, 0x9f, 0xbf, 0x9f, 0xbf, 0x9f, 0xbf, 0x9f, 0xbf, 0x9f, 0xbf, 
    0x9f, 0xbf, 0x9f, 0xbf, 0x9f, 0xbf, 0x9f, 0xbf, 0x9f, 0xbf, 0x9f, 0xbf, 
    0x9f, 0xbf, 0x7f, 0xbf, 0x7f, 0xbf, 0x7f, 0xbf, 0x7f, 0xbf, 0x7f, 0xbf, 
    0x7f, 0xbf, 0x9f, 0xc7, 0x9e, 0xdf, 0xfe, 0xf7, 0xff, 0xff, 0xff, 0xff, 
    0xfe, 0xff, 0xfe, 0xff, 0xfe, 0xff, 0xfe, 0xff, 0xfe, 0xff, 0xfe, 0xff, 
    0xfe, 0xff, 0xfe, 0xff, 0xfe, 0xf7, 0xfe, 0xff, 0xde, 0xff, 0xfe, 0xff, 
    0x7b, 0xe7, 0x7f, 0xb7, 0x7e, 0xaf, 0x7f, 0xaf, 0x7f, 0xaf, 0x7f, 0xaf, 
    0x7f, 0xaf, 0x7f, 0xa7, 0x7f, 0xa7, 0x7f, 0xa7, 0x7f, 0xa7, 0x7f, 0xa7, 
    0x7f, 0xa7, 0x7f, 0xa7, 0x7f, 0xa7, 0x7f, 0xa7, 0x7f, 0xa7, 0x7f, 0xa7, 
    0x7f, 0xa7, 0x7f, 0xa7, 0x7f, 0xa7, 0x7f, 0xa7, 0x7f, 0xa7, 0x7f, 0xa7, 
    0x5f, 0xa7, 0x7f, 0xa7, 0x7f, 0xa7, 0x5f, 0x9f, 0x7f, 0x9f, 0x7f, 0x9f, 
    0x5f, 0x9f, 0x7f, 0xa7, 0x5f, 0xa7, 0x7f, 0xa7, 0x5f, 0xa7, 0x7f, 0xa7, 
    0x5f, 0xa7, 0x7f, 0xa7, 0x7f, 0xa7, 0x7f, 0xa7, 0x5f, 0xa7, 0x7f, 0xa7, 
    0x7f, 0xa7, 0x7f, 0xa7, 0x5f, 0xa7, 0x7f, 0xa7, 0x5f, 0xa7, 0x7f, 0xa7, 
    0x7f, 0xa7, 0x7f, 0xa7, 0x7f, 0xa7, 0x7f, 0xa7, 0x7f, 0xa7, 0x7f, 0xa7, 
    0x7f, 0xa7, 0x7f, 0xa7, 0x7f, 0xa7, 0x7f, 0xa7, 0x7f, 0xa7, 0x7f, 0xa7, 
    0x7f, 0xa7, 0x7f, 0xa7, 0x7f, 0xa7, 0x7f, 0xa7, 0x7f, 0xa7, 0x7f, 0xa7, 
    0x7f, 0xa7, 0x7f, 0xaf, 0x9f, 0xaf, 0x9f, 0xaf, 0x9f, 0xaf, 0x9f, 0xaf, 
    0x9f, 0xaf, 0x9f, 0xaf, 0x9f, 0xaf, 0x9f, 0xaf, 0x9f, 0xaf, 0x9f, 0xaf, 
    0x9f, 0xaf, 0x9f, 0xaf, 0x9f, 0xaf, 0x7f, 0xaf, 0x9f, 0xaf, 0x7f, 0xaf, 
    0x7f, 0xaf, 0x7f, 0xaf, 0x7f, 0xaf, 0x7f, 0xaf, 0x7f, 0xaf, 0x7f, 0xaf, 
    0x7f, 0xaf, 0x7f, 0xaf, 0x7f, 0xaf, 0x7f, 0xaf, 0x7f, 0xaf, 0x9f, 0xaf, 
    0x9f, 0xaf, 0x9f, 0xaf, 0x9f, 0xaf, 0x7f, 0xaf, 0x9f, 0xaf, 0x7f, 0xaf, 
    0x7f, 0xaf, 0x7f, 0xaf, 0x7f, 0xaf, 0x7f, 0xaf, 0x7f, 0xb7, 0x7f, 0xaf, 
    0x7f, 0xaf, 0x7f, 0xaf, 0x7f, 0xaf, 0x7f, 0xaf, 0x7f, 0xaf, 0x7f, 0xb7, 
    0x7f, 0xb7, 0x9f, 0xb7, 0x9f, 0xb7, 0x9f, 0xb7, 0x9f, 0xb7, 0x9f, 0xb7, 
    0x9f, 0xb7, 0x7f, 0xb7, 0x9f, 0xb7, 0x7f, 0xb7, 0x7f, 0xb7, 0x7f, 0xb7, 
    0x7f, 0xb7, 0x7f, 0xb7, 0x7f, 0xb7, 0x7f, 0xb7, 0x7f, 0xb7, 0x7f, 0xb7, 
    0x9f, 0xb7, 0x7f, 0xb7, 0x7f, 0xb7, 0x7f, 0xb7, 0x7f, 0xbf, 0x9f, 0xbf, 
    0x9f, 0xbf, 0x9f, 0xbf, 0x9f, 0xbf, 0x9f, 0xbf, 0x9f, 0xbf, 0x9f, 0xbf, 
    0x9f, 0xbf, 0x9f, 0xbf, 0x9f, 0xbf, 0x9f, 0xbf, 0x7e, 0xc7, 0x9e, 0xdf, 
    0xde, 0xef, 0xde, 0xf7, 0xde, 0xf7, 0xde, 0xf7, 0xde, 0xf7, 0xde, 0xf7, 
    0xde, 0xef, 0xbe, 0xef, 0xbe, 0xe7, 0x9e, 0xcf, 0x7f, 0xbf, 0x9e, 0xbf, 
    0x7f, 0xbf, 0x7f, 0xbf, 0x7f, 0xbf, 0x7f, 0xb7, 0x7f, 0xb7, 0x9f, 0xbf, 
    0x7f, 0xbf, 0x7f, 0xbf, 0x7f, 0xbf, 0x7f, 0xbf, 0x7f, 0xbf, 0x7f, 0xbf, 
    0x9f, 0xbf, 0x7f, 0xbf, 0x7f, 0xbf, 0x7f, 0xbf, 0x9f, 0xbf, 0x9f, 0xbf, 
    0x9f, 0xbf, 0x9f, 0xbf, 0x9f, 0xbf, 0x9f, 0xbf, 0x9f, 0xbf, 0x9f, 0xbf, 
    0x9f, 0xbf, 0x9f, 0xbf, 0x9f, 0xbf, 0x9f, 0xbf, 0x9f, 0xbf, 0x9f, 0xbf, 
    0x9f, 0xbf, 0x9f, 0xbf, 0x9f, 0xbf, 0x9f, 0xbf, 0x9f, 0xc7, 0x9f, 0xbf, 
    0x9f, 0xbf, 0x9f, 0xbf, 0x9f, 0xc7, 0x9f, 0xc7, 0x9f, 0xbf, 0x9f, 0xbf, 
    0x9f, 0xc7, 0x9f, 0xc7, 0x9f, 0xc7, 0x9f, 0xc7, 0x9f, 0xbf, 0x9f, 0xbf, 
    0x9f, 0xbf, 0x9f, 0xbf, 0x9f, 0xbf, 0x9f, 0xbf, 0x9f, 0xbf, 0x9f, 0xbf, 
    0x9f, 0xbf, 0x7f, 0xbf, 0x7f, 0xbf, 0x7f, 0xbf, 0x9f, 0xbf, 0x7f, 0xbf, 
    0x9e, 0xc7, 0xbd, 0xe7, 0xff, 0xff, 0xff, 0xff, 0xff, 0xff, 0xff, 0xff, 
    0xff, 0xff, 0xfe, 0xff, 0xff, 0xff, 0xfe, 0xff, 0xfe, 0xff, 0xfe, 0xff, 
    0xfe, 0xff, 0xfe, 0xff, 0xfe, 0xff, 0xfe, 0xff, 0xfe, 0xff, 0xfe, 0xff, 
    0xde, 0xff, 0x3c, 0xcf, 0x7e, 0xb7, 0x7f, 0xaf, 0x7f, 0xaf, 0x7f, 0xaf, 
    0x7f, 0xaf, 0x7f, 0xaf, 0x7f, 0xaf, 0x7f, 0xa7, 0x7f, 0xa7, 0x7f, 0xa7, 
    0x7f, 0xa7, 0x7f, 0xaf, 0x7f, 0xaf, 0x7f, 0xaf, 0x7f, 0xaf, 0x7f, 0xa7, 
    0x7f, 0xa7, 0x7f, 0xa7, 0x7f, 0xa7, 0x7f, 0xa7, 0x7f, 0xa7, 0x7f, 0xa7, 
    0x7f, 0xa7, 0x7f, 0xa7, 0x7f, 0xa7, 0x7f, 0xa7, 0x7f, 0xa7, 0x7f, 0xa7, 
    0x7f, 0xa7, 0x7f, 0xa7, 0x7f, 0xa7, 0x7f, 0xa7, 0x7f, 0xa7, 0x7f, 0xa7, 
    0x7f, 0xa7, 0x7f, 0xa7, 0x7f, 0xa7, 0x7f, 0xa7, 0x7f, 0xa7, 0x7f, 0xa7, 
    0x7f, 0xa7, 0x7f, 0xa7, 0x5f, 0xa7, 0x7f, 0xa7, 0x7f, 0xa7, 0x7f, 0xa7, 
    0x7f, 0xa7, 0x7f, 0xa7, 0x7f, 0xa7, 0x7f, 0xa7, 0x7f, 0xa7, 0x7f, 0xa7, 
    0x7f, 0xa7, 0x7f, 0xa7, 0x7f, 0xa7, 0x7f, 0xa7, 0x7f, 0xa7, 0x7f, 0xa7, 
    0x7f, 0xa7, 0x7f, 0xa7, 0x7f, 0xa7, 0x7f, 0xa7, 0x7f, 0xaf, 0x7f, 0xaf, 
    0x7f, 0xaf, 0x7f, 0xaf, 0x7f, 0xaf, 0x9f, 0xaf, 0x9f, 0xaf, 0x9f, 0xaf, 
    0x9f, 0xaf, 0x9f, 0xaf, 0x9f, 0xaf, 0x9f, 0xaf, 0x9f, 0xaf, 0x9f, 0xaf, 
    0x9f, 0xb7, 0x9f, 0xaf, 0x9f, 0xaf, 0x9f, 0xaf, 0x9f, 0xaf, 0x7f, 0xaf, 
    0x7f, 0xaf, 0x7f, 0xaf, 0x7f, 0xaf, 0x7f, 0xaf, 0x7f, 0xaf, 0x7f, 0xaf, 
    0x7f, 0xaf, 0x7f, 0xaf, 0x7f, 0xaf, 0x7f, 0xaf, 0x7f, 0xaf, 0x9f, 0xaf, 
    0x9f, 0xaf, 0x9f, 0xaf, 0x7f, 0xaf, 0x7f, 0xaf, 0x7f, 0xaf, 0x7f, 0xaf, 
    0x7f, 0xaf, 0x7f, 0xaf, 0x7f, 0xaf, 0x7f, 0xaf, 0x7f, 0xb7, 0x7f, 0xaf, 
    0x7f, 0xb7, 0x7f, 0xb7, 0x7f, 0xb7, 0x7f, 0xb7, 0x7f, 0xb7, 0x7f, 0xb7, 
    0x7f, 0xb7, 0x9f, 0xb7, 0x9f, 0xb7, 0x9f, 0xb7, 0x9f, 0xb7, 0x9f, 0xb7, 
    0x9f, 0xb7, 0x9f, 0xb7, 0x7f, 0xb7, 0x9f, 0xb7, 0x7f, 0xb7, 0x9f, 0xb7, 
    0x7f, 0xb7, 0x7f, 0xb7, 0x7f, 0xb7, 0x7f, 0xb7, 0x7f, 0xb7, 0x9f, 0xb7, 
    0x7f, 0xb7, 0x7f, 0xbf, 0x7f, 0xbf, 0x7f, 0xbf, 0x7f, 0xbf, 0x7f, 0xbf, 
    0x9f, 0xbf, 0x9f, 0xbf, 0x9f, 0xbf, 0x9f, 0xbf, 0x9f, 0xbf, 0x9f, 0xbf, 
    0x9f, 0xbf, 0x9f, 0xbf, 0x9f, 0xbf, 0xbf, 0xcf, 0xde, 0xf7, 0xde, 0xf7, 
    0xde, 0xf7, 0xde, 0xf7, 0xde, 0xf7, 0xde, 0xf7, 0xde, 0xf7, 0xde, 0xf7, 
    0xde, 0xef, 0xbe, 0xef, 0xbe, 0xef, 0xbd, 0xef, 0xbe, 0xe7, 0x9e, 0xc7, 
    0x7f, 0xbf, 0x7f, 0xbf, 0x7f, 0xbf, 0x7f, 0xbf, 0x7f, 0xbf, 0x7f, 0xbf, 
    0x7f, 0xbf, 0x7f, 0xbf, 0x7f, 0xbf, 0x9f, 0xbf, 0x7f, 0xbf, 0x9f, 0xbf, 
    0x9f, 0xbf, 0x9f, 0xbf, 0x9f, 0xbf, 0x9f, 0xbf, 0x9f, 0xbf, 0x9f, 0xbf, 
    0x9f, 0xbf, 0x9f, 0xbf, 0x9f, 0xbf, 0x9f, 0xbf, 0x9f, 0xbf, 0x9f, 0xbf, 
    0x9f, 0xbf, 0x9f, 0xbf, 0x9f, 0xbf, 0x9f, 0xbf, 0x9f, 0xbf, 0x9f, 0xbf, 
    0x9f, 0xbf, 0x9f, 0xbf, 0x9f, 0xc7, 0x9f, 0xc7, 0x9f, 0xc7, 0x9f, 0xc7, 
    0x9f, 0xc7, 0x9f, 0xbf, 0x9f, 0xc7, 0x9f, 0xc7, 0x9f, 0xc7, 0x9f, 0xc7, 
    0x9f, 0xc7, 0x9f, 0xc7, 0x9f, 0xc7, 0x9f, 0xc7, 0x9f, 0xc7, 0x9f, 0xc7, 
    0x9f, 0xc7, 0x9f, 0xc7, 0x9f, 0xbf, 0x9f, 0xc7, 0x9f, 0xbf, 0x9f, 0xbf, 
    0x9f, 0xbf, 0x9f, 0xbf, 0x9f, 0xbf, 0x7f, 0xbf, 0x7f, 0xbf, 0x7e, 0xcf, 
    0xbd, 0xef, 0xff, 0xff, 0xff, 0xff, 0xfe, 0xff, 0xfe, 0xff, 0xfe, 0xff, 
    0xfe, 0xff, 0xff, 0xff, 0xfe, 0xff, 0xff, 0xff, 0xff, 0xff, 0xff, 0xff, 
    0xff, 0xff, 0xfe, 0xff, 0xff, 0xff, 0xfe, 0xff, 0xfe, 0xff, 0xfe, 0xff, 
    0xfe, 0xff, 0x9c, 0xef, 0x5d, 0xbf, 0x7f, 0xaf, 0x7f, 0xaf, 0x7f, 0xaf, 
    0x7f, 0xaf, 0x7f, 0xaf, 0x7f, 0xaf, 0x7f, 0xaf, 0x7f, 0xaf, 0x7f, 0xaf, 
    0x7f, 0xaf, 0x7f, 0xaf, 0x7f, 0xaf, 0x7f, 0xaf, 0x7f, 0xaf, 0x7f, 0xaf, 
    0x7f, 0xaf, 0x7f, 0xaf, 0x7f, 0xaf, 0x7f, 0xaf, 0x7f, 0xa7, 0x7f, 0xa7, 
    0x7f, 0xa7, 0x7f, 0xa7, 0x7f, 0xa7, 0x7f, 0xa7, 0x7f, 0xa7, 0x7f, 0xa7, 
    0x7f, 0xa7, 0x7f, 0xa7, 0x7f, 0xa7, 0x7f, 0xa7, 0x7f, 0xa7, 0x7f, 0xa7, 
    0x7f, 0xa7, 0x7f, 0xa7, 0x7f, 0xa7, 0x7f, 0xa7, 0x7f, 0xa7, 0x7f, 0xa7, 
    0x7f, 0xa7, 0x7f, 0xa7, 0x7f, 0xa7, 0x7f, 0xa7, 0x7f, 0xa7, 0x7f, 0xa7, 
    0x7f, 0xaf, 0x7f, 0xaf, 0x7f, 0xaf, 0x7f, 0xa7, 0x7f, 0xaf, 0x7f, 0xa7, 
    0x7f, 0xa7, 0x7f, 0xaf, 0x7f, 0xa7, 0x7f, 0xaf, 0x7f, 0xa7, 0x7f, 0xaf, 
    0x7f, 0xaf, 0x7f, 0xaf, 0x7f, 0xaf, 0x7f, 0xaf, 0x7f, 0xaf, 0x7f, 0xaf, 
    0x7f, 0xaf, 0x9f, 0xaf, 0x7f, 0xaf, 0x9f, 0xaf, 0x7f, 0xaf, 0x9f, 0xaf, 
    0x7f, 0xaf, 0x9f, 0xaf, 0x9f, 0xaf, 0x9f, 0xaf, 0x9f, 0xb7, 0x9f, 0xaf, 
    0x9f, 0xb7, 0x9f, 0xaf, 0x9f, 0xb7, 0x9f, 0xaf, 0x9f, 0xaf, 0x9f, 0xb7, 
    0x7f, 0xb7, 0x7f, 0xb7, 0x7f, 0xaf, 0x7f, 0xaf, 0x7f, 0xaf, 0x7f, 0xaf, 
    0x7f, 0xb7, 0x7f, 0xb7, 0x7f, 0xb7, 0x7f, 0xaf, 0x7f, 0xb7, 0x9f, 0xaf, 
    0x7f, 0xaf, 0x9f, 0xaf, 0x7f, 0xaf, 0x7f, 0xaf, 0x7f, 0xaf, 0x7f, 0xaf, 
    0x7f, 0xb7, 0x7f, 0xb7, 0x7f, 0xb7, 0x7f, 0xb7, 0x7f, 0xb7, 0x9f, 0xb7, 
    0x7f, 0xb7, 0x7f, 0xb7, 0x7f, 0xb7, 0x7f, 0xb7, 0x7f, 0xb7, 0x7f, 0xb7, 
    0x9f, 0xb7, 0x9f, 0xb7, 0x9f, 0xb7, 0x9f, 0xb7, 0x9f, 0xb7, 0x9f, 0xb7, 
    0x9f, 0xb7, 0x9f, 0xb7, 0x9f, 0xb7, 0x7f, 0xb7, 0x9f, 0xb7, 0x7f, 0xb7, 
    0x7f, 0xb7, 0x7f, 0xb7, 0x7f, 0xb7, 0x7f, 0xb7, 0x9f, 0xb7, 0x7f, 0xb7, 
    0x9f, 0xbf, 0x9f, 0xbf, 0x7f, 0xbf, 0x7f, 0xbf, 0x9f, 0xbf, 0x9f, 0xbf, 
    0x9f, 0xbf, 0x9f, 0xc7, 0xbf, 0xc7, 0xbf, 0xd7, 0xbe, 0xd7, 0xde, 0xe7, 
    0xdf, 0xef, 0xde, 0xef, 0xdf, 0xef, 0xfe, 0xf7, 0xfe, 0xf7, 0xfe, 0xf7, 
    0xde, 0xf7, 0xde, 0xf7, 0xde, 0xf7, 0xde, 0xf7, 0xde, 0xf7, 0xde, 0xef, 
    0xbe, 0xef, 0xbe, 0xef, 0xbe, 0xef, 0xbe, 0xef, 0xbd, 0xef, 0x9f, 0xdf, 
    0x7e, 0xc7, 0x9e, 0xc7, 0x7e, 0xbf, 0x7f, 0xbf, 0x7f, 0xbf, 0x9f, 0xbf, 
    0x9f, 0xbf, 0x7f, 0xbf, 0x7f, 0xbf, 0x7f, 0xbf, 0x9f, 0xbf, 0x9f, 0xbf, 
    0x9f, 0xbf, 0x9f, 0xbf, 0x9f, 0xbf, 0x9f, 0xbf, 0x9f, 0xbf, 0x9f, 0xbf, 
    0x9f, 0xbf, 0x9f, 0xbf, 0x9f, 0xc7, 0x9f, 0xc7, 0x9f, 0xc7, 0x9f, 0xc7, 
    0x9f, 0xc7, 0x9f, 0xbf, 0x9f, 0xc7, 0x9f, 0xc7, 0x9f, 0xc7, 0x9f, 0xc7, 
    0x9f, 0xc7, 0x9f, 0xc7, 0x9f, 0xc7, 0x9f, 0xc7, 0x9f, 0xc7, 0x9f, 0xc7, 
    0x9f, 0xc7, 0x9f, 0xc7, 0x9f, 0xc7, 0x9f, 0xc7, 0x9f, 0xc7, 0x9f, 0xc7, 
    0x9f, 0xc7, 0x9f, 0xc7, 0x9f, 0xc7, 0x9f, 0xc7, 0x9f, 0xc7, 0x9f, 0xc7, 
    0x9f, 0xc7, 0x9f, 0xc7, 0x9f, 0xc7, 0x9f, 0xc7, 0x9f, 0xc7, 0x9f, 0xc7, 
    0x7f, 0xc7, 0x7f, 0xbf, 0x7f, 0xbf, 0x7f, 0xbf, 0x7e, 0xcf, 0xbd, 0xef, 
    0xff, 0xff, 0xfe, 0xff, 0xfe, 0xf7, 0xfe, 0xff, 0xfe, 0xff, 0xfe, 0xff, 
    0xff, 0xff, 0xff, 0xff, 0xff, 0xff, 0xff, 0xff, 0xff, 0xff, 0xff, 0xff, 
    0xff, 0xff, 0xfe, 0xff, 0xfe, 0xff, 0xff, 0xff, 0xfe, 0xff, 0xfe, 0xff, 
    0xfe, 0xf7, 0xdf, 0xf7, 0x5c, 0xc7, 0x7f, 0xaf, 0x7f, 0xaf, 0x7f, 0xaf, 
    0x7f, 0xaf, 0x7f, 0xaf, 0x7f, 0xaf, 0x7f, 0xaf, 0x7f, 0xaf, 0x7f, 0xaf, 
    0x7f, 0xaf, 0x9f, 0xaf, 0x9f, 0xaf, 0x7f, 0xaf, 0x7f, 0xaf, 0x7f, 0xaf, 
    0x7f, 0xaf, 0x7f, 0xaf, 0x7f, 0xaf, 0x7f, 0xaf, 0x7f, 0xaf, 0x7f, 0xaf, 
    0x7f, 0xaf, 0x7f, 0xaf, 0x7f, 0xaf, 0x7f, 0xaf, 0x7f, 0xaf, 0x7f, 0xa7, 
    0x7f, 0xa7, 0x7f, 0xaf, 0x7f, 0xa7, 0x7f, 0xa7, 0x7f, 0xa7, 0x7f, 0xa7, 
    0x7f, 0xa7, 0x7f, 0xa7, 0x7f, 0xaf, 0x7f, 0xaf, 0x7f, 0xaf, 0x7f, 0xa7, 
    0x7f, 0xaf, 0x7f, 0xa7, 0x7f, 0xaf, 0x7f, 0xaf, 0x7f, 0xaf, 0x7f, 0xaf, 
    0x7f, 0xaf, 0x7f, 0xaf, 0x7f, 0xaf, 0x7f, 0xaf, 0x7f, 0xaf, 0x7f, 0xaf, 
    0x7f, 0xa7, 0x7f, 0xaf, 0x7f, 0xaf, 0x7f, 0xaf, 0x7f, 0xaf, 0x7f, 0xaf, 
    0x7f, 0xaf, 0x7f, 0xaf, 0x7f, 0xaf, 0x7f, 0xaf, 0x7f, 0xaf, 0x7f, 0xaf, 
    0x7f, 0xaf, 0x9f, 0xaf, 0x9f, 0xaf, 0x9f, 0xaf, 0x9f, 0xaf, 0x9f, 0xaf, 
    0x9f, 0xb7, 0x9f, 0xaf, 0x9f, 0xaf, 0x9f, 0xaf, 0x9f, 0xaf, 0x9f, 0xaf, 
    0x7f, 0xaf, 0x9f, 0xb7, 0x7f, 0xb7, 0x7f, 0xb7, 0x9f, 0xb7, 0x7f, 0xb7, 
    0x9f, 0xb7, 0x7f, 0xb7, 0x7f, 0xb7, 0x7f, 0xb7, 0x7f, 0xb7, 0x7f, 0xaf, 
    0x7f, 0xb7, 0x7f, 0xb7, 0x7f, 0xb7, 0x7f, 0xb7, 0x7f, 0xb7, 0x7f, 0xb7, 
    0x9f, 0xb7, 0x7f, 0xaf, 0x9f, 0xb7, 0x7f, 0xaf, 0x7f, 0xaf, 0x7f, 0xb7, 
    0x7f, 0xb7, 0x7f, 0xb7, 0x7f, 0xb7, 0x7f, 0xb7, 0x7f, 0xb7, 0x7f, 0xb7, 
    0x7f, 0xb7, 0x7f, 0xb7, 0x9f, 0xb7, 0x9f, 0xb7, 0x7f, 0xb7, 0x9f, 0xb7, 
    0x9f, 0xb7, 0x9f, 0xb7, 0x9f, 0xb7, 0x9f, 0xb7, 0x9f, 0xbf, 0x9f, 0xb7, 
    0x9f, 0xbf, 0x9f, 0xbf, 0x9f, 0xbf, 0x9f, 0xb7, 0x9f, 0xbf, 0x9e, 0xb7, 
    0x7f, 0xbf, 0x7f, 0xbf, 0x9f, 0xbf, 0x9f, 0xbf, 0x7f, 0xbf, 0x7f, 0xbf, 
    0x9f, 0xbf, 0x9f, 0xbf, 0x9f, 0xbf, 0x9f, 0xbf, 0x9f, 0xbf, 0x9f, 0xc7, 
    0x9f, 0xcf, 0xdf, 0xe7, 0xfe, 0xf7, 0xfe, 0xff, 0xfe, 0xff, 0xfe, 0xf7, 
    0xfd, 0xf7, 0xfe, 0xf7, 0xfe, 0xf7, 0xfd, 0xf7, 0xde, 0xf7, 0xde, 0xf7, 
    0xde, 0xf7, 0xde, 0xf7, 0xde, 0xef, 0xde, 0xf7, 0xde, 0xef, 0xbe, 0xef, 
    0xbe, 0xef, 0x9e, 0xef, 0xbd, 0xef, 0xbd, 0xe7, 0x9e, 0xe7, 0x9d, 0xdf, 
    0x9e, 0xd7, 0x7e, 0xd7, 0x7e, 0xd7, 0x7e, 0xd7, 0x9e, 0xd7, 0x7e, 0xd7, 
    0x9e, 0xcf, 0x7f, 0xc7, 0x7f, 0xbf, 0x7f, 0xbf, 0x9f, 0xbf, 0x9f, 0xbf, 
    0x9f, 0xc7, 0x9f, 0xbf, 0x9f, 0xc7, 0x9f, 0xbf, 0x9f, 0xc7, 0x9f, 0xc7, 
    0x9f, 0xc7, 0x9f, 0xc7, 0x9f, 0xc7, 0x9f, 0xc7, 0x9f, 0xc7, 0x9f, 0xc7, 
    0x9f, 0xc7, 0x9f, 0xc7, 0x9f, 0xc7, 0x9f, 0xc7, 0x9f, 0xc7, 0x9f, 0xc7, 
    0x9e, 0xc7, 0x9f, 0xc7, 0x9f, 0xc7, 0x9e, 0xc7, 0x9f, 0xc7, 0x9f, 0xc7, 
    0x9f, 0xc7, 0x9f, 0xc7, 0x9f, 0xc7, 0x9f, 0xc7, 0x9f, 0xc7, 0x9f, 0xc7, 
    0x9f, 0xc7, 0x9f, 0xc7, 0x9f, 0xc7, 0x9f, 0xc7, 0x9f, 0xc7, 0x9f, 0xc7, 
    0x9f, 0xc7, 0x9f, 0xc7, 0x9f, 0xc7, 0x9f, 0xc7, 0x9f, 0xc7, 0x9f, 0xc7, 
    0x7f, 0xc7, 0x7f, 0xbf, 0x7f, 0xbf, 0x7e, 0xcf, 0xbd, 0xef, 0xfe, 0xff, 
    0xfe, 0xff, 0xfe, 0xf7, 0xfe, 0xff, 0xfe, 0xff, 0xfe, 0xff, 0xfe, 0xff, 
    0xff, 0xff, 0xfe, 0xff, 0xfe, 0xff, 0xff, 0xff, 0xff, 0xff, 0xfe, 0xff, 
    0xff, 0xff, 0xff, 0xff, 0xfe, 0xff, 0xfe, 0xff, 0xff, 0xff, 0xfe, 0xff, 
    0xfe, 0xf7, 0xfe, 0xf7, 0x3b, 0xd7, 0x5f, 0xb7, 0x7f, 0xaf, 0x7f, 0xaf, 
    0x7f, 0xaf, 0x7f, 0xaf, 0x7f, 0xaf, 0x7f, 0xaf, 0x7f, 0xaf, 0x7f, 0xaf, 
    0x7f, 0xaf, 0x7f, 0xaf, 0x7f, 0xaf, 0x7f, 0xaf, 0x7f, 0xaf, 0x7f, 0xaf, 
    0x7f, 0xaf, 0x9f, 0xaf, 0x7f, 0xaf, 0x7f, 0xaf, 0x7f, 0xaf, 0x7f, 0xaf, 
    0x7f, 0xaf, 0x7f, 0xaf, 0x9f, 0xaf, 0x7f, 0xaf, 0x7f, 0xaf, 0x9f, 0xaf, 
    0x7f, 0xaf, 0x7f, 0xaf, 0x7f, 0xaf, 0x7f, 0xaf, 0x7f, 0xaf, 0x7f, 0xaf, 
    0x7f, 0xa7, 0x7f, 0xa7, 0x7e, 0xa7, 0x7f, 0xaf, 0x7f, 0xaf, 0x7f, 0xaf, 
    0x7f, 0xaf, 0x7f, 0xaf, 0x7f, 0xaf, 0x7f, 0xaf, 0x7f, 0xaf, 0x7f, 0xaf, 
    0x7f, 0xaf, 0x7f, 0xaf, 0x7f, 0xaf, 0x7f, 0xaf, 0x7f, 0xaf, 0x7f, 0xaf, 
    0x7f, 0xaf, 0x7f, 0xaf, 0x7f, 0xaf, 0x7f, 0xaf, 0x7f, 0xaf, 0x7f, 0xaf, 
    0x7f, 0xaf, 0x7f, 0xaf, 0x7f, 0xaf, 0x7f, 0xaf, 0x9f, 0xaf, 0x7f, 0xaf, 
    0x9f, 0xaf, 0x9f, 0xaf, 0x9f, 0xb7, 0x9f, 0xb7, 0x9f, 0xb7, 0x9f, 0xb7, 
    0x9f, 0xb7, 0x9f, 0xaf, 0x9f, 0xb7, 0x9f, 0xb7, 0x9f, 0xb7, 0x9f, 0xb7, 
    0x9f, 0xb7, 0x9f, 0xb7, 0x7f, 0xb7, 0x9f, 0xb7, 0x7f, 0xb7, 0x7f, 0xb7, 
    0x7f, 0xb7, 0x7f, 0xb7, 0x7f, 0xb7, 0x7f, 0xb7, 0x9f, 0xb7, 0x9f, 0xb7, 
    0x9f, 0xb7, 0x9f, 0xb7, 0x9f, 0xb7, 0x9f, 0xb7, 0x9f, 0xb7, 0x7f, 0xb7, 
    0x7f, 0xb7, 0x7f, 0xb7, 0x7f, 0xb7, 0x7f, 0xb7, 0x7f, 0xb7, 0x7f, 0xb7, 
    0x7f, 0xb7, 0x7f, 0xb7, 0x7f, 0xb7, 0x7f, 0xb7, 0x9f, 0xb7, 0x7f, 0xb7, 
    0x7f, 0xb7, 0x9f, 0xb7, 0x7f, 0xb7, 0x9f, 0xb7, 0x9f, 0xb7, 0x7f, 0xb7, 
    0x7f, 0xb7, 0x7f, 0xb7, 0x9f, 0xb7, 0x7f, 0xb7, 0x9f, 0xbf, 0x9f, 0xbf, 
    0x9f, 0xbf, 0x9f, 0xbf, 0x9f, 0xbf, 0x9e, 0xbf, 0x7f, 0xbf, 0x9f, 0xbf, 
    0x7f, 0xbf, 0x9f, 0xbf, 0x9f, 0xbf, 0x7f, 0xbf, 0x9f, 0xbf, 0x9f, 0xbf, 
    0x9f, 0xbf, 0x9f, 0xbf, 0x9e, 0xbf, 0x9f, 0xbf, 0x9f, 0xc7, 0xbf, 0xd7, 
    0xfe, 0xef, 0xfe, 0xf7, 0xfe, 0xf7, 0xfe, 0xf7, 0xfe, 0xf7, 0xfe, 0xf7, 
    0xde, 0xf7, 0xfe, 0xf7, 0xfe, 0xf7, 0xde, 0xf7, 0xde, 0xf7, 0xdd, 0xf7, 
    0xde, 0xf7, 0xbd, 0xef, 0xde, 0xef, 0xbd, 0xef, 0xbe, 0xef, 0x9e, 0xe7, 
    0x9e, 0xe7, 0x9d, 0xe7, 0x9e, 0xe7, 0x9e, 0xe7, 0x9e, 0xdf, 0x9e, 0xdf, 
    0x9e, 0xdf, 0x7e, 0xdf, 0x9e, 0xdf, 0x9e, 0xdf, 0x9e, 0xdf, 0x9e, 0xdf, 
    0x9e, 0xdf, 0x7e, 0xd7, 0x7e, 0xc7, 0x9f, 0xc7, 0x9f, 0xc7, 0x9f, 0xc7, 
    0x9f, 0xc7, 0x9f, 0xc7, 0x9f, 0xc7, 0x9f, 0xc7, 0x9f, 0xc7, 0x9f, 0xc7, 
    0x9f, 0xc7, 0x9f, 0xc7, 0x9f, 0xc7, 0x9f, 0xc7, 0x9f, 0xc7, 0xbf, 0xc7, 
    0x9f, 0xc7, 0x9f, 0xc7, 0x9f, 0xc7, 0x9f, 0xc7, 0x9f, 0xc7, 0x9f, 0xc7, 
    0x9f, 0xc7, 0x9f, 0xc7, 0x9f, 0xc7, 0x9f, 0xc7, 0x9f, 0xc7, 0x9f, 0xc7, 
    0x9f, 0xc7, 0x9f, 0xc7, 0x9f, 0xc7, 0x9f, 0xc7, 0x9f, 0xc7, 0x9f, 0xc7, 
    0x9f, 0xc7, 0x9f, 0xc7, 0x9f, 0xc7, 0x9f, 0xc7, 0x9f, 0xc7, 0x9f, 0xc7, 
    0x9f, 0xc7, 0x9f, 0xc7, 0x9e, 0xc7, 0x9f, 0xc7, 0x9f, 0xc7, 0x9f, 0xc7, 
    0x9e, 0xc7, 0x7f, 0xbf, 0x7f, 0xc7, 0xbd, 0xef, 0xff, 0xff, 0xff, 0xff, 
    0xfe, 0xff, 0xfe, 0xff, 0xfe, 0xff, 0xfe, 0xff, 0xfe, 0xff, 0xfe, 0xff, 
    0xff, 0xff, 0xfe, 0xff, 0xfe, 0xff, 0xfe, 0xff, 0xfe, 0xff, 0xff, 0xff, 
    0xff, 0xff, 0xfe, 0xff, 0xff, 0xf7, 0xff, 0xf7, 0xfe, 0xf7, 0xff, 0xff, 
    0xfe, 0xf7, 0xfe, 0xf7, 0x7b, 0xe7, 0x5e, 0xb7, 0x7f, 0xaf, 0x7f, 0xaf, 
    0x7f, 0xaf, 0x7f, 0xaf, 0x7f, 0xaf, 0x7f, 0xaf, 0x7f, 0xaf, 0x7f, 0xaf, 
    0x7f, 0xaf, 0x7f, 0xaf, 0x7f, 0xaf, 0x7f, 0xb7, 0x7f, 0xaf, 0x9f, 0xaf, 
    0x7f, 0xaf, 0x9f, 0xaf, 0x9f, 0xaf, 0x7f, 0xaf, 0x9f, 0xaf, 0x7f, 0xaf, 
    0x7f, 0xaf, 0x7f, 0xaf, 0x7f, 0xaf, 0x7f, 0xaf, 0x7f, 0xaf, 0x7f, 0xaf, 
    0x7f, 0xaf, 0x7f, 0xaf, 0x7f, 0xaf, 0x7f, 0xaf, 0x7f, 0xaf, 0x7e, 0xaf, 
    0x7f, 0xaf, 0x7e, 0xaf, 0x7f, 0xaf, 0x7f, 0xaf, 0x7f, 0xaf, 0x7f, 0xaf, 
    0x7f, 0xaf, 0x7f, 0xaf, 0x7f, 0xaf, 0x7f, 0xaf, 0x7f, 0xaf, 0x7f, 0xaf, 
    0x7f, 0xaf, 0x7f, 0xaf, 0x7f, 0xaf, 0x7f, 0xaf, 0x7f, 0xaf, 0x7f, 0xaf, 
    0x7f, 0xaf, 0x7f, 0xaf, 0x7f, 0xaf, 0x7f, 0xaf, 0x7f, 0xaf, 0x7f, 0xaf, 
    0x7f, 0xaf, 0x7f, 0xaf, 0x7f, 0xaf, 0x7f, 0xaf, 0x7f, 0xaf, 0x9f, 0xb7, 
    0x9f, 0xb7, 0x9f, 0xb7, 0x9f, 0xb7, 0x9f, 0xb7, 0x9f, 0xb7, 0x9f, 0xb7, 
    0x9f, 0xb7, 0x9f, 0xb7, 0x9f, 0xb7, 0x9f, 0xb7, 0x9f, 0xb7, 0x9f, 0xb7, 
    0x7f, 0xb7, 0x7f, 0xb7, 0x9f, 0xb7, 0x7f, 0xb7, 0x7f, 0xb7, 0x7f, 0xb7, 
    0x9f, 0xb7, 0x7f, 0xb7, 0x7f, 0xb7, 0x7f, 0xb7, 0x7f, 0xb7, 0x9f, 0xb7, 
    0x7f, 0xb7, 0x9f, 0xb7, 0x7f, 0xb7, 0x9f, 0xb7, 0x9e, 0xb7, 0x7f, 0xb7, 
    0x7e, 0xb7, 0x7f, 0xb7, 0x7f, 0xb7, 0x7f, 0xb7, 0x7f, 0xb7, 0x7f, 0xb7, 
    0x7f, 0xb7, 0x7f, 0xb7, 0x9f, 0xb7, 0x7f, 0xb7, 0x9f, 0xb7, 0x7f, 0xb7, 
    0x7f, 0xb7, 0x9f, 0xb7, 0x7f, 0xb7, 0x7f, 0xb7, 0x7f, 0xb7, 0x7f, 0xb7, 
    0x9f, 0xb7, 0x9f, 0xbf, 0x7f, 0xb7, 0x9f, 0xbf, 0x9f, 0xbf, 0x9f, 0xbf, 
    0x9f, 0xbf, 0x9f, 0xbf, 0x7f, 0xbf, 0x9f, 0xbf, 0x9f, 0xbf, 0x9f, 0xbf, 
    0x9e, 0xbf, 0x9f, 0xbf, 0x9f, 0xbf, 0x9f, 0xbf, 0x9f, 0xbf, 0x9f, 0xbf, 
    0x9f, 0xbf, 0x9f, 0xbf, 0x7f, 0xc7, 0x9f, 0xc7, 0xbf, 0xdf, 0xff, 0xf7, 
    0xfe, 0xf7, 0xfe, 0xf7, 0xfe, 0xf7, 0xfe, 0xf7, 0xde, 0xf7, 0xfe, 0xf7, 
    0xdd, 0xf7, 0xde, 0xf7, 0xdd, 0xf7, 0xde, 0xf7, 0xdd, 0xf7, 0xde, 0xf7, 
    0xdd, 0xef, 0xbe, 0xef, 0x9e, 0xe7, 0x9e, 0xe7, 0x9e, 0xe7, 0x9e, 0xe7, 
    0x9e, 0xe7, 0x9e, 0xdf, 0x9e, 0xdf, 0x9e, 0xdf, 0x9e, 0xdf, 0x9e, 0xdf, 
    0x7e, 0xdf, 0x9e, 0xdf, 0x9e, 0xdf, 0x9e, 0xdf, 0x9e, 0xdf, 0x9e, 0xdf, 
    0x9e, 0xdf, 0x9e, 0xdf, 0x9e, 0xcf, 0x9f, 0xc7, 0x9f, 0xc7, 0xbf, 0xc7, 
    0x9f, 0xc7, 0x9f, 0xc7, 0x9f, 0xc7, 0x9f, 0xc7, 0x9f, 0xc7, 0xbf, 0xc7, 
    0x9f, 0xc7, 0x9f, 0xc7, 0xbf, 0xc7, 0x9f, 0xc7, 0x9f, 0xc7, 0x9f, 0xc7, 
    0x9f, 0xc7, 0x9f, 0xc7, 0x9f, 0xc7, 0x9f, 0xc7, 0x9f, 0xc7, 0x9e, 0xc7, 
    0x9f, 0xc7, 0x9e, 0xc7, 0x9f, 0xc7, 0x9f, 0xc7, 0x9f, 0xc7, 0x9f, 0xc7, 
    0xbe, 0xc7, 0x9f, 0xc7, 0xbf, 0xc7, 0xbf, 0xc7, 0xbf, 0xc7, 0x9f, 0xc7, 
    0x9f, 0xc7, 0x9f, 0xc7, 0x9f, 0xc7, 0x9f, 0xc7, 0x9f, 0xc7, 0x9f, 0xc7, 
    0x9f, 0xc7, 0x9f, 0xc7, 0x9f, 0xc7, 0x9e, 0xc7, 0x9f, 0xc7, 0x9e, 0xc7, 
    0x7f, 0xc7, 0x9f, 0xc7, 0xbd, 0xe7, 0xff, 0xff, 0xff, 0xff, 0xff, 0xff, 
    0xff, 0xff, 0xfe, 0xff, 0xfe, 0xff, 0xfe, 0xff, 0xff, 0xff, 0xfe, 0xff, 
    0xfe, 0xff, 0xff, 0xff, 0xff, 0xff, 0xfe, 0xff, 0xff, 0xff, 0xfe, 0xff, 
    0xff, 0xff, 0xff, 0xff, 0xfe, 0xf7, 0xfe, 0xf7, 0xfe, 0xf7, 0xfe, 0xf7, 
    0xde, 0xf7, 0xde, 0xf7, 0xbd, 0xef, 0x5d, 0xb7, 0x7f, 0xaf, 0x7f, 0xaf, 
    0x7f, 0xaf, 0x7f, 0xaf, 0x7f, 0xaf, 0x7f, 0xaf, 0x7f, 0xaf, 0x9f, 0xb7, 
    0x7f, 0xaf, 0x7f, 0xaf, 0x7f, 0xb7, 0x7f, 0xaf, 0x7f, 0xaf, 0x7f, 0xb7, 
    0x7f, 0xaf, 0x7f, 0xaf, 0x7f, 0xaf, 0x7f, 0xaf, 0x7f, 0xaf, 0x7f, 0xaf, 
    0x7f, 0xb7, 0x9f, 0xaf, 0x9f, 0xaf, 0x9f, 0xaf, 0x9f, 0xaf, 0x9f, 0xaf, 
    0x9f, 0xaf, 0x9f, 0xaf, 0x7f, 0xaf, 0x7f, 0xaf, 0x7f, 0xaf, 0x7f, 0xaf, 
    0x7f, 0xaf, 0x7f, 0xaf, 0x7f, 0xaf, 0x7f, 0xaf, 0x7f, 0xaf, 0x7f, 0xaf, 
    0x7f, 0xaf, 0x7f, 0xaf, 0x7f, 0xaf, 0x7f, 0xaf, 0x7f, 0xaf, 0x7f, 0xaf, 
    0x7f, 0xaf, 0x7f, 0xaf, 0x7f, 0xaf, 0x7f, 0xaf, 0x7f, 0xaf, 0x7f, 0xaf, 
    0x7f, 0xaf, 0x7f, 0xaf, 0x7f, 0xaf, 0x7f, 0xaf, 0x7f, 0xaf, 0x7f, 0xaf, 
    0x7f, 0xaf, 0x7f, 0xaf, 0x7f, 0xaf, 0x7f, 0xaf, 0x7f, 0xaf, 0x7f, 0xb7, 
    0x9f, 0xb7, 0x9f, 0xb7, 0x9f, 0xb7, 0x9f, 0xb7, 0x9f, 0xb7, 0x9f, 0xb7, 
    0x9f, 0xb7, 0x9f, 0xb7, 0x9f, 0xb7, 0x9f, 0xb7, 0x7f, 0xb7, 0x9f, 0xb7, 
    0x9f, 0xb7, 0x7f, 0xb7, 0x7f, 0xb7, 0x7f, 0xb7, 0x9f, 0xb7, 0x9f, 0xb7, 
    0x7f, 0xb7, 0x9f, 0xb7, 0x9f, 0xb7, 0x9f, 0xb7, 0x7f, 0xb7, 0x7f, 0xb7, 
    0x9f, 0xb7, 0x7f, 0xb7, 0x9f, 0xb7, 0x7f, 0xb7, 0x7f, 0xb7, 0x7f, 0xb7, 
    0x7f, 0xb7, 0x7f, 0xb7, 0x7f, 0xb7, 0x7f, 0xb7, 0x7f, 0xb7, 0x7f, 0xb7, 
    0x7f, 0xb7, 0x7f, 0xb7, 0x7f, 0xb7, 0x7f, 0xb7, 0x7f, 0xb7, 0x7f, 0xb7, 
    0x7f, 0xb7, 0x7f, 0xb7, 0x9f, 0xb7, 0x9f, 0xb7, 0x9f, 0xb7, 0x9f, 0xb7, 
    0x7f, 0xb7, 0x9f, 0xbf, 0x9f, 0xbf, 0x9f, 0xbf, 0x9f, 0xbf, 0x9f, 0xbf, 
    0x9f, 0xbf, 0x9f, 0xbf, 0x9f, 0xbf, 0x9f, 0xbf, 0x9f, 0xbf, 0x9f, 0xbf, 
    0x9f, 0xbf, 0x9f, 0xbf, 0x9f, 0xbf, 0x9f, 0xbf, 0x9f, 0xbf, 0x7f, 0xbf, 
    0x9f, 0xbf, 0x9f, 0xc7, 0x9e, 0xc7, 0x9f, 0xcf, 0xde, 0xef, 0xfe, 0xef, 
    0xfe, 0xf7, 0xfe, 0xf7, 0xfe, 0xf7, 0xfe, 0xf7, 0xfe, 0xf7, 0xfe, 0xf7, 
    0xde, 0xf7, 0xde, 0xf7, 0xde, 0xef, 0xde, 0xf7, 0xde, 0xf7, 0xde, 0xef, 
    0xbe, 0xef, 0xbd, 0xef, 0x9e, 0xe7, 0x9e, 0xe7, 0x9e, 0xe7, 0x9e, 0xdf, 
    0x9e, 0xdf, 0x9e, 0xdf, 0x9e, 0xdf, 0x9e, 0xdf, 0x9e, 0xdf, 0x7e, 0xdf, 
    0x9e, 0xdf, 0x7e, 0xdf, 0x7e, 0xdf, 0x9e, 0xdf, 0x9e, 0xdf, 0x9e, 0xdf, 
    0x9e, 0xdf, 0x9e, 0xd7, 0x7f, 0xcf, 0x9f, 0xc7, 0x9f, 0xc7, 0x9f, 0xc7, 
    0x9f, 0xc7, 0x9f, 0xc7, 0x9f, 0xc7, 0x9f, 0xc7, 0x9f, 0xc7, 0x9f, 0xc7, 
    0x9f, 0xc7, 0x9f, 0xc7, 0x9f, 0xc7, 0x9f, 0xc7, 0x9f, 0xc7, 0x9f, 0xc7, 
    0x9f, 0xc7, 0x9f, 0xc7, 0x9f, 0xc7, 0x9f, 0xc7, 0x9f, 0xc7, 0x9f, 0xc7, 
    0x9f, 0xc7, 0x9f, 0xc7, 0x9f, 0xc7, 0x9f, 0xc7, 0x9f, 0xc7, 0xbf, 0xc7, 
    0x9f, 0xc7, 0x9f, 0xc7, 0x9f, 0xc7, 0xbf, 0xc7, 0x9f, 0xc7, 0x9f, 0xc7, 
    0xbe, 0xc7, 0x9f, 0xc7, 0xbe, 0xc7, 0x9f, 0xc7, 0x9f, 0xc7, 0x9f, 0xc7, 
    0x9f, 0xc7, 0x9f, 0xc7, 0x9f, 0xc7, 0x9f, 0xc7, 0x9f, 0xc7, 0x9f, 0xc7, 
    0x9f, 0xc7, 0x9d, 0xdf, 0xfe, 0xff, 0xff, 0xff, 0xfe, 0xf7, 0xfe, 0xf7, 
    0xfe, 0xff, 0xfe, 0xff, 0xff, 0xff, 0xfe, 0xff, 0xfe, 0xff, 0xff, 0xff, 
    0xfe, 0xff, 0xfe, 0xff, 0xfe, 0xff, 0xfe, 0xff, 0xfe, 0xff, 0xff, 0xff, 
    0xfe, 0xff, 0xfe, 0xf7, 0xfe, 0xf7, 0xfe, 0xf7, 0xfe, 0xf7, 0xfe, 0xf7, 
    0xfe, 0xf7, 0xfe, 0xf7, 0xde, 0xf7, 0x3d, 0xbf, 0x7f, 0xaf, 0x7f, 0xaf, 
    0x7f, 0xaf, 0x7f, 0xaf, 0x7f, 0xaf, 0x7f, 0xaf, 0x7f, 0xaf, 0x7f, 0xb7, 
    0x7f, 0xb7, 0x7f, 0xb7, 0x9f, 0xb7, 0x7f, 0xb7, 0x9f, 0xb7, 0x7f, 0xb7, 
    0x9f, 0xb7, 0x9f, 0xb7, 0x9f, 0xb7, 0x9f, 0xb7, 0x9f, 0xb7, 0x9f, 0xb7, 
    0x9f, 0xb7, 0x9f, 0xb7, 0x9f, 0xb7, 0x9f, 0xaf, 0x9f, 0xb7, 0x9f, 0xaf, 
    0x9f, 0xb7, 0x9f, 0xaf, 0x7f, 0xaf, 0x9f, 0xaf, 0x7f, 0xaf, 0x7f, 0xaf, 
    0x7f, 0xaf, 0x7e, 0xaf, 0x7f, 0xaf, 0x7f, 0xaf, 0x7f, 0xaf, 0x7f, 0xaf, 
    0x7f, 0xb7, 0x7f, 0xaf, 0x7f, 0xaf, 0x7f, 0xb7, 0x7f, 0xaf, 0x7f, 0xaf, 
    0x7f, 0xaf, 0x7f, 0xaf, 0x7f, 0xaf, 0x7f, 0xaf, 0x7f, 0xaf, 0x7f, 0xaf, 
    0x7f, 0xaf, 0x7f, 0xaf, 0x7f, 0xaf, 0x9f, 0xaf, 0x7f, 0xaf, 0x7f, 0xaf, 
    0x9f, 0xb7, 0x7f, 0xaf, 0x7f, 0xb7, 0x9f, 0xb7, 0x7f, 0xb7, 0x7f, 0xb7, 
    0x9f, 0xb7, 0x9f, 0xb7, 0x9f, 0xb7, 0x9f, 0xb7, 0x9f, 0xb7, 0x9f, 0xb7, 
    0x9f, 0xb7, 0x9f, 0xb7, 0x9f, 0xb7, 0x9f, 0xb7, 0x9f, 0xb7, 0x9f, 0xb7, 
    0x7f, 0xb7, 0x9f, 0xb7, 0x7f, 0xb7, 0x7f, 0xb7, 0x9f, 0xb7, 0x7f, 0xb7, 
    0x7f, 0xb7, 0x7f, 0xb7, 0x9f, 0xb7, 0x9f, 0xb7, 0x9f, 0xb7, 0x9f, 0xb7, 
    0x9e, 0xb7, 0x7f, 0xb7, 0x9e, 0xb7, 0x7f, 0xb7, 0x9f, 0xb7, 0x7f, 0xb7, 
    0x7f, 0xb7, 0x9f, 0xb7, 0x7f, 0xb7, 0x7f, 0xb7, 0x7f, 0xb7, 0x9f, 0xb7, 
    0x9f, 0xb7, 0x9f, 0xb7, 0x9f, 0xb7, 0x9f, 0xb7, 0x7f, 0xbf, 0x9f, 0xbf, 
    0x7f, 0xbf, 0x9f, 0xbf, 0x9f, 0xbf, 0x9f, 0xb7, 0x9f, 0xbf, 0x9f, 0xbf, 
    0x9f, 0xbf, 0x9f, 0xbf, 0x9f, 0xbf, 0x9f, 0xbf, 0x9f, 0xbf, 0x9f, 0xbf, 
    0x9f, 0xbf, 0x9f, 0xbf, 0x9f, 0xbf, 0x9f, 0xbf, 0x9f, 0xbf, 0x9f, 0xbf, 
    0x9f, 0xbf, 0x9f, 0xbf, 0x9f, 0xbf, 0x9f, 0xbf, 0x9f, 0xbf, 0x9f, 0xbf, 
    0x9f, 0xc7, 0x9f, 0xc7, 0x9f, 0xc7, 0x9f, 0xc7, 0xbe, 0xdf, 0xde, 0xef, 
    0xde, 0xef, 0xde, 0xef, 0xde, 0xef, 0xde, 0xef, 0xde, 0xef, 0xde, 0xef, 
    0xde, 0xef, 0xde, 0xef, 0xde, 0xef, 0xde, 0xef, 0xde, 0xef, 0xbe, 0xef, 
    0x9e, 0xe7, 0xbe, 0xe7, 0x9d, 0xe7, 0x9e, 0xdf, 0x9e, 0xdf, 0x9e, 0xdf, 
    0x9d, 0xdf, 0x9e, 0xdf, 0x9e, 0xdf, 0x9e, 0xdf, 0x9e, 0xdf, 0x9d, 0xdf, 
    0x7e, 0xd7, 0x9d, 0xd7, 0x9d, 0xdf, 0x7e, 0xdf, 0x9e, 0xdf, 0x9e, 0xd7, 
    0x9e, 0xd7, 0x9e, 0xd7, 0x9e, 0xcf, 0x9f, 0xcf, 0xbf, 0xcf, 0x9f, 0xc7, 
    0xbf, 0xc7, 0x9f, 0xc7, 0x9f, 0xc7, 0x9f, 0xc7, 0xbf, 0xc7, 0x9f, 0xc7, 
    0x9f, 0xc7, 0x9f, 0xc7, 0x9f, 0xc7, 0x9f, 0xc7, 0xbf, 0xc7, 0x9f, 0xc7, 
    0x9f, 0xc7, 0x9f, 0xc7, 0x9f, 0xc7, 0x9f, 0xc7, 0x9f, 0xc7, 0x9e, 0xc7, 
    0x9e, 0xc7, 0x9e, 0xc7, 0xbe, 0xc7, 0x9f, 0xc7, 0xbf, 0xc7, 0x9f, 0xc7, 
    0xbf, 0xc7, 0xbf, 0xc7, 0xbf, 0xc7, 0x9f, 0xc7, 0xbf, 0xc7, 0x9f, 0xc7, 
    0x9f, 0xc7, 0x9f, 0xc7, 0x9f, 0xc7, 0x9f, 0xc7, 0x9f, 0xc7, 0x9e, 0xc7, 
    0x9f, 0xc7, 0x9e, 0xc7, 0x9f, 0xc7, 0x9f, 0xc7, 0x9e, 0xc7, 0x9f, 0xc7, 
    0x9f, 0xc7, 0xdd, 0xef, 0xff, 0xff, 0xff, 0xff, 0xfe, 0xf7, 0xfe, 0xf7, 
    0xfe, 0xff, 0xfe, 0xff, 0xfe, 0xff, 0xfe, 0xff, 0xfe, 0xff, 0xff, 0xff, 
    0xff, 0xff, 0xff, 0xff, 0xff, 0xff, 0xff, 0xff, 0xff, 0xff, 0xff, 0xff, 
    0xfe, 0xff, 0xfe, 0xf7, 0xfe, 0xf7, 0xff, 0xf7, 0xff, 0xf7, 0xde, 0xf7, 
    0xdf, 0xf7, 0xde, 0xf7, 0xde, 0xf7, 0x3c, 0xbf, 0x7f, 0xaf, 0x7f, 0xaf, 
    0x7f, 0xaf, 0x7f, 0xaf, 0x7f, 0xb7, 0x7f, 0xb7, 0x7f, 0xb7, 0x7f, 0xaf, 
    0x7f, 0xb7, 0x7f, 0xb7, 0x7f, 0xb7, 0x7f, 0xb7, 0x7f, 0xb7, 0x7f, 0xb7, 
    0x9f, 0xb7, 0x7f, 0xb7, 0x9f, 0xb7, 0x7f, 0xb7, 0x7f, 0xb7, 0x9f, 0xb7, 
    0x9f, 0xb7, 0x9f, 0xb7, 0x9f, 0xb7, 0x9f, 0xb7, 0x7f, 0xb7, 0x9f, 0xb7, 
    0x9f, 0xb7, 0x9f, 0xb7, 0x9f, 0xb7, 0x9f, 0xb7, 0x9f, 0xb7, 0x7f, 0xb7, 
    0x7f, 0xb7, 0x7f, 0xb7, 0x7f, 0xaf, 0x7f, 0xb7, 0x7f, 0xb7, 0x7f, 0xb7, 
    0x7f, 0xb7, 0x7f, 0xb7, 0x7f, 0xb7, 0x7f, 0xaf, 0x7f, 0xb7, 0x7f, 0xb7, 
    0x7f, 0xaf, 0x7f, 0xaf, 0x9f, 0xb7, 0x7f, 0xb7, 0x7f, 0xb7, 0x9f, 0xb7, 
    0x7f, 0xb7, 0x9f, 0xb7, 0x7f, 0xb7, 0x7f, 0xb7, 0x7f, 0xb7, 0x7f, 0xb7, 
    0x7f, 0xb7, 0x7f, 0xb7, 0x7f, 0xb7, 0x9f, 0xb7, 0x9f, 0xb7, 0x9f, 0xb7, 
    0x7f, 0xb7, 0x9f, 0xb7, 0x9f, 0xbf, 0x9f, 0xb7, 0x9f, 0xb7, 0x9f, 0xbf, 
    0x9f, 0xb7, 0x9f, 0xb7, 0x9f, 0xb7, 0x9f, 0xb7, 0x9f, 0xb7, 0x7f, 0xb7, 
    0x7f, 0xb7, 0x9f, 0xb7, 0x7f, 0xb7, 0x7f, 0xb7, 0x9f, 0xb7, 0x9f, 0xb7, 
    0x9f, 0xb7, 0x7f, 0xb7, 0x9f, 0xb7, 0x9f, 0xb7, 0x7f, 0xb7, 0x7f, 0xb7, 
    0x9f, 0xb7, 0x9f, 0xb7, 0x7f, 0xb7, 0x7f, 0xb7, 0x9f, 0xb7, 0x7f, 0xb7, 
    0x7f, 0xb7, 0x7f, 0xb7, 0x7f, 0xb7, 0x9f, 0xb7, 0x9f, 0xb7, 0x9f, 0xbf, 
    0x9f, 0xb7, 0x7f, 0xbf, 0x7f, 0xbf, 0x9f, 0xbf, 0x9f, 0xbf, 0x9f, 0xbf, 
    0x9f, 0xbf, 0x9f, 0xbf, 0x9f, 0xbf, 0x7f, 0xbf, 0x9f, 0xbf, 0x9f, 0xbf, 
    0x9f, 0xbf, 0x9f, 0xbf, 0x9f, 0xbf, 0x9f, 0xbf, 0x9f, 0xbf, 0x9f, 0xbf, 
    0x9f, 0xbf, 0x9f, 0xbf, 0x9f, 0xbf, 0x9f, 0xbf, 0x9f, 0xbf, 0x9f, 0xbf, 
    0x9f, 0xbf, 0x9f, 0xbf, 0x9f, 0xbf, 0x9e, 0xbf, 0x7f, 0xc7, 0x7f, 0xbf, 
    0x7f, 0xbf, 0x7f, 0xc7, 0x9f, 0xc7, 0x9f, 0xc7, 0x9f, 0xcf, 0xbf, 0xd7, 
    0xbf, 0xdf, 0xdf, 0xe7, 0xdf, 0xef, 0xde, 0xef, 0xde, 0xef, 0xde, 0xe7, 
    0xde, 0xef, 0xde, 0xef, 0xbe, 0xef, 0xbe, 0xef, 0xbe, 0xef, 0xbe, 0xe7, 
    0x9e, 0xe7, 0x9e, 0xe7, 0x9e, 0xe7, 0x9e, 0xdf, 0x9e, 0xdf, 0x9e, 0xdf, 
    0x9e, 0xdf, 0x9e, 0xd7, 0x9e, 0xd7, 0x9e, 0xd7, 0x9e, 0xd7, 0x9f, 0xd7, 
    0x9e, 0xd7, 0x7e, 0xd7, 0x9e, 0xd7, 0x9e, 0xd7, 0x9e, 0xd7, 0x9e, 0xcf, 
    0x9e, 0xcf, 0x9f, 0xcf, 0x9f, 0xcf, 0xbf, 0xcf, 0xbf, 0xcf, 0xbf, 0xcf, 
    0xbf, 0xc7, 0x9f, 0xc7, 0x9f, 0xc7, 0xbf, 0xc7, 0x9f, 0xc7, 0xbf, 0xc7, 
    0xbf, 0xc7, 0x9f, 0xc7, 0x9f, 0xc7, 0x9f, 0xc7, 0x9f, 0xc7, 0x9f, 0xc7, 
    0x9f, 0xc7, 0xbf, 0xc7, 0xbf, 0xc7, 0x9f, 0xc7, 0x9f, 0xc7, 0x9f, 0xc7, 
    0x9f, 0xc7, 0x9f, 0xc7, 0x9f, 0xc7, 0x9f, 0xc7, 0x9f, 0xc7, 0x9f, 0xc7, 
    0x9f, 0xc7, 0x9f, 0xc7, 0x9f, 0xc7, 0x9f, 0xc7, 0xbf, 0xc7, 0xbf, 0xc7, 
    0x9f, 0xc7, 0x9f, 0xc7, 0x9f, 0xc7, 0x9f, 0xc7, 0x9f, 0xc7, 0x9f, 0xc7, 
    0x9f, 0xc7, 0x9f, 0xc7, 0x9f, 0xc7, 0x9f, 0xc7, 0x9f, 0xc7, 0x9f, 0xc7, 
    0x7d, 0xd7, 0xfe, 0xf7, 0xfe, 0xf7, 0xfe, 0xf7, 0xfe, 0xf7, 0xfe, 0xf7, 
    0xfe, 0xf7, 0xfe, 0xf7, 0xfe, 0xff, 0xfe, 0xff, 0xfe, 0xff, 0xfe, 0xff, 
    0xff, 0xff, 0xff, 0xff, 0xff, 0xff, 0xff, 0xff, 0xfe, 0xff, 0xff, 0xff, 
    0xff, 0xf7, 0xff, 0xf7, 0xfe, 0xf7, 0xfe, 0xf7, 0xdf, 0xf7, 0xfe, 0xf7, 
    0xde, 0xf7, 0xde, 0xf7, 0xde, 0xf7, 0x3c, 0xbf, 0x7f, 0xb7, 0x7f, 0xb7, 
    0x7f, 0xb7, 0x7f, 0xb7, 0x7f, 0xb7, 0x7f, 0xb7, 0x7f, 0xb7, 0x7f, 0xb7, 
    0x7f, 0xb7, 0x7f, 0xb7, 0x7f, 0xb7, 0x7f, 0xb7, 0x9f, 0xb7, 0x9f, 0xb7, 
    0x9f, 0xb7, 0x7f, 0xb7, 0x9f, 0xb7, 0x7f, 0xb7, 0x9f, 0xb7, 0x9f, 0xb7, 
    0x7f, 0xb7, 0x9f, 0xb7, 0x9f, 0xb7, 0x9f, 0xb7, 0x7f, 0xb7, 0x9f, 0xb7, 
    0x9f, 0xb7, 0x9f, 0xb7, 0x9f, 0xb7, 0x9f, 0xb7, 0x9f, 0xb7, 0x9f, 0xb7, 
    0x9f, 0xb7, 0x7e, 0xb7, 0x7f, 0xb7, 0x7f, 0xb7, 0x7f, 0xb7, 0x7f, 0xb7, 
    0x7f, 0xb7, 0x7f, 0xb7, 0x7f, 0xb7, 0x7f, 0xb7, 0x7f, 0xb7, 0x7f, 0xb7, 
    0x7f, 0xb7, 0x7f, 0xb7, 0x9f, 0xb7, 0x7f, 0xb7, 0x9f, 0xb7, 0x9f, 0xb7, 
    0x7f, 0xb7, 0x9f, 0xb7, 0x9e, 0xb7, 0x7f, 0xb7, 0x9f, 0xb7, 0x7f, 0xb7, 
    0x9f, 0xb7, 0x9f, 0xb7, 0x9f, 0xb7, 0x9f, 0xb7, 0x9f, 0xb7, 0x9f, 0xb7, 
    0x9f, 0xb7, 0x9f, 0xbf, 0x9f, 0xbf, 0x9f, 0xbf, 0x9f, 0xbf, 0xbf, 0xbf, 
    0x9f, 0xbf, 0x9f, 0xbf, 0x9f, 0xbf, 0x9f, 0xbf, 0x9f, 0xbf, 0x9f, 0xb7, 
    0x9f, 0xb7, 0x9f, 0xb7, 0x9f, 0xb7, 0x9f, 0xb7, 0x9f, 0xb7, 0x9f, 0xb7, 
    0x7f, 0xb7, 0x9f, 0xb7, 0x9f, 0xb7, 0x9f, 0xb7, 0x9f, 0xb7, 0x9f, 0xb7, 
    0x9f, 0xb7, 0x7f, 0xb7, 0x7f, 0xbf, 0x9f, 0xb7, 0x9f, 0xb7, 0x9f, 0xb7, 
    0x9f, 0xb7, 0x9f, 0xb7, 0x7f, 0xb7, 0x7f, 0xb7, 0x9f, 0xbf, 0x9f, 0xbf, 
    0x9f, 0xbf, 0x9f, 0xbf, 0x7f, 0xbf, 0x9f, 0xbf, 0x9f, 0xbf, 0x9f, 0xbf, 
    0x9f, 0xbf, 0x9f, 0xbf, 0x9f, 0xbf, 0x9f, 0xbf, 0x9f, 0xbf, 0x9f, 0xbf, 
    0x9f, 0xbf, 0x9f, 0xbf, 0x9f, 0xbf, 0x9f, 0xbf, 0x9f, 0xbf, 0x9f, 0xbf, 
    0x9f, 0xc7, 0x9f, 0xc7, 0x9f, 0xbf, 0x9f, 0xbf, 0x9f, 0xbf, 0x9f, 0xbf, 
    0x9f, 0xbf, 0x9f, 0xbf, 0x9f, 0xc7, 0x9f, 0xc7, 0x9e, 0xc7, 0x7f, 0xc7, 
    0x9f, 0xbf, 0x9f, 0xc7, 0x9f, 0xc7, 0x9f, 0xc7, 0x9f, 0xc7, 0x9f, 0xcf, 
    0xbf, 0xcf, 0xbf, 0xcf, 0xbf, 0xd7, 0xdf, 0xd7, 0xbf, 0xd7, 0xbf, 0xd7, 
    0xbf, 0xdf, 0xbe, 0xdf, 0xbe, 0xdf, 0xbe, 0xe7, 0xbe, 0xe7, 0xbe, 0xe7, 
    0x9e, 0xe7, 0x9e, 0xdf, 0x9e, 0xdf, 0x9e, 0xd7, 0x9e, 0xd7, 0x9e, 0xd7, 
    0x9e, 0xcf, 0x9f, 0xcf, 0x9f, 0xcf, 0xbe, 0xcf, 0xbe, 0xcf, 0xbf, 0xcf, 
    0x9e, 0xcf, 0x9f, 0xcf, 0x9e, 0xcf, 0xbf, 0xcf, 0xbf, 0xcf, 0xbf, 0xcf, 
    0xbf, 0xcf, 0x9f, 0xcf, 0xbf, 0xc7, 0xbf, 0xcf, 0xbf, 0xcf, 0xbf, 0xcf, 
    0xbf, 0xcf, 0xbf, 0xc7, 0x9f, 0xc7, 0xbf, 0xc7, 0x9f, 0xc7, 0xbf, 0xc7, 
    0xbf, 0xc7, 0x9f, 0xc7, 0xbf, 0xc7, 0x9f, 0xc7, 0xbf, 0xc7, 0xbf, 0xc7, 
    0xbf, 0xc7, 0xbf, 0xc7, 0x9f, 0xc7, 0x9f, 0xc7, 0x9e, 0xc7, 0x9f, 0xc7, 
    0x9f, 0xc7, 0x9f, 0xc7, 0x9f, 0xc7, 0x9f, 0xc7, 0x9f, 0xc7, 0xbe, 0xc7, 
    0x9f, 0xc7, 0x9f, 0xc7, 0x9e, 0xc7, 0x9f, 0xc7, 0x9f, 0xc7, 0x9f, 0xc7, 
    0x9f, 0xc7, 0x9f, 0xc7, 0x9f, 0xc7, 0x9e, 0xc7, 0x9f, 0xc7, 0x9f, 0xc7, 
    0x9f, 0xc7, 0x9f, 0xc7, 0xbf, 0xc7, 0x9f, 0xc7, 0x9f, 0xc7, 0x9f, 0xc7, 
    0x7c, 0xdf, 0xfe, 0xf7, 0xfe, 0xf7, 0xfe, 0xf7, 0xfe, 0xf7, 0xfe, 0xf7, 
    0xfe, 0xf7, 0xfe, 0xf7, 0xfe, 0xf7, 0xfe, 0xff, 0xfe, 0xff, 0xfe, 0xff, 
    0xff, 0xff, 0xff, 0xff, 0xff, 0xff, 0xff, 0xff, 0xff, 0xff, 0xfe, 0xff, 
    0xfe, 0xf7, 0xff, 0xf7, 0xff, 0xf7, 0xfe, 0xf7, 0xde, 0xf7, 0xde, 0xf7, 
    0xde, 0xf7, 0xde, 0xf7, 0xdd, 0xf7, 0xfb, 0xbe, 0x7f, 0xb7, 0x7f, 0xb7, 
    0x7f, 0xb7, 0x7f, 0xb7, 0x7f, 0xb7, 0x7f, 0xb7, 0x7f, 0xb7, 0x7f, 0xb7, 
    0x7f, 0xb7, 0x7f, 0xb7, 0x7f, 0xb7, 0x7f, 0xb7, 0x9f, 0xb7, 0x9f, 0xb7, 
    0x9f, 0xb7, 0x9f, 0xb7, 0x9f, 0xb7, 0x9f, 0xb7, 0x7f, 0xb7, 0x9f, 0xb7, 
    0x9f, 0xb7, 0x9f, 0xb7, 0x9f, 0xb7, 0x9f, 0xb7, 0x9f, 0xb7, 0x9f, 0xb7, 
    0x9f, 0xb7, 0x9f, 0xb7, 0x9f, 0xb7, 0x9f, 0xb7, 0x9f, 0xb7, 0x9f, 0xb7, 
    0x9f, 0xb7, 0x7f, 0xb7, 0x7f, 0xb7, 0x7f, 0xb7, 0x7f, 0xb7, 0x7f, 0xb7, 
    0x7f, 0xb7, 0x7f, 0xb7, 0x7f, 0xb7, 0x7f, 0xb7, 0x7f, 0xb7, 0x9f, 0xb7, 
    0x9f, 0xb7, 0x9f, 0xb7, 0x9f, 0xb7, 0x9f, 0xb7, 0x9f, 0xb7, 0x9f, 0xb7, 
    0x9f, 0xb7, 0x9f, 0xb7, 0x9f, 0xb7, 0x9f, 0xb7, 0x9f, 0xb7, 0x9f, 0xb7, 
    0x9f, 0xb7, 0x9f, 0xb7, 0x9f, 0xb7, 0x9f, 0xb7, 0x9f, 0xb7, 0x9f, 0xb7, 
    0x9f, 0xbf, 0x9f, 0xbf, 0x9f, 0xbf, 0x9f, 0xbf, 0x9f, 0xbf, 0x9f, 0xbf, 
    0x9f, 0xbf, 0x9f, 0xbf, 0x9f, 0xbf, 0x9f, 0xbf, 0x9f, 0xbf, 0x9f, 0xbf, 
    0x9f, 0xb7, 0x9f, 0xb7, 0x9f, 0xb7, 0x7f, 0xb7, 0x9f, 0xb7, 0x9f, 0xb7, 
    0x9f, 0xb7, 0x9f, 0xb7, 0x9f, 0xbf, 0x9f, 0xb7, 0x9f, 0xbf, 0x9f, 0xb7, 
    0x9f, 0xb7, 0x9f, 0xb7, 0x9f, 0xbf, 0x9f, 0xbf, 0x9f, 0xbf, 0x9f, 0xbf, 
    0x9f, 0xbf, 0x9f, 0xbf, 0x9f, 0xbf, 0x9f, 0xbf, 0x9f, 0xbf, 0x9f, 0xbf, 
    0x9f, 0xbf, 0x9f, 0xbf, 0x9f, 0xbf, 0x9f, 0xbf, 0x9f, 0xbf, 0x9f, 0xbf, 
    0x9f, 0xbf, 0x9f, 0xbf, 0x9f, 0xbf, 0x9f, 0xbf, 0x9f, 0xbf, 0x9f, 0xbf, 
    0x9f, 0xbf, 0x9f, 0xbf, 0x9f, 0xbf, 0x9f, 0xbf, 0x9f, 0xbf, 0x9f, 0xbf, 
    0x9f, 0xc7, 0x9f, 0xc7, 0x9f, 0xc7, 0x9f, 0xbf, 0x9f, 0xc7, 0x9f, 0xbf, 
    0x9f, 0xc7, 0x9f, 0xc7, 0x9f, 0xc7, 0x9f, 0xbf, 0x9f, 0xc7, 0x7f, 0xbf, 
    0x9f, 0xbf, 0x9f, 0xc7, 0x9f, 0xc7, 0x9f, 0xc7, 0x9f, 0xc7, 0x9f, 0xc7, 
    0x9f, 0xcf, 0xbf, 0xcf, 0xbf, 0xcf, 0xbf, 0xcf, 0xbf, 0xcf, 0xbf, 0xcf, 
    0xbf, 0xcf, 0xbf, 0xcf, 0xbf, 0xcf, 0xbe, 0xd7, 0xbe, 0xd7, 0xbe, 0xd7, 
    0xbe, 0xd7, 0x9e, 0xd7, 0x9e, 0xd7, 0x9e, 0xd7, 0xbf, 0xcf, 0xbf, 0xcf, 
    0xbf, 0xcf, 0xbf, 0xcf, 0xbf, 0xcf, 0xbf, 0xcf, 0xbf, 0xcf, 0xbf, 0xcf, 
    0xbf, 0xcf, 0xbe, 0xcf, 0x9f, 0xcf, 0xbf, 0xcf, 0xbf, 0xcf, 0xbf, 0xcf, 
    0x9f, 0xc7, 0x9f, 0xc7, 0x9f, 0xcf, 0xbf, 0xcf, 0xbf, 0xc7, 0xbf, 0xcf, 
    0xbf, 0xcf, 0xbf, 0xcf, 0xbf, 0xcf, 0xbf, 0xcf, 0xbf, 0xcf, 0xbf, 0xcf, 
    0xbf, 0xcf, 0xbf, 0xcf, 0xbf, 0xcf, 0xbf, 0xcf, 0xbf, 0xcf, 0xbf, 0xcf, 
    0xbf, 0xcf, 0xbe, 0xcf, 0xbf, 0xcf, 0xbf, 0xc7, 0x9e, 0xc7, 0x9f, 0xc7, 
    0x9e, 0xc7, 0x9f, 0xc7, 0x9f, 0xc7, 0x9e, 0xc7, 0x9f, 0xc7, 0x9f, 0xc7, 
    0x9f, 0xc7, 0x9f, 0xc7, 0x9f, 0xc7, 0x9f, 0xc7, 0x9e, 0xc7, 0x9f, 0xc7, 
    0x9f, 0xc7, 0x9f, 0xc7, 0x9f, 0xc7, 0x9e, 0xc7, 0x9f, 0xc7, 0xbf, 0xc7, 
    0xbe, 0xc7, 0xbf, 0xc7, 0xbf, 0xc7, 0x9f, 0xc7, 0x9e, 0xc7, 0x9f, 0xc7, 
    0x9c, 0xe7, 0xdd, 0xf7, 0xfe, 0xf7, 0xfe, 0xf7, 0xfe, 0xf7, 0xfe, 0xf7, 
    0xfe, 0xf7, 0xfe, 0xf7, 0xfe, 0xff, 0xfd, 0xff, 0xfe, 0xff, 0xfe, 0xff, 
    0xfe, 0xff, 0xff, 0xff, 0xff, 0xff, 0xff, 0xff, 0xff, 0xff, 0xfe, 0xff, 
    0xfe, 0xf7, 0xfe, 0xf7, 0xfe, 0xf7, 0xde, 0xf7, 0xfe, 0xf7, 0xde, 0xf7, 
    0xde, 0xf7, 0xde, 0xf7, 0xbe, 0xf7, 0xda, 0xbe, 0x7f, 0xb7, 0x7f, 0xb7, 
    0x7f, 0xb7, 0x7f, 0xb7, 0x7f, 0xb7, 0x7f, 0xb7, 0x7f, 0xb7, 0x7f, 0xb7, 
    0x7f, 0xb7, 0x7f, 0xb7, 0x7f, 0xb7, 0x7f, 0xb7, 0x7f, 0xb7, 0x9f, 0xb7, 
    0x9f, 0xb7, 0x9f, 0xb7, 0x9f, 0xb7, 0x9f, 0xb7, 0x9f, 0xb7, 0x9f, 0xb7, 
    0x9f, 0xb7, 0x9f, 0xb7, 0x9f, 0xb7, 0x9f, 0xb7, 0x9f, 0xb7, 0x9f, 0xb7, 
    0x9f, 0xbf, 0x9f, 0xb7, 0x9f, 0xb7, 0x9f, 0xb7, 0x9f, 0xb7, 0x9f, 0xb7, 
    0x9f, 0xb7, 0x9f, 0xb7, 0x9f, 0xb7, 0x7f, 0xb7, 0x7f, 0xb7, 0x7f, 0xb7, 
    0x7f, 0xb7, 0x7f, 0xb7, 0x7f, 0xb7, 0x7f, 0xb7, 0x7f, 0xb7, 0x9f, 0xb7, 
    0x7f, 0xb7, 0x9f, 0xb7, 0x9f, 0xb7, 0x9f, 0xbf, 0x9f, 0xb7, 0x9f, 0xbf, 
    0x9f, 0xb7, 0x9f, 0xbf, 0x9f, 0xb7, 0x9f, 0xb7, 0x9f, 0xb7, 0x9f, 0xb7, 
    0x9f, 0xb7, 0x9f, 0xb7, 0x9f, 0xbf, 0x9f, 0xb7, 0x9f, 0xbf, 0x9f, 0xbf, 
    0x9f, 0xbf, 0x9f, 0xbf, 0x9f, 0xbf, 0xbf, 0xbf, 0x9f, 0xbf, 0x9f, 0xbf, 
    0xbf, 0xbf, 0x9f, 0xbf, 0x9f, 0xbf, 0x9f, 0xbf, 0x9f, 0xbf, 0x9f, 0xbf, 
    0x9f, 0xbf, 0x9f, 0xb7, 0x7f, 0xb7, 0x9f, 0xbf, 0x9f, 0xb7, 0x9f, 0xb7, 
    0x9f, 0xb7, 0x9f, 0xb7, 0x9f, 0xbf, 0x9f, 0xbf, 0x9f, 0xbf, 0x9f, 0xbf, 
    0x9f, 0xbf, 0x9f, 0xbf, 0x9f, 0xbf, 0x9f, 0xbf, 0x9f, 0xbf, 0x9f, 0xbf, 
    0x9f, 0xbf, 0x9f, 0xbf, 0x9f, 0xbf, 0x9f, 0xbf, 0x9f, 0xbf, 0x9f, 0xbf, 
    0x9f, 0xbf, 0x9f, 0xbf, 0x9f, 0xbf, 0x9f, 0xbf, 0x9f, 0xbf, 0x9f, 0xbf, 
    0x9f, 0xbf, 0x9f, 0xbf, 0x9f, 0xbf, 0x9f, 0xbf, 0x9f, 0xbf, 0x9f, 0xbf, 
    0x9f, 0xbf, 0x9f, 0xbf, 0x9f, 0xbf, 0x9f, 0xbf, 0x9f, 0xc7, 0x9f, 0xc7, 
    0x9f, 0xc7, 0x9f, 0xc7, 0x9f, 0xc7, 0x9f, 0xc7, 0x9f, 0xc7, 0x9f, 0xc7, 
    0x9f, 0xc7, 0x9f, 0xc7, 0x9f, 0xc7, 0x9f, 0xc7, 0x9f, 0xc7, 0x9f, 0xc7, 
    0x9f, 0xc7, 0x9f, 0xc7, 0x9f, 0xc7, 0x9f, 0xc7, 0x9f, 0xc7, 0x9f, 0xc7, 
    0xbf, 0xcf, 0x9f, 0xcf, 0xbf, 0xcf, 0xbf, 0xcf, 0xbf, 0xcf, 0xbf, 0xcf, 
    0xbf, 0xcf, 0xbf, 0xcf, 0xbf, 0xcf, 0xbf, 0xcf, 0xbf, 0xcf, 0xbf, 0xcf, 
    0xbf, 0xcf, 0xbf, 0xcf, 0xbe, 0xcf, 0xbf, 0xcf, 0xbf, 0xcf, 0xbf, 0xcf, 
    0xbf, 0xcf, 0xbf, 0xcf, 0xbf, 0xcf, 0xbf, 0xcf, 0xbf, 0xcf, 0xbf, 0xcf, 
    0xbf, 0xcf, 0x9f, 0xcf, 0xbf, 0xcf, 0xbf, 0xcf, 0xbf, 0xcf, 0x9f, 0xcf, 
    0xbf, 0xcf, 0x9f, 0xcf, 0xbf, 0xc7, 0xbf, 0xc7, 0xbf, 0xcf, 0xbf, 0xcf, 
    0xbf, 0xcf, 0xbf, 0xcf, 0xbf, 0xcf, 0xbf, 0xcf, 0x9f, 0xcf, 0xbf, 0xcf, 
    0xbf, 0xcf, 0xbf, 0xcf, 0xbf, 0xcf, 0xbf, 0xcf, 0xbf, 0xcf, 0xbf, 0xcf, 
    0xbf, 0xcf, 0xbf, 0xcf, 0xbf, 0xcf, 0xbf, 0xcf, 0x9f, 0xcf, 0x9e, 0xcf, 
    0x9f, 0xcf, 0x9f, 0xc7, 0x9f, 0xc7, 0x9f, 0xc7, 0x9f, 0xc7, 0x9f, 0xcf, 
    0x9f, 0xc7, 0x9f, 0xc7, 0x9f, 0xcf, 0x9f, 0xcf, 0x9e, 0xc7, 0x9e, 0xc7, 
    0x9f, 0xc7, 0x9f, 0xc7, 0x9e, 0xc7, 0x9f, 0xc7, 0xbf, 0xc7, 0xbf, 0xc7, 
    0xbf, 0xc7, 0xbf, 0xc7, 0xbf, 0xc7, 0xbf, 0xc7, 0x9f, 0xc7, 0x9f, 0xc7, 
    0xbc, 0xef, 0xdd, 0xf7, 0xde, 0xf7, 0xde, 0xf7, 0xde, 0xf7, 0xde, 0xf7, 
    0xde, 0xf7, 0xdd, 0xf7, 0xde, 0xff, 0xfe, 0xff, 0xfe, 0xff, 0xfe, 0xff, 
    0xff, 0xff, 0xff, 0xff, 0xff, 0xff, 0xff, 0xff, 0xfe, 0xff, 0xfe, 0xff, 
    0xff, 0xf7, 0xfe, 0xf7, 0xde, 0xf7, 0xde, 0xf7, 0xde, 0xf7, 0xde, 0xf7, 
    0xde, 0xf7, 0xde, 0xf7, 0x9d, 0xef, 0xfb, 0xbe, 0x7f, 0xb7, 0x9f, 0xbf, 
    0x9f, 0xbf, 0x9f, 0xbf, 0x9f, 0xbf, 0x7f, 0xbf, 0x9f, 0xb7, 0x9f, 0xb7, 
    0x7f, 0xbf, 0x7f, 0xb7, 0x7f, 0xb7, 0x7f, 0xb7, 0x7f, 0xb7, 0x7f, 0xb7, 
    0x9f, 0xb7, 0x7f, 0xb7, 0x9f, 0xb7, 0x9f, 0xb7, 0x9f, 0xb7, 0x9f, 0xb7, 
    0x9f, 0xb7, 0x9f, 0xb7, 0x9f, 0xb7, 0x9f, 0xb7, 0x9f, 0xbf, 0x9f, 0xbf, 
    0x9f, 0xbf, 0x9f, 0xbf, 0x9f, 0xb7, 0x9f, 0xb7, 0x9f, 0xbf, 0x9f, 0xb7, 
    0x9f, 0xbf, 0x9f, 0xbf, 0x9f, 0xbf, 0x7f, 0xbf, 0x7f, 0xbf, 0x7f, 0xb7, 
    0x7f, 0xb7, 0x7f, 0xb7, 0x7f, 0xb7, 0x7f, 0xb7, 0x9f, 0xbf, 0x7f, 0xbf, 
    0x9f, 0xbf, 0x9f, 0xbf, 0x9f, 0xbf, 0x9f, 0xbf, 0x9f, 0xbf, 0x9f, 0xbf, 
    0x9f, 0xbf, 0x9f, 0xbf, 0x9f, 0xb7, 0x9f, 0xbf, 0x9f, 0xbf, 0x9f, 0xbf, 
    0x9f, 0xbf, 0x9f, 0xbf, 0x9f, 0xbf, 0x9f, 0xbf, 0x9f, 0xbf, 0x9f, 0xbf, 
    0x9f, 0xbf, 0x9f, 0xbf, 0x9f, 0xbf, 0xbf, 0xbf, 0xbf, 0xbf, 0xbf, 0xc7, 
    0xbf, 0xbf, 0x9f, 0xbf, 0x9f, 0xbf, 0x9f, 0xbf, 0x9f, 0xbf, 0x9f, 0xbf, 
    0x9f, 0xbf, 0x7f, 0xbf, 0x9f, 0xbf, 0x9f, 0xb7, 0x9f, 0xbf, 0x9f, 0xbf, 
    0x9f, 0xbf, 0x9f, 0xbf, 0x9f, 0xbf, 0x9f, 0xbf, 0x9f, 0xbf, 0x9f, 0xbf, 
    0x9f, 0xbf, 0x9f, 0xbf, 0x9f, 0xbf, 0x9f, 0xbf, 0x9f, 0xbf, 0x9f, 0xbf, 
    0x9f, 0xbf, 0x9f, 0xbf, 0x9f, 0xbf, 0xbf, 0xbf, 0xbf, 0xbf, 0x9f, 0xbf, 
    0x9f, 0xbf, 0x9f, 0xbf, 0x9f, 0xbf, 0x9f, 0xc7, 0x9f, 0xbf, 0x9f, 0xbf, 
    0x9f, 0xbf, 0x9f, 0xc7, 0x9f, 0xc7, 0x9f, 0xbf, 0x9f, 0xc7, 0x9f, 0xbf, 
    0x9f, 0xbf, 0x9f, 0xc7, 0x9f, 0xbf, 0x9f, 0xc7, 0x9f, 0xc7, 0x9f, 0xc7, 
    0x9f, 0xc7, 0x9f, 0xc7, 0x9f, 0xc7, 0x9f, 0xc7, 0x9f, 0xc7, 0x9f, 0xc7, 
    0x9f, 0xc7, 0x9f, 0xc7, 0x9f, 0xc7, 0x9f, 0xc7, 0x9f, 0xc7, 0x9f, 0xc7, 
    0x9f, 0xc7, 0x9f, 0xc7, 0x9f, 0xc7, 0x9f, 0xc7, 0x9f, 0xc7, 0x9f, 0xc7, 
    0x9f, 0xc7, 0x9f, 0xcf, 0xbf, 0xcf, 0xbf, 0xcf, 0x9f, 0xcf, 0xbf, 0xcf, 
    0x9f, 0xcf, 0xbf, 0xcf, 0xbf, 0xcf, 0xbf, 0xcf, 0xbf, 0xcf, 0xbf, 0xcf, 
    0xbf, 0xcf, 0xbf, 0xcf, 0xbf, 0xcf, 0xbf, 0xcf, 0xbf, 0xcf, 0xbf, 0xcf, 
    0xbf, 0xcf, 0xbf, 0xcf, 0xbf, 0xcf, 0xbf, 0xcf, 0xbf, 0xcf, 0xbf, 0xcf, 
    0xbe, 0xcf, 0x9f, 0xcf, 0x9f, 0xcf, 0x9f, 0xcf, 0x9f, 0xcf, 0x9f, 0xcf, 
    0xbf, 0xcf, 0xbf, 0xcf, 0x9f, 0xcf, 0xbf, 0xc7, 0x9f, 0xcf, 0xbf, 0xcf, 
    0xbf, 0xcf, 0xbf, 0xcf, 0xbf, 0xcf, 0xbf, 0xcf, 0xbf, 0xcf, 0xbf, 0xcf, 
    0xbf, 0xcf, 0xbf, 0xcf, 0xbf, 0xcf, 0xbf, 0xcf, 0xbf, 0xcf, 0xbe, 0xcf, 
    0xbf, 0xcf, 0xbf, 0xcf, 0xbf, 0xcf, 0xbf, 0xcf, 0xbf, 0xcf, 0x9f, 0xcf, 
    0x9e, 0xc7, 0x9f, 0xc7, 0x9f, 0xc7, 0x9f, 0xc7, 0x9e, 0xcf, 0x9f, 0xc7, 
    0x9e, 0xc7, 0x9f, 0xcf, 0x9f, 0xcf, 0x9f, 0xc7, 0x9f, 0xc7, 0x9f, 0xc7, 
    0x9e, 0xc7, 0xbf, 0xc7, 0x9f, 0xc7, 0xbf, 0xc7, 0xbf, 0xcf, 0xbf, 0xcf, 
    0xbf, 0xc7, 0xbf, 0xc7, 0xbf, 0xc7, 0xbf, 0xc7, 0x9f, 0xc7, 0xbf, 0xcf, 
    0xbd, 0xe7, 0xdd, 0xf7, 0xdd, 0xf7, 0xdd, 0xf7, 0xdd, 0xf7, 0xdd, 0xf7, 
    0xdd, 0xf7, 0xdd, 0xf7, 0xfe, 0xf7, 0xde, 0xff, 0xfe, 0xff, 0xfe, 0xff, 
    0xff, 0xff, 0xff, 0xff, 0xff, 0xff, 0xff, 0xff, 0xff, 0xff, 0xfe, 0xf7, 
    0xfe, 0xf7, 0xde, 0xf7, 0xde, 0xf7, 0xde, 0xf7, 0xde, 0xf7, 0xde, 0xf7, 
    0xde, 0xf7, 0xde, 0xf7, 0x7c, 0xe7, 0x3d, 0xbf, 0x9f, 0xbf, 0x9f, 0xbf, 
    0x9f, 0xbf, 0x9f, 0xbf, 0x7f, 0xbf, 0x9f, 0xbf, 0x9f, 0xbf, 0x7f, 0xbf, 
    0x7f, 0xbf, 0x7f, 0xbf, 0x7f, 0xbf, 0x7f, 0xb7, 0x7e, 0xb7, 0x9f, 0xbf, 
    0x9f, 0xb7, 0x7f, 0xb7, 0x9f, 0xb7, 0x9f, 0xb7, 0x9f, 0xbf, 0x9f, 0xb7, 
    0x9f, 0xb7, 0x9f, 0xb7, 0x9f, 0xbf, 0x9f, 0xb7, 0x9f, 0xbf, 0x9f, 0xbf, 
    0x9f, 0xb7, 0x9f, 0xbf, 0x9f, 0xbf, 0x9f, 0xbf, 0x9f, 0xbf, 0x9f, 0xbf, 
    0x9f, 0xbf, 0x9f, 0xbf, 0x9f, 0xbf, 0x9f, 0xbf, 0x7f, 0xbf, 0x7f, 0xbf, 
    0x9f, 0xbf, 0x9f, 0xbf, 0x9f, 0xbf, 0x7f, 0xbf, 0x9f, 0xbf, 0x9f, 0xbf, 
    0x9f, 0xbf, 0x9f, 0xbf, 0x9f, 0xbf, 0x9f, 0xbf, 0x9f, 0xbf, 0x9f, 0xbf, 
    0x9f, 0xbf, 0x9f, 0xbf, 0x9f, 0xbf, 0x9f, 0xbf, 0x9f, 0xbf, 0x9f, 0xbf, 
    0x9f, 0xbf, 0x9f, 0xbf, 0x9f, 0xbf, 0x9f, 0xbf, 0x9f, 0xbf, 0x9f, 0xbf, 
    0x9f, 0xbf, 0x9f, 0xbf, 0x9f, 0xbf, 0xbf, 0xbf, 0xbf, 0xc7, 0xbf, 0xc7, 
    0xbf, 0xc7, 0x9f, 0xc7, 0x9f, 0xbf, 0x9f, 0xbf, 0x9f, 0xbf, 0x9f, 0xbf, 
    0x9f, 0xbf, 0x9f, 0xbf, 0x9f, 0xbf, 0x9f, 0xbf, 0x9f, 0xbf, 0x9f, 0xbf, 
    0x9f, 0xbf, 0x9f, 0xbf, 0x9f, 0xbf, 0x9f, 0xbf, 0x9f, 0xbf, 0x9f, 0xbf, 
    0x9f, 0xbf, 0x9f, 0xbf, 0x9f, 0xbf, 0x9f, 0xbf, 0x9f, 0xbf, 0x9f, 0xbf, 
    0x9f, 0xbf, 0x9f, 0xbf, 0x9f, 0xbf, 0xbf, 0xbf, 0x9f, 0xbf, 0x9f, 0xbf, 
    0x9f, 0xbf, 0x9f, 0xc7, 0x9f, 0xc7, 0x9f, 0xc7, 0x9f, 0xc7, 0x9f, 0xc7, 
    0x9f, 0xc7, 0x9f, 0xc7, 0x9f, 0xc7, 0x9f, 0xc7, 0x9f, 0xc7, 0x9f, 0xc7, 
    0x9f, 0xbf, 0x9f, 0xbf, 0x9f, 0xc7, 0x9f, 0xc7, 0xbf, 0xc7, 0x9f, 0xc7, 
    0x9f, 0xc7, 0x9f, 0xc7, 0x9f, 0xc7, 0x9f, 0xc7, 0x9f, 0xc7, 0x9f, 0xc7, 
    0x9f, 0xc7, 0x9f, 0xc7, 0x9f, 0xc7, 0x9f, 0xc7, 0x9f, 0xc7, 0x9f, 0xc7, 
    0x9f, 0xc7, 0x9f, 0xc7, 0x9f, 0xc7, 0x9f, 0xc7, 0x9f, 0xc7, 0x9f, 0xc7, 
    0x9f, 0xcf, 0x9f, 0xcf, 0x9f, 0xcf, 0xbf, 0xcf, 0x9f, 0xcf, 0x9f, 0xcf, 
    0xbf, 0xcf, 0xbf, 0xcf, 0xbf, 0xcf, 0x9f, 0xcf, 0xbf, 0xcf, 0x9f, 0xcf, 
    0xbf, 0xcf, 0xbe, 0xcf, 0xbf, 0xcf, 0xbf, 0xcf, 0xbf, 0xcf, 0x9f, 0xcf, 
    0xbf, 0xcf, 0xbf, 0xcf, 0xbf, 0xcf, 0xbf, 0xcf, 0xbf, 0xcf, 0x9f, 0xcf, 
    0xbf, 0xcf, 0x9f, 0xcf, 0xbe, 0xcf, 0xbf, 0xcf, 0xbf, 0xcf, 0x9f, 0xcf, 
    0x9f, 0xcf, 0xbf, 0xcf, 0x9f, 0xcf, 0x9f, 0xcf, 0xbf, 0xcf, 0xbf, 0xcf, 
    0xbf, 0xcf, 0xbf, 0xcf, 0xbf, 0xcf, 0xbf, 0xcf, 0xbf, 0xcf, 0xbf, 0xcf, 
    0xbf, 0xcf, 0xbf, 0xcf, 0xbf, 0xcf, 0xbe, 0xcf, 0xbf, 0xcf, 0xbf, 0xcf, 
    0xbf, 0xcf, 0xbe, 0xcf, 0xbf, 0xcf, 0xbf, 0xcf, 0xbf, 0xcf, 0xbf, 0xcf, 
    0xbf, 0xcf, 0x9f, 0xcf, 0xbe, 0xcf, 0x9f, 0xcf, 0x9f, 0xc7, 0x9f, 0xcf, 
    0x9f, 0xcf, 0x9f, 0xcf, 0x9f, 0xcf, 0x9f, 0xcf, 0x9f, 0xcf, 0x9f, 0xcf, 
    0x9f, 0xcf, 0x9f, 0xc7, 0xbf, 0xc7, 0xbf, 0xc7, 0xbf, 0xcf, 0xbf, 0xcf, 
    0xbf, 0xcf, 0xbf, 0xcf, 0xbf, 0xc7, 0xbf, 0xc7, 0xbf, 0xcf, 0xbf, 0xcf, 
    0xbe, 0xe7, 0xdd, 0xf7, 0xdd, 0xf7, 0xde, 0xf7, 0xdd, 0xf7, 0xdd, 0xff, 
    0xdd, 0xff, 0xfe, 0xff, 0xfd, 0xff, 0xfd, 0xff, 0xfe, 0xff, 0xfe, 0xff, 
    0xff, 0xff, 0xff, 0xff, 0xff, 0xff, 0xfe, 0xff, 0xfe, 0xf7, 0xfe, 0xf7, 
    0xfe, 0xf7, 0xde, 0xf7, 0xde, 0xf7, 0xde, 0xf7, 0xde, 0xf7, 0xde, 0xf7, 
    0xde, 0xf7, 0xde, 0xf7, 0x1a, 0xdf, 0x5d, 0xbf, 0x9f, 0xbf, 0x9f, 0xbf, 
    0x9f, 0xbf, 0x7f, 0xbf, 0x7f, 0xbf, 0x7f, 0xbf, 0x7f, 0xbf, 0x9f, 0xbf, 
    0x9e, 0xbf, 0x9e, 0xbf, 0x9e, 0xbf, 0x7f, 0xbf, 0x9f, 0xbf, 0x9f, 0xb7, 
    0x7f, 0xbf, 0x9f, 0xb7, 0x9f, 0xbf, 0x9f, 0xb7, 0x9f, 0xbf, 0x9f, 0xb7, 
    0x9f, 0xbf, 0x9f, 0xb7, 0x9f, 0xbf, 0x9f, 0xbf, 0x9f, 0xbf, 0x9f, 0xbf, 
    0x9f, 0xbf, 0x9f, 0xbf, 0x9f, 0xbf, 0x9f, 0xbf, 0x9f, 0xbf, 0x9f, 0xbf, 
    0x9e, 0xbf, 0x9f, 0xbf, 0x9f, 0xbf, 0x9f, 0xbf, 0x9f, 0xbf, 0x9f, 0xbf, 
    0x9f, 0xbf, 0x9f, 0xbf, 0x9f, 0xbf, 0x9f, 0xbf, 0x9f, 0xbf, 0x9f, 0xbf, 
    0x9f, 0xbf, 0x9f, 0xbf, 0x9f, 0xbf, 0x9f, 0xbf, 0x9f, 0xbf, 0x9f, 0xbf, 
    0x9f, 0xbf, 0x9f, 0xc7, 0x9f, 0xbf, 0x9f, 0xbf, 0x9f, 0xbf, 0x9f, 0xbf, 
    0x9f, 0xbf, 0x9f, 0xbf, 0xbf, 0xbf, 0x9f, 0xbf, 0x9f, 0xbf, 0x9f, 0xbf, 
    0x9f, 0xc7, 0x9f, 0xbf, 0x9f, 0xc7, 0xbf, 0xc7, 0xbf, 0xc7, 0xbf, 0xc7, 
    0xbf, 0xc7, 0xbf, 0xc7, 0xbf, 0xbf, 0x9f, 0xbf, 0x9f, 0xbf, 0x9f, 0xbf, 
    0x9f, 0xbf, 0x9f, 0xbf, 0x9f, 0xbf, 0x9f, 0xbf, 0x9f, 0xbf, 0x9f, 0xbf, 
    0x9f, 0xbf, 0x9f, 0xbf, 0x9f, 0xbf, 0x9f, 0xbf, 0x9f, 0xbf, 0x9f, 0xbf, 
    0x9f, 0xbf, 0x9f, 0xbf, 0x9f, 0xbf, 0x9f, 0xbf, 0x9f, 0xbf, 0x9f, 0xbf, 
    0x9f, 0xbf, 0x9f, 0xbf, 0xbf, 0xc7, 0x9f, 0xc7, 0xbf, 0xc7, 0x9f, 0xbf, 
    0x9f, 0xc7, 0x9f, 0xc7, 0x9f, 0xc7, 0x9f, 0xc7, 0x9f, 0xc7, 0x9f, 0xc7, 
    0xbf, 0xc7, 0x9f, 0xc7, 0x9f, 0xc7, 0x9f, 0xc7, 0x9f, 0xc7, 0x9f, 0xc7, 
    0x9f, 0xc7, 0x9f, 0xc7, 0x9f, 0xc7, 0x9f, 0xc7, 0x9f, 0xc7, 0x9f, 0xc7, 
    0x9f, 0xc7, 0x9f, 0xc7, 0x9f, 0xc7, 0x9f, 0xc7, 0x9f, 0xc7, 0x9f, 0xc7, 
    0x9f, 0xc7, 0x9f, 0xc7, 0x9f, 0xc7, 0x9f, 0xc7, 0x9f, 0xc7, 0x9f, 0xc7, 
    0x9f, 0xc7, 0x9f, 0xc7, 0x9f, 0xc7, 0x9f, 0xc7, 0x9f, 0xc7, 0x9f, 0xc7, 
    0x9f, 0xcf, 0x9f, 0xcf, 0x9f, 0xcf, 0x9f, 0xcf, 0xbf, 0xcf, 0xbf, 0xcf, 
    0x9f, 0xcf, 0x9f, 0xcf, 0x9f, 0xcf, 0x9f, 0xcf, 0xbf, 0xcf, 0xbf, 0xcf, 
    0xbf, 0xcf, 0xbe, 0xcf, 0x9f, 0xcf, 0x9f, 0xcf, 0x9f, 0xcf, 0xbf, 0xcf, 
    0xbf, 0xcf, 0xbf, 0xcf, 0xbf, 0xcf, 0xbf, 0xcf, 0xbf, 0xcf, 0x9f, 0xcf, 
    0xbf, 0xcf, 0xbf, 0xcf, 0xbf, 0xcf, 0xbf, 0xcf, 0xbf, 0xcf, 0xbf, 0xcf, 
    0xbf, 0xcf, 0xbf, 0xcf, 0x9f, 0xcf, 0xbf, 0xcf, 0xbf, 0xcf, 0xbf, 0xcf, 
    0xbf, 0xcf, 0xbf, 0xcf, 0xbf, 0xcf, 0xbf, 0xcf, 0xbf, 0xcf, 0xbf, 0xcf, 
    0xbf, 0xcf, 0xbf, 0xcf, 0xbf, 0xcf, 0x9f, 0xcf, 0xbf, 0xcf, 0xbf, 0xcf, 
    0xbf, 0xcf, 0xbf, 0xcf, 0xbf, 0xcf, 0xbf, 0xcf, 0xbf, 0xcf, 0xbf, 0xcf, 
    0xbf, 0xcf, 0xbf, 0xcf, 0x9f, 0xc7, 0x9f, 0xc7, 0x9f, 0xcf, 0x9e, 0xcf, 
    0x9f, 0xcf, 0x9e, 0xcf, 0x9f, 0xcf, 0x9f, 0xcf, 0x9e, 0xcf, 0x9f, 0xcf, 
    0x9f, 0xcf, 0xbf, 0xcf, 0xbf, 0xcf, 0xbf, 0xcf, 0xbf, 0xcf, 0xbf, 0xcf, 
    0xbf, 0xcf, 0xbf, 0xcf, 0xbf, 0xcf, 0xbf, 0xcf, 0xbf, 0xcf, 0xbf, 0xd7, 
    0xbe, 0xe7, 0xdd, 0xf7, 0xdd, 0xf7, 0xdd, 0xf7, 0xdd, 0xf7, 0xdd, 0xff, 
    0xfd, 0xff, 0xdd, 0xff, 0xfd, 0xff, 0xfd, 0xff, 0xfe, 0xff, 0xfd, 0xff, 
    0xff, 0xff, 0xff, 0xff, 0xff, 0xff, 0xfe, 0xff, 0xfe, 0xff, 0xfe, 0xf7, 
    0xde, 0xf7, 0xfe, 0xf7, 0xde, 0xf7, 0xfe, 0xf7, 0xde, 0xf7, 0xdf, 0xf7, 
    0xde, 0xf7, 0xfe, 0xf7, 0xfa, 0xce, 0x7e, 0xbf, 0x7f, 0xbf, 0x7e, 0xbf, 
    0x7f, 0xbf, 0x7f, 0xbf, 0x7f, 0xbf, 0x9f, 0xbf, 0x9f, 0xbf, 0x7f, 0xbf, 
    0x9e, 0xbf, 0x9f, 0xbf, 0x9f, 0xb7, 0x9e, 0xbf, 0x9e, 0xb7, 0x9f, 0xbf, 
    0x9f, 0xbf, 0x9f, 0xbf, 0x9f, 0xbf, 0x9f, 0xbf, 0x9f, 0xbf, 0x9f, 0xbf, 
    0x9f, 0xbf, 0x9f, 0xbf, 0x9f, 0xbf, 0x9f, 0xbf, 0x9e, 0xbf, 0x9f, 0xbf, 
    0x9f, 0xbf, 0x9f, 0xbf, 0x9f, 0xbf, 0x9f, 0xbf, 0x9f, 0xbf, 0x9f, 0xbf, 
    0x9f, 0xbf, 0x9f, 0xbf, 0x9f, 0xbf, 0x9f, 0xbf, 0x9f, 0xbf, 0x9f, 0xbf, 
    0x9f, 0xbf, 0x9f, 0xbf, 0x9f, 0xbf, 0x9f, 0xbf, 0x9f, 0xbf, 0x9f, 0xbf, 
    0x9f, 0xc7, 0x9f, 0xbf, 0x9f, 0xc7, 0x9f, 0xc7, 0x9f, 0xc7, 0x9f, 0xbf, 
    0xbf, 0xc7, 0x9f, 0xbf, 0x9f, 0xbf, 0x9f, 0xbf, 0x9f, 0xbf, 0x9f, 0xbf, 
    0x9f, 0xc7, 0xbf, 0xc7, 0x9f, 0xc7, 0xbf, 0xc7, 0x9f, 0xbf, 0x9f, 0xc7, 
    0x9f, 0xbf, 0x9f, 0xc7, 0x9f, 0xc7, 0xbf, 0xc7, 0xbf, 0xc7, 0xbf, 0xc7, 
    0xbf, 0xc7, 0xbf, 0xc7, 0xbf, 0xc7, 0xbf, 0xc7, 0xbf, 0xc7, 0x9f, 0xbf, 
    0x9f, 0xbf, 0x9f, 0xbf, 0x9f, 0xc7, 0x9f, 0xc7, 0x9f, 0xc7, 0x9f, 0xbf, 
    0x9f, 0xbf, 0x9f, 0xbf, 0x9f, 0xbf, 0x9f, 0xbf, 0x9f, 0xbf, 0x9f, 0xbf, 
    0x9f, 0xc7, 0x9f, 0xc7, 0x9f, 0xbf, 0x9f, 0xc7, 0x9f, 0xbf, 0x9f, 0xc7, 
    0x9f, 0xc7, 0xbf, 0xc7, 0x9f, 0xc7, 0xbf, 0xc7, 0xbf, 0xc7, 0xbf, 0xc7, 
    0x9f, 0xc7, 0xbf, 0xc7, 0x9f, 0xc7, 0x9f, 0xc7, 0x9f, 0xc7, 0xbf, 0xc7, 
    0xbf, 0xc7, 0xbf, 0xc7, 0xbf, 0xc7, 0xbf, 0xc7, 0x9f, 0xc7, 0x9f, 0xc7, 
    0x9f, 0xc7, 0x9f, 0xc7, 0xbf, 0xc7, 0x9f, 0xc7, 0x9f, 0xc7, 0x9f, 0xc7, 
    0x9f, 0xc7, 0x9f, 0xc7, 0x9f, 0xc7, 0x9f, 0xc7, 0x9f, 0xc7, 0x9f, 0xc7, 
    0xbf, 0xc7, 0x9f, 0xc7, 0x9f, 0xc7, 0x9f, 0xc7, 0x9f, 0xc7, 0x9f, 0xc7, 
    0x9f, 0xc7, 0x9f, 0xc7, 0x9f, 0xc7, 0x9f, 0xc7, 0x9f, 0xcf, 0x9f, 0xcf, 
    0xbf, 0xcf, 0x9f, 0xcf, 0x9f, 0xcf, 0x9f, 0xcf, 0xbf, 0xcf, 0xbf, 0xcf, 
    0x9f, 0xcf, 0xbf, 0xcf, 0xbf, 0xcf, 0x9f, 0xcf, 0x9f, 0xcf, 0x9f, 0xcf, 
    0x9f, 0xcf, 0x9f, 0xcf, 0x9f, 0xcf, 0x9f, 0xcf, 0xbf, 0xcf, 0xbf, 0xcf, 
    0xbf, 0xcf, 0xbf, 0xcf, 0xbe, 0xcf, 0xbf, 0xcf, 0xbe, 0xcf, 0xbf, 0xcf, 
    0x9f, 0xcf, 0xbf, 0xcf, 0xbe, 0xcf, 0xbf, 0xcf, 0xbf, 0xcf, 0xbf, 0xcf, 
    0xbf, 0xcf, 0xbf, 0xcf, 0xbf, 0xcf, 0xbe, 0xcf, 0xbf, 0xcf, 0xbf, 0xcf, 
    0xbf, 0xcf, 0xbf, 0xcf, 0xbf, 0xcf, 0xbf, 0xcf, 0xbf, 0xcf, 0xbe, 0xcf, 
    0xbf, 0xcf, 0xbf, 0xcf, 0xbf, 0xcf, 0xbf, 0xcf, 0xbf, 0xcf, 0xbf, 0xcf, 
    0xbf, 0xcf, 0xbf, 0xcf, 0xbe, 0xcf, 0xbf, 0xcf, 0xbe, 0xcf, 0xbf, 0xcf, 
    0xbf, 0xcf, 0xbf, 0xcf, 0xbe, 0xcf, 0x9f, 0xcf, 0x9e, 0xcf, 0x9e, 0xcf, 
    0x9e, 0xcf, 0x9e, 0xcf, 0x9e, 0xcf, 0x9e, 0xd7, 0x9d, 0xd7, 0x9d, 0xdf, 
    0x9d, 0xdf, 0x9c, 0xe7, 0x7c, 0xdf, 0x7d, 0xdf, 0x9d, 0xdf, 0x9e, 0xd7, 
    0x9e, 0xcf, 0xbf, 0xcf, 0xbf, 0xcf, 0xdf, 0xcf, 0xdf, 0xd7, 0xde, 0xef, 
    0xde, 0xf7, 0xdd, 0xf7, 0xdd, 0xf7, 0xdd, 0xf7, 0xdd, 0xff, 0xfd, 0xff, 
    0xfe, 0xff, 0xfe, 0xff, 0xfd, 0xff, 0xfe, 0xff, 0xfe, 0xff, 0xfe, 0xff, 
    0xff, 0xff, 0xff, 0xff, 0xff, 0xff, 0xfe, 0xff, 0xfe, 0xff, 0xfe, 0xf7, 
    0xde, 0xf7, 0xde, 0xf7, 0xfe, 0xf7, 0xde, 0xf7, 0xfe, 0xf7, 0xde, 0xf7, 
    0xdf, 0xf7, 0xbe, 0xef, 0x5d, 0xc7, 0x7e, 0xbf, 0x7e, 0xbf, 0x7e, 0xbf, 
    0x7e, 0xbf, 0x7f, 0xbf, 0x7f, 0xbf, 0x7f, 0xbf, 0x7f, 0xbf, 0x9f, 0xbf, 
    0x7f, 0xbf, 0x9f, 0xbf, 0x7e, 0xb7, 0x9f, 0xb7, 0x9f, 0xbf, 0x9f, 0xbf, 
    0x9f, 0xbf, 0x9f, 0xbf, 0x9f, 0xbf, 0x9f, 0xbf, 0x9f, 0xbf, 0x9f, 0xbf, 
    0x9e, 0xbf, 0x9e, 0xbf, 0x9e, 0xbf, 0x9f, 0xbf, 0x9f, 0xbf, 0x9e, 0xbf, 
    0x9f, 0xbf, 0x9f, 0xbf, 0x9f, 0xbf, 0x9f, 0xbf, 0x9f, 0xbf, 0x9f, 0xbf, 
    0x9f, 0xbf, 0x9f, 0xbf, 0x9f, 0xbf, 0x9f, 0xbf, 0x9f, 0xbf, 0x9f, 0xbf, 
    0x9f, 0xbf, 0x9f, 0xbf, 0x9f, 0xc7, 0x9f, 0xbf, 0x9f, 0xc7, 0x9f, 0xc7, 
    0x9f, 0xc7, 0xbf, 0xc7, 0xbf, 0xc7, 0x9f, 0xc7, 0xbf, 0xc7, 0x9f, 0xc7, 
    0xbf, 0xc7, 0x9f, 0xc7, 0x9f, 0xc7, 0x9f, 0xc7, 0x9f, 0xc7, 0x9f, 0xc7, 
    0xbf, 0xc7, 0xbf, 0xc7, 0xbf, 0xc7, 0xbf, 0xc7, 0xbf, 0xc7, 0xbf, 0xc7, 
    0xbf, 0xc7, 0xbf, 0xc7, 0xbf, 0xc7, 0xbf, 0xc7, 0xbf, 0xc7, 0xbf, 0xcf, 
    0xbf, 0xcf, 0xbf, 0xcf, 0xbf, 0xc7, 0xbf, 0xc7, 0xbf, 0xc7, 0xbf, 0xc7, 
    0x9f, 0xc7, 0xbf, 0xc7, 0x9f, 0xc7, 0x9f, 0xc7, 0xbf, 0xc7, 0x9f, 0xc7, 
    0x9f, 0xc7, 0x9f, 0xc7, 0x9f, 0xc7, 0x9f, 0xc7, 0x9f, 0xc7, 0x9f, 0xc7, 
    0x9f, 0xc7, 0x9f, 0xc7, 0x9f, 0xc7, 0x9f, 0xc7, 0x9f, 0xc7, 0xbf, 0xc7, 
    0x9f, 0xc7, 0xbf, 0xc7, 0x9f, 0xc7, 0xbf, 0xc7, 0xbf, 0xc7, 0xbf, 0xc7, 
    0xbf, 0xc7, 0xbf, 0xc7, 0xbf, 0xc7, 0xbf, 0xc7, 0xbf, 0xc7, 0x9f, 0xc7, 
    0xbf, 0xc7, 0xbf, 0xc7, 0xbf, 0xc7, 0x9f, 0xc7, 0x9f, 0xc7, 0x9f, 0xc7, 
    0x9f, 0xc7, 0x9f, 0xc7, 0x9f, 0xc7, 0x9f, 0xc7, 0x9f, 0xc7, 0x9f, 0xc7, 
    0x9f, 0xc7, 0x9f, 0xc7, 0x9f, 0xc7, 0xbf, 0xc7, 0x9f, 0xc7, 0xbf, 0xc7, 
    0x9f, 0xc7, 0x9f, 0xc7, 0x9f, 0xc7, 0x9f, 0xc7, 0x9f, 0xc7, 0x9f, 0xc7, 
    0x9f, 0xc7, 0xbf, 0xc7, 0xbf, 0xc7, 0x9f, 0xcf, 0x9f, 0xcf, 0x9f, 0xcf, 
    0x9f, 0xcf, 0x9f, 0xcf, 0xbf, 0xcf, 0xbf, 0xcf, 0xbf, 0xcf, 0xbf, 0xcf, 
    0xbf, 0xcf, 0xbf, 0xcf, 0xbf, 0xcf, 0xbf, 0xcf, 0x9f, 0xcf, 0x9f, 0xcf, 
    0x9f, 0xcf, 0x9f, 0xcf, 0x9f, 0xcf, 0xbf, 0xcf, 0x9f, 0xcf, 0xbf, 0xcf, 
    0xbf, 0xcf, 0xbf, 0xd7, 0xbf, 0xcf, 0xbf, 0xcf, 0xbf, 0xcf, 0xbe, 0xcf, 
    0xbe, 0xcf, 0xbf, 0xcf, 0xbf, 0xcf, 0xbf, 0xcf, 0xbf, 0xcf, 0xbf, 0xcf, 
    0xbf, 0xcf, 0xbf, 0xcf, 0xbf, 0xcf, 0xbf, 0xcf, 0xbf, 0xcf, 0xbf, 0xcf, 
    0xbf, 0xcf, 0xbf, 0xcf, 0xbf, 0xcf, 0xbf, 0xcf, 0xbf, 0xcf, 0xbf, 0xcf, 
    0xbe, 0xcf, 0xbf, 0xcf, 0xbe, 0xcf, 0xbf, 0xcf, 0xbf, 0xcf, 0xbf, 0xcf, 
    0xbf, 0xcf, 0xbe, 0xcf, 0xbe, 0xcf, 0xbe, 0xcf, 0xbf, 0xcf, 0xbf, 0xcf, 
    0xbe, 0xcf, 0x9e, 0xcf, 0x9e, 0xcf, 0x9e, 0xcf, 0x9e, 0xd7, 0x7d, 0xdf, 
    0x7c, 0xe7, 0x9c, 0xef, 0xbd, 0xef, 0xdd, 0xf7, 0xdd, 0xf7, 0xde, 0xff, 
    0xfd, 0xff, 0xde, 0xff, 0xfe, 0xf7, 0xdd, 0xf7, 0xdd, 0xf7, 0xbd, 0xf7, 
    0xbc, 0xf7, 0x9c, 0xef, 0x9c, 0xe7, 0xbe, 0xdf, 0xdf, 0xdf, 0xfe, 0xf7, 
    0xdd, 0xf7, 0xdd, 0xf7, 0xdd, 0xf7, 0xdd, 0xf7, 0xdd, 0xff, 0xdd, 0xff, 
    0xdd, 0xff, 0xdd, 0xff, 0xfd, 0xff, 0xfd, 0xff, 0xfd, 0xff, 0xfd, 0xff, 
    0xff, 0xff, 0xfe, 0xff, 0xff, 0xff, 0xfe, 0xff, 0xfe, 0xff, 0xfe, 0xf7, 
    0xde, 0xf7, 0xfe, 0xf7, 0xde, 0xf7, 0xde, 0xf7, 0xfe, 0xf7, 0xfe, 0xf7, 
    0xde, 0xf7, 0x3b, 0xd7, 0x7e, 0xc7, 0x7e, 0xbf, 0x7e, 0xbf, 0x7e, 0xbf, 
    0x7e, 0xbf, 0x7e, 0xbf, 0x7e, 0xbf, 0x7f, 0xbf, 0x7f, 0xbf, 0x7f, 0xbf, 
    0x7f, 0xbf, 0x7f, 0xb7, 0x9f, 0xb7, 0x9f, 0xbf, 0x9f, 0xbf, 0x9f, 0xbf, 
    0x9f, 0xbf, 0x9f, 0xbf, 0x9f, 0xbf, 0x9f, 0xbf, 0x9f, 0xbf, 0x9f, 0xbf, 
    0x9e, 0xbf, 0x9e, 0xbf, 0x9e, 0xbf, 0x9e, 0xbf, 0x9f, 0xbf, 0x9f, 0xbf, 
    0x9f, 0xbf, 0x9f, 0xc7, 0x9f, 0xc7, 0x9f, 0xc7, 0x9f, 0xc7, 0x9f, 0xc7, 
    0x9f, 0xbf, 0x9f, 0xc7, 0x9f, 0xc7, 0x9f, 0xc7, 0x9f, 0xc7, 0x9f, 0xc7, 
    0x9f, 0xc7, 0x9f, 0xc7, 0x9f, 0xc7, 0x9f, 0xc7, 0xbf, 0xc7, 0xbf, 0xc7, 
    0x9f, 0xc7, 0xbf, 0xc7, 0xbf, 0xc7, 0xbf, 0xc7, 0xbf, 0xc7, 0xbf, 0xc7, 
    0xbf, 0xc7, 0x9f, 0xc7, 0xbf, 0xc7, 0xbf, 0xc7, 0xbf, 0xc7, 0xbf, 0xc7, 
    0xbf, 0xc7, 0xbf, 0xc7, 0xbf, 0xc7, 0xbf, 0xc7, 0xbf, 0xc7, 0xbf, 0xc7, 
    0xbf, 0xc7, 0xbf, 0xc7, 0xbf, 0xc7, 0xbf, 0xc7, 0xbf, 0xc7, 0xbf, 0xc7, 
    0xbf, 0xc7, 0xbf, 0xcf, 0xbf, 0xc7, 0xbf, 0xc7, 0xbf, 0xc7, 0xbf, 0xc7, 
    0xbf, 0xc7, 0xbf, 0xc7, 0x9f, 0xc7, 0xbf, 0xc7, 0x9f, 0xc7, 0xbf, 0xc7, 
    0x9f, 0xc7, 0x9f, 0xc7, 0x9f, 0xc7, 0x9f, 0xc7, 0x9f, 0xc7, 0x9f, 0xc7, 
    0x9f, 0xc7, 0x9f, 0xc7, 0x9f, 0xc7, 0xbf, 0xc7, 0x9f, 0xc7, 0xbf, 0xc7, 
    0xbf, 0xc7, 0xbf, 0xc7, 0xbf, 0xc7, 0xbf, 0xc7, 0xbf, 0xc7, 0xbf, 0xc7, 
    0xbf, 0xc7, 0xbf, 0xc7, 0xbf, 0xc7, 0x9f, 0xc7, 0xbf, 0xc7, 0x9f, 0xc7, 
    0xbf, 0xc7, 0xbf, 0xc7, 0x9f, 0xc7, 0x9f, 0xc7, 0x9f, 0xc7, 0xbf, 0xc7, 
    0xbf, 0xc7, 0x9f, 0xc7, 0x9f, 0xc7, 0x9f, 0xc7, 0x9f, 0xc7, 0x9f, 0xc7, 
    0x9f, 0xc7, 0x9f, 0xc7, 0x9f, 0xc7, 0xbf, 0xc7, 0x9f, 0xc7, 0xbf, 0xc7, 
    0xbf, 0xc7, 0x9f, 0xc7, 0x9f, 0xc7, 0x9f, 0xc7, 0x9f, 0xc7, 0x9f, 0xc7, 
    0x9f, 0xcf, 0x9f, 0xc7, 0x9f, 0xcf, 0x9f, 0xcf, 0x9f, 0xcf, 0x9f, 0xcf, 
    0x9f, 0xcf, 0x9f, 0xcf, 0xbf, 0xcf, 0xbf, 0xcf, 0xbf, 0xcf, 0xbf, 0xcf, 
    0xbf, 0xcf, 0xbf, 0xcf, 0xbf, 0xcf, 0xbf, 0xcf, 0x9f, 0xcf, 0x9f, 0xcf, 
    0x9f, 0xcf, 0xbf, 0xcf, 0xbf, 0xcf, 0xbf, 0xcf, 0xbf, 0xcf, 0xbf, 0xd7, 
    0xbf, 0xcf, 0xbf, 0xd7, 0xbf, 0xd7, 0xbf, 0xd7, 0xbf, 0xd7, 0xbf, 0xd7, 
    0xbf, 0xd7, 0xbf, 0xcf, 0xbf, 0xd7, 0xbf, 0xcf, 0xbf, 0xcf, 0xbf, 0xcf, 
    0xbf, 0xcf, 0xbf, 0xcf, 0xbe, 0xcf, 0xbf, 0xcf, 0xbe, 0xd7, 0xbe, 0xd7, 
    0xbf, 0xd7, 0xbf, 0xd7, 0xbf, 0xd7, 0xbf, 0xd7, 0xbf, 0xcf, 0xbf, 0xcf, 
    0xbf, 0xcf, 0xbf, 0xcf, 0xbe, 0xcf, 0xbe, 0xcf, 0xbf, 0xcf, 0xbe, 0xcf, 
    0xbf, 0xcf, 0xbf, 0xcf, 0xbe, 0xcf, 0xbe, 0xcf, 0xbe, 0xcf, 0xbe, 0xcf, 
    0xbe, 0xcf, 0x9e, 0xd7, 0x9d, 0xdf, 0x9d, 0xef, 0xbd, 0xf7, 0xdd, 0xf7, 
    0xfd, 0xff, 0xfe, 0xff, 0xfe, 0xf7, 0xfe, 0xff, 0xfe, 0xff, 0xfe, 0xff, 
    0xdd, 0xf7, 0xdd, 0xf7, 0xdd, 0xf7, 0xdd, 0xf7, 0xfd, 0xff, 0xdd, 0xf7, 
    0xdd, 0xf7, 0xfd, 0xf7, 0xdd, 0xf7, 0xdd, 0xf7, 0xde, 0xf7, 0xdd, 0xf7, 
    0xdd, 0xf7, 0xdd, 0xf7, 0xdd, 0xf7, 0xdd, 0xf7, 0xdd, 0xff, 0xdd, 0xff, 
    0xdd, 0xff, 0xdd, 0xff, 0xdd, 0xff, 0xfd, 0xff, 0xfd, 0xff, 0xfd, 0xff, 
    0xff, 0xff, 0xff, 0xff, 0xfe, 0xff, 0xfe, 0xff, 0xfe, 0xff, 0xfe, 0xf7, 
    0xfe, 0xf7, 0xfe, 0xf7, 0xfe, 0xf7, 0xde, 0xf7, 0xfe, 0xf7, 0xfe, 0xf7, 
    0x5c, 0xe7, 0x9d, 0xd7, 0x9e, 0xc7, 0x7e, 0xbf, 0x9e, 0xbf, 0x7e, 0xbf, 
    0x7e, 0xbf, 0x7e, 0xbf, 0x7e, 0xbf, 0x7e, 0xbf, 0x7f, 0xbf, 0x7f, 0xbf, 
    0x7f, 0xbf, 0x7e, 0xbf, 0x7e, 0xc7, 0x7d, 0xc7, 0x7c, 0xcf, 0x7c, 0xcf, 
    0x7d, 0xcf, 0x7c, 0xcf, 0x7d, 0xc7, 0x9e, 0xc7, 0x9f, 0xc7, 0x9f, 0xc7, 
    0x9f, 0xbf, 0x9e, 0xbf, 0x9e, 0xbf, 0x9f, 0xbf, 0x9f, 0xbf, 0x9f, 0xc7, 
    0x9f, 0xc7, 0x9f, 0xc7, 0x9f, 0xc7, 0x9f, 0xc7, 0x9f, 0xc7, 0xbf, 0xc7, 
    0x9f, 0xc7, 0x9f, 0xc7, 0x9f, 0xc7, 0x9f, 0xc7, 0x9f, 0xc7, 0x9f, 0xc7, 
    0x9f, 0xc7, 0x9f, 0xc7, 0xbf, 0xc7, 0xbf, 0xc7, 0xbf, 0xc7, 0xbf, 0xc7, 
    0xbf, 0xc7, 0xbf, 0xc7, 0xbf, 0xc7, 0x9f, 0xc7, 0xbf, 0xc7, 0xbf, 0xc7, 
    0xbf, 0xc7, 0x9f, 0xc7, 0x9f, 0xc7, 0xbf, 0xc7, 0x9f, 0xc7, 0xbf, 0xc7, 
    0xbf, 0xc7, 0xbf, 0xc7, 0xbf, 0xc7, 0xbf, 0xc7, 0xbf, 0xc7, 0xbf, 0xc7, 
    0xbf, 0xc7, 0xbf, 0xc7, 0xbf, 0xc7, 0xbf, 0xc7, 0xbf, 0xc7, 0xbf, 0xc7, 
    0xbf, 0xc7, 0xbf, 0xc7, 0xbf, 0xc7, 0xbf, 0xc7, 0xbf, 0xc7, 0xbf, 0xc7, 
    0xbf, 0xc7, 0xbf, 0xc7, 0x9f, 0xc7, 0xbf, 0xc7, 0xbf, 0xc7, 0xbf, 0xc7, 
    0x9f, 0xc7, 0x9f, 0xc7, 0x9f, 0xc7, 0x9f, 0xc7, 0x9f, 0xc7, 0x9f, 0xc7, 
    0x9f, 0xc7, 0xbf, 0xc7, 0x9f, 0xc7, 0x9f, 0xc7, 0x9f, 0xc7, 0xbf, 0xc7, 
    0xbf, 0xc7, 0xbf, 0xc7, 0xbf, 0xc7, 0xbf, 0xc7, 0xbf, 0xc7, 0xbf, 0xc7, 
    0xbf, 0xc7, 0xbf, 0xc7, 0xbf, 0xc7, 0xbf, 0xc7, 0xbf, 0xc7, 0xbf, 0xc7, 
    0xbf, 0xc7, 0xbf, 0xc7, 0x9f, 0xc7, 0xbf, 0xc7, 0xbf, 0xc7, 0x9f, 0xc7, 
    0xbf, 0xc7, 0x9f, 0xc7, 0x9f, 0xc7, 0x9f, 0xc7, 0x9f, 0xc7, 0x9f, 0xc7, 
    0x9f, 0xc7, 0xbf, 0xc7, 0x9f, 0xc7, 0xbf, 0xc7, 0xbf, 0xc7, 0xbf, 0xc7, 
    0xbf, 0xc7, 0x9f, 0xcf, 0x9f, 0xc7, 0xbf, 0xc7, 0x9f, 0xc7, 0x9f, 0xcf, 
    0x9f, 0xcf, 0x9f, 0xcf, 0xbf, 0xcf, 0x9f, 0xcf, 0x9f, 0xcf, 0x9f, 0xcf, 
    0xbf, 0xcf, 0xbf, 0xcf, 0xbf, 0xcf, 0xbf, 0xcf, 0xbf, 0xcf, 0xbf, 0xcf, 
    0xbf, 0xcf, 0xbf, 0xcf, 0xbf, 0xcf, 0xbf, 0xcf, 0xbf, 0xcf, 0xbf, 0xcf, 
    0xbf, 0xcf, 0xbf, 0xcf, 0xbf, 0xcf, 0xbf, 0xcf, 0xbf, 0xd7, 0xbf, 0xd7, 
    0xbf, 0xd7, 0xbf, 0xd7, 0xbf, 0xd7, 0xbf, 0xd7, 0xbf, 0xd7, 0xdf, 0xd7, 
    0xbf, 0xd7, 0xbf, 0xd7, 0xbf, 0xd7, 0xbf, 0xd7, 0xbf, 0xd7, 0xbf, 0xd7, 
    0xbf, 0xd7, 0xbf, 0xd7, 0xbf, 0xd7, 0xbe, 0xd7, 0x9b, 0xe7, 0x7a, 0xe7, 
    0x9e, 0xdf, 0xbf, 0xd7, 0xbf, 0xd7, 0xbf, 0xd7, 0xbf, 0xd7, 0xbf, 0xd7, 
    0xbf, 0xcf, 0x9f, 0xcf, 0x9e, 0xcf, 0xbe, 0xcf, 0xbe, 0xcf, 0x9e, 0xcf, 
    0xbe, 0xcf, 0xbe, 0xcf, 0x9e, 0xcf, 0xbe, 0xcf, 0xbf, 0xcf, 0xbd, 0xd7, 
    0xbd, 0xe7, 0xbd, 0xf7, 0xdd, 0xf7, 0xfe, 0xff, 0xfe, 0xff, 0xfd, 0xff, 
    0xdd, 0xf7, 0xde, 0xf7, 0xdd, 0xf7, 0xdd, 0xf7, 0xdd, 0xf7, 0xbd, 0xf7, 
    0xbd, 0xf7, 0xbd, 0xf7, 0xbd, 0xf7, 0xdd, 0xf7, 0xdd, 0xf7, 0xdd, 0xf7, 
    0xdd, 0xf7, 0xde, 0xff, 0xdd, 0xf7, 0xdd, 0xf7, 0xde, 0xf7, 0xdd, 0xf7, 
    0xdd, 0xf7, 0xdd, 0xff, 0xdd, 0xff, 0xdd, 0xf7, 0xdd, 0xff, 0xdd, 0xf7, 
    0xdd, 0xf7, 0xdd, 0xff, 0xdd, 0xff, 0xdd, 0xff, 0xdd, 0xff, 0xfd, 0xff, 
};	