
/*
 * @ File:   [image.h]
 * @ Type:   [RGB565]
 * @ Author: [Vegetable-SYC]
 */			

const unsigned char img_asset[] PROGMEM = {
    0x44, 0x58, 0x24, 0x58, 0x24, 0x58, 0x24, 0x58, 0x24, 0x58, 0x24, 0x58, 
    0x24, 0x58, 0x24, 0x58, 0x24, 0x58, 0x24, 0x58, 0x24, 0x58, 0x44, 0x58, 
    0x44, 0x58, 0x24, 0x58, 0x24, 0x58, 0x24, 0x58, 0x24, 0x58, 0x44, 0x58, 
    0x44, 0x60, 0x44, 0x58, 0x44, 0x58, 0x24, 0x58, 0x44, 0x58, 0x24, 0x58, 
    0x44, 0x58, 0x44, 0x58, 0x44, 0x58, 0x44, 0x58, 0x44, 0x58, 0x44, 0x58, 
    0x44, 0x58, 0x44, 0x58, 0x44, 0x58, 0x44, 0x58, 0x24, 0x58, 0x24, 0x58, 
    0x44, 0x58, 0x44, 0x58, 0x44, 0x58, 0x44, 0x58, 0x44, 0x58, 0x44, 0x50, 
    0x44, 0x58, 0x44, 0x58, 0x44, 0x58, 0x44, 0x58, 0x44, 0x58, 0x44, 0x58, 
    0x44, 0x50, 0x45, 0x50, 0x65, 0x58, 0x64, 0x58, 0x65, 0x58, 0x64, 0x58, 
    0x65, 0x58, 0x65, 0x58, 0x65, 0x58, 0x65, 0x58, 0x64, 0x58, 0x65, 0x58, 
    0x65, 0x58, 0x64, 0x50, 0x64, 0x50, 0x64, 0x58, 0x64, 0x50, 0x44, 0x50, 
    0x44, 0x50, 0x44, 0x50, 0x44, 0x50, 0x24, 0x50, 0x24, 0x50, 0x23, 0x50, 
    0x23, 0x50, 0x23, 0x48, 0x23, 0x48, 0x23, 0x50, 0x23, 0x48, 0x23, 0x48, 
    0x23, 0x48, 0x23, 0x48, 0x43, 0x48, 0x23, 0x48, 0x43, 0x48, 0x44, 0x48, 
    0x64, 0x48, 0x64, 0x48, 0x64, 0x50, 0x64, 0x48, 0x84, 0x50, 0x84, 0x50, 
    0x84, 0x50, 0x84, 0x48, 0xa4, 0x50, 0xa4, 0x50, 0xa4, 0x48, 0xa4, 0x48, 
    0xc5, 0x48, 0xa4, 0x48, 0xa4, 0x48, 0xc4, 0x48, 0xc4, 0x48, 0xe5, 0x48, 
    0xe5, 0x50, 0xe5, 0x50, 0xc5, 0x50, 0xe5, 0x50, 0x05, 0x51, 0x04, 0x51, 
    0x24, 0x49, 0x42, 0x41, 0x42, 0x41, 0x42, 0x41, 0x62, 0x41, 0x42, 0x49, 
    0x62, 0x49, 0x63, 0x51, 0x45, 0x59, 0x66, 0x61, 0x67, 0x69, 0x68, 0x71, 
    0x69, 0x71, 0x48, 0x71, 0x28, 0x69, 0x48, 0x69, 0x28, 0x61, 0x48, 0x69, 
    0x48, 0x69, 0x48, 0x61, 0x48, 0x61, 0x48, 0x61, 0x48, 0x59, 0x47, 0x59, 
    0x68, 0x59, 0x67, 0x59, 0x26, 0x51, 0x26, 0x51, 0x05, 0x49, 0xe5, 0x48, 
    0x05, 0x49, 0x05, 0x49, 0xe5, 0x48, 0x05, 0x49, 0x05, 0x49, 0x05, 0x49, 
    0x05, 0x49, 0x25, 0x49, 0x25, 0x49, 0x25, 0x49, 0x46, 0x49, 0x46, 0x49, 
    0x46, 0x51, 0x46, 0x49, 0x46, 0x49, 0x46, 0x51, 0x46, 0x51, 0x47, 0x51, 
    0x47, 0x51, 0x27, 0x59, 0x27, 0x59, 0x27, 0x59, 0x07, 0x59, 0x27, 0x59, 
    0x07, 0x59, 0x07, 0x61, 0xe7, 0x60, 0xe6, 0x60, 0xe6, 0x60, 0xc6, 0x60, 
    0xc6, 0x60, 0xc6, 0x60, 0xa6, 0x60, 0xa6, 0x60, 0xc6, 0x60, 0xa6, 0x60, 
    0xa6, 0x60, 0x86, 0x60, 0x85, 0x60, 0x65, 0x60, 0x65, 0x60, 0x65, 0x60, 
    0x65, 0x60, 0x45, 0x58, 0x45, 0x58, 0x45, 0x58, 0x45, 0x58, 0x45, 0x58, 
    0x45, 0x58, 0x45, 0x58, 0x44, 0x58, 0x44, 0x58, 0x44, 0x58, 0x44, 0x58, 
    0x45, 0x58, 0x45, 0x58, 0x45, 0x58, 0x44, 0x58, 0x45, 0x58, 0x45, 0x58, 
    0x44, 0x58, 0x45, 0x58, 0x45, 0x58, 0x45, 0x60, 0x45, 0x60, 0x45, 0x58, 
    0x44, 0x58, 0x44, 0x58, 0x44, 0x58, 0x44, 0x58, 0x44, 0x58, 0x44, 0x58, 
    0x44, 0x58, 0x24, 0x58, 0x24, 0x58, 0x45, 0x58, 0x44, 0x58, 0x44, 0x58, 
    0x24, 0x58, 0x24, 0x58, 0x24, 0x58, 0x24, 0x58, 0x44, 0x58, 0x24, 0x58, 
    0x24, 0x58, 0x44, 0x58, 0x24, 0x58, 0x24, 0x58, 0x24, 0x58, 0x45, 0x58, 
    0x24, 0x58, 0x24, 0x58, 0x44, 0x58, 0x44, 0x58, 0x24, 0x58, 0x24, 0x58, 
    0x24, 0x58, 0x24, 0x58, 0x24, 0x58, 0x24, 0x58, 0x24, 0x58, 0x24, 0x58, 
    0x24, 0x58, 0x24, 0x58, 0x23, 0x58, 0x24, 0x58, 0x24, 0x58, 0x24, 0x58, 
    0x24, 0x58, 0x24, 0x58, 0x24, 0x58, 0x24, 0x58, 0x24, 0x58, 0x24, 0x58, 
    0x24, 0x58, 0x24, 0x58, 0x24, 0x58, 0x24, 0x58, 0x24, 0x58, 0x44, 0x58, 
    0x44, 0x58, 0x44, 0x58, 0x24, 0x58, 0x24, 0x58, 0x24, 0x58, 0x44, 0x58, 
    0x44, 0x58, 0x44, 0x58, 0x44, 0x58, 0x44, 0x58, 0x44, 0x58, 0x44, 0x58, 
    0x44, 0x58, 0x44, 0x58, 0x44, 0x58, 0x44, 0x58, 0x24, 0x58, 0x44, 0x58, 
    0x44, 0x58, 0x44, 0x58, 0x44, 0x58, 0x44, 0x58, 0x44, 0x58, 0x44, 0x58, 
    0x44, 0x58, 0x44, 0x50, 0x44, 0x50, 0x44, 0x50, 0x44, 0x50, 0x44, 0x50, 
    0x44, 0x50, 0x44, 0x58, 0x44, 0x50, 0x44, 0x50, 0x64, 0x58, 0x44, 0x58, 
    0x64, 0x58, 0x64, 0x58, 0x64, 0x58, 0x64, 0x50, 0x64, 0x58, 0x64, 0x58, 
    0x64, 0x58, 0x64, 0x50, 0x64, 0x58, 0x44, 0x50, 0x44, 0x50, 0x44, 0x50, 
    0x44, 0x50, 0x44, 0x50, 0x24, 0x50, 0x24, 0x50, 0x23, 0x50, 0x23, 0x50, 
    0x23, 0x48, 0x23, 0x48, 0x23, 0x48, 0x23, 0x48, 0x23, 0x48, 0x23, 0x48, 
    0x23, 0x48, 0x24, 0x48, 0x23, 0x48, 0x43, 0x50, 0x43, 0x50, 0x24, 0x48, 
    0x44, 0x50, 0x44, 0x48, 0x64, 0x50, 0x64, 0x48, 0x64, 0x48, 0x64, 0x48, 
    0x64, 0x48, 0x84, 0x48, 0x84, 0x50, 0x84, 0x48, 0x84, 0x48, 0xa4, 0x50, 
    0xa4, 0x48, 0xa4, 0x48, 0xa4, 0x48, 0xa4, 0x48, 0xc4, 0x50, 0xc5, 0x50, 
    0xc5, 0x50, 0xc5, 0x50, 0xe5, 0x50, 0xe4, 0x48, 0x03, 0x49, 0x22, 0x41, 
    0x41, 0x39, 0x60, 0x31, 0x60, 0x31, 0x60, 0x31, 0x60, 0x31, 0x60, 0x31, 
    0x60, 0x31, 0x60, 0x39, 0x82, 0x49, 0x64, 0x51, 0x65, 0x61, 0x47, 0x69, 
    0x48, 0x71, 0x28, 0x69, 0x27, 0x69, 0x28, 0x69, 0x48, 0x69, 0x48, 0x69, 
    0x47, 0x61, 0x47, 0x61, 0x46, 0x61, 0x46, 0x59, 0x26, 0x59, 0x47, 0x59, 
    0x47, 0x59, 0x26, 0x51, 0x26, 0x51, 0x06, 0x51, 0x05, 0x49, 0x05, 0x49, 
    0x05, 0x49, 0x05, 0x49, 0xe5, 0x48, 0xe5, 0x48, 0x05, 0x49, 0x05, 0x49, 
    0x25, 0x49, 0x25, 0x49, 0x25, 0x49, 0x26, 0x49, 0x26, 0x49, 0x46, 0x49, 
    0x46, 0x51, 0x46, 0x51, 0x46, 0x51, 0x46, 0x51, 0x47, 0x51, 0x47, 0x51, 
    0x47, 0x51, 0x27, 0x59, 0x27, 0x59, 0x07, 0x59, 0x27, 0x59, 0x07, 0x59, 
    0x07, 0x59, 0x07, 0x61, 0xe7, 0x60, 0xe6, 0x60, 0xc6, 0x60, 0xc6, 0x60, 
    0xc6, 0x60, 0xa6, 0x60, 0xa6, 0x60, 0x86, 0x60, 0xa5, 0x60, 0x85, 0x60, 
    0x86, 0x60, 0x85, 0x60, 0x65, 0x60, 0x65, 0x60, 0x65, 0x60, 0x65, 0x60, 
    0x45, 0x60, 0x44, 0x58, 0x45, 0x58, 0x45, 0x58, 0x45, 0x58, 0x65, 0x58, 
    0x44, 0x58, 0x44, 0x58, 0x44, 0x58, 0x44, 0x58, 0x45, 0x58, 0x44, 0x58, 
    0x45, 0x58, 0x44, 0x58, 0x45, 0x58, 0x45, 0x58, 0x44, 0x58, 0x45, 0x58, 
    0x44, 0x58, 0x45, 0x58, 0x45, 0x58, 0x45, 0x58, 0x45, 0x58, 0x45, 0x58, 
    0x44, 0x58, 0x44, 0x58, 0x44, 0x58, 0x44, 0x58, 0x44, 0x58, 0x44, 0x58, 
    0x44, 0x58, 0x24, 0x58, 0x44, 0x58, 0x44, 0x58, 0x44, 0x58, 0x44, 0x58, 
    0x24, 0x58, 0x24, 0x58, 0x44, 0x58, 0x44, 0x58, 0x44, 0x58, 0x44, 0x58, 
    0x24, 0x58, 0x24, 0x58, 0x44, 0x58, 0x24, 0x58, 0x44, 0x58, 0x24, 0x58, 
    0x44, 0x58, 0x24, 0x58, 0x24, 0x58, 0x24, 0x58, 0x24, 0x58, 0x24, 0x58, 
    0x24, 0x58, 0x24, 0x58, 0x44, 0x58, 0x24, 0x58, 0x24, 0x58, 0x24, 0x58, 
    0x24, 0x58, 0x23, 0x58, 0x44, 0x58, 0x44, 0x58, 0x24, 0x58, 0x24, 0x58, 
    0x24, 0x58, 0x24, 0x58, 0x24, 0x58, 0x44, 0x58, 0x24, 0x58, 0x24, 0x58, 
    0x24, 0x58, 0x24, 0x58, 0x24, 0x58, 0x24, 0x58, 0x24, 0x58, 0x44, 0x58, 
    0x44, 0x58, 0x24, 0x58, 0x24, 0x58, 0x44, 0x58, 0x44, 0x58, 0x24, 0x58, 
    0x44, 0x58, 0x44, 0x58, 0x44, 0x58, 0x44, 0x58, 0x24, 0x58, 0x44, 0x58, 
    0x44, 0x58, 0x24, 0x58, 0x24, 0x58, 0x44, 0x58, 0x44, 0x58, 0x44, 0x58, 
    0x44, 0x58, 0x44, 0x58, 0x44, 0x58, 0x24, 0x50, 0x44, 0x50, 0x44, 0x50, 
    0x44, 0x50, 0x44, 0x58, 0x64, 0x50, 0x44, 0x58, 0x44, 0x50, 0x44, 0x50, 
    0x44, 0x50, 0x44, 0x50, 0x44, 0x50, 0x44, 0x50, 0x44, 0x50, 0x44, 0x50, 
    0x44, 0x58, 0x44, 0x50, 0x64, 0x58, 0x44, 0x50, 0x44, 0x50, 0x44, 0x50, 
    0x44, 0x58, 0x44, 0x50, 0x44, 0x50, 0x44, 0x50, 0x44, 0x50, 0x44, 0x50, 
    0x44, 0x50, 0x44, 0x50, 0x23, 0x50, 0x24, 0x50, 0x23, 0x50, 0x23, 0x50, 
    0x23, 0x48, 0x43, 0x50, 0x23, 0x48, 0x23, 0x48, 0x24, 0x48, 0x23, 0x48, 
    0x23, 0x48, 0x23, 0x48, 0x23, 0x48, 0x43, 0x50, 0x23, 0x48, 0x44, 0x50, 
    0x44, 0x50, 0x64, 0x50, 0x64, 0x50, 0x43, 0x50, 0x64, 0x50, 0x64, 0x50, 
    0x64, 0x50, 0x64, 0x48, 0x64, 0x48, 0x64, 0x50, 0x84, 0x50, 0x64, 0x50, 
    0x84, 0x48, 0x84, 0x48, 0xa4, 0x48, 0xa4, 0x48, 0xa4, 0x50, 0xc4, 0x50, 
    0xa4, 0x48, 0xc4, 0x48, 0xe3, 0x48, 0x22, 0x41, 0x21, 0x39, 0x40, 0x31, 
    0x60, 0x29, 0x80, 0x21, 0x80, 0x21, 0x80, 0x19, 0x80, 0x21, 0x80, 0x21, 
    0x80, 0x21, 0xa0, 0x29, 0xa0, 0x39, 0x81, 0x41, 0x83, 0x51, 0x65, 0x61, 
    0x66, 0x69, 0x67, 0x69, 0x47, 0x69, 0x47, 0x69, 0x47, 0x69, 0x66, 0x61, 
    0x45, 0x59, 0x44, 0x49, 0x64, 0x51, 0x44, 0x51, 0x25, 0x51, 0x46, 0x59, 
    0x47, 0x59, 0x27, 0x51, 0x26, 0x51, 0x06, 0x49, 0x25, 0x49, 0x05, 0x49, 
    0x05, 0x49, 0xe5, 0x48, 0xe5, 0x48, 0xe5, 0x48, 0xe5, 0x48, 0x05, 0x49, 
    0x05, 0x49, 0x25, 0x49, 0x25, 0x49, 0x26, 0x49, 0x46, 0x49, 0x46, 0x49, 
    0x46, 0x51, 0x46, 0x49, 0x46, 0x49, 0x46, 0x49, 0x47, 0x51, 0x27, 0x51, 
    0x26, 0x51, 0x27, 0x59, 0x27, 0x59, 0x27, 0x59, 0x27, 0x59, 0x07, 0x59, 
    0xe7, 0x58, 0xe6, 0x60, 0xe6, 0x58, 0xe6, 0x60, 0xc6, 0x60, 0xa6, 0x60, 
    0xa6, 0x60, 0xa6, 0x60, 0xa6, 0x60, 0x86, 0x60, 0x86, 0x60, 0x86, 0x60, 
    0x86, 0x60, 0x85, 0x60, 0x65, 0x60, 0x65, 0x58, 0x45, 0x60, 0x65, 0x60, 
    0x65, 0x58, 0x65, 0x58, 0x65, 0x58, 0x45, 0x58, 0x45, 0x58, 0x45, 0x58, 
    0x44, 0x58, 0x65, 0x58, 0x65, 0x58, 0x45, 0x58, 0x45, 0x58, 0x45, 0x58, 
    0x45, 0x58, 0x44, 0x58, 0x45, 0x58, 0x44, 0x58, 0x45, 0x58, 0x44, 0x58, 
    0x24, 0x58, 0x45, 0x58, 0x45, 0x58, 0x24, 0x58, 0x44, 0x60, 0x45, 0x60, 
    0x45, 0x58, 0x45, 0x58, 0x45, 0x58, 0x44, 0x58, 0x24, 0x58, 0x44, 0x58, 
    0x44, 0x58, 0x44, 0x58, 0x24, 0x58, 0x44, 0x58, 0x44, 0x58, 0x44, 0x58, 
    0x44, 0x58, 0x44, 0x58, 0x24, 0x58, 0x24, 0x58, 0x44, 0x58, 0x44, 0x58, 
    0x44, 0x58, 0x44, 0x58, 0x44, 0x58, 0x44, 0x58, 0x24, 0x58, 0x24, 0x58, 
    0x44, 0x58, 0x24, 0x58, 0x24, 0x58, 0x44, 0x58, 0x24, 0x58, 0x44, 0x58, 
    0x44, 0x58, 0x24, 0x58, 0x44, 0x58, 0x44, 0x58, 0x24, 0x58, 0x24, 0x58, 
    0x23, 0x58, 0x23, 0x50, 0x24, 0x50, 0x24, 0x58, 0x24, 0x58, 0x23, 0x58, 
    0x24, 0x58, 0x44, 0x58, 0x44, 0x58, 0x24, 0x58, 0x24, 0x58, 0x24, 0x58, 
    0x24, 0x58, 0x24, 0x58, 0x24, 0x58, 0x24, 0x58, 0x44, 0x58, 0x44, 0x58, 
    0x44, 0x58, 0x24, 0x58, 0x24, 0x58, 0x24, 0x58, 0x24, 0x58, 0x24, 0x58, 
    0x44, 0x58, 0x24, 0x58, 0x44, 0x58, 0x24, 0x58, 0x24, 0x58, 0x24, 0x58, 
    0x24, 0x58, 0x44, 0x50, 0x44, 0x50, 0x44, 0x58, 0x24, 0x58, 0x24, 0x58, 
    0x44, 0x58, 0x44, 0x58, 0x44, 0x58, 0x44, 0x58, 0x44, 0x58, 0x44, 0x50, 
    0x44, 0x50, 0x44, 0x50, 0x44, 0x50, 0x44, 0x50, 0x24, 0x50, 0x44, 0x50, 
    0x44, 0x50, 0x44, 0x50, 0x44, 0x50, 0x44, 0x50, 0x44, 0x50, 0x44, 0x50, 
    0x44, 0x58, 0x44, 0x50, 0x44, 0x50, 0x44, 0x50, 0x44, 0x50, 0x44, 0x50, 
    0x44, 0x50, 0x44, 0x50, 0x44, 0x50, 0x24, 0x50, 0x24, 0x50, 0x24, 0x50, 
    0x23, 0x50, 0x23, 0x50, 0x24, 0x50, 0x23, 0x50, 0x23, 0x50, 0x23, 0x48, 
    0x23, 0x48, 0x23, 0x48, 0x23, 0x48, 0x23, 0x48, 0x23, 0x48, 0x23, 0x48, 
    0x23, 0x48, 0x23, 0x48, 0x23, 0x48, 0x23, 0x48, 0x23, 0x48, 0x23, 0x48, 
    0x43, 0x48, 0x44, 0x48, 0x44, 0x48, 0x44, 0x50, 0x44, 0x50, 0x43, 0x50, 
    0x64, 0x48, 0x44, 0x48, 0x44, 0x48, 0x64, 0x48, 0x43, 0x48, 0x64, 0x48, 
    0x64, 0x48, 0x64, 0x48, 0x84, 0x48, 0x84, 0x48, 0x84, 0x48, 0xa4, 0x48, 
    0xc4, 0x48, 0xe3, 0x40, 0x02, 0x39, 0x21, 0x31, 0x40, 0x29, 0x60, 0x21, 
    0x80, 0x19, 0x80, 0x11, 0xa0, 0x19, 0xa0, 0x19, 0xa0, 0x11, 0xa0, 0x11, 
    0xa0, 0x19, 0xa0, 0x21, 0xa0, 0x21, 0xa0, 0x31, 0x80, 0x39, 0x82, 0x49, 
    0x84, 0x59, 0x85, 0x59, 0x65, 0x61, 0x65, 0x61, 0x64, 0x59, 0x62, 0x49, 
    0x61, 0x41, 0x61, 0x41, 0x62, 0x41, 0x43, 0x49, 0x25, 0x51, 0x26, 0x51, 
    0x27, 0x51, 0x26, 0x51, 0x06, 0x51, 0x05, 0x49, 0x05, 0x49, 0xe5, 0x48, 
    0xe5, 0x48, 0xe5, 0x48, 0xe5, 0x48, 0xe5, 0x48, 0xe5, 0x40, 0x05, 0x49, 
    0x05, 0x49, 0x05, 0x49, 0x05, 0x41, 0x26, 0x49, 0x46, 0x49, 0x46, 0x49, 
    0x46, 0x49, 0x46, 0x49, 0x47, 0x51, 0x26, 0x51, 0x27, 0x51, 0x27, 0x51, 
    0x27, 0x51, 0x27, 0x51, 0x06, 0x59, 0x07, 0x59, 0x07, 0x59, 0x07, 0x59, 
    0xe6, 0x60, 0xe6, 0x60, 0xe6, 0x60, 0xe6, 0x60, 0xc6, 0x60, 0xa6, 0x60, 
    0xa6, 0x60, 0xa6, 0x60, 0xa6, 0x60, 0x85, 0x60, 0x86, 0x60, 0x65, 0x60, 
    0x65, 0x60, 0x65, 0x60, 0x65, 0x60, 0x65, 0x60, 0x45, 0x60, 0x65, 0x60, 
    0x65, 0x60, 0x45, 0x58, 0x45, 0x58, 0x65, 0x58, 0x65, 0x60, 0x45, 0x58, 
    0x45, 0x58, 0x44, 0x58, 0x45, 0x58, 0x65, 0x58, 0x44, 0x58, 0x45, 0x58, 
    0x45, 0x58, 0x45, 0x58, 0x45, 0x58, 0x45, 0x58, 0x45, 0x58, 0x45, 0x58, 
    0x45, 0x58, 0x45, 0x58, 0x45, 0x58, 0x44, 0x58, 0x44, 0x58, 0x44, 0x58, 
    0x45, 0x58, 0x45, 0x58, 0x24, 0x58, 0x45, 0x58, 0x44, 0x58, 0x44, 0x58, 
    0x44, 0x58, 0x44, 0x58, 0x44, 0x58, 0x44, 0x58, 0x44, 0x58, 0x44, 0x58, 
    0x24, 0x58, 0x44, 0x58, 0x24, 0x58, 0x24, 0x58, 0x44, 0x58, 0x24, 0x58, 
    0x24, 0x58, 0x44, 0x58, 0x24, 0x58, 0x44, 0x58, 0x44, 0x58, 0x24, 0x58, 
    0x44, 0x58, 0x24, 0x58, 0x44, 0x58, 0x44, 0x58, 0x24, 0x58, 0x24, 0x58, 
    0x24, 0x58, 0x24, 0x58, 0x24, 0x58, 0x24, 0x58, 0x24, 0x58, 0x24, 0x58, 
    0x24, 0x58, 0x24, 0x50, 0x24, 0x58, 0x23, 0x50, 0x24, 0x58, 0x24, 0x58, 
    0x24, 0x58, 0x24, 0x58, 0x24, 0x58, 0x24, 0x58, 0x24, 0x58, 0x24, 0x58, 
    0x24, 0x58, 0x24, 0x58, 0x24, 0x58, 0x24, 0x58, 0x44, 0x58, 0x24, 0x58, 
    0x44, 0x58, 0x24, 0x58, 0x24, 0x58, 0x24, 0x58, 0x24, 0x58, 0x24, 0x58, 
    0x44, 0x58, 0x44, 0x58, 0x24, 0x58, 0x24, 0x58, 0x24, 0x58, 0x44, 0x58, 
    0x44, 0x58, 0x44, 0x58, 0x24, 0x58, 0x44, 0x50, 0x24, 0x58, 0x44, 0x58, 
    0x44, 0x58, 0x44, 0x58, 0x44, 0x58, 0x44, 0x50, 0x44, 0x50, 0x44, 0x50, 
    0x44, 0x50, 0x44, 0x50, 0x44, 0x50, 0x44, 0x50, 0x44, 0x50, 0x44, 0x50, 
    0x44, 0x50, 0x44, 0x50, 0x44, 0x50, 0x44, 0x50, 0x44, 0x50, 0x44, 0x50, 
    0x44, 0x50, 0x44, 0x50, 0x44, 0x50, 0x24, 0x50, 0x24, 0x50, 0x24, 0x50, 
    0x44, 0x50, 0x44, 0x50, 0x44, 0x50, 0x24, 0x50, 0x24, 0x50, 0x23, 0x50, 
    0x23, 0x50, 0x24, 0x50, 0x24, 0x50, 0x24, 0x50, 0x23, 0x50, 0x23, 0x48, 
    0x23, 0x48, 0x23, 0x48, 0x23, 0x48, 0x23, 0x48, 0x23, 0x48, 0x23, 0x48, 
    0x23, 0x48, 0x23, 0x48, 0x23, 0x48, 0x23, 0x48, 0x23, 0x48, 0x23, 0x48, 
    0x43, 0x48, 0x43, 0x48, 0x43, 0x48, 0x44, 0x48, 0x43, 0x48, 0x43, 0x48, 
    0x43, 0x48, 0x43, 0x48, 0x43, 0x48, 0x43, 0x48, 0x43, 0x48, 0x64, 0x48, 
    0x64, 0x50, 0x64, 0x48, 0x64, 0x48, 0x84, 0x48, 0x84, 0x48, 0xa4, 0x48, 
    0xc3, 0x40, 0x02, 0x39, 0x20, 0x31, 0x60, 0x29, 0x60, 0x21, 0x80, 0x19, 
    0xa0, 0x11, 0xa0, 0x11, 0xa0, 0x11, 0xa0, 0x11, 0xa0, 0x11, 0xa0, 0x09, 
    0xa0, 0x11, 0xa0, 0x11, 0x80, 0x19, 0x80, 0x21, 0x80, 0x29, 0x80, 0x31, 
    0x80, 0x41, 0xa1, 0x41, 0xa1, 0x49, 0x61, 0x41, 0x60, 0x39, 0x60, 0x31, 
    0x80, 0x31, 0x80, 0x31, 0x61, 0x41, 0x44, 0x49, 0x25, 0x59, 0x26, 0x59, 
    0x26, 0x51, 0x06, 0x51, 0x06, 0x51, 0x05, 0x49, 0xe5, 0x48, 0xe5, 0x48, 
    0xc5, 0x48, 0xe5, 0x48, 0xc5, 0x40, 0xe5, 0x48, 0xe5, 0x48, 0x05, 0x49, 
    0x05, 0x49, 0x06, 0x49, 0x05, 0x49, 0x26, 0x49, 0x26, 0x49, 0x26, 0x49, 
    0x46, 0x49, 0x46, 0x49, 0x46, 0x51, 0x26, 0x51, 0x26, 0x51, 0x26, 0x51, 
    0x27, 0x51, 0x26, 0x59, 0x06, 0x59, 0x07, 0x59, 0x07, 0x61, 0x07, 0x61, 
    0xe7, 0x60, 0xe7, 0x60, 0xe7, 0x60, 0xc6, 0x60, 0xc6, 0x60, 0xa6, 0x60, 
    0xa6, 0x60, 0x86, 0x60, 0x86, 0x60, 0x86, 0x60, 0x65, 0x60, 0x65, 0x60, 
    0x65, 0x60, 0x45, 0x60, 0x65, 0x60, 0x65, 0x60, 0x65, 0x60, 0x65, 0x60, 
    0x45, 0x60, 0x44, 0x58, 0x45, 0x60, 0x65, 0x60, 0x45, 0x58, 0x45, 0x58, 
    0x45, 0x58, 0x65, 0x60, 0x45, 0x58, 0x44, 0x58, 0x64, 0x58, 0x44, 0x58, 
    0x45, 0x58, 0x45, 0x58, 0x45, 0x58, 0x44, 0x58, 0x44, 0x58, 0x45, 0x58, 
    0x44, 0x58, 0x44, 0x58, 0x45, 0x58, 0x45, 0x58, 0x45, 0x58, 0x44, 0x58, 
    0x44, 0x58, 0x44, 0x58, 0x44, 0x58, 0x44, 0x58, 0x24, 0x58, 0x45, 0x58, 
    0x44, 0x58, 0x44, 0x58, 0x44, 0x58, 0x24, 0x58, 0x44, 0x58, 0x44, 0x58, 
    0x44, 0x58, 0x24, 0x58, 0x44, 0x58, 0x24, 0x58, 0x44, 0x58, 0x44, 0x58, 
    0x44, 0x58, 0x44, 0x58, 0x44, 0x58, 0x24, 0x58, 0x44, 0x58, 0x24, 0x58, 
    0x24, 0x58, 0x44, 0x58, 0x24, 0x58, 0x24, 0x58, 0x44, 0x58, 0x24, 0x58, 
    0x24, 0x58, 0x24, 0x58, 0x24, 0x58, 0x24, 0x58, 0x24, 0x58, 0x24, 0x58, 
    0x24, 0x50, 0x24, 0x58, 0x24, 0x58, 0x24, 0x58, 0x23, 0x50, 0x23, 0x50, 
    0x24, 0x58, 0x24, 0x58, 0x24, 0x58, 0x24, 0x58, 0x23, 0x50, 0x24, 0x58, 
    0x24, 0x58, 0x23, 0x58, 0x24, 0x58, 0x24, 0x58, 0x44, 0x58, 0x24, 0x58, 
    0x24, 0x58, 0x24, 0x58, 0x24, 0x58, 0x24, 0x58, 0x24, 0x58, 0x24, 0x58, 
    0x44, 0x58, 0x44, 0x58, 0x24, 0x58, 0x24, 0x58, 0x24, 0x58, 0x24, 0x58, 
    0x44, 0x58, 0x44, 0x58, 0x24, 0x50, 0x44, 0x50, 0x24, 0x58, 0x44, 0x58, 
    0x24, 0x50, 0x44, 0x50, 0x24, 0x50, 0x24, 0x50, 0x44, 0x50, 0x24, 0x50, 
    0x44, 0x58, 0x44, 0x50, 0x24, 0x50, 0x44, 0x50, 0x44, 0x50, 0x44, 0x50, 
    0x44, 0x50, 0x44, 0x50, 0x44, 0x50, 0x44, 0x50, 0x44, 0x50, 0x44, 0x50, 
    0x44, 0x50, 0x44, 0x50, 0x24, 0x50, 0x24, 0x50, 0x24, 0x50, 0x23, 0x50, 
    0x24, 0x50, 0x24, 0x50, 0x23, 0x50, 0x44, 0x50, 0x44, 0x50, 0x24, 0x50, 
    0x23, 0x50, 0x44, 0x50, 0x24, 0x50, 0x23, 0x50, 0x23, 0x50, 0x23, 0x48, 
    0x23, 0x48, 0x23, 0x48, 0x23, 0x48, 0x23, 0x48, 0x23, 0x48, 0x23, 0x48, 
    0x23, 0x48, 0x23, 0x48, 0x23, 0x48, 0x23, 0x48, 0x23, 0x48, 0x23, 0x50, 
    0x23, 0x48, 0x23, 0x48, 0x23, 0x48, 0x43, 0x48, 0x23, 0x48, 0x43, 0x48, 
    0x43, 0x48, 0x43, 0x48, 0x43, 0x48, 0x43, 0x48, 0x43, 0x48, 0x43, 0x48, 
    0x64, 0x50, 0x64, 0x48, 0x64, 0x48, 0x63, 0x50, 0x83, 0x48, 0xa3, 0x48, 
    0xe2, 0x38, 0x20, 0x31, 0x60, 0x29, 0x80, 0x21, 0xa0, 0x19, 0xa0, 0x11, 
    0xc0, 0x09, 0xa0, 0x09, 0xa0, 0x11, 0xa0, 0x09, 0xa0, 0x09, 0xa0, 0x09, 
    0xa0, 0x09, 0xa0, 0x09, 0x80, 0x11, 0xa0, 0x11, 0x80, 0x19, 0x80, 0x21, 
    0x80, 0x21, 0xa0, 0x29, 0xa0, 0x29, 0x80, 0x29, 0x60, 0x21, 0x80, 0x21, 
    0x80, 0x21, 0x80, 0x31, 0x62, 0x41, 0x45, 0x51, 0x26, 0x59, 0x06, 0x59, 
    0x06, 0x59, 0x06, 0x51, 0xe5, 0x50, 0xe5, 0x48, 0xe5, 0x48, 0xe5, 0x48, 
    0xe4, 0x48, 0xc5, 0x48, 0xc5, 0x48, 0xe5, 0x48, 0xe5, 0x48, 0xe5, 0x48, 
    0xe5, 0x48, 0x05, 0x49, 0x05, 0x49, 0x06, 0x49, 0x26, 0x49, 0x26, 0x49, 
    0x26, 0x49, 0x26, 0x49, 0x26, 0x51, 0x27, 0x51, 0x26, 0x51, 0x27, 0x51, 
    0x27, 0x59, 0x07, 0x59, 0x07, 0x59, 0x06, 0x61, 0x07, 0x61, 0xe7, 0x60, 
    0xe7, 0x60, 0xc7, 0x60, 0xc7, 0x60, 0xa6, 0x60, 0xa6, 0x60, 0xa6, 0x60, 
    0x86, 0x60, 0x85, 0x60, 0x66, 0x60, 0x65, 0x60, 0x65, 0x60, 0x65, 0x60, 
    0x65, 0x60, 0x65, 0x60, 0x65, 0x60, 0x65, 0x60, 0x65, 0x60, 0x45, 0x60, 
    0x65, 0x60, 0x45, 0x60, 0x45, 0x60, 0x45, 0x60, 0x45, 0x58, 0x65, 0x58, 
    0x45, 0x58, 0x45, 0x58, 0x45, 0x58, 0x44, 0x58, 0x44, 0x58, 0x44, 0x58, 
    0x45, 0x58, 0x44, 0x58, 0x45, 0x58, 0x44, 0x58, 0x45, 0x58, 0x45, 0x58, 
    0x45, 0x58, 0x44, 0x58, 0x45, 0x58, 0x45, 0x58, 0x45, 0x58, 0x44, 0x58, 
    0x45, 0x58, 0x45, 0x58, 0x44, 0x58, 0x44, 0x58, 0x44, 0x58, 0x44, 0x58, 
    0x44, 0x58, 0x45, 0x58, 0x44, 0x58, 0x24, 0x58, 0x24, 0x58, 0x24, 0x58, 
    0x44, 0x58, 0x24, 0x58, 0x44, 0x58, 0x44, 0x58, 0x24, 0x58, 0x44, 0x58, 
    0x24, 0x58, 0x44, 0x58, 0x24, 0x58, 0x24, 0x58, 0x24, 0x58, 0x44, 0x58, 
    0x24, 0x58, 0x24, 0x58, 0x44, 0x58, 0x24, 0x58, 0x24, 0x58, 0x44, 0x58, 
    0x24, 0x58, 0x24, 0x58, 0x24, 0x58, 0x24, 0x58, 0x24, 0x58, 0x24, 0x58, 
    0x24, 0x50, 0x24, 0x58, 0x24, 0x58, 0x23, 0x58, 0x23, 0x58, 0x24, 0x58, 
    0x24, 0x58, 0x24, 0x58, 0x24, 0x50, 0x24, 0x58, 0x24, 0x58, 0x24, 0x58, 
    0x24, 0x58, 0x24, 0x58, 0x44, 0x58, 0x24, 0x58, 0x24, 0x58, 0x44, 0x58, 
    0x24, 0x58, 0x24, 0x58, 0x24, 0x58, 0x24, 0x58, 0x24, 0x58, 0x24, 0x58, 
    0x24, 0x58, 0x24, 0x58, 0x24, 0x58, 0x24, 0x58, 0x44, 0x58, 0x24, 0x58, 
    0x44, 0x58, 0x44, 0x50, 0x44, 0x58, 0x24, 0x50, 0x44, 0x58, 0x44, 0x50, 
    0x24, 0x50, 0x44, 0x50, 0x44, 0x50, 0x24, 0x50, 0x44, 0x58, 0x24, 0x50, 
    0x24, 0x50, 0x44, 0x50, 0x44, 0x50, 0x24, 0x50, 0x44, 0x50, 0x24, 0x50, 
    0x44, 0x50, 0x23, 0x50, 0x44, 0x50, 0x44, 0x50, 0x44, 0x50, 0x24, 0x50, 
    0x44, 0x50, 0x44, 0x50, 0x24, 0x50, 0x24, 0x50, 0x24, 0x50, 0x24, 0x50, 
    0x24, 0x50, 0x24, 0x50, 0x24, 0x50, 0x24, 0x50, 0x24, 0x50, 0x24, 0x50, 
    0x24, 0x50, 0x24, 0x50, 0x24, 0x50, 0x23, 0x50, 0x23, 0x48, 0x23, 0x50, 
    0x23, 0x48, 0x23, 0x48, 0x23, 0x48, 0x23, 0x48, 0x23, 0x48, 0x23, 0x48, 
    0x23, 0x48, 0x23, 0x48, 0x23, 0x48, 0x23, 0x48, 0x23, 0x48, 0x23, 0x48, 
    0x23, 0x48, 0x23, 0x48, 0x23, 0x48, 0x23, 0x48, 0x23, 0x48, 0x23, 0x48, 
    0x43, 0x48, 0x23, 0x48, 0x43, 0x48, 0x43, 0x48, 0x43, 0x48, 0x43, 0x48, 
    0x43, 0x48, 0x44, 0x48, 0x44, 0x48, 0x63, 0x48, 0x83, 0x48, 0xc2, 0x38, 
    0x01, 0x39, 0x40, 0x31, 0x80, 0x29, 0xa0, 0x19, 0xa0, 0x11, 0xa0, 0x11, 
    0xc0, 0x09, 0xa0, 0x09, 0xa0, 0x11, 0xa0, 0x09, 0xa0, 0x09, 0xa0, 0x09, 
    0xa0, 0x09, 0xa0, 0x09, 0xa0, 0x09, 0xa0, 0x09, 0xa0, 0x09, 0xa0, 0x11, 
    0xa0, 0x19, 0xa0, 0x19, 0xa0, 0x19, 0xa0, 0x19, 0x80, 0x11, 0xa0, 0x19, 
    0x80, 0x21, 0x60, 0x31, 0x43, 0x49, 0x25, 0x59, 0x07, 0x59, 0x07, 0x59, 
    0x06, 0x59, 0xe6, 0x58, 0xe5, 0x50, 0xc5, 0x50, 0xc5, 0x48, 0xc5, 0x48, 
    0xa4, 0x48, 0xc4, 0x48, 0xc4, 0x48, 0xc5, 0x48, 0xe5, 0x48, 0xe5, 0x48, 
    0xe5, 0x48, 0xe5, 0x48, 0xe5, 0x48, 0xe5, 0x48, 0x06, 0x49, 0x26, 0x49, 
    0x26, 0x49, 0x26, 0x51, 0x26, 0x51, 0x26, 0x51, 0x27, 0x59, 0x27, 0x59, 
    0x06, 0x59, 0x07, 0x59, 0x06, 0x59, 0x07, 0x61, 0xe7, 0x60, 0xe6, 0x60, 
    0xc6, 0x60, 0xc6, 0x60, 0xc6, 0x60, 0xa6, 0x60, 0xa6, 0x60, 0x86, 0x60, 
    0x66, 0x60, 0x65, 0x60, 0x65, 0x60, 0x65, 0x60, 0x65, 0x60, 0x65, 0x60, 
    0x65, 0x60, 0x65, 0x60, 0x65, 0x60, 0x65, 0x60, 0x45, 0x60, 0x65, 0x60, 
    0x45, 0x60, 0x45, 0x60, 0x45, 0x60, 0x45, 0x60, 0x45, 0x58, 0x45, 0x60, 
    0x45, 0x58, 0x45, 0x58, 0x65, 0x60, 0x45, 0x58, 0x65, 0x58, 0x45, 0x58, 
    0x45, 0x58, 0x45, 0x58, 0x45, 0x58, 0x45, 0x58, 0x44, 0x58, 0x45, 0x58, 
    0x45, 0x58, 0x45, 0x58, 0x45, 0x58, 0x45, 0x58, 0x45, 0x58, 0x44, 0x58, 
    0x44, 0x58, 0x44, 0x58, 0x44, 0x58, 0x45, 0x58, 0x44, 0x58, 0x44, 0x58, 
    0x44, 0x58, 0x44, 0x58, 0x44, 0x58, 0x44, 0x58, 0x24, 0x58, 0x24, 0x58, 
    0x44, 0x58, 0x44, 0x58, 0x24, 0x58, 0x44, 0x58, 0x24, 0x58, 0x44, 0x58, 
    0x24, 0x58, 0x44, 0x58, 0x44, 0x58, 0x24, 0x58, 0x24, 0x58, 0x44, 0x58, 
    0x24, 0x58, 0x44, 0x58, 0x24, 0x58, 0x24, 0x58, 0x24, 0x58, 0x24, 0x58, 
    0x24, 0x58, 0x24, 0x58, 0x24, 0x58, 0x44, 0x58, 0x24, 0x58, 0x24, 0x58, 
    0x23, 0x50, 0x23, 0x50, 0x24, 0x58, 0x24, 0x58, 0x24, 0x58, 0x24, 0x58, 
    0x24, 0x58, 0x24, 0x58, 0x24, 0x58, 0x24, 0x58, 0x24, 0x58, 0x24, 0x58, 
    0x24, 0x58, 0x24, 0x58, 0x24, 0x58, 0x24, 0x58, 0x24, 0x58, 0x44, 0x58, 
    0x24, 0x58, 0x24, 0x58, 0x24, 0x58, 0x24, 0x58, 0x24, 0x58, 0x24, 0x58, 
    0x24, 0x58, 0x24, 0x58, 0x44, 0x58, 0x44, 0x58, 0x24, 0x58, 0x24, 0x58, 
    0x24, 0x50, 0x44, 0x50, 0x44, 0x50, 0x44, 0x50, 0x44, 0x58, 0x44, 0x50, 
    0x44, 0x50, 0x44, 0x50, 0x44, 0x50, 0x23, 0x50, 0x44, 0x50, 0x44, 0x58, 
    0x44, 0x50, 0x24, 0x50, 0x44, 0x50, 0x44, 0x50, 0x44, 0x50, 0x24, 0x50, 
    0x23, 0x50, 0x44, 0x50, 0x44, 0x50, 0x44, 0x50, 0x44, 0x58, 0x24, 0x50, 
    0x24, 0x50, 0x44, 0x50, 0x24, 0x50, 0x24, 0x50, 0x24, 0x50, 0x24, 0x50, 
    0x24, 0x50, 0x44, 0x50, 0x23, 0x50, 0x24, 0x50, 0x23, 0x50, 0x23, 0x50, 
    0x23, 0x50, 0x24, 0x50, 0x23, 0x50, 0x23, 0x50, 0x23, 0x50, 0x23, 0x50, 
    0x23, 0x50, 0x23, 0x50, 0x23, 0x48, 0x23, 0x48, 0x23, 0x48, 0x23, 0x48, 
    0x23, 0x48, 0x23, 0x48, 0x24, 0x50, 0x23, 0x48, 0x23, 0x48, 0x23, 0x48, 
    0x23, 0x50, 0x23, 0x50, 0x23, 0x48, 0x23, 0x48, 0x23, 0x48, 0x23, 0x48, 
    0x23, 0x48, 0x23, 0x48, 0x23, 0x48, 0x23, 0x48, 0x23, 0x48, 0x43, 0x48, 
    0x23, 0x48, 0x23, 0x48, 0x43, 0x48, 0x63, 0x50, 0xa2, 0x40, 0xe1, 0x38, 
    0x40, 0x31, 0x60, 0x29, 0xa0, 0x21, 0xa0, 0x19, 0xa0, 0x11, 0xc0, 0x11, 
    0xc0, 0x11, 0xc0, 0x11, 0xc0, 0x11, 0xc0, 0x09, 0xc0, 0x09, 0xa0, 0x09, 
    0xa0, 0x09, 0xa0, 0x09, 0xa0, 0x09, 0xa0, 0x09, 0xa0, 0x09, 0xa0, 0x09, 
    0xa0, 0x09, 0xa0, 0x11, 0xa0, 0x11, 0xa0, 0x09, 0xa0, 0x09, 0xc0, 0x11, 
    0x80, 0x21, 0x60, 0x39, 0x43, 0x49, 0x26, 0x59, 0x07, 0x59, 0xe6, 0x58, 
    0xe6, 0x58, 0xc5, 0x50, 0xe5, 0x50, 0xc5, 0x50, 0xc5, 0x50, 0xa5, 0x48, 
    0xa5, 0x48, 0xa4, 0x48, 0xc4, 0x48, 0xc4, 0x48, 0xc5, 0x48, 0xc5, 0x48, 
    0xc5, 0x48, 0xe5, 0x48, 0xc5, 0x48, 0xe5, 0x48, 0x06, 0x49, 0x06, 0x49, 
    0x06, 0x49, 0x26, 0x51, 0x06, 0x51, 0x06, 0x51, 0x06, 0x59, 0x06, 0x59, 
    0x07, 0x59, 0x07, 0x59, 0x07, 0x61, 0xe7, 0x60, 0xe6, 0x60, 0xe6, 0x60, 
    0xc6, 0x60, 0xc6, 0x60, 0xc6, 0x60, 0xa6, 0x60, 0x86, 0x60, 0x65, 0x60, 
    0x65, 0x68, 0x65, 0x60, 0x65, 0x60, 0x65, 0x60, 0x65, 0x60, 0x65, 0x60, 
    0x65, 0x60, 0x45, 0x60, 0x65, 0x60, 0x65, 0x60, 0x45, 0x60, 0x45, 0x60, 
    0x44, 0x60, 0x44, 0x60, 0x65, 0x60, 0x45, 0x60, 0x65, 0x58, 0x45, 0x58, 
    0x45, 0x58, 0x45, 0x58, 0x65, 0x60, 0x65, 0x58, 0x45, 0x60, 0x44, 0x58, 
    0x44, 0x58, 0x45, 0x60, 0x45, 0x58, 0x45, 0x58, 0x44, 0x58, 0x44, 0x58, 
    0x45, 0x58, 0x45, 0x58, 0x45, 0x58, 0x45, 0x58, 0x45, 0x58, 0x45, 0x58, 
    0x44, 0x58, 0x44, 0x58, 0x45, 0x58, 0x45, 0x58, 0x44, 0x58, 0x44, 0x58, 
    0x44, 0x58, 0x44, 0x58, 0x24, 0x58, 0x44, 0x60, 0x44, 0x58, 0x44, 0x58, 
    0x44, 0x58, 0x44, 0x58, 0x44, 0x58, 0x24, 0x58, 0x24, 0x58, 0x24, 0x58, 
    0x24, 0x58, 0x24, 0x58, 0x44, 0x58, 0x24, 0x58, 0x24, 0x58, 0x24, 0x58, 
    0x24, 0x58, 0x24, 0x58, 0x44, 0x58, 0x24, 0x58, 0x24, 0x58, 0x44, 0x58, 
    0x24, 0x58, 0x24, 0x58, 0x24, 0x58, 0x24, 0x58, 0x24, 0x58, 0x24, 0x58, 
    0x24, 0x50, 0x23, 0x50, 0x24, 0x58, 0x24, 0x50, 0x24, 0x50, 0x24, 0x50, 
    0x23, 0x50, 0x24, 0x58, 0x24, 0x58, 0x24, 0x58, 0x24, 0x58, 0x24, 0x58, 
    0x24, 0x58, 0x24, 0x58, 0x24, 0x58, 0x43, 0x58, 0x24, 0x58, 0x24, 0x58, 
    0x24, 0x58, 0x24, 0x58, 0x24, 0x58, 0x24, 0x58, 0x24, 0x58, 0x24, 0x58, 
    0x24, 0x58, 0x24, 0x58, 0x24, 0x58, 0x24, 0x58, 0x24, 0x58, 0x24, 0x58, 
    0x44, 0x50, 0x44, 0x50, 0x24, 0x50, 0x44, 0x50, 0x24, 0x50, 0x24, 0x50, 
    0x44, 0x50, 0x24, 0x50, 0x44, 0x50, 0x24, 0x50, 0x44, 0x50, 0x44, 0x50, 
    0x44, 0x50, 0x44, 0x50, 0x44, 0x50, 0x44, 0x50, 0x44, 0x50, 0x24, 0x50, 
    0x44, 0x50, 0x44, 0x50, 0x44, 0x50, 0x24, 0x50, 0x24, 0x50, 0x44, 0x50, 
    0x24, 0x50, 0x24, 0x50, 0x44, 0x50, 0x24, 0x50, 0x44, 0x50, 0x24, 0x50, 
    0x24, 0x50, 0x24, 0x50, 0x24, 0x50, 0x24, 0x50, 0x23, 0x50, 0x24, 0x50, 
    0x24, 0x50, 0x23, 0x50, 0x23, 0x50, 0x23, 0x50, 0x23, 0x50, 0x23, 0x50, 
    0x23, 0x48, 0x23, 0x50, 0x23, 0x48, 0x23, 0x50, 0x23, 0x48, 0x23, 0x50, 
    0x23, 0x48, 0x23, 0x48, 0x24, 0x48, 0x23, 0x50, 0x23, 0x48, 0x03, 0x48, 
    0x23, 0x50, 0x23, 0x48, 0x23, 0x48, 0x23, 0x48, 0x23, 0x48, 0x23, 0x48, 
    0x23, 0x48, 0x23, 0x48, 0x23, 0x48, 0x23, 0x48, 0x23, 0x48, 0x23, 0x48, 
    0x43, 0x50, 0x23, 0x48, 0x43, 0x48, 0x62, 0x48, 0xc1, 0x40, 0x00, 0x39, 
    0x60, 0x29, 0x80, 0x21, 0xc0, 0x19, 0xc0, 0x11, 0xc0, 0x11, 0xc0, 0x11, 
    0xc0, 0x11, 0xa0, 0x11, 0xc0, 0x11, 0xc0, 0x11, 0xc0, 0x11, 0xa0, 0x09, 
    0xa0, 0x09, 0xa0, 0x09, 0xa0, 0x09, 0xa0, 0x09, 0xa0, 0x09, 0xa0, 0x09, 
    0xa0, 0x09, 0xa0, 0x09, 0xa0, 0x09, 0xa0, 0x09, 0xc0, 0x11, 0xa0, 0x11, 
    0xa0, 0x21, 0x80, 0x39, 0x43, 0x51, 0x26, 0x59, 0xe6, 0x58, 0xe6, 0x58, 
    0xc5, 0x58, 0xc5, 0x50, 0xc5, 0x50, 0xc5, 0x50, 0xa5, 0x50, 0xa4, 0x48, 
    0xa5, 0x48, 0xa4, 0x48, 0xa4, 0x48, 0xa5, 0x48, 0xc5, 0x48, 0xc5, 0x48, 
    0xc5, 0x48, 0xc5, 0x48, 0xc5, 0x48, 0xe5, 0x50, 0x06, 0x51, 0x06, 0x51, 
    0x26, 0x51, 0x06, 0x51, 0x06, 0x59, 0x06, 0x59, 0x07, 0x59, 0x06, 0x61, 
    0xe6, 0x58, 0xe6, 0x60, 0xe7, 0x60, 0xe7, 0x60, 0xe7, 0x60, 0xe7, 0x60, 
    0xc6, 0x60, 0xc6, 0x60, 0xa6, 0x60, 0xa6, 0x68, 0x86, 0x60, 0x86, 0x60, 
    0x65, 0x60, 0x65, 0x60, 0x65, 0x60, 0x65, 0x60, 0x65, 0x60, 0x65, 0x60, 
    0x65, 0x60, 0x45, 0x60, 0x65, 0x60, 0x65, 0x60, 0x65, 0x60, 0x65, 0x60, 
    0x45, 0x60, 0x65, 0x60, 0x65, 0x60, 0x45, 0x60, 0x45, 0x60, 0x45, 0x60, 
    0x65, 0x60, 0x45, 0x60, 0x65, 0x60, 0x45, 0x58, 0x45, 0x60, 0x45, 0x58, 
    0x45, 0x58, 0x45, 0x60, 0x45, 0x58, 0x44, 0x58, 0x44, 0x58, 0x45, 0x58, 
    0x45, 0x58, 0x44, 0x58, 0x44, 0x58, 0x44, 0x58, 0x44, 0x58, 0x24, 0x58, 
    0x44, 0x58, 0x44, 0x58, 0x44, 0x58, 0x44, 0x58, 0x44, 0x58, 0x44, 0x58, 
    0x44, 0x58, 0x44, 0x58, 0x45, 0x58, 0x24, 0x58, 0x44, 0x58, 0x44, 0x58, 
    0x44, 0x58, 0x24, 0x58, 0x44, 0x58, 0x24, 0x58, 0x24, 0x58, 0x24, 0x58, 
    0x24, 0x58, 0x44, 0x58, 0x24, 0x58, 0x24, 0x58, 0x44, 0x58, 0x24, 0x58, 
    0x44, 0x58, 0x24, 0x58, 0x24, 0x58, 0x24, 0x58, 0x44, 0x58, 0x44, 0x58, 
    0x24, 0x58, 0x24, 0x58, 0x24, 0x58, 0x24, 0x58, 0x24, 0x58, 0x24, 0x58, 
    0x23, 0x50, 0x23, 0x50, 0x24, 0x58, 0x24, 0x58, 0x24, 0x50, 0x24, 0x50, 
    0x24, 0x50, 0x24, 0x58, 0x23, 0x50, 0x24, 0x58, 0x24, 0x58, 0x24, 0x58, 
    0x24, 0x58, 0x44, 0x58, 0x24, 0x58, 0x24, 0x58, 0x24, 0x58, 0x24, 0x58, 
    0x24, 0x58, 0x24, 0x58, 0x24, 0x58, 0x24, 0x58, 0x24, 0x58, 0x24, 0x58, 
    0x24, 0x58, 0x24, 0x58, 0x24, 0x58, 0x24, 0x58, 0x24, 0x58, 0x24, 0x50, 
    0x24, 0x50, 0x44, 0x50, 0x24, 0x50, 0x24, 0x50, 0x24, 0x50, 0x44, 0x50, 
    0x23, 0x50, 0x44, 0x50, 0x44, 0x50, 0x44, 0x50, 0x44, 0x50, 0x24, 0x50, 
    0x44, 0x50, 0x44, 0x50, 0x44, 0x50, 0x24, 0x50, 0x44, 0x50, 0x44, 0x50, 
    0x44, 0x50, 0x24, 0x50, 0x24, 0x50, 0x24, 0x50, 0x24, 0x50, 0x24, 0x50, 
    0x44, 0x50, 0x24, 0x50, 0x24, 0x50, 0x24, 0x50, 0x24, 0x50, 0x24, 0x50, 
    0x23, 0x50, 0x23, 0x50, 0x23, 0x50, 0x24, 0x50, 0x24, 0x50, 0x23, 0x50, 
    0x24, 0x50, 0x23, 0x50, 0x23, 0x50, 0x23, 0x50, 0x23, 0x50, 0x23, 0x50, 
    0x23, 0x50, 0x23, 0x50, 0x23, 0x50, 0x23, 0x50, 0x23, 0x48, 0x23, 0x50, 
    0x23, 0x48, 0x23, 0x50, 0x23, 0x50, 0x23, 0x50, 0x23, 0x50, 0x23, 0x50, 
    0x23, 0x50, 0x23, 0x50, 0x23, 0x48, 0x23, 0x48, 0x23, 0x48, 0x23, 0x48, 
    0x23, 0x48, 0x23, 0x48, 0x23, 0x48, 0x23, 0x48, 0x23, 0x48, 0x23, 0x48, 
    0x23, 0x48, 0x23, 0x48, 0x43, 0x48, 0x82, 0x48, 0xe1, 0x38, 0x20, 0x31, 
    0x60, 0x29, 0xa0, 0x19, 0xc0, 0x19, 0xc0, 0x11, 0xc0, 0x11, 0xc0, 0x11, 
    0xc0, 0x11, 0xc0, 0x11, 0xc0, 0x11, 0xc0, 0x11, 0xc0, 0x11, 0xa0, 0x09, 
    0xa0, 0x09, 0xa0, 0x09, 0xa0, 0x09, 0xa0, 0x09, 0xa0, 0x09, 0xa0, 0x09, 
    0xa0, 0x09, 0xa0, 0x09, 0xa0, 0x09, 0xa0, 0x09, 0xa0, 0x09, 0xa0, 0x11, 
    0xa0, 0x21, 0x80, 0x39, 0x43, 0x49, 0x05, 0x59, 0xc6, 0x60, 0xc6, 0x58, 
    0xc6, 0x58, 0xc5, 0x58, 0xa5, 0x50, 0xa5, 0x50, 0xa5, 0x50, 0x85, 0x50, 
    0xa5, 0x50, 0xa4, 0x48, 0x84, 0x48, 0xa4, 0x48, 0xa5, 0x48, 0xa5, 0x48, 
    0xc5, 0x48, 0xc5, 0x48, 0xc5, 0x48, 0xc5, 0x48, 0xe5, 0x50, 0xe6, 0x50, 
    0x06, 0x51, 0x06, 0x59, 0x06, 0x59, 0x06, 0x59, 0x06, 0x61, 0x06, 0x61, 
    0xe6, 0x58, 0xe6, 0x60, 0xe6, 0x60, 0xe7, 0x60, 0xe6, 0x60, 0xc7, 0x60, 
    0xa6, 0x60, 0xa6, 0x60, 0xa6, 0x60, 0xa6, 0x68, 0x86, 0x60, 0x65, 0x60, 
    0x65, 0x60, 0x65, 0x60, 0x65, 0x60, 0x65, 0x60, 0x65, 0x60, 0x65, 0x60, 
    0x65, 0x60, 0x45, 0x60, 0x45, 0x60, 0x45, 0x60, 0x65, 0x60, 0x65, 0x60, 
    0x45, 0x60, 0x45, 0x60, 0x45, 0x60, 0x65, 0x60, 0x45, 0x60, 0x65, 0x60, 
    0x45, 0x60, 0x65, 0x60, 0x65, 0x58, 0x65, 0x60, 0x44, 0x58, 0x44, 0x60, 
    0x45, 0x58, 0x45, 0x60, 0x45, 0x58, 0x45, 0x58, 0x45, 0x58, 0x45, 0x58, 
    0x44, 0x58, 0x45, 0x58, 0x45, 0x58, 0x44, 0x58, 0x44, 0x58, 0x44, 0x60, 
    0x44, 0x58, 0x44, 0x58, 0x24, 0x58, 0x44, 0x58, 0x24, 0x58, 0x44, 0x60, 
    0x44, 0x60, 0x24, 0x60, 0x24, 0x58, 0x44, 0x58, 0x44, 0x58, 0x24, 0x58, 
    0x24, 0x58, 0x24, 0x58, 0x24, 0x58, 0x45, 0x58, 0x44, 0x58, 0x24, 0x58, 
    0x24, 0x58, 0x24, 0x58, 0x24, 0x58, 0x24, 0x58, 0x24, 0x58, 0x44, 0x58, 
    0x24, 0x58, 0x24, 0x58, 0x24, 0x58, 0x24, 0x58, 0x24, 0x58, 0x24, 0x58, 
    0x24, 0x58, 0x24, 0x58, 0x24, 0x58, 0x24, 0x58, 0x24, 0x58, 0x24, 0x58, 
    0x24, 0x50, 0x24, 0x50, 0x24, 0x50, 0x24, 0x50, 0x24, 0x50, 0x44, 0x50, 
    0x24, 0x58, 0x24, 0x58, 0x24, 0x58, 0x23, 0x50, 0x23, 0x50, 0x23, 0x58, 
    0x24, 0x58, 0x24, 0x58, 0x24, 0x58, 0x24, 0x58, 0x24, 0x58, 0x24, 0x58, 
    0x24, 0x58, 0x24, 0x58, 0x24, 0x58, 0x24, 0x58, 0x24, 0x58, 0x24, 0x58, 
    0x24, 0x58, 0x24, 0x58, 0x24, 0x58, 0x44, 0x58, 0x24, 0x58, 0x44, 0x50, 
    0x24, 0x50, 0x44, 0x50, 0x44, 0x50, 0x24, 0x50, 0x44, 0x50, 0x44, 0x50, 
    0x23, 0x50, 0x23, 0x50, 0x44, 0x50, 0x24, 0x50, 0x24, 0x50, 0x44, 0x50, 
    0x44, 0x50, 0x44, 0x50, 0x44, 0x50, 0x44, 0x50, 0x24, 0x50, 0x44, 0x50, 
    0x44, 0x50, 0x24, 0x50, 0x24, 0x50, 0x24, 0x50, 0x23, 0x50, 0x24, 0x50, 
    0x24, 0x50, 0x44, 0x50, 0x24, 0x50, 0x24, 0x50, 0x24, 0x50, 0x44, 0x50, 
    0x24, 0x50, 0x24, 0x50, 0x23, 0x50, 0x24, 0x50, 0x23, 0x50, 0x23, 0x50, 
    0x23, 0x50, 0x23, 0x50, 0x23, 0x50, 0x23, 0x50, 0x23, 0x50, 0x23, 0x50, 
    0x23, 0x50, 0x23, 0x50, 0x23, 0x50, 0x23, 0x50, 0x23, 0x50, 0x03, 0x48, 
    0x23, 0x50, 0x23, 0x50, 0x23, 0x48, 0x23, 0x48, 0x23, 0x48, 0x23, 0x48, 
    0x23, 0x48, 0x23, 0x48, 0x23, 0x48, 0x23, 0x50, 0x23, 0x48, 0x23, 0x48, 
    0x23, 0x48, 0x43, 0x50, 0x23, 0x48, 0x23, 0x48, 0x23, 0x50, 0x23, 0x48, 
    0x23, 0x48, 0x43, 0x50, 0x42, 0x48, 0xa2, 0x40, 0x01, 0x39, 0x40, 0x31, 
    0x80, 0x21, 0xa0, 0x19, 0xc0, 0x19, 0xc0, 0x11, 0xc0, 0x11, 0xc0, 0x11, 
    0xc0, 0x11, 0xc0, 0x11, 0xc0, 0x11, 0xc0, 0x11, 0xa0, 0x11, 0xa0, 0x11, 
    0xa0, 0x09, 0xa0, 0x09, 0xa0, 0x09, 0xa0, 0x09, 0xa0, 0x09, 0x80, 0x09, 
    0x80, 0x09, 0x80, 0x09, 0xa0, 0x09, 0xa0, 0x09, 0xa0, 0x09, 0xc0, 0x11, 
    0xa0, 0x21, 0x40, 0x31, 0x23, 0x49, 0x05, 0x59, 0xa6, 0x58, 0xc6, 0x58, 
    0xa6, 0x58, 0xa5, 0x58, 0xa5, 0x58, 0x85, 0x50, 0x85, 0x50, 0x64, 0x50, 
    0x84, 0x48, 0x84, 0x48, 0x84, 0x48, 0x84, 0x48, 0xa4, 0x50, 0xa5, 0x48, 
    0xa5, 0x48, 0xa5, 0x50, 0xa5, 0x48, 0xc6, 0x50, 0xe6, 0x50, 0xe5, 0x50, 
    0xe6, 0x58, 0xe6, 0x58, 0x07, 0x59, 0x06, 0x61, 0x07, 0x61, 0xe6, 0x58, 
    0xe7, 0x60, 0xe6, 0x60, 0xe7, 0x60, 0xe7, 0x60, 0xc7, 0x60, 0xc6, 0x60, 
    0xa6, 0x60, 0xa6, 0x60, 0x86, 0x60, 0x86, 0x60, 0x65, 0x68, 0x65, 0x68, 
    0x45, 0x68, 0x65, 0x60, 0x65, 0x60, 0x65, 0x60, 0x65, 0x60, 0x45, 0x60, 
    0x65, 0x60, 0x45, 0x60, 0x45, 0x60, 0x65, 0x60, 0x65, 0x60, 0x65, 0x60, 
    0x45, 0x60, 0x45, 0x60, 0x45, 0x60, 0x45, 0x60, 0x65, 0x60, 0x65, 0x60, 
    0x45, 0x60, 0x45, 0x60, 0x65, 0x60, 0x65, 0x60, 0x44, 0x58, 0x65, 0x60, 
    0x45, 0x60, 0x45, 0x58, 0x45, 0x60, 0x44, 0x58, 0x45, 0x58, 0x44, 0x58, 
    0x24, 0x58, 0x44, 0x58, 0x44, 0x58, 0x45, 0x58, 0x44, 0x58, 0x44, 0x58, 
    0x45, 0x60, 0x44, 0x58, 0x44, 0x58, 0x44, 0x58, 0x24, 0x58, 0x44, 0x58, 
    0x44, 0x60, 0x44, 0x60, 0x44, 0x60, 0x24, 0x58, 0x44, 0x60, 0x44, 0x58, 
    0x24, 0x58, 0x24, 0x58, 0x44, 0x58, 0x24, 0x58, 0x44, 0x58, 0x44, 0x58, 
    0x44, 0x58, 0x44, 0x58, 0x24, 0x58, 0x44, 0x58, 0x24, 0x58, 0x44, 0x58, 
    0x44, 0x58, 0x24, 0x58, 0x24, 0x58, 0x24, 0x58, 0x24, 0x58, 0x24, 0x58, 
    0x24, 0x58, 0x44, 0x58, 0x24, 0x58, 0x24, 0x58, 0x24, 0x58, 0x44, 0x58, 
    0x23, 0x50, 0x23, 0x50, 0x03, 0x50, 0x24, 0x50, 0x24, 0x50, 0x24, 0x50, 
    0x24, 0x50, 0x24, 0x50, 0x24, 0x58, 0x24, 0x58, 0x24, 0x58, 0x24, 0x58, 
    0x24, 0x58, 0x24, 0x58, 0x24, 0x50, 0x24, 0x58, 0x24, 0x58, 0x24, 0x58, 
    0x24, 0x58, 0x24, 0x58, 0x24, 0x58, 0x24, 0x58, 0x24, 0x58, 0x24, 0x58, 
    0x44, 0x58, 0x44, 0x58, 0x24, 0x58, 0x24, 0x58, 0x24, 0x58, 0x24, 0x50, 
    0x24, 0x50, 0x24, 0x50, 0x24, 0x50, 0x24, 0x50, 0x44, 0x50, 0x44, 0x50, 
    0x44, 0x50, 0x23, 0x50, 0x24, 0x50, 0x44, 0x50, 0x24, 0x50, 0x44, 0x50, 
    0x44, 0x50, 0x44, 0x50, 0x24, 0x50, 0x44, 0x50, 0x24, 0x50, 0x44, 0x58, 
    0x44, 0x50, 0x44, 0x50, 0x24, 0x50, 0x24, 0x50, 0x24, 0x50, 0x44, 0x58, 
    0x24, 0x50, 0x24, 0x50, 0x24, 0x50, 0x24, 0x50, 0x24, 0x50, 0x24, 0x50, 
    0x24, 0x50, 0x24, 0x50, 0x23, 0x50, 0x23, 0x50, 0x23, 0x50, 0x23, 0x50, 
    0x23, 0x50, 0x23, 0x50, 0x23, 0x50, 0x23, 0x50, 0x23, 0x50, 0x23, 0x50, 
    0x23, 0x50, 0x23, 0x50, 0x23, 0x50, 0x23, 0x48, 0x23, 0x50, 0x23, 0x50, 
    0x23, 0x48, 0x23, 0x50, 0x23, 0x50, 0x23, 0x50, 0x23, 0x50, 0x23, 0x50, 
    0x23, 0x48, 0x23, 0x48, 0x23, 0x48, 0x23, 0x50, 0x23, 0x48, 0x23, 0x48, 
    0x23, 0x48, 0x23, 0x48, 0x23, 0x48, 0x23, 0x48, 0x23, 0x48, 0x23, 0x48, 
    0x23, 0x48, 0x23, 0x48, 0x62, 0x48, 0xc1, 0x38, 0x20, 0x31, 0x60, 0x29, 
    0xa0, 0x21, 0xc0, 0x19, 0xc0, 0x11, 0xc0, 0x11, 0xc0, 0x11, 0xc0, 0x11, 
    0xc0, 0x11, 0xc0, 0x11, 0xc0, 0x11, 0xa0, 0x11, 0xa0, 0x11, 0xa0, 0x09, 
    0xa0, 0x09, 0xa0, 0x09, 0xa0, 0x09, 0xa0, 0x09, 0x80, 0x09, 0x80, 0x09, 
    0x80, 0x09, 0xa0, 0x09, 0xa0, 0x09, 0xa0, 0x09, 0xa0, 0x09, 0xa0, 0x11, 
    0x80, 0x21, 0x40, 0x31, 0x03, 0x49, 0xe5, 0x60, 0xa6, 0x60, 0xa6, 0x58, 
    0xa5, 0x58, 0x85, 0x58, 0x85, 0x50, 0x64, 0x50, 0x64, 0x50, 0x64, 0x50, 
    0x64, 0x50, 0x64, 0x48, 0x84, 0x50, 0x84, 0x50, 0x84, 0x50, 0x85, 0x50, 
    0x85, 0x50, 0xa5, 0x50, 0xa5, 0x48, 0xc5, 0x50, 0xc5, 0x50, 0xe5, 0x58, 
    0xe6, 0x58, 0xe6, 0x58, 0xe6, 0x58, 0xe6, 0x60, 0xe6, 0x60, 0xe6, 0x60, 
    0xe6, 0x60, 0xe6, 0x60, 0xe7, 0x60, 0xc7, 0x68, 0xc6, 0x68, 0xa6, 0x68, 
    0xa6, 0x68, 0xa6, 0x68, 0xa6, 0x68, 0x86, 0x68, 0x65, 0x60, 0x65, 0x60, 
    0x65, 0x60, 0x65, 0x60, 0x65, 0x60, 0x45, 0x60, 0x65, 0x60, 0x65, 0x60, 
    0x65, 0x60, 0x65, 0x60, 0x65, 0x60, 0x65, 0x60, 0x45, 0x60, 0x44, 0x60, 
    0x65, 0x60, 0x45, 0x60, 0x45, 0x60, 0x45, 0x60, 0x65, 0x60, 0x45, 0x60, 
    0x45, 0x60, 0x45, 0x60, 0x65, 0x60, 0x65, 0x60, 0x45, 0x58, 0x45, 0x60, 
    0x45, 0x60, 0x45, 0x60, 0x45, 0x60, 0x44, 0x58, 0x45, 0x60, 0x45, 0x60, 
    0x44, 0x60, 0x45, 0x58, 0x45, 0x58, 0x44, 0x60, 0x45, 0x58, 0x44, 0x58, 
    0x45, 0x58, 0x44, 0x58, 0x45, 0x60, 0x44, 0x58, 0x44, 0x58, 0x44, 0x58, 
    0x44, 0x58, 0x44, 0x58, 0x44, 0x58, 0x44, 0x58, 0x24, 0x58, 0x24, 0x58, 
    0x44, 0x58, 0x44, 0x58, 0x44, 0x58, 0x44, 0x58, 0x44, 0x58, 0x24, 0x58, 
    0x44, 0x58, 0x44, 0x58, 0x44, 0x58, 0x24, 0x58, 0x24, 0x58, 0x24, 0x58, 
    0x44, 0x58, 0x44, 0x58, 0x24, 0x58, 0x24, 0x58, 0x24, 0x58, 0x24, 0x58, 
    0x24, 0x58, 0x44, 0x58, 0x44, 0x58, 0x24, 0x58, 0x24, 0x58, 0x24, 0x58, 
    0x24, 0x50, 0x24, 0x50, 0x23, 0x50, 0x23, 0x50, 0x24, 0x58, 0x23, 0x50, 
    0x23, 0x50, 0x24, 0x58, 0x24, 0x50, 0x24, 0x58, 0x24, 0x58, 0x24, 0x58, 
    0x24, 0x58, 0x24, 0x58, 0x24, 0x58, 0x24, 0x58, 0x24, 0x58, 0x24, 0x58, 
    0x24, 0x58, 0x24, 0x58, 0x24, 0x58, 0x44, 0x58, 0x24, 0x58, 0x24, 0x58, 
    0x24, 0x58, 0x44, 0x58, 0x44, 0x58, 0x44, 0x58, 0x24, 0x50, 0x24, 0x50, 
    0x24, 0x50, 0x44, 0x50, 0x44, 0x50, 0x24, 0x50, 0x44, 0x50, 0x44, 0x50, 
    0x43, 0x50, 0x44, 0x50, 0x24, 0x50, 0x44, 0x50, 0x44, 0x50, 0x24, 0x50, 
    0x24, 0x50, 0x44, 0x50, 0x24, 0x50, 0x44, 0x50, 0x23, 0x50, 0x44, 0x50, 
    0x24, 0x50, 0x24, 0x50, 0x24, 0x50, 0x24, 0x50, 0x24, 0x50, 0x24, 0x50, 
    0x24, 0x50, 0x24, 0x50, 0x24, 0x50, 0x44, 0x50, 0x24, 0x50, 0x24, 0x58, 
    0x24, 0x50, 0x23, 0x50, 0x23, 0x50, 0x23, 0x50, 0x24, 0x50, 0x23, 0x50, 
    0x23, 0x50, 0x23, 0x50, 0x23, 0x50, 0x23, 0x50, 0x23, 0x50, 0x23, 0x50, 
    0x23, 0x50, 0x23, 0x50, 0x23, 0x50, 0x23, 0x48, 0x23, 0x48, 0x23, 0x50, 
    0x23, 0x50, 0x23, 0x50, 0x23, 0x50, 0x23, 0x50, 0x23, 0x50, 0x23, 0x50, 
    0x23, 0x50, 0x23, 0x50, 0x23, 0x50, 0x23, 0x50, 0x23, 0x50, 0x23, 0x48, 
    0x24, 0x50, 0x23, 0x50, 0x23, 0x50, 0x23, 0x48, 0x23, 0x48, 0x23, 0x50, 
    0x23, 0x50, 0x43, 0x50, 0x82, 0x48, 0xe1, 0x38, 0x40, 0x31, 0x80, 0x29, 
    0xc0, 0x19, 0xc0, 0x19, 0xc0, 0x11, 0xc0, 0x11, 0xc0, 0x11, 0xc0, 0x11, 
    0xc0, 0x11, 0xc0, 0x11, 0xc0, 0x11, 0xc0, 0x11, 0xa0, 0x11, 0xa0, 0x09, 
    0xa0, 0x09, 0x80, 0x09, 0x80, 0x09, 0x80, 0x09, 0x80, 0x09, 0x80, 0x09, 
    0x80, 0x09, 0x80, 0x09, 0xa0, 0x09, 0xa0, 0x09, 0xa0, 0x09, 0xa0, 0x11, 
    0x60, 0x21, 0x20, 0x31, 0x03, 0x49, 0xc5, 0x60, 0xa5, 0x60, 0xa5, 0x58, 
    0xa5, 0x58, 0x85, 0x58, 0x65, 0x58, 0x64, 0x50, 0x64, 0x50, 0x64, 0x50, 
    0x64, 0x48, 0x64, 0x50, 0x64, 0x48, 0x64, 0x48, 0x64, 0x50, 0x84, 0x50, 
    0x85, 0x50, 0xa5, 0x50, 0xa5, 0x50, 0xa5, 0x50, 0xa5, 0x50, 0xc5, 0x50, 
    0xc5, 0x58, 0xc6, 0x58, 0xc6, 0x58, 0xc6, 0x60, 0xe6, 0x60, 0xc6, 0x60, 
    0xe6, 0x60, 0xc6, 0x60, 0xc7, 0x60, 0xc7, 0x68, 0xc6, 0x68, 0xa6, 0x68, 
    0xa6, 0x68, 0xa6, 0x68, 0x86, 0x68, 0x65, 0x68, 0x65, 0x60, 0x65, 0x60, 
    0x65, 0x60, 0x65, 0x60, 0x65, 0x60, 0x45, 0x60, 0x45, 0x60, 0x45, 0x60, 
    0x45, 0x60, 0x65, 0x60, 0x65, 0x60, 0x45, 0x60, 0x45, 0x60, 0x45, 0x60, 
    0x45, 0x60, 0x45, 0x60, 0x44, 0x60, 0x65, 0x60, 0x65, 0x60, 0x45, 0x60, 
    0x45, 0x60, 0x45, 0x60, 0x45, 0x60, 0x45, 0x60, 0x45, 0x60, 0x45, 0x58, 
    0x45, 0x60, 0x65, 0x60, 0x45, 0x58, 0x45, 0x58, 0x45, 0x60, 0x45, 0x60, 
    0x44, 0x58, 0x45, 0x58, 0x44, 0x58, 0x45, 0x60, 0x45, 0x60, 0x44, 0x58, 
    0x44, 0x58, 0x45, 0x58, 0x44, 0x60, 0x44, 0x60, 0x44, 0x58, 0x44, 0x58, 
    0x44, 0x58, 0x24, 0x58, 0x44, 0x58, 0x45, 0x58, 0x44, 0x58, 0x45, 0x60, 
    0x24, 0x58, 0x44, 0x58, 0x44, 0x58, 0x44, 0x60, 0x24, 0x58, 0x44, 0x58, 
    0x44, 0x58, 0x44, 0x58, 0x24, 0x58, 0x44, 0x58, 0x44, 0x58, 0x44, 0x58, 
    0x45, 0x58, 0x24, 0x58, 0x24, 0x58, 0x24, 0x58, 0x24, 0x58, 0x24, 0x58, 
    0x44, 0x58, 0x24, 0x58, 0x24, 0x58, 0x24, 0x58, 0x24, 0x58, 0x24, 0x58, 
    0x24, 0x50, 0x23, 0x50, 0x24, 0x50, 0x23, 0x50, 0x24, 0x50, 0x24, 0x50, 
    0x23, 0x50, 0x24, 0x50, 0x24, 0x58, 0x23, 0x58, 0x23, 0x58, 0x24, 0x58, 
    0x24, 0x58, 0x23, 0x58, 0x24, 0x58, 0x24, 0x58, 0x24, 0x58, 0x24, 0x58, 
    0x24, 0x58, 0x24, 0x58, 0x24, 0x58, 0x24, 0x58, 0x24, 0x58, 0x24, 0x58, 
    0x24, 0x58, 0x24, 0x58, 0x24, 0x58, 0x24, 0x50, 0x24, 0x58, 0x24, 0x50, 
    0x24, 0x50, 0x44, 0x50, 0x44, 0x50, 0x24, 0x50, 0x24, 0x50, 0x44, 0x50, 
    0x44, 0x50, 0x24, 0x50, 0x44, 0x50, 0x24, 0x50, 0x44, 0x50, 0x24, 0x50, 
    0x24, 0x50, 0x44, 0x50, 0x43, 0x50, 0x44, 0x50, 0x44, 0x50, 0x44, 0x58, 
    0x24, 0x50, 0x44, 0x50, 0x24, 0x50, 0x24, 0x50, 0x24, 0x50, 0x24, 0x50, 
    0x24, 0x50, 0x24, 0x50, 0x24, 0x50, 0x24, 0x50, 0x24, 0x50, 0x24, 0x50, 
    0x24, 0x50, 0x23, 0x50, 0x23, 0x50, 0x24, 0x50, 0x24, 0x50, 0x23, 0x50, 
    0x23, 0x50, 0x23, 0x50, 0x23, 0x50, 0x23, 0x50, 0x23, 0x50, 0x23, 0x50, 
    0x23, 0x50, 0x23, 0x50, 0x23, 0x50, 0x23, 0x50, 0x23, 0x50, 0x23, 0x50, 
    0x23, 0x50, 0x23, 0x50, 0x23, 0x50, 0x23, 0x50, 0x23, 0x50, 0x23, 0x50, 
    0x23, 0x50, 0x23, 0x50, 0x23, 0x50, 0x23, 0x50, 0x23, 0x50, 0x23, 0x50, 
    0x23, 0x50, 0x23, 0x48, 0x23, 0x50, 0x23, 0x48, 0x23, 0x48, 0x23, 0x50, 
    0x23, 0x50, 0x42, 0x48, 0xa2, 0x40, 0x00, 0x39, 0x60, 0x31, 0xa0, 0x21, 
    0xc0, 0x19, 0xc0, 0x19, 0xc0, 0x11, 0xc0, 0x11, 0xa0, 0x11, 0xc0, 0x11, 
    0xc0, 0x11, 0xc0, 0x11, 0xc0, 0x11, 0xc0, 0x11, 0xa0, 0x09, 0xa0, 0x09, 
    0x80, 0x09, 0x80, 0x09, 0x80, 0x09, 0x80, 0x09, 0x80, 0x09, 0x80, 0x09, 
    0x80, 0x09, 0x80, 0x09, 0xa0, 0x09, 0xa0, 0x09, 0x80, 0x09, 0x80, 0x11, 
    0x40, 0x19, 0x20, 0x31, 0xe2, 0x48, 0xc5, 0x58, 0xa5, 0x60, 0x85, 0x60, 
    0x65, 0x58, 0x84, 0x58, 0x64, 0x50, 0x44, 0x50, 0x44, 0x50, 0x44, 0x50, 
    0x44, 0x48, 0x64, 0x50, 0x64, 0x50, 0x64, 0x50, 0x84, 0x50, 0x84, 0x50, 
    0x64, 0x50, 0x84, 0x50, 0x85, 0x50, 0xa5, 0x50, 0xa6, 0x50, 0xc5, 0x58, 
    0xc5, 0x58, 0xc6, 0x58, 0xc6, 0x60, 0xc6, 0x60, 0xc6, 0x60, 0xc6, 0x60, 
    0xc6, 0x60, 0xa6, 0x68, 0xc6, 0x68, 0xc6, 0x68, 0xa6, 0x68, 0xa6, 0x68, 
    0xa6, 0x60, 0x86, 0x68, 0x86, 0x68, 0x65, 0x68, 0x65, 0x60, 0x65, 0x60, 
    0x65, 0x60, 0x65, 0x60, 0x65, 0x60, 0x65, 0x60, 0x45, 0x60, 0x45, 0x60, 
    0x45, 0x60, 0x45, 0x60, 0x45, 0x60, 0x45, 0x60, 0x45, 0x60, 0x45, 0x60, 
    0x45, 0x60, 0x45, 0x60, 0x45, 0x60, 0x65, 0x60, 0x45, 0x60, 0x45, 0x60, 
    0x45, 0x60, 0x65, 0x60, 0x45, 0x60, 0x45, 0x60, 0x44, 0x58, 0x45, 0x60, 
    0x45, 0x60, 0x44, 0x60, 0x45, 0x60, 0x45, 0x60, 0x45, 0x60, 0x45, 0x60, 
    0x45, 0x60, 0x45, 0x58, 0x45, 0x60, 0x45, 0x60, 0x45, 0x60, 0x44, 0x60, 
    0x45, 0x60, 0x45, 0x58, 0x44, 0x60, 0x44, 0x58, 0x45, 0x58, 0x45, 0x58, 
    0x45, 0x58, 0x44, 0x58, 0x44, 0x58, 0x45, 0x58, 0x44, 0x58, 0x24, 0x58, 
    0x44, 0x58, 0x44, 0x58, 0x45, 0x58, 0x24, 0x58, 0x24, 0x58, 0x24, 0x58, 
    0x44, 0x58, 0x44, 0x58, 0x24, 0x58, 0x24, 0x58, 0x44, 0x58, 0x44, 0x58, 
    0x44, 0x58, 0x24, 0x58, 0x25, 0x58, 0x24, 0x58, 0x24, 0x58, 0x44, 0x58, 
    0x24, 0x58, 0x24, 0x58, 0x44, 0x58, 0x44, 0x58, 0x24, 0x58, 0x44, 0x58, 
    0x23, 0x50, 0x23, 0x50, 0x03, 0x50, 0x23, 0x50, 0x23, 0x50, 0x23, 0x50, 
    0x23, 0x50, 0x23, 0x50, 0x23, 0x58, 0x24, 0x58, 0x24, 0x58, 0x24, 0x58, 
    0x23, 0x58, 0x24, 0x58, 0x24, 0x58, 0x24, 0x50, 0x24, 0x58, 0x24, 0x58, 
    0x24, 0x58, 0x24, 0x58, 0x24, 0x58, 0x24, 0x58, 0x24, 0x58, 0x24, 0x58, 
    0x24, 0x58, 0x24, 0x58, 0x24, 0x58, 0x23, 0x50, 0x24, 0x50, 0x24, 0x50, 
    0x24, 0x50, 0x44, 0x50, 0x44, 0x50, 0x24, 0x50, 0x24, 0x50, 0x24, 0x50, 
    0x24, 0x50, 0x44, 0x50, 0x44, 0x50, 0x44, 0x50, 0x44, 0x50, 0x44, 0x50, 
    0x24, 0x50, 0x44, 0x50, 0x23, 0x50, 0x44, 0x50, 0x24, 0x50, 0x44, 0x58, 
    0x24, 0x58, 0x23, 0x50, 0x24, 0x50, 0x24, 0x50, 0x24, 0x50, 0x23, 0x50, 
    0x24, 0x50, 0x24, 0x50, 0x24, 0x50, 0x24, 0x50, 0x24, 0x50, 0x24, 0x50, 
    0x24, 0x50, 0x23, 0x50, 0x24, 0x50, 0x24, 0x50, 0x24, 0x50, 0x24, 0x50, 
    0x23, 0x50, 0x23, 0x50, 0x23, 0x50, 0x23, 0x50, 0x23, 0x50, 0x23, 0x50, 
    0x23, 0x50, 0x23, 0x50, 0x23, 0x50, 0x23, 0x50, 0x23, 0x50, 0x23, 0x50, 
    0x23, 0x50, 0x23, 0x50, 0x23, 0x50, 0x23, 0x50, 0x23, 0x50, 0x23, 0x50, 
    0x23, 0x50, 0x23, 0x50, 0x23, 0x50, 0x23, 0x50, 0x23, 0x50, 0x23, 0x50, 
    0x23, 0x50, 0x23, 0x48, 0x23, 0x50, 0x23, 0x48, 0x23, 0x48, 0x23, 0x50, 
    0x23, 0x50, 0x62, 0x48, 0xc1, 0x40, 0x20, 0x39, 0x60, 0x29, 0xa0, 0x21, 
    0xa0, 0x19, 0xc0, 0x19, 0xc0, 0x11, 0xc0, 0x11, 0xc0, 0x11, 0xc0, 0x11, 
    0xc0, 0x11, 0xc0, 0x11, 0xc0, 0x11, 0xa0, 0x11, 0xa0, 0x09, 0xa0, 0x09, 
    0x80, 0x09, 0x80, 0x09, 0x80, 0x09, 0x80, 0x09, 0x80, 0x09, 0x80, 0x09, 
    0x80, 0x09, 0x80, 0x09, 0xa0, 0x09, 0xa0, 0x09, 0x80, 0x09, 0x80, 0x11, 
    0x60, 0x19, 0x20, 0x31, 0x02, 0x49, 0xe4, 0x60, 0xa5, 0x60, 0x85, 0x60, 
    0x65, 0x58, 0x64, 0x58, 0x64, 0x58, 0x64, 0x50, 0x44, 0x50, 0x44, 0x50, 
    0x44, 0x50, 0x44, 0x50, 0x44, 0x50, 0x44, 0x50, 0x64, 0x50, 0x64, 0x50, 
    0x64, 0x50, 0x65, 0x58, 0x85, 0x50, 0xa5, 0x58, 0xa5, 0x58, 0xa5, 0x58, 
    0xc6, 0x58, 0xa6, 0x58, 0xa6, 0x60, 0xa6, 0x60, 0xa6, 0x60, 0xc6, 0x60, 
    0xa6, 0x60, 0xa6, 0x68, 0xa6, 0x68, 0xa6, 0x68, 0xa6, 0x68, 0x86, 0x68, 
    0x86, 0x68, 0x86, 0x68, 0x66, 0x68, 0x65, 0x68, 0x65, 0x68, 0x65, 0x60, 
    0x65, 0x60, 0x65, 0x60, 0x65, 0x60, 0x65, 0x60, 0x45, 0x60, 0x45, 0x60, 
    0x45, 0x60, 0x45, 0x60, 0x45, 0x60, 0x45, 0x60, 0x65, 0x60, 0x45, 0x60, 
    0x45, 0x60, 0x45, 0x60, 0x45, 0x60, 0x45, 0x60, 0x44, 0x60, 0x45, 0x60, 
    0x45, 0x60, 0x45, 0x60, 0x45, 0x60, 0x45, 0x60, 0x44, 0x60, 0x45, 0x60, 
    0x45, 0x60, 0x44, 0x60, 0x45, 0x60, 0x45, 0x60, 0x45, 0x60, 0x45, 0x60, 
    0x45, 0x60, 0x45, 0x60, 0x45, 0x60, 0x45, 0x60, 0x45, 0x60, 0x45, 0x60, 
    0x45, 0x60, 0x45, 0x60, 0x44, 0x58, 0x45, 0x58, 0x25, 0x58, 0x24, 0x60, 
    0x44, 0x58, 0x44, 0x58, 0x44, 0x58, 0x45, 0x58, 0x24, 0x58, 0x44, 0x58, 
    0x44, 0x58, 0x24, 0x58, 0x44, 0x58, 0x44, 0x58, 0x44, 0x58, 0x44, 0x58, 
    0x44, 0x58, 0x24, 0x58, 0x24, 0x58, 0x24, 0x58, 0x44, 0x60, 0x44, 0x58, 
    0x24, 0x58, 0x24, 0x58, 0x24, 0x58, 0x24, 0x58, 0x24, 0x58, 0x24, 0x58, 
    0x24, 0x58, 0x24, 0x58, 0x44, 0x58, 0x24, 0x58, 0x24, 0x58, 0x24, 0x50, 
    0x23, 0x50, 0x23, 0x50, 0x24, 0x50, 0x24, 0x50, 0x23, 0x50, 0x23, 0x50, 
    0x23, 0x50, 0x23, 0x50, 0x24, 0x58, 0x24, 0x50, 0x24, 0x50, 0x24, 0x50, 
    0x23, 0x50, 0x24, 0x50, 0x24, 0x58, 0x44, 0x58, 0x24, 0x58, 0x24, 0x50, 
    0x24, 0x58, 0x24, 0x58, 0x24, 0x58, 0x24, 0x58, 0x24, 0x58, 0x24, 0x58, 
    0x44, 0x58, 0x24, 0x50, 0x24, 0x58, 0x24, 0x50, 0x24, 0x50, 0x44, 0x50, 
    0x24, 0x50, 0x24, 0x50, 0x44, 0x50, 0x24, 0x50, 0x44, 0x50, 0x44, 0x50, 
    0x44, 0x50, 0x44, 0x50, 0x44, 0x50, 0x44, 0x50, 0x44, 0x50, 0x44, 0x50, 
    0x43, 0x50, 0x23, 0x50, 0x24, 0x50, 0x24, 0x50, 0x23, 0x50, 0x44, 0x50, 
    0x24, 0x58, 0x24, 0x58, 0x24, 0x58, 0x24, 0x58, 0x24, 0x50, 0x23, 0x50, 
    0x23, 0x50, 0x24, 0x50, 0x24, 0x58, 0x24, 0x50, 0x24, 0x50, 0x24, 0x50, 
    0x23, 0x58, 0x24, 0x50, 0x24, 0x58, 0x24, 0x50, 0x23, 0x50, 0x23, 0x50, 
    0x23, 0x50, 0x23, 0x50, 0x24, 0x50, 0x23, 0x50, 0x23, 0x50, 0x23, 0x50, 
    0x23, 0x50, 0x23, 0x50, 0x23, 0x50, 0x24, 0x50, 0x24, 0x50, 0x24, 0x50, 
    0x23, 0x50, 0x24, 0x50, 0x23, 0x50, 0x23, 0x50, 0x23, 0x50, 0x24, 0x50, 
    0x23, 0x50, 0x23, 0x50, 0x23, 0x50, 0x23, 0x50, 0x23, 0x50, 0x23, 0x50, 
    0x23, 0x50, 0x24, 0x50, 0x23, 0x48, 0x23, 0x48, 0x23, 0x50, 0x23, 0x50, 
    0x23, 0x48, 0x82, 0x48, 0xe1, 0x40, 0x40, 0x31, 0x80, 0x29, 0xc0, 0x21, 
    0xc0, 0x19, 0xc0, 0x11, 0xa0, 0x11, 0xa0, 0x11, 0xc0, 0x11, 0xc0, 0x11, 
    0xe0, 0x11, 0xc0, 0x11, 0xc0, 0x11, 0xa0, 0x09, 0xa0, 0x09, 0xa0, 0x09, 
    0xa0, 0x09, 0x80, 0x09, 0x80, 0x09, 0x60, 0x09, 0x80, 0x09, 0x80, 0x09, 
    0x80, 0x09, 0x80, 0x09, 0xa0, 0x09, 0x80, 0x09, 0x80, 0x09, 0x80, 0x09, 
    0x40, 0x19, 0x40, 0x29, 0x41, 0x41, 0x03, 0x59, 0xc4, 0x60, 0xa5, 0x60, 
    0x65, 0x58, 0x44, 0x58, 0x64, 0x58, 0x44, 0x50, 0x44, 0x50, 0x44, 0x50, 
    0x24, 0x50, 0x44, 0x50, 0x43, 0x50, 0x44, 0x50, 0x44, 0x50, 0x64, 0x50, 
    0x64, 0x50, 0x65, 0x58, 0x84, 0x58, 0xa5, 0x58, 0x85, 0x58, 0x85, 0x58, 
    0x85, 0x58, 0xa6, 0x60, 0xa6, 0x60, 0xa6, 0x60, 0xc7, 0x60, 0xa6, 0x60, 
    0xa6, 0x68, 0xc7, 0x68, 0xa6, 0x68, 0xa6, 0x68, 0x86, 0x68, 0x86, 0x68, 
    0x86, 0x68, 0x85, 0x68, 0x66, 0x68, 0x65, 0x68, 0x65, 0x60, 0x65, 0x60, 
    0x65, 0x60, 0x65, 0x60, 0x45, 0x60, 0x65, 0x60, 0x45, 0x60, 0x45, 0x60, 
    0x45, 0x60, 0x45, 0x60, 0x45, 0x60, 0x65, 0x60, 0x45, 0x60, 0x45, 0x60, 
    0x45, 0x60, 0x45, 0x60, 0x45, 0x60, 0x45, 0x60, 0x65, 0x60, 0x65, 0x60, 
    0x44, 0x60, 0x65, 0x60, 0x65, 0x60, 0x45, 0x60, 0x65, 0x60, 0x65, 0x60, 
    0x65, 0x60, 0x44, 0x60, 0x45, 0x60, 0x45, 0x60, 0x45, 0x60, 0x45, 0x60, 
    0x25, 0x58, 0x45, 0x60, 0x45, 0x60, 0x45, 0x58, 0x45, 0x60, 0x45, 0x60, 
    0x25, 0x58, 0x44, 0x58, 0x45, 0x58, 0x25, 0x58, 0x45, 0x58, 0x44, 0x58, 
    0x44, 0x60, 0x44, 0x58, 0x44, 0x58, 0x44, 0x58, 0x44, 0x58, 0x44, 0x58, 
    0x45, 0x58, 0x44, 0x60, 0x44, 0x58, 0x44, 0x58, 0x44, 0x58, 0x45, 0x58, 
    0x44, 0x58, 0x44, 0x58, 0x24, 0x58, 0x44, 0x58, 0x44, 0x60, 0x44, 0x58, 
    0x24, 0x58, 0x24, 0x58, 0x24, 0x58, 0x44, 0x58, 0x24, 0x58, 0x44, 0x58, 
    0x44, 0x58, 0x24, 0x58, 0x24, 0x58, 0x44, 0x58, 0x24, 0x58, 0x24, 0x58, 
    0x23, 0x50, 0x23, 0x50, 0x24, 0x50, 0x23, 0x50, 0x23, 0x50, 0x23, 0x50, 
    0x23, 0x50, 0x24, 0x50, 0x23, 0x50, 0x24, 0x50, 0x24, 0x50, 0x24, 0x50, 
    0x23, 0x50, 0x24, 0x50, 0x23, 0x50, 0x23, 0x50, 0x24, 0x50, 0x24, 0x58, 
    0x44, 0x58, 0x24, 0x58, 0x24, 0x58, 0x24, 0x58, 0x24, 0x58, 0x44, 0x58, 
    0x24, 0x58, 0x24, 0x58, 0x24, 0x50, 0x23, 0x50, 0x24, 0x50, 0x24, 0x50, 
    0x23, 0x50, 0x24, 0x50, 0x24, 0x50, 0x24, 0x50, 0x24, 0x50, 0x24, 0x50, 
    0x24, 0x50, 0x24, 0x50, 0x24, 0x50, 0x24, 0x50, 0x44, 0x50, 0x44, 0x50, 
    0x24, 0x50, 0x44, 0x50, 0x24, 0x50, 0x24, 0x50, 0x44, 0x50, 0x24, 0x50, 
    0x24, 0x50, 0x44, 0x50, 0x24, 0x50, 0x23, 0x58, 0x23, 0x58, 0x24, 0x50, 
    0x24, 0x50, 0x24, 0x50, 0x24, 0x50, 0x24, 0x50, 0x24, 0x58, 0x24, 0x58, 
    0x24, 0x58, 0x23, 0x50, 0x24, 0x50, 0x24, 0x58, 0x24, 0x50, 0x23, 0x50, 
    0x23, 0x50, 0x23, 0x50, 0x23, 0x50, 0x23, 0x50, 0x23, 0x50, 0x24, 0x50, 
    0x24, 0x50, 0x23, 0x50, 0x23, 0x50, 0x23, 0x50, 0x23, 0x50, 0x23, 0x50, 
    0x23, 0x50, 0x23, 0x50, 0x23, 0x50, 0x23, 0x50, 0x23, 0x50, 0x23, 0x50, 
    0x23, 0x50, 0x23, 0x50, 0x23, 0x50, 0x23, 0x50, 0x23, 0x50, 0x23, 0x50, 
    0x23, 0x50, 0x23, 0x50, 0x23, 0x50, 0x23, 0x50, 0x23, 0x50, 0x23, 0x50, 
    0x43, 0x48, 0xa2, 0x40, 0x01, 0x39, 0x60, 0x31, 0x80, 0x29, 0xc0, 0x21, 
    0xc0, 0x11, 0xc0, 0x19, 0xc0, 0x11, 0xc0, 0x11, 0xc0, 0x11, 0xc0, 0x11, 
    0xc0, 0x11, 0xc0, 0x11, 0xc0, 0x11, 0xc0, 0x09, 0xa0, 0x09, 0xa0, 0x09, 
    0x80, 0x09, 0x80, 0x09, 0x80, 0x09, 0x80, 0x09, 0x80, 0x09, 0xa0, 0x09, 
    0xa0, 0x09, 0xa0, 0x09, 0xa0, 0x09, 0x80, 0x09, 0x80, 0x09, 0x60, 0x09, 
    0x60, 0x11, 0x40, 0x21, 0x40, 0x39, 0x02, 0x49, 0xa3, 0x58, 0x85, 0x60, 
    0x44, 0x60, 0x44, 0x58, 0x44, 0x58, 0x44, 0x50, 0x23, 0x50, 0x44, 0x50, 
    0x24, 0x50, 0x44, 0x50, 0x24, 0x50, 0x44, 0x50, 0x64, 0x50, 0x64, 0x50, 
    0x44, 0x50, 0x65, 0x58, 0x85, 0x58, 0x85, 0x58, 0x85, 0x58, 0x86, 0x58, 
    0x85, 0x60, 0xa5, 0x60, 0xa6, 0x60, 0xa6, 0x60, 0xa6, 0x60, 0xa6, 0x68, 
    0x86, 0x60, 0xa6, 0x68, 0xa6, 0x68, 0xa6, 0x68, 0x86, 0x68, 0x86, 0x68, 
    0x66, 0x68, 0x65, 0x68, 0x65, 0x68, 0x45, 0x60, 0x65, 0x60, 0x65, 0x60, 
    0x65, 0x60, 0x45, 0x60, 0x65, 0x60, 0x45, 0x60, 0x45, 0x60, 0x45, 0x60, 
    0x45, 0x60, 0x45, 0x60, 0x45, 0x60, 0x45, 0x60, 0x45, 0x60, 0x45, 0x60, 
    0x44, 0x60, 0x45, 0x60, 0x44, 0x60, 0x45, 0x60, 0x45, 0x60, 0x45, 0x60, 
    0x45, 0x60, 0x45, 0x60, 0x45, 0x60, 0x44, 0x60, 0x45, 0x60, 0x45, 0x60, 
    0x45, 0x60, 0x65, 0x60, 0x45, 0x60, 0x45, 0x60, 0x45, 0x60, 0x45, 0x60, 
    0x45, 0x60, 0x45, 0x60, 0x45, 0x60, 0x45, 0x60, 0x44, 0x60, 0x45, 0x60, 
    0x45, 0x58, 0x45, 0x60, 0x45, 0x58, 0x44, 0x58, 0x45, 0x60, 0x44, 0x58, 
    0x44, 0x58, 0x44, 0x58, 0x44, 0x58, 0x45, 0x60, 0x45, 0x58, 0x44, 0x58, 
    0x24, 0x58, 0x44, 0x60, 0x44, 0x58, 0x24, 0x60, 0x44, 0x58, 0x24, 0x58, 
    0x44, 0x58, 0x24, 0x58, 0x44, 0x58, 0x44, 0x60, 0x24, 0x58, 0x24, 0x58, 
    0x44, 0x58, 0x44, 0x58, 0x44, 0x58, 0x24, 0x58, 0x24, 0x58, 0x44, 0x58, 
    0x24, 0x58, 0x44, 0x58, 0x24, 0x58, 0x24, 0x58, 0x24, 0x58, 0x24, 0x50, 
    0x24, 0x50, 0x23, 0x50, 0x23, 0x50, 0x23, 0x50, 0x23, 0x50, 0x23, 0x50, 
    0x23, 0x50, 0x24, 0x50, 0x23, 0x50, 0x24, 0x58, 0x44, 0x58, 0x23, 0x50, 
    0x24, 0x58, 0x23, 0x50, 0x23, 0x58, 0x24, 0x58, 0x24, 0x58, 0x24, 0x58, 
    0x24, 0x58, 0x24, 0x58, 0x24, 0x58, 0x24, 0x58, 0x24, 0x58, 0x24, 0x58, 
    0x24, 0x58, 0x24, 0x58, 0x24, 0x50, 0x24, 0x50, 0x44, 0x50, 0x24, 0x50, 
    0x44, 0x50, 0x44, 0x50, 0x44, 0x50, 0x44, 0x50, 0x24, 0x50, 0x44, 0x50, 
    0x24, 0x50, 0x24, 0x50, 0x24, 0x50, 0x24, 0x50, 0x44, 0x50, 0x44, 0x50, 
    0x24, 0x50, 0x44, 0x50, 0x24, 0x50, 0x24, 0x50, 0x24, 0x58, 0x44, 0x50, 
    0x44, 0x50, 0x24, 0x50, 0x24, 0x58, 0x24, 0x58, 0x24, 0x58, 0x24, 0x58, 
    0x23, 0x58, 0x24, 0x58, 0x24, 0x58, 0x24, 0x50, 0x24, 0x58, 0x24, 0x58, 
    0x24, 0x58, 0x24, 0x50, 0x24, 0x50, 0x24, 0x50, 0x23, 0x50, 0x23, 0x50, 
    0x23, 0x50, 0x23, 0x50, 0x23, 0x50, 0x23, 0x50, 0x03, 0x50, 0x23, 0x50, 
    0x23, 0x50, 0x23, 0x50, 0x23, 0x50, 0x23, 0x50, 0x23, 0x50, 0x23, 0x50, 
    0x23, 0x50, 0x23, 0x50, 0x23, 0x50, 0x23, 0x50, 0x23, 0x50, 0x23, 0x50, 
    0x23, 0x50, 0x24, 0x50, 0x03, 0x48, 0x23, 0x50, 0x23, 0x50, 0x23, 0x50, 
    0x23, 0x50, 0x23, 0x50, 0x23, 0x50, 0x23, 0x50, 0x23, 0x50, 0x43, 0x50, 
    0x62, 0x48, 0xc1, 0x40, 0x20, 0x39, 0x60, 0x29, 0xa0, 0x21, 0xc0, 0x19, 
    0xe0, 0x19, 0xc0, 0x11, 0xc0, 0x11, 0xc0, 0x11, 0xc0, 0x11, 0xc0, 0x11, 
    0xc0, 0x11, 0xc0, 0x11, 0xc0, 0x11, 0xa0, 0x09, 0xa0, 0x09, 0xa0, 0x09, 
    0x80, 0x09, 0x80, 0x09, 0x80, 0x09, 0x80, 0x09, 0x80, 0x09, 0xa0, 0x09, 
    0xa0, 0x09, 0xa0, 0x09, 0xa0, 0x09, 0x80, 0x09, 0x60, 0x09, 0x60, 0x09, 
    0x60, 0x11, 0x40, 0x19, 0x20, 0x29, 0xe1, 0x38, 0xa3, 0x58, 0x64, 0x58, 
    0x44, 0x58, 0x44, 0x58, 0x24, 0x50, 0x24, 0x50, 0x24, 0x50, 0x23, 0x50, 
    0x24, 0x50, 0x24, 0x50, 0x44, 0x50, 0x43, 0x50, 0x44, 0x50, 0x44, 0x50, 
    0x64, 0x58, 0x65, 0x58, 0x65, 0x58, 0x65, 0x58, 0x65, 0x58, 0x85, 0x60, 
    0x85, 0x60, 0x85, 0x60, 0x85, 0x60, 0x86, 0x60, 0x86, 0x68, 0x86, 0x68, 
    0x86, 0x68, 0x86, 0x60, 0x86, 0x68, 0x86, 0x68, 0x66, 0x68, 0x66, 0x68, 
    0x65, 0x60, 0x65, 0x60, 0x65, 0x60, 0x65, 0x60, 0x45, 0x60, 0x45, 0x60, 
    0x65, 0x60, 0x45, 0x60, 0x45, 0x60, 0x65, 0x60, 0x45, 0x60, 0x65, 0x60, 
    0x45, 0x60, 0x45, 0x60, 0x45, 0x60, 0x45, 0x60, 0x45, 0x60, 0x45, 0x60, 
    0x45, 0x60, 0x45, 0x60, 0x45, 0x60, 0x45, 0x60, 0x45, 0x60, 0x45, 0x60, 
    0x44, 0x60, 0x45, 0x60, 0x45, 0x60, 0x45, 0x60, 0x45, 0x60, 0x45, 0x60, 
    0x44, 0x58, 0x44, 0x60, 0x45, 0x60, 0x45, 0x60, 0x45, 0x60, 0x45, 0x60, 
    0x45, 0x60, 0x24, 0x58, 0x45, 0x60, 0x25, 0x60, 0x45, 0x60, 0x45, 0x60, 
    0x44, 0x60, 0x44, 0x58, 0x45, 0x60, 0x44, 0x60, 0x45, 0x60, 0x44, 0x58, 
    0x45, 0x58, 0x44, 0x58, 0x44, 0x58, 0x45, 0x60, 0x45, 0x58, 0x44, 0x58, 
    0x44, 0x58, 0x44, 0x60, 0x44, 0x60, 0x44, 0x60, 0x44, 0x58, 0x44, 0x58, 
    0x44, 0x58, 0x44, 0x58, 0x24, 0x58, 0x44, 0x58, 0x44, 0x58, 0x44, 0x58, 
    0x24, 0x58, 0x44, 0x58, 0x44, 0x58, 0x24, 0x58, 0x44, 0x58, 0x24, 0x58, 
    0x24, 0x58, 0x24, 0x58, 0x24, 0x58, 0x24, 0x58, 0x24, 0x58, 0x24, 0x58, 
    0x23, 0x50, 0x23, 0x50, 0x44, 0x50, 0x23, 0x50, 0x23, 0x50, 0x23, 0x50, 
    0x23, 0x50, 0x24, 0x50, 0x23, 0x50, 0x23, 0x50, 0x24, 0x50, 0x24, 0x50, 
    0x24, 0x50, 0x24, 0x50, 0x23, 0x58, 0x23, 0x58, 0x24, 0x50, 0x24, 0x58, 
    0x24, 0x58, 0x24, 0x58, 0x24, 0x50, 0x24, 0x58, 0x24, 0x58, 0x24, 0x58, 
    0x24, 0x58, 0x24, 0x50, 0x24, 0x50, 0x24, 0x50, 0x44, 0x50, 0x24, 0x50, 
    0x24, 0x50, 0x24, 0x50, 0x24, 0x50, 0x24, 0x50, 0x44, 0x50, 0x24, 0x50, 
    0x44, 0x50, 0x44, 0x50, 0x24, 0x50, 0x44, 0x50, 0x44, 0x50, 0x44, 0x50, 
    0x24, 0x50, 0x44, 0x50, 0x24, 0x58, 0x44, 0x58, 0x24, 0x58, 0x24, 0x58, 
    0x44, 0x58, 0x44, 0x58, 0x24, 0x58, 0x44, 0x58, 0x24, 0x58, 0x23, 0x58, 
    0x24, 0x58, 0x24, 0x58, 0x24, 0x58, 0x44, 0x58, 0x23, 0x58, 0x23, 0x58, 
    0x23, 0x58, 0x23, 0x50, 0x23, 0x58, 0x23, 0x50, 0x23, 0x50, 0x24, 0x58, 
    0x23, 0x50, 0x23, 0x50, 0x23, 0x50, 0x23, 0x50, 0x23, 0x50, 0x23, 0x50, 
    0x23, 0x50, 0x24, 0x50, 0x24, 0x50, 0x23, 0x50, 0x23, 0x50, 0x23, 0x50, 
    0x23, 0x50, 0x23, 0x50, 0x24, 0x50, 0x24, 0x50, 0x23, 0x50, 0x23, 0x50, 
    0x23, 0x50, 0x23, 0x50, 0x24, 0x50, 0x24, 0x50, 0x23, 0x50, 0x23, 0x50, 
    0x23, 0x50, 0x23, 0x50, 0x23, 0x50, 0x23, 0x50, 0x23, 0x50, 0x43, 0x50, 
    0x62, 0x48, 0xe1, 0x40, 0x40, 0x39, 0xa0, 0x29, 0xc0, 0x21, 0xc0, 0x19, 
    0xc0, 0x11, 0xe0, 0x11, 0xc0, 0x11, 0xc0, 0x11, 0xc0, 0x11, 0xc0, 0x11, 
    0xc0, 0x11, 0xc0, 0x11, 0xc0, 0x11, 0xc0, 0x09, 0xa0, 0x09, 0xa0, 0x09, 
    0x80, 0x09, 0x80, 0x09, 0x80, 0x09, 0x80, 0x09, 0x80, 0x09, 0xa0, 0x09, 
    0xa0, 0x09, 0xa0, 0x09, 0xa0, 0x09, 0x80, 0x09, 0x60, 0x09, 0x60, 0x09, 
    0x60, 0x09, 0x60, 0x19, 0x20, 0x21, 0xc0, 0x38, 0x83, 0x50, 0x64, 0x58, 
    0x44, 0x58, 0x44, 0x58, 0x24, 0x50, 0x24, 0x50, 0x24, 0x50, 0x24, 0x50, 
    0x23, 0x50, 0x24, 0x50, 0x24, 0x50, 0x44, 0x50, 0x44, 0x50, 0x44, 0x50, 
    0x44, 0x58, 0x64, 0x58, 0x65, 0x58, 0x65, 0x58, 0x65, 0x58, 0x65, 0x60, 
    0x65, 0x60, 0x85, 0x60, 0x85, 0x60, 0x85, 0x60, 0x85, 0x60, 0x86, 0x68, 
    0x86, 0x68, 0x86, 0x68, 0x65, 0x68, 0x65, 0x68, 0x65, 0x68, 0x65, 0x60, 
    0x65, 0x60, 0x65, 0x68, 0x65, 0x68, 0x65, 0x60, 0x65, 0x60, 0x65, 0x60, 
    0x45, 0x60, 0x45, 0x60, 0x45, 0x60, 0x45, 0x60, 0x45, 0x60, 0x45, 0x60, 
    0x45, 0x60, 0x45, 0x60, 0x45, 0x60, 0x45, 0x60, 0x45, 0x60, 0x44, 0x60, 
    0x45, 0x60, 0x45, 0x60, 0x44, 0x60, 0x45, 0x60, 0x44, 0x60, 0x44, 0x60, 
    0x45, 0x60, 0x45, 0x60, 0x45, 0x60, 0x45, 0x60, 0x45, 0x60, 0x45, 0x60, 
    0x45, 0x60, 0x44, 0x60, 0x45, 0x60, 0x45, 0x60, 0x44, 0x58, 0x45, 0x60, 
    0x45, 0x60, 0x45, 0x58, 0x45, 0x60, 0x45, 0x60, 0x45, 0x58, 0x25, 0x58, 
    0x44, 0x60, 0x44, 0x60, 0x44, 0x58, 0x45, 0x60, 0x44, 0x58, 0x44, 0x58, 
    0x44, 0x58, 0x24, 0x58, 0x45, 0x60, 0x45, 0x58, 0x24, 0x58, 0x44, 0x58, 
    0x44, 0x58, 0x45, 0x60, 0x45, 0x60, 0x44, 0x60, 0x44, 0x58, 0x44, 0x58, 
    0x24, 0x58, 0x24, 0x58, 0x44, 0x58, 0x44, 0x58, 0x44, 0x58, 0x24, 0x58, 
    0x44, 0x58, 0x24, 0x58, 0x44, 0x58, 0x24, 0x58, 0x24, 0x58, 0x24, 0x58, 
    0x24, 0x58, 0x44, 0x58, 0x44, 0x58, 0x24, 0x58, 0x24, 0x50, 0x24, 0x50, 
    0x23, 0x50, 0x23, 0x50, 0x23, 0x50, 0x23, 0x50, 0x23, 0x50, 0x23, 0x50, 
    0x23, 0x50, 0x23, 0x50, 0x23, 0x50, 0x24, 0x50, 0x24, 0x50, 0x24, 0x50, 
    0x24, 0x50, 0x24, 0x50, 0x24, 0x50, 0x23, 0x50, 0x23, 0x50, 0x24, 0x58, 
    0x24, 0x58, 0x24, 0x58, 0x24, 0x58, 0x24, 0x58, 0x24, 0x58, 0x24, 0x58, 
    0x24, 0x58, 0x24, 0x50, 0x23, 0x50, 0x24, 0x50, 0x44, 0x50, 0x24, 0x50, 
    0x44, 0x50, 0x23, 0x50, 0x44, 0x50, 0x24, 0x50, 0x24, 0x50, 0x44, 0x50, 
    0x44, 0x50, 0x44, 0x50, 0x24, 0x50, 0x44, 0x50, 0x24, 0x50, 0x24, 0x50, 
    0x44, 0x50, 0x24, 0x58, 0x24, 0x58, 0x44, 0x58, 0x44, 0x58, 0x24, 0x58, 
    0x24, 0x58, 0x24, 0x58, 0x23, 0x50, 0x24, 0x58, 0x24, 0x58, 0x24, 0x58, 
    0x24, 0x58, 0x24, 0x58, 0x24, 0x58, 0x23, 0x50, 0x23, 0x50, 0x24, 0x58, 
    0x23, 0x50, 0x23, 0x50, 0x23, 0x50, 0x23, 0x50, 0x03, 0x50, 0x23, 0x50, 
    0x23, 0x50, 0x23, 0x50, 0x23, 0x50, 0x23, 0x50, 0x24, 0x50, 0x23, 0x50, 
    0x23, 0x50, 0x24, 0x50, 0x24, 0x50, 0x24, 0x50, 0x23, 0x50, 0x23, 0x50, 
    0x24, 0x50, 0x24, 0x50, 0x23, 0x50, 0x23, 0x50, 0x23, 0x50, 0x23, 0x50, 
    0x23, 0x50, 0x23, 0x50, 0x23, 0x50, 0x23, 0x50, 0x23, 0x50, 0x23, 0x50, 
    0x23, 0x50, 0x03, 0x50, 0x23, 0x50, 0x23, 0x50, 0x23, 0x50, 0x43, 0x50, 
    0xa2, 0x48, 0x01, 0x39, 0x60, 0x31, 0x80, 0x29, 0xc0, 0x21, 0xe0, 0x19, 
    0xe0, 0x19, 0xe0, 0x11, 0xc0, 0x11, 0xc0, 0x11, 0xc0, 0x11, 0xc0, 0x11, 
    0xc0, 0x11, 0xc0, 0x11, 0xc0, 0x09, 0xa0, 0x11, 0xa0, 0x09, 0x80, 0x09, 
    0x80, 0x09, 0x80, 0x09, 0x80, 0x09, 0x80, 0x09, 0xa0, 0x09, 0xa0, 0x09, 
    0xa0, 0x09, 0xa0, 0x09, 0x80, 0x09, 0x80, 0x09, 0x60, 0x09, 0x60, 0x09, 
    0x60, 0x09, 0x40, 0x11, 0x00, 0x21, 0xc0, 0x30, 0x62, 0x50, 0x64, 0x58, 
    0x44, 0x58, 0x24, 0x58, 0x24, 0x58, 0x24, 0x50, 0x24, 0x50, 0x24, 0x50, 
    0x23, 0x50, 0x23, 0x50, 0x24, 0x50, 0x24, 0x50, 0x24, 0x50, 0x44, 0x50, 
    0x24, 0x50, 0x44, 0x58, 0x44, 0x58, 0x45, 0x58, 0x65, 0x58, 0x65, 0x60, 
    0x65, 0x60, 0x65, 0x60, 0x65, 0x60, 0x85, 0x60, 0x85, 0x60, 0x85, 0x60, 
    0x66, 0x60, 0x65, 0x68, 0x65, 0x60, 0x65, 0x68, 0x65, 0x68, 0x65, 0x68, 
    0x65, 0x60, 0x65, 0x60, 0x65, 0x68, 0x65, 0x60, 0x65, 0x60, 0x65, 0x60, 
    0x45, 0x60, 0x45, 0x60, 0x45, 0x60, 0x45, 0x60, 0x45, 0x60, 0x45, 0x60, 
    0x45, 0x60, 0x44, 0x60, 0x45, 0x60, 0x45, 0x60, 0x45, 0x60, 0x45, 0x60, 
    0x44, 0x60, 0x45, 0x60, 0x45, 0x60, 0x45, 0x60, 0x45, 0x60, 0x45, 0x60, 
    0x45, 0x60, 0x45, 0x60, 0x45, 0x60, 0x45, 0x60, 0x45, 0x60, 0x45, 0x60, 
    0x44, 0x60, 0x45, 0x60, 0x45, 0x60, 0x45, 0x60, 0x45, 0x60, 0x45, 0x60, 
    0x25, 0x60, 0x45, 0x60, 0x45, 0x60, 0x45, 0x58, 0x45, 0x60, 0x45, 0x60, 
    0x45, 0x60, 0x44, 0x60, 0x44, 0x58, 0x45, 0x60, 0x44, 0x60, 0x44, 0x58, 
    0x24, 0x58, 0x24, 0x58, 0x44, 0x58, 0x44, 0x58, 0x44, 0x58, 0x44, 0x58, 
    0x44, 0x58, 0x44, 0x58, 0x44, 0x60, 0x45, 0x60, 0x44, 0x58, 0x44, 0x58, 
    0x24, 0x58, 0x45, 0x58, 0x44, 0x60, 0x44, 0x58, 0x44, 0x60, 0x44, 0x60, 
    0x24, 0x58, 0x24, 0x58, 0x24, 0x58, 0x44, 0x58, 0x24, 0x58, 0x44, 0x58, 
    0x24, 0x58, 0x24, 0x58, 0x24, 0x58, 0x44, 0x58, 0x44, 0x58, 0x24, 0x50, 
    0x23, 0x50, 0x03, 0x50, 0x23, 0x50, 0x23, 0x50, 0x23, 0x50, 0x23, 0x50, 
    0x23, 0x50, 0x24, 0x50, 0x23, 0x50, 0x24, 0x50, 0x24, 0x50, 0x44, 0x50, 
    0x24, 0x50, 0x24, 0x58, 0x24, 0x50, 0x03, 0x50, 0x24, 0x58, 0x24, 0x58, 
    0x24, 0x58, 0x24, 0x58, 0x24, 0x58, 0x24, 0x58, 0x24, 0x58, 0x24, 0x58, 
    0x23, 0x50, 0x23, 0x50, 0x23, 0x50, 0x23, 0x50, 0x23, 0x50, 0x23, 0x50, 
    0x24, 0x50, 0x23, 0x50, 0x44, 0x50, 0x44, 0x50, 0x44, 0x50, 0x44, 0x50, 
    0x44, 0x50, 0x24, 0x50, 0x44, 0x50, 0x44, 0x50, 0x24, 0x50, 0x24, 0x50, 
    0x24, 0x50, 0x24, 0x50, 0x24, 0x58, 0x24, 0x58, 0x24, 0x58, 0x24, 0x58, 
    0x24, 0x58, 0x24, 0x58, 0x24, 0x58, 0x24, 0x58, 0x24, 0x58, 0x24, 0x58, 
    0x24, 0x58, 0x23, 0x58, 0x24, 0x58, 0x24, 0x58, 0x24, 0x50, 0x24, 0x58, 
    0x23, 0x50, 0x24, 0x58, 0x23, 0x50, 0x24, 0x50, 0x23, 0x58, 0x23, 0x50, 
    0x23, 0x50, 0x03, 0x50, 0x23, 0x58, 0x24, 0x58, 0x24, 0x50, 0x23, 0x50, 
    0x23, 0x50, 0x23, 0x50, 0x23, 0x50, 0x23, 0x50, 0x23, 0x50, 0x23, 0x50, 
    0x23, 0x50, 0x23, 0x50, 0x24, 0x50, 0x24, 0x50, 0x23, 0x50, 0x24, 0x50, 
    0x23, 0x50, 0x23, 0x50, 0x23, 0x50, 0x23, 0x50, 0x23, 0x50, 0x23, 0x50, 
    0x23, 0x50, 0x23, 0x50, 0x23, 0x50, 0x23, 0x50, 0x23, 0x50, 0x62, 0x50, 
    0xc1, 0x40, 0x20, 0x39, 0x60, 0x31, 0xa0, 0x29, 0xe0, 0x21, 0xc0, 0x19, 
    0xc0, 0x19, 0xc0, 0x11, 0xc0, 0x11, 0xc0, 0x11, 0xc0, 0x11, 0xc0, 0x09, 
    0xc0, 0x11, 0xc0, 0x11, 0xa0, 0x11, 0xa0, 0x09, 0xa0, 0x09, 0x80, 0x09, 
    0x80, 0x09, 0x80, 0x09, 0x80, 0x09, 0x80, 0x09, 0xa0, 0x09, 0xa0, 0x09, 
    0xa0, 0x09, 0x80, 0x09, 0x80, 0x09, 0x60, 0x09, 0x60, 0x09, 0x60, 0x09, 
    0x60, 0x09, 0x40, 0x11, 0x00, 0x21, 0xe0, 0x30, 0x82, 0x48, 0x64, 0x58, 
    0x45, 0x58, 0x44, 0x58, 0x24, 0x50, 0x24, 0x50, 0x24, 0x50, 0x23, 0x50, 
    0x23, 0x50, 0x23, 0x50, 0x24, 0x50, 0x24, 0x50, 0x24, 0x50, 0x24, 0x50, 
    0x24, 0x50, 0x44, 0x58, 0x44, 0x58, 0x44, 0x58, 0x45, 0x60, 0x65, 0x60, 
    0x65, 0x60, 0x65, 0x60, 0x65, 0x60, 0x65, 0x60, 0x65, 0x60, 0x65, 0x60, 
    0x65, 0x60, 0x65, 0x60, 0x65, 0x60, 0x65, 0x68, 0x65, 0x60, 0x65, 0x60, 
    0x45, 0x60, 0x65, 0x60, 0x65, 0x60, 0x65, 0x60, 0x45, 0x60, 0x65, 0x60, 
    0x45, 0x60, 0x45, 0x60, 0x45, 0x60, 0x45, 0x60, 0x45, 0x60, 0x45, 0x60, 
    0x45, 0x60, 0x44, 0x60, 0x45, 0x60, 0x45, 0x60, 0x45, 0x60, 0x44, 0x60, 
    0x44, 0x60, 0x45, 0x60, 0x45, 0x60, 0x44, 0x60, 0x45, 0x60, 0x45, 0x60, 
    0x45, 0x60, 0x44, 0x60, 0x44, 0x60, 0x45, 0x60, 0x45, 0x60, 0x45, 0x60, 
    0x44, 0x60, 0x45, 0x60, 0x45, 0x60, 0x45, 0x58, 0x44, 0x60, 0x44, 0x60, 
    0x45, 0x60, 0x45, 0x60, 0x44, 0x60, 0x45, 0x60, 0x45, 0x60, 0x45, 0x58, 
    0x44, 0x60, 0x44, 0x60, 0x45, 0x60, 0x44, 0x58, 0x44, 0x58, 0x44, 0x58, 
    0x44, 0x58, 0x24, 0x58, 0x44, 0x58, 0x44, 0x58, 0x44, 0x58, 0x45, 0x58, 
    0x45, 0x58, 0x44, 0x58, 0x44, 0x60, 0x45, 0x60, 0x44, 0x58, 0x44, 0x60, 
    0x24, 0x58, 0x44, 0x60, 0x44, 0x58, 0x44, 0x60, 0x24, 0x58, 0x44, 0x58, 
    0x44, 0x58, 0x24, 0x58, 0x24, 0x58, 0x44, 0x58, 0x24, 0x58, 0x44, 0x58, 
    0x24, 0x58, 0x24, 0x58, 0x24, 0x58, 0x44, 0x50, 0x44, 0x50, 0x24, 0x50, 
    0x23, 0x50, 0x23, 0x50, 0x23, 0x50, 0x23, 0x50, 0x23, 0x50, 0x23, 0x50, 
    0x23, 0x50, 0x23, 0x50, 0x24, 0x50, 0x23, 0x50, 0x23, 0x50, 0x23, 0x50, 
    0x24, 0x58, 0x23, 0x50, 0x24, 0x50, 0x24, 0x50, 0x24, 0x50, 0x24, 0x58, 
    0x24, 0x58, 0x24, 0x58, 0x24, 0x58, 0x24, 0x58, 0x23, 0x50, 0x24, 0x58, 
    0x23, 0x50, 0x23, 0x50, 0x24, 0x50, 0x24, 0x50, 0x24, 0x50, 0x24, 0x50, 
    0x44, 0x50, 0x24, 0x50, 0x24, 0x50, 0x44, 0x50, 0x24, 0x50, 0x24, 0x50, 
    0x24, 0x50, 0x24, 0x50, 0x24, 0x50, 0x24, 0x50, 0x24, 0x50, 0x24, 0x50, 
    0x24, 0x50, 0x24, 0x50, 0x24, 0x58, 0x44, 0x58, 0x24, 0x58, 0x24, 0x58, 
    0x24, 0x58, 0x24, 0x58, 0x24, 0x58, 0x24, 0x58, 0x24, 0x58, 0x24, 0x58, 
    0x23, 0x50, 0x24, 0x58, 0x24, 0x58, 0x24, 0x58, 0x24, 0x58, 0x24, 0x58, 
    0x24, 0x58, 0x23, 0x50, 0x23, 0x50, 0x23, 0x50, 0x23, 0x50, 0x23, 0x50, 
    0x23, 0x50, 0x23, 0x50, 0x23, 0x50, 0x24, 0x58, 0x23, 0x50, 0x23, 0x50, 
    0x03, 0x50, 0x24, 0x50, 0x24, 0x50, 0x23, 0x50, 0x23, 0x50, 0x23, 0x50, 
    0x24, 0x50, 0x23, 0x50, 0x23, 0x50, 0x23, 0x50, 0x23, 0x50, 0x24, 0x50, 
    0x23, 0x50, 0x23, 0x50, 0x23, 0x50, 0x23, 0x50, 0x03, 0x50, 0x23, 0x50, 
    0x23, 0x50, 0x23, 0x50, 0x23, 0x50, 0x23, 0x50, 0x43, 0x50, 0x82, 0x48, 
    0xe1, 0x40, 0x40, 0x39, 0x80, 0x29, 0xc0, 0x21, 0xe0, 0x19, 0xe0, 0x19, 
    0xc0, 0x11, 0xc0, 0x11, 0xc0, 0x11, 0xc0, 0x11, 0xc0, 0x11, 0xc0, 0x09, 
    0xc0, 0x11, 0xc0, 0x11, 0xa0, 0x11, 0xa0, 0x09, 0x80, 0x09, 0x80, 0x09, 
    0x80, 0x09, 0x80, 0x09, 0xa0, 0x09, 0xa0, 0x09, 0xa0, 0x09, 0xa0, 0x09, 
    0xa0, 0x09, 0x80, 0x09, 0x80, 0x09, 0x60, 0x09, 0x60, 0x09, 0x60, 0x09, 
    0x60, 0x09, 0x60, 0x11, 0x20, 0x19, 0xe0, 0x28, 0x82, 0x40, 0x64, 0x58, 
    0x44, 0x58, 0x24, 0x58, 0x24, 0x50, 0x24, 0x50, 0x24, 0x50, 0x23, 0x50, 
    0x23, 0x50, 0x23, 0x50, 0x24, 0x50, 0x24, 0x50, 0x24, 0x50, 0x44, 0x58, 
    0x44, 0x58, 0x44, 0x58, 0x24, 0x58, 0x45, 0x58, 0x45, 0x58, 0x44, 0x58, 
    0x45, 0x60, 0x65, 0x60, 0x65, 0x60, 0x65, 0x60, 0x65, 0x60, 0x65, 0x60, 
    0x65, 0x68, 0x65, 0x60, 0x65, 0x60, 0x65, 0x60, 0x65, 0x60, 0x65, 0x60, 
    0x65, 0x60, 0x65, 0x60, 0x45, 0x60, 0x65, 0x60, 0x65, 0x60, 0x45, 0x60, 
    0x45, 0x60, 0x45, 0x60, 0x45, 0x60, 0x45, 0x60, 0x45, 0x60, 0x45, 0x60, 
    0x44, 0x60, 0x44, 0x60, 0x44, 0x60, 0x45, 0x60, 0x45, 0x60, 0x44, 0x60, 
    0x45, 0x60, 0x45, 0x60, 0x45, 0x60, 0x45, 0x60, 0x45, 0x60, 0x44, 0x60, 
    0x45, 0x60, 0x45, 0x60, 0x45, 0x60, 0x45, 0x60, 0x45, 0x60, 0x45, 0x60, 
    0x45, 0x60, 0x45, 0x60, 0x45, 0x58, 0x44, 0x58, 0x45, 0x58, 0x45, 0x60, 
    0x44, 0x60, 0x45, 0x60, 0x44, 0x60, 0x44, 0x58, 0x45, 0x60, 0x44, 0x60, 
    0x44, 0x60, 0x44, 0x58, 0x45, 0x60, 0x45, 0x60, 0x24, 0x58, 0x45, 0x58, 
    0x44, 0x60, 0x44, 0x58, 0x24, 0x58, 0x44, 0x60, 0x44, 0x58, 0x45, 0x58, 
    0x45, 0x58, 0x44, 0x58, 0x45, 0x58, 0x24, 0x58, 0x24, 0x58, 0x44, 0x60, 
    0x24, 0x58, 0x44, 0x58, 0x45, 0x58, 0x24, 0x58, 0x45, 0x60, 0x24, 0x58, 
    0x44, 0x58, 0x44, 0x58, 0x44, 0x58, 0x44, 0x58, 0x24, 0x58, 0x44, 0x58, 
    0x44, 0x58, 0x24, 0x58, 0x24, 0x58, 0x44, 0x50, 0x24, 0x50, 0x24, 0x50, 
    0x23, 0x50, 0x23, 0x50, 0x23, 0x50, 0x24, 0x50, 0x23, 0x50, 0x23, 0x50, 
    0x23, 0x50, 0x24, 0x50, 0x23, 0x50, 0x23, 0x50, 0x24, 0x50, 0x23, 0x50, 
    0x24, 0x58, 0x23, 0x58, 0x24, 0x50, 0x24, 0x50, 0x24, 0x58, 0x23, 0x50, 
    0x23, 0x50, 0x24, 0x58, 0x24, 0x58, 0x24, 0x58, 0x24, 0x58, 0x44, 0x58, 
    0x24, 0x50, 0x44, 0x50, 0x24, 0x50, 0x23, 0x50, 0x24, 0x50, 0x24, 0x50, 
    0x44, 0x50, 0x24, 0x50, 0x24, 0x50, 0x44, 0x50, 0x24, 0x50, 0x44, 0x50, 
    0x24, 0x50, 0x24, 0x50, 0x44, 0x50, 0x23, 0x50, 0x24, 0x50, 0x24, 0x50, 
    0x24, 0x50, 0x24, 0x58, 0x24, 0x58, 0x23, 0x58, 0x24, 0x58, 0x24, 0x58, 
    0x44, 0x58, 0x23, 0x58, 0x24, 0x58, 0x24, 0x58, 0x23, 0x58, 0x23, 0x58, 
    0x24, 0x50, 0x24, 0x58, 0x24, 0x58, 0x24, 0x58, 0x24, 0x50, 0x24, 0x58, 
    0x24, 0x50, 0x23, 0x50, 0x24, 0x58, 0x24, 0x58, 0x23, 0x50, 0x23, 0x50, 
    0x23, 0x50, 0x24, 0x50, 0x23, 0x50, 0x24, 0x50, 0x23, 0x50, 0x24, 0x50, 
    0x23, 0x50, 0x24, 0x50, 0x24, 0x50, 0x24, 0x50, 0x24, 0x50, 0x24, 0x50, 
    0x24, 0x50, 0x03, 0x50, 0x24, 0x50, 0x03, 0x50, 0x23, 0x50, 0x23, 0x50, 
    0x23, 0x50, 0x23, 0x50, 0x23, 0x50, 0x23, 0x50, 0x03, 0x50, 0x23, 0x50, 
    0x23, 0x50, 0x23, 0x50, 0x23, 0x50, 0x23, 0x50, 0x62, 0x48, 0xc2, 0x40, 
    0x01, 0x39, 0x60, 0x31, 0xa0, 0x29, 0xc0, 0x21, 0xe0, 0x19, 0xe0, 0x19, 
    0xc0, 0x11, 0xc0, 0x11, 0xc0, 0x11, 0xc0, 0x11, 0xc0, 0x09, 0xc0, 0x11, 
    0xc0, 0x11, 0xc0, 0x11, 0xa0, 0x11, 0xa0, 0x09, 0x80, 0x09, 0x80, 0x09, 
    0x80, 0x09, 0xa0, 0x09, 0xa0, 0x09, 0xa0, 0x09, 0xa0, 0x09, 0xc0, 0x09, 
    0xa0, 0x09, 0x80, 0x09, 0x80, 0x09, 0x60, 0x09, 0x60, 0x09, 0x60, 0x09, 
    0x60, 0x09, 0x60, 0x11, 0x20, 0x19, 0x00, 0x29, 0xe1, 0x38, 0xa3, 0x50, 
    0x63, 0x58, 0x44, 0x58, 0x24, 0x58, 0x24, 0x50, 0x24, 0x50, 0x23, 0x50, 
    0x24, 0x50, 0x24, 0x50, 0x24, 0x50, 0x24, 0x50, 0x24, 0x50, 0x44, 0x58, 
    0x44, 0x58, 0x44, 0x58, 0x44, 0x58, 0x44, 0x58, 0x44, 0x58, 0x45, 0x60, 
    0x45, 0x60, 0x45, 0x60, 0x65, 0x60, 0x65, 0x60, 0x65, 0x60, 0x65, 0x60, 
    0x65, 0x60, 0x45, 0x60, 0x65, 0x60, 0x45, 0x60, 0x65, 0x60, 0x45, 0x60, 
    0x65, 0x60, 0x45, 0x60, 0x45, 0x60, 0x65, 0x60, 0x45, 0x60, 0x45, 0x60, 
    0x45, 0x60, 0x45, 0x60, 0x45, 0x60, 0x44, 0x60, 0x44, 0x60, 0x44, 0x60, 
    0x45, 0x60, 0x45, 0x60, 0x45, 0x60, 0x44, 0x60, 0x45, 0x60, 0x44, 0x60, 
    0x45, 0x60, 0x45, 0x60, 0x44, 0x60, 0x45, 0x60, 0x45, 0x60, 0x45, 0x60, 
    0x44, 0x60, 0x44, 0x60, 0x44, 0x60, 0x45, 0x60, 0x45, 0x60, 0x24, 0x60, 
    0x45, 0x60, 0x45, 0x60, 0x45, 0x60, 0x44, 0x58, 0x45, 0x60, 0x44, 0x60, 
    0x44, 0x60, 0x44, 0x60, 0x44, 0x60, 0x44, 0x58, 0x24, 0x58, 0x44, 0x60, 
    0x45, 0x60, 0x44, 0x60, 0x44, 0x60, 0x44, 0x60, 0x24, 0x58, 0x44, 0x58, 
    0x44, 0x60, 0x44, 0x58, 0x44, 0x58, 0x44, 0x58, 0x44, 0x58, 0x45, 0x58, 
    0x25, 0x58, 0x44, 0x58, 0x45, 0x58, 0x45, 0x58, 0x44, 0x58, 0x44, 0x60, 
    0x24, 0x58, 0x44, 0x58, 0x24, 0x58, 0x44, 0x58, 0x44, 0x58, 0x24, 0x58, 
    0x24, 0x58, 0x44, 0x58, 0x44, 0x58, 0x44, 0x58, 0x44, 0x58, 0x24, 0x58, 
    0x24, 0x58, 0x24, 0x58, 0x24, 0x58, 0x24, 0x50, 0x24, 0x58, 0x24, 0x58, 
    0x23, 0x50, 0x03, 0x48, 0x24, 0x50, 0x23, 0x50, 0x03, 0x50, 0x23, 0x50, 
    0x23, 0x50, 0x23, 0x50, 0x23, 0x50, 0x23, 0x50, 0x44, 0x50, 0x24, 0x50, 
    0x24, 0x50, 0x23, 0x50, 0x23, 0x50, 0x24, 0x58, 0x24, 0x58, 0x24, 0x50, 
    0x24, 0x58, 0x24, 0x58, 0x23, 0x50, 0x24, 0x58, 0x24, 0x58, 0x44, 0x50, 
    0x24, 0x50, 0x24, 0x50, 0x24, 0x50, 0x23, 0x50, 0x24, 0x50, 0x44, 0x50, 
    0x44, 0x50, 0x24, 0x50, 0x24, 0x50, 0x24, 0x50, 0x24, 0x50, 0x24, 0x50, 
    0x23, 0x50, 0x24, 0x50, 0x24, 0x50, 0x24, 0x50, 0x24, 0x50, 0x24, 0x50, 
    0x24, 0x50, 0x24, 0x58, 0x24, 0x58, 0x23, 0x58, 0x24, 0x58, 0x24, 0x58, 
    0x24, 0x58, 0x24, 0x58, 0x24, 0x58, 0x24, 0x58, 0x24, 0x58, 0x24, 0x58, 
    0x24, 0x58, 0x23, 0x50, 0x24, 0x58, 0x24, 0x50, 0x24, 0x50, 0x24, 0x58, 
    0x24, 0x58, 0x23, 0x50, 0x24, 0x50, 0x24, 0x50, 0x24, 0x50, 0x23, 0x50, 
    0x23, 0x50, 0x24, 0x50, 0x23, 0x50, 0x24, 0x50, 0x23, 0x50, 0x24, 0x50, 
    0x23, 0x50, 0x24, 0x50, 0x24, 0x50, 0x24, 0x50, 0x24, 0x50, 0x23, 0x50, 
    0x23, 0x50, 0x23, 0x50, 0x23, 0x50, 0x23, 0x50, 0x23, 0x50, 0x23, 0x50, 
    0x24, 0x50, 0x24, 0x50, 0x24, 0x50, 0x24, 0x50, 0x23, 0x50, 0x23, 0x50, 
    0x23, 0x50, 0x23, 0x50, 0x23, 0x50, 0x43, 0x50, 0x82, 0x48, 0xc1, 0x40, 
    0x40, 0x39, 0x80, 0x31, 0xa0, 0x29, 0xe0, 0x21, 0xe0, 0x19, 0xe0, 0x19, 
    0xc0, 0x11, 0xc0, 0x11, 0xc0, 0x11, 0xa0, 0x09, 0xc0, 0x09, 0xc0, 0x11, 
    0xa0, 0x11, 0xa0, 0x11, 0xa0, 0x09, 0xa0, 0x09, 0xa0, 0x09, 0x80, 0x09, 
    0x80, 0x09, 0xa0, 0x09, 0xa0, 0x09, 0xc0, 0x09, 0xc0, 0x09, 0xc0, 0x09, 
    0xa0, 0x09, 0xa0, 0x09, 0x60, 0x09, 0x80, 0x09, 0x60, 0x09, 0x60, 0x09, 
    0x60, 0x09, 0x40, 0x09, 0x20, 0x11, 0x20, 0x21, 0x00, 0x31, 0xe1, 0x40, 
    0x82, 0x50, 0x43, 0x58, 0x24, 0x50, 0x24, 0x50, 0x24, 0x50, 0x24, 0x50, 
    0x24, 0x50, 0x24, 0x50, 0x24, 0x50, 0x24, 0x50, 0x24, 0x58, 0x24, 0x58, 
    0x44, 0x58, 0x44, 0x58, 0x44, 0x58, 0x44, 0x58, 0x44, 0x58, 0x45, 0x60, 
    0x45, 0x60, 0x65, 0x60, 0x65, 0x60, 0x65, 0x60, 0x65, 0x60, 0x65, 0x60, 
    0x65, 0x60, 0x65, 0x60, 0x65, 0x60, 0x45, 0x60, 0x65, 0x60, 0x65, 0x60, 
    0x45, 0x60, 0x45, 0x60, 0x45, 0x60, 0x45, 0x60, 0x45, 0x60, 0x45, 0x60, 
    0x44, 0x60, 0x45, 0x60, 0x45, 0x60, 0x45, 0x60, 0x45, 0x60, 0x45, 0x60, 
    0x44, 0x60, 0x45, 0x58, 0x45, 0x60, 0x44, 0x58, 0x24, 0x60, 0x45, 0x60, 
    0x45, 0x60, 0x44, 0x60, 0x45, 0x60, 0x45, 0x60, 0x45, 0x60, 0x45, 0x60, 
    0x45, 0x60, 0x45, 0x60, 0x45, 0x60, 0x45, 0x60, 0x25, 0x58, 0x44, 0x58, 
    0x24, 0x60, 0x45, 0x60, 0x44, 0x60, 0x24, 0x58, 0x44, 0x60, 0x45, 0x60, 
    0x44, 0x58, 0x44, 0x60, 0x24, 0x60, 0x45, 0x60, 0x45, 0x60, 0x44, 0x60, 
    0x45, 0x60, 0x44, 0x60, 0x44, 0x60, 0x44, 0x58, 0x44, 0x58, 0x44, 0x60, 
    0x45, 0x60, 0x45, 0x60, 0x45, 0x60, 0x44, 0x58, 0x44, 0x58, 0x24, 0x58, 
    0x24, 0x58, 0x24, 0x58, 0x45, 0x60, 0x44, 0x60, 0x44, 0x60, 0x44, 0x58, 
    0x44, 0x58, 0x44, 0x58, 0x44, 0x58, 0x24, 0x58, 0x45, 0x58, 0x44, 0x58, 
    0x44, 0x58, 0x44, 0x58, 0x44, 0x58, 0x24, 0x58, 0x44, 0x58, 0x24, 0x58, 
    0x24, 0x58, 0x24, 0x58, 0x44, 0x58, 0x44, 0x50, 0x44, 0x58, 0x44, 0x58, 
    0x23, 0x50, 0x23, 0x50, 0x24, 0x50, 0x23, 0x50, 0x23, 0x50, 0x23, 0x50, 
    0x23, 0x50, 0x23, 0x50, 0x23, 0x50, 0x23, 0x50, 0x23, 0x50, 0x24, 0x50, 
    0x24, 0x50, 0x24, 0x50, 0x24, 0x50, 0x23, 0x50, 0x23, 0x50, 0x24, 0x58, 
    0x24, 0x50, 0x24, 0x58, 0x24, 0x50, 0x24, 0x58, 0x24, 0x50, 0x24, 0x58, 
    0x24, 0x50, 0x44, 0x50, 0x24, 0x50, 0x23, 0x50, 0x24, 0x50, 0x24, 0x50, 
    0x44, 0x50, 0x24, 0x50, 0x44, 0x50, 0x44, 0x50, 0x44, 0x50, 0x44, 0x58, 
    0x44, 0x50, 0x24, 0x50, 0x24, 0x50, 0x24, 0x50, 0x24, 0x50, 0x24, 0x50, 
    0x24, 0x58, 0x24, 0x58, 0x44, 0x58, 0x24, 0x58, 0x24, 0x58, 0x24, 0x58, 
    0x24, 0x58, 0x24, 0x58, 0x24, 0x58, 0x24, 0x58, 0x23, 0x58, 0x24, 0x58, 
    0x24, 0x58, 0x24, 0x58, 0x24, 0x50, 0x24, 0x50, 0x24, 0x50, 0x23, 0x50, 
    0x24, 0x58, 0x24, 0x58, 0x23, 0x50, 0x24, 0x50, 0x23, 0x50, 0x24, 0x50, 
    0x24, 0x50, 0x24, 0x50, 0x24, 0x50, 0x23, 0x50, 0x24, 0x50, 0x24, 0x50, 
    0x23, 0x50, 0x24, 0x50, 0x03, 0x50, 0x24, 0x50, 0x24, 0x50, 0x24, 0x50, 
    0x23, 0x50, 0x23, 0x50, 0x23, 0x50, 0x23, 0x50, 0x24, 0x50, 0x23, 0x50, 
    0x24, 0x50, 0x24, 0x50, 0x23, 0x50, 0x23, 0x50, 0x23, 0x50, 0x23, 0x50, 
    0x24, 0x50, 0x23, 0x50, 0x23, 0x50, 0x42, 0x48, 0xa2, 0x40, 0x01, 0x39, 
    0x60, 0x31, 0x80, 0x29, 0xc0, 0x21, 0xe0, 0x19, 0xe0, 0x19, 0xc0, 0x19, 
    0xc0, 0x19, 0xc0, 0x11, 0xc0, 0x11, 0xc0, 0x11, 0xc0, 0x11, 0xa0, 0x09, 
    0xc0, 0x09, 0xc0, 0x09, 0xa0, 0x09, 0xa0, 0x09, 0xa0, 0x09, 0xa0, 0x09, 
    0xa0, 0x09, 0xa0, 0x09, 0xc0, 0x09, 0xc0, 0x09, 0xc0, 0x09, 0xc0, 0x09, 
    0xa0, 0x09, 0x80, 0x09, 0x80, 0x09, 0x80, 0x09, 0x60, 0x09, 0x60, 0x09, 
    0x40, 0x09, 0x40, 0x09, 0x40, 0x09, 0x40, 0x19, 0x00, 0x21, 0xe0, 0x30, 
    0x82, 0x48, 0x63, 0x50, 0x44, 0x58, 0x24, 0x50, 0x23, 0x50, 0x24, 0x50, 
    0x24, 0x50, 0x24, 0x50, 0x24, 0x50, 0x24, 0x50, 0x24, 0x58, 0x44, 0x58, 
    0x44, 0x58, 0x44, 0x58, 0x44, 0x58, 0x44, 0x58, 0x44, 0x60, 0x45, 0x60, 
    0x45, 0x60, 0x65, 0x60, 0x65, 0x60, 0x65, 0x60, 0x65, 0x60, 0x65, 0x60, 
    0x45, 0x60, 0x45, 0x60, 0x45, 0x60, 0x45, 0x60, 0x65, 0x60, 0x45, 0x60, 
    0x45, 0x60, 0x45, 0x60, 0x45, 0x60, 0x45, 0x60, 0x44, 0x60, 0x44, 0x60, 
    0x44, 0x60, 0x44, 0x60, 0x44, 0x60, 0x44, 0x60, 0x24, 0x60, 0x45, 0x60, 
    0x25, 0x60, 0x45, 0x60, 0x45, 0x58, 0x44, 0x58, 0x44, 0x58, 0x65, 0x60, 
    0x44, 0x60, 0x44, 0x60, 0x44, 0x58, 0x44, 0x60, 0x45, 0x60, 0x45, 0x60, 
    0x45, 0x60, 0x45, 0x60, 0x44, 0x58, 0x45, 0x60, 0x45, 0x60, 0x45, 0x60, 
    0x45, 0x60, 0x44, 0x60, 0x45, 0x58, 0x45, 0x60, 0x45, 0x60, 0x45, 0x60, 
    0x45, 0x58, 0x45, 0x60, 0x44, 0x58, 0x44, 0x58, 0x44, 0x58, 0x45, 0x60, 
    0x44, 0x58, 0x44, 0x60, 0x44, 0x58, 0x44, 0x60, 0x44, 0x58, 0x44, 0x60, 
    0x44, 0x60, 0x45, 0x58, 0x45, 0x58, 0x45, 0x60, 0x24, 0x58, 0x44, 0x60, 
    0x45, 0x60, 0x45, 0x58, 0x44, 0x60, 0x45, 0x60, 0x44, 0x60, 0x44, 0x58, 
    0x24, 0x58, 0x44, 0x58, 0x24, 0x58, 0x24, 0x58, 0x44, 0x58, 0x44, 0x58, 
    0x44, 0x58, 0x44, 0x58, 0x44, 0x58, 0x44, 0x58, 0x24, 0x58, 0x44, 0x58, 
    0x24, 0x58, 0x44, 0x58, 0x44, 0x58, 0x44, 0x58, 0x24, 0x50, 0x24, 0x50, 
    0x23, 0x48, 0x23, 0x48, 0x23, 0x50, 0x23, 0x50, 0x23, 0x50, 0x23, 0x50, 
    0x23, 0x50, 0x23, 0x50, 0x23, 0x50, 0x23, 0x50, 0x23, 0x50, 0x23, 0x50, 
    0x24, 0x50, 0x24, 0x50, 0x24, 0x50, 0x23, 0x50, 0x24, 0x58, 0x24, 0x50, 
    0x24, 0x58, 0x24, 0x50, 0x23, 0x50, 0x24, 0x58, 0x24, 0x50, 0x24, 0x50, 
    0x24, 0x50, 0x24, 0x50, 0x24, 0x50, 0x24, 0x50, 0x24, 0x50, 0x24, 0x50, 
    0x24, 0x50, 0x24, 0x50, 0x44, 0x50, 0x24, 0x50, 0x23, 0x50, 0x23, 0x50, 
    0x24, 0x50, 0x24, 0x50, 0x24, 0x50, 0x24, 0x50, 0x24, 0x58, 0x24, 0x50, 
    0x24, 0x50, 0x24, 0x58, 0x24, 0x58, 0x24, 0x58, 0x24, 0x58, 0x44, 0x58, 
    0x24, 0x58, 0x24, 0x50, 0x24, 0x58, 0x24, 0x58, 0x24, 0x58, 0x24, 0x58, 
    0x24, 0x58, 0x24, 0x58, 0x24, 0x50, 0x24, 0x50, 0x24, 0x58, 0x24, 0x58, 
    0x23, 0x50, 0x24, 0x58, 0x23, 0x50, 0x44, 0x58, 0x23, 0x50, 0x23, 0x50, 
    0x24, 0x50, 0x24, 0x50, 0x23, 0x50, 0x23, 0x58, 0x23, 0x50, 0x23, 0x50, 
    0x23, 0x50, 0x24, 0x50, 0x23, 0x50, 0x23, 0x50, 0x23, 0x50, 0x24, 0x50, 
    0x24, 0x50, 0x23, 0x50, 0x23, 0x50, 0x24, 0x50, 0x23, 0x50, 0x24, 0x50, 
    0x24, 0x50, 0x24, 0x50, 0x23, 0x50, 0x23, 0x50, 0x23, 0x50, 0x23, 0x50, 
    0x23, 0x50, 0x23, 0x50, 0x43, 0x50, 0x62, 0x48, 0xc1, 0x40, 0x20, 0x39, 
    0x80, 0x31, 0xa0, 0x29, 0xc0, 0x21, 0xe0, 0x19, 0xe0, 0x19, 0xc0, 0x19, 
    0xc0, 0x11, 0xc0, 0x11, 0xc0, 0x11, 0xc0, 0x11, 0xc0, 0x09, 0xa0, 0x09, 
    0xc0, 0x11, 0xc0, 0x11, 0xc0, 0x09, 0xa0, 0x09, 0xa0, 0x09, 0xa0, 0x09, 
    0xa0, 0x09, 0xa0, 0x09, 0xc0, 0x09, 0xc0, 0x09, 0xc0, 0x09, 0xa0, 0x09, 
    0xa0, 0x09, 0xa0, 0x09, 0x80, 0x09, 0x80, 0x09, 0x60, 0x09, 0x60, 0x09, 
    0x40, 0x09, 0x40, 0x09, 0x40, 0x09, 0x20, 0x11, 0x00, 0x19, 0xc0, 0x28, 
    0x81, 0x40, 0x63, 0x50, 0x44, 0x58, 0x24, 0x50, 0x24, 0x50, 0x24, 0x50, 
    0x24, 0x50, 0x24, 0x50, 0x24, 0x50, 0x24, 0x50, 0x24, 0x50, 0x24, 0x58, 
    0x24, 0x58, 0x44, 0x58, 0x24, 0x58, 0x44, 0x58, 0x44, 0x58, 0x45, 0x60, 
    0x44, 0x60, 0x65, 0x60, 0x45, 0x60, 0x65, 0x60, 0x65, 0x60, 0x45, 0x60, 
    0x45, 0x60, 0x65, 0x60, 0x45, 0x60, 0x45, 0x60, 0x45, 0x60, 0x45, 0x60, 
    0x45, 0x60, 0x45, 0x60, 0x45, 0x60, 0x44, 0x60, 0x44, 0x60, 0x44, 0x60, 
    0x44, 0x60, 0x45, 0x58, 0x24, 0x60, 0x24, 0x60, 0x44, 0x60, 0x44, 0x60, 
    0x24, 0x58, 0x44, 0x58, 0x44, 0x60, 0x44, 0x60, 0x24, 0x58, 0x24, 0x58, 
    0x45, 0x60, 0x44, 0x60, 0x44, 0x60, 0x44, 0x60, 0x45, 0x60, 0x45, 0x60, 
    0x44, 0x60, 0x44, 0x60, 0x44, 0x60, 0x45, 0x60, 0x45, 0x60, 0x45, 0x60, 
    0x45, 0x60, 0x44, 0x58, 0x44, 0x60, 0x24, 0x60, 0x44, 0x60, 0x45, 0x60, 
    0x45, 0x58, 0x44, 0x58, 0x44, 0x58, 0x45, 0x60, 0x44, 0x58, 0x44, 0x58, 
    0x44, 0x60, 0x44, 0x60, 0x44, 0x58, 0x24, 0x60, 0x44, 0x60, 0x44, 0x58, 
    0x24, 0x58, 0x45, 0x60, 0x25, 0x58, 0x24, 0x58, 0x44, 0x58, 0x44, 0x58, 
    0x45, 0x60, 0x45, 0x60, 0x45, 0x60, 0x45, 0x60, 0x45, 0x60, 0x45, 0x60, 
    0x45, 0x60, 0x44, 0x58, 0x45, 0x58, 0x24, 0x58, 0x24, 0x58, 0x44, 0x58, 
    0x44, 0x58, 0x24, 0x58, 0x45, 0x58, 0x24, 0x58, 0x24, 0x58, 0x44, 0x58, 
    0x24, 0x58, 0x44, 0x58, 0x44, 0x58, 0x44, 0x58, 0x24, 0x50, 0x24, 0x50, 
    0x23, 0x48, 0x23, 0x48, 0x23, 0x48, 0x23, 0x50, 0x23, 0x50, 0x23, 0x50, 
    0x23, 0x50, 0x23, 0x50, 0x23, 0x50, 0x23, 0x50, 0x23, 0x50, 0x23, 0x50, 
    0x24, 0x50, 0x23, 0x50, 0x23, 0x50, 0x23, 0x50, 0x23, 0x50, 0x23, 0x50, 
    0x24, 0x50, 0x24, 0x58, 0x23, 0x50, 0x24, 0x58, 0x24, 0x50, 0x24, 0x50, 
    0x24, 0x50, 0x23, 0x50, 0x44, 0x50, 0x44, 0x58, 0x23, 0x50, 0x44, 0x58, 
    0x44, 0x50, 0x24, 0x50, 0x24, 0x50, 0x44, 0x50, 0x23, 0x50, 0x24, 0x50, 
    0x24, 0x50, 0x44, 0x58, 0x24, 0x50, 0x24, 0x50, 0x24, 0x50, 0x44, 0x58, 
    0x24, 0x58, 0x24, 0x50, 0x24, 0x58, 0x24, 0x58, 0x23, 0x58, 0x44, 0x58, 
    0x24, 0x50, 0x24, 0x58, 0x24, 0x58, 0x24, 0x58, 0x24, 0x58, 0x24, 0x58, 
    0x24, 0x58, 0x24, 0x58, 0x24, 0x58, 0x44, 0x58, 0x24, 0x58, 0x24, 0x58, 
    0x24, 0x58, 0x24, 0x58, 0x24, 0x50, 0x23, 0x50, 0x23, 0x50, 0x23, 0x50, 
    0x23, 0x50, 0x24, 0x58, 0x03, 0x50, 0x23, 0x50, 0x23, 0x50, 0x24, 0x58, 
    0x23, 0x50, 0x24, 0x58, 0x23, 0x50, 0x23, 0x50, 0x24, 0x50, 0x24, 0x50, 
    0x23, 0x50, 0x23, 0x50, 0x23, 0x50, 0x24, 0x50, 0x23, 0x50, 0x23, 0x50, 
    0x23, 0x50, 0x23, 0x50, 0x23, 0x50, 0x23, 0x50, 0x23, 0x50, 0x23, 0x50, 
    0x23, 0x50, 0x23, 0x50, 0x43, 0x50, 0x82, 0x48, 0x01, 0x41, 0x40, 0x39, 
    0x80, 0x29, 0xc0, 0x29, 0xe0, 0x21, 0xe0, 0x19, 0xe0, 0x19, 0xe0, 0x19, 
    0xc0, 0x11, 0xc0, 0x11, 0xc0, 0x11, 0xc0, 0x11, 0xc0, 0x09, 0xc0, 0x09, 
    0xc0, 0x11, 0xc0, 0x11, 0xc0, 0x09, 0xa0, 0x09, 0xa0, 0x09, 0xa0, 0x09, 
    0xa0, 0x09, 0xa0, 0x09, 0xc0, 0x09, 0xc0, 0x09, 0xa0, 0x09, 0xa0, 0x09, 
    0xa0, 0x09, 0x80, 0x09, 0x80, 0x09, 0x60, 0x09, 0x60, 0x09, 0x60, 0x09, 
    0x40, 0x09, 0x40, 0x09, 0x40, 0x09, 0x40, 0x09, 0x00, 0x19, 0xc0, 0x28, 
    0xa1, 0x38, 0x63, 0x50, 0x44, 0x58, 0x44, 0x58, 0x23, 0x50, 0x24, 0x50, 
    0x24, 0x50, 0x23, 0x50, 0x24, 0x50, 0x24, 0x50, 0x24, 0x50, 0x24, 0x50, 
    0x24, 0x58, 0x24, 0x58, 0x44, 0x58, 0x24, 0x58, 0x44, 0x60, 0x45, 0x60, 
    0x44, 0x60, 0x65, 0x60, 0x45, 0x60, 0x45, 0x60, 0x45, 0x60, 0x45, 0x60, 
    0x45, 0x60, 0x45, 0x60, 0x45, 0x60, 0x44, 0x60, 0x45, 0x60, 0x45, 0x60, 
    0x45, 0x60, 0x44, 0x60, 0x44, 0x58, 0x44, 0x60, 0x45, 0x60, 0x45, 0x60, 
    0x24, 0x60, 0x44, 0x58, 0x44, 0x60, 0x24, 0x60, 0x44, 0x60, 0x24, 0x58, 
    0x24, 0x58, 0x44, 0x60, 0x24, 0x60, 0x45, 0x60, 0x45, 0x60, 0x45, 0x60, 
    0x44, 0x60, 0x45, 0x60, 0x24, 0x58, 0x44, 0x60, 0x44, 0x60, 0x45, 0x60, 
    0x44, 0x60, 0x44, 0x60, 0x24, 0x60, 0x45, 0x60, 0x44, 0x60, 0x45, 0x60, 
    0x44, 0x60, 0x44, 0x60, 0x24, 0x58, 0x44, 0x58, 0x44, 0x60, 0x44, 0x58, 
    0x45, 0x58, 0x25, 0x60, 0x24, 0x58, 0x45, 0x58, 0x45, 0x60, 0x44, 0x58, 
    0x24, 0x58, 0x44, 0x58, 0x44, 0x60, 0x44, 0x58, 0x44, 0x58, 0x44, 0x58, 
    0x44, 0x58, 0x44, 0x58, 0x45, 0x58, 0x45, 0x60, 0x45, 0x60, 0x44, 0x58, 
    0x44, 0x58, 0x44, 0x58, 0x44, 0x60, 0x44, 0x58, 0x24, 0x58, 0x44, 0x58, 
    0x45, 0x58, 0x44, 0x58, 0x45, 0x58, 0x24, 0x58, 0x24, 0x58, 0x24, 0x58, 
    0x44, 0x58, 0x44, 0x58, 0x45, 0x58, 0x44, 0x58, 0x24, 0x58, 0x24, 0x58, 
    0x44, 0x58, 0x44, 0x58, 0x24, 0x58, 0x23, 0x50, 0x24, 0x50, 0x24, 0x58, 
    0x23, 0x48, 0x23, 0x48, 0x23, 0x48, 0x23, 0x50, 0x24, 0x50, 0x23, 0x50, 
    0x23, 0x50, 0x23, 0x50, 0x23, 0x50, 0x23, 0x50, 0x23, 0x50, 0x23, 0x50, 
    0x23, 0x50, 0x24, 0x50, 0x24, 0x50, 0x24, 0x50, 0x24, 0x50, 0x23, 0x58, 
    0x24, 0x50, 0x24, 0x58, 0x24, 0x58, 0x24, 0x58, 0x24, 0x58, 0x24, 0x50, 
    0x24, 0x50, 0x24, 0x50, 0x24, 0x50, 0x24, 0x50, 0x24, 0x50, 0x24, 0x50, 
    0x24, 0x50, 0x24, 0x50, 0x24, 0x50, 0x24, 0x50, 0x24, 0x58, 0x24, 0x58, 
    0x24, 0x58, 0x24, 0x58, 0x24, 0x58, 0x24, 0x50, 0x24, 0x58, 0x24, 0x50, 
    0x24, 0x58, 0x24, 0x58, 0x24, 0x58, 0x23, 0x58, 0x23, 0x50, 0x24, 0x58, 
    0x24, 0x58, 0x24, 0x58, 0x24, 0x58, 0x24, 0x58, 0x24, 0x50, 0x24, 0x58, 
    0x24, 0x58, 0x24, 0x58, 0x24, 0x58, 0x24, 0x58, 0x24, 0x50, 0x24, 0x58, 
    0x24, 0x58, 0x24, 0x58, 0x24, 0x50, 0x24, 0x50, 0x23, 0x50, 0x23, 0x50, 
    0x23, 0x50, 0x24, 0x50, 0x03, 0x50, 0x24, 0x50, 0x23, 0x50, 0x23, 0x50, 
    0x23, 0x50, 0x23, 0x50, 0x23, 0x50, 0x23, 0x50, 0x23, 0x50, 0x23, 0x50, 
    0x23, 0x50, 0x23, 0x50, 0x23, 0x50, 0x04, 0x50, 0x03, 0x50, 0x23, 0x50, 
    0x23, 0x50, 0x23, 0x50, 0x23, 0x50, 0x23, 0x50, 0x23, 0x50, 0x03, 0x50, 
    0x23, 0x50, 0x23, 0x50, 0x63, 0x48, 0xc2, 0x40, 0x21, 0x39, 0x60, 0x31, 
    0xa0, 0x29, 0xc0, 0x21, 0xe0, 0x21, 0xe0, 0x19, 0xe0, 0x19, 0xe0, 0x19, 
    0xe0, 0x11, 0xc0, 0x11, 0xc0, 0x11, 0xc0, 0x11, 0xc0, 0x11, 0xc0, 0x09, 
    0xc0, 0x11, 0xc0, 0x11, 0xc0, 0x09, 0xa0, 0x09, 0xa0, 0x09, 0xa0, 0x09, 
    0xa0, 0x09, 0xc0, 0x09, 0xc0, 0x09, 0xc0, 0x09, 0xa0, 0x09, 0xa0, 0x09, 
    0xa0, 0x09, 0x80, 0x09, 0x60, 0x09, 0x60, 0x09, 0x60, 0x09, 0x40, 0x01, 
    0x40, 0x09, 0x40, 0x09, 0x40, 0x09, 0x40, 0x09, 0x20, 0x19, 0x00, 0x29, 
    0xc1, 0x38, 0x83, 0x50, 0x64, 0x58, 0x44, 0x58, 0x24, 0x50, 0x24, 0x50, 
    0x23, 0x50, 0x24, 0x50, 0x24, 0x50, 0x24, 0x50, 0x24, 0x58, 0x24, 0x58, 
    0x24, 0x58, 0x44, 0x58, 0x44, 0x58, 0x44, 0x58, 0x44, 0x58, 0x44, 0x58, 
    0x45, 0x60, 0x44, 0x60, 0x45, 0x60, 0x45, 0x60, 0x45, 0x60, 0x45, 0x60, 
    0x44, 0x60, 0x45, 0x60, 0x45, 0x60, 0x44, 0x60, 0x45, 0x60, 0x45, 0x60, 
    0x45, 0x60, 0x44, 0x60, 0x44, 0x60, 0x44, 0x60, 0x44, 0x60, 0x44, 0x60, 
    0x24, 0x60, 0x44, 0x60, 0x24, 0x58, 0x24, 0x60, 0x44, 0x60, 0x44, 0x60, 
    0x44, 0x60, 0x44, 0x58, 0x44, 0x60, 0x44, 0x60, 0x44, 0x60, 0x44, 0x60, 
    0x44, 0x60, 0x44, 0x60, 0x44, 0x60, 0x44, 0x60, 0x44, 0x60, 0x44, 0x60, 
    0x44, 0x60, 0x24, 0x58, 0x45, 0x60, 0x45, 0x60, 0x44, 0x60, 0x44, 0x60, 
    0x44, 0x60, 0x24, 0x58, 0x44, 0x58, 0x44, 0x58, 0x44, 0x58, 0x25, 0x58, 
    0x44, 0x60, 0x45, 0x60, 0x45, 0x60, 0x44, 0x58, 0x45, 0x60, 0x24, 0x58, 
    0x44, 0x60, 0x44, 0x58, 0x44, 0x60, 0x44, 0x58, 0x45, 0x60, 0x45, 0x58, 
    0x44, 0x60, 0x45, 0x58, 0x45, 0x60, 0x45, 0x60, 0x44, 0x58, 0x24, 0x58, 
    0x44, 0x60, 0x24, 0x58, 0x24, 0x58, 0x45, 0x60, 0x44, 0x58, 0x44, 0x58, 
    0x24, 0x58, 0x44, 0x58, 0x44, 0x58, 0x44, 0x58, 0x44, 0x58, 0x44, 0x58, 
    0x44, 0x58, 0x44, 0x58, 0x44, 0x58, 0x44, 0x58, 0x24, 0x58, 0x44, 0x58, 
    0x44, 0x58, 0x44, 0x58, 0x24, 0x58, 0x44, 0x58, 0x44, 0x50, 0x44, 0x50, 
    0x23, 0x48, 0x23, 0x48, 0x23, 0x50, 0x23, 0x50, 0x23, 0x50, 0x23, 0x50, 
    0x23, 0x50, 0x24, 0x50, 0x23, 0x50, 0x23, 0x50, 0x23, 0x50, 0x23, 0x50, 
    0x23, 0x50, 0x24, 0x50, 0x24, 0x58, 0x24, 0x58, 0x23, 0x50, 0x24, 0x58, 
    0x24, 0x58, 0x24, 0x58, 0x24, 0x58, 0x24, 0x58, 0x24, 0x58, 0x24, 0x50, 
    0x24, 0x50, 0x24, 0x50, 0x24, 0x50, 0x24, 0x50, 0x44, 0x58, 0x24, 0x50, 
    0x24, 0x50, 0x23, 0x50, 0x24, 0x58, 0x24, 0x58, 0x24, 0x58, 0x23, 0x58, 
    0x24, 0x58, 0x24, 0x58, 0x23, 0x50, 0x24, 0x58, 0x24, 0x58, 0x24, 0x50, 
    0x24, 0x58, 0x44, 0x58, 0x24, 0x58, 0x24, 0x58, 0x23, 0x58, 0x24, 0x58, 
    0x24, 0x58, 0x24, 0x58, 0x24, 0x50, 0x23, 0x50, 0x24, 0x58, 0x24, 0x58, 
    0x24, 0x58, 0x24, 0x50, 0x24, 0x50, 0x24, 0x58, 0x24, 0x58, 0x24, 0x58, 
    0x24, 0x50, 0x24, 0x58, 0x03, 0x50, 0x23, 0x50, 0x23, 0x50, 0x24, 0x50, 
    0x23, 0x50, 0x23, 0x50, 0x23, 0x58, 0x23, 0x50, 0x03, 0x50, 0x23, 0x50, 
    0x03, 0x50, 0x23, 0x50, 0x23, 0x50, 0x24, 0x50, 0x24, 0x50, 0x23, 0x50, 
    0x03, 0x50, 0x23, 0x50, 0x24, 0x50, 0x23, 0x50, 0x23, 0x50, 0x24, 0x50, 
    0x23, 0x50, 0x23, 0x50, 0x23, 0x50, 0x23, 0x50, 0x23, 0x50, 0x24, 0x50, 
    0x23, 0x50, 0x43, 0x48, 0x82, 0x48, 0xe1, 0x38, 0x40, 0x39, 0x80, 0x29, 
    0xc0, 0x29, 0xe0, 0x21, 0xe0, 0x19, 0xe0, 0x19, 0xe0, 0x19, 0xc0, 0x19, 
    0xe0, 0x19, 0xc0, 0x11, 0xc0, 0x11, 0xc0, 0x11, 0xc0, 0x09, 0xc0, 0x11, 
    0xa0, 0x09, 0xc0, 0x11, 0xc0, 0x09, 0xa0, 0x09, 0xa0, 0x09, 0xa0, 0x09, 
    0xc0, 0x09, 0xc0, 0x09, 0xc0, 0x09, 0xa0, 0x11, 0xa0, 0x09, 0xa0, 0x11, 
    0x80, 0x09, 0x80, 0x09, 0x60, 0x09, 0x60, 0x09, 0x60, 0x09, 0x40, 0x09, 
    0x40, 0x09, 0x60, 0x09, 0x40, 0x09, 0x40, 0x09, 0x20, 0x11, 0x20, 0x21, 
    0x00, 0x31, 0xe2, 0x40, 0x82, 0x50, 0x44, 0x58, 0x24, 0x50, 0x24, 0x50, 
    0x44, 0x50, 0x24, 0x50, 0x23, 0x50, 0x24, 0x50, 0x24, 0x58, 0x24, 0x58, 
    0x24, 0x58, 0x44, 0x58, 0x24, 0x58, 0x24, 0x58, 0x44, 0x58, 0x44, 0x58, 
    0x44, 0x58, 0x44, 0x60, 0x45, 0x60, 0x44, 0x60, 0x45, 0x60, 0x45, 0x60, 
    0x65, 0x60, 0x44, 0x60, 0x44, 0x60, 0x44, 0x60, 0x44, 0x60, 0x44, 0x58, 
    0x44, 0x60, 0x24, 0x58, 0x44, 0x58, 0x24, 0x58, 0x24, 0x60, 0x24, 0x58, 
    0x44, 0x60, 0x44, 0x60, 0x44, 0x58, 0x24, 0x60, 0x44, 0x58, 0x24, 0x60, 
    0x44, 0x58, 0x24, 0x58, 0x44, 0x60, 0x45, 0x58, 0x44, 0x60, 0x44, 0x60, 
    0x44, 0x58, 0x44, 0x60, 0x44, 0x60, 0x44, 0x60, 0x44, 0x60, 0x44, 0x60, 
    0x44, 0x58, 0x44, 0x60, 0x44, 0x60, 0x45, 0x58, 0x45, 0x60, 0x44, 0x58, 
    0x44, 0x60, 0x44, 0x58, 0x44, 0x58, 0x44, 0x58, 0x44, 0x60, 0x44, 0x58, 
    0x44, 0x60, 0x44, 0x60, 0x24, 0x58, 0x44, 0x58, 0x45, 0x58, 0x45, 0x58, 
    0x44, 0x60, 0x45, 0x58, 0x44, 0x58, 0x44, 0x58, 0x44, 0x58, 0x44, 0x58, 
    0x45, 0x60, 0x45, 0x60, 0x45, 0x60, 0x25, 0x58, 0x45, 0x60, 0x24, 0x58, 
    0x45, 0x60, 0x44, 0x58, 0x44, 0x58, 0x45, 0x60, 0x44, 0x58, 0x44, 0x58, 
    0x44, 0x58, 0x44, 0x58, 0x24, 0x58, 0x44, 0x58, 0x44, 0x60, 0x44, 0x58, 
    0x24, 0x58, 0x44, 0x58, 0x44, 0x60, 0x44, 0x58, 0x24, 0x58, 0x44, 0x58, 
    0x44, 0x58, 0x44, 0x58, 0x24, 0x58, 0x24, 0x58, 0x24, 0x50, 0x24, 0x50, 
    0x23, 0x48, 0x23, 0x48, 0x23, 0x48, 0x23, 0x48, 0x23, 0x50, 0x03, 0x50, 
    0x03, 0x50, 0x23, 0x50, 0x23, 0x50, 0x24, 0x50, 0x23, 0x50, 0x24, 0x50, 
    0x23, 0x50, 0x23, 0x50, 0x23, 0x50, 0x04, 0x50, 0x23, 0x50, 0x23, 0x50, 
    0x24, 0x58, 0x24, 0x58, 0x24, 0x58, 0x24, 0x50, 0x23, 0x50, 0x23, 0x50, 
    0x24, 0x58, 0x24, 0x58, 0x23, 0x50, 0x24, 0x50, 0x24, 0x58, 0x44, 0x58, 
    0x24, 0x50, 0x24, 0x58, 0x24, 0x50, 0x24, 0x58, 0x24, 0x58, 0x24, 0x58, 
    0x24, 0x58, 0x24, 0x50, 0x24, 0x50, 0x24, 0x58, 0x24, 0x58, 0x24, 0x58, 
    0x24, 0x58, 0x23, 0x50, 0x24, 0x58, 0x24, 0x58, 0x23, 0x58, 0x24, 0x58, 
    0x24, 0x58, 0x24, 0x58, 0x24, 0x58, 0x24, 0x58, 0x23, 0x50, 0x24, 0x50, 
    0x24, 0x58, 0x24, 0x58, 0x24, 0x58, 0x24, 0x58, 0x24, 0x58, 0x24, 0x50, 
    0x23, 0x50, 0x23, 0x50, 0x23, 0x50, 0x24, 0x50, 0x23, 0x50, 0x23, 0x50, 
    0x23, 0x50, 0x23, 0x50, 0x23, 0x50, 0x23, 0x50, 0x23, 0x50, 0x23, 0x50, 
    0x23, 0x50, 0x23, 0x50, 0x24, 0x50, 0x24, 0x50, 0x23, 0x50, 0x24, 0x50, 
    0x23, 0x50, 0x23, 0x50, 0x23, 0x50, 0x23, 0x50, 0x23, 0x50, 0x23, 0x50, 
    0x23, 0x50, 0x23, 0x50, 0x23, 0x50, 0x23, 0x50, 0x23, 0x50, 0x23, 0x50, 
    0x23, 0x50, 0x63, 0x50, 0xc2, 0x40, 0x01, 0x39, 0x60, 0x31, 0xa0, 0x29, 
    0xc0, 0x21, 0xe0, 0x21, 0xe0, 0x19, 0xc0, 0x19, 0xc0, 0x19, 0xc0, 0x19, 
    0xc0, 0x19, 0xc0, 0x11, 0xc0, 0x11, 0xc0, 0x11, 0xc0, 0x11, 0xc0, 0x11, 
    0xc0, 0x11, 0xc0, 0x09, 0xc0, 0x09, 0xa0, 0x09, 0xa0, 0x09, 0xa0, 0x09, 
    0xa0, 0x09, 0xc0, 0x09, 0xc0, 0x09, 0xc0, 0x09, 0xa0, 0x09, 0xa0, 0x09, 
    0x80, 0x09, 0x60, 0x09, 0x60, 0x09, 0x60, 0x09, 0x60, 0x09, 0x40, 0x09, 
    0x60, 0x09, 0x60, 0x09, 0x60, 0x09, 0x40, 0x09, 0x40, 0x11, 0x20, 0x19, 
    0x00, 0x29, 0xc1, 0x38, 0x82, 0x48, 0x63, 0x50, 0x24, 0x58, 0x24, 0x50, 
    0x23, 0x50, 0x23, 0x50, 0x24, 0x58, 0x24, 0x50, 0x24, 0x50, 0x24, 0x58, 
    0x24, 0x58, 0x44, 0x58, 0x44, 0x58, 0x24, 0x58, 0x44, 0x58, 0x44, 0x58, 
    0x44, 0x60, 0x24, 0x60, 0x24, 0x60, 0x44, 0x60, 0x44, 0x60, 0x24, 0x60, 
    0x44, 0x60, 0x24, 0x60, 0x45, 0x60, 0x44, 0x60, 0x44, 0x60, 0x24, 0x60, 
    0x44, 0x60, 0x44, 0x58, 0x44, 0x58, 0x44, 0x58, 0x44, 0x58, 0x44, 0x58, 
    0x24, 0x60, 0x44, 0x60, 0x44, 0x60, 0x24, 0x60, 0x44, 0x58, 0x24, 0x58, 
    0x44, 0x58, 0x44, 0x58, 0x24, 0x58, 0x24, 0x60, 0x44, 0x58, 0x44, 0x60, 
    0x44, 0x60, 0x44, 0x60, 0x44, 0x60, 0x44, 0x60, 0x44, 0x60, 0x44, 0x60, 
    0x44, 0x60, 0x45, 0x60, 0x45, 0x60, 0x45, 0x58, 0x45, 0x58, 0x45, 0x60, 
    0x24, 0x60, 0x44, 0x58, 0x44, 0x60, 0x45, 0x58, 0x45, 0x60, 0x44, 0x60, 
    0x45, 0x60, 0x44, 0x58, 0x44, 0x60, 0x45, 0x60, 0x44, 0x60, 0x45, 0x60, 
    0x44, 0x58, 0x44, 0x58, 0x44, 0x60, 0x44, 0x60, 0x44, 0x58, 0x44, 0x60, 
    0x24, 0x58, 0x44, 0x60, 0x44, 0x58, 0x44, 0x58, 0x44, 0x60, 0x45, 0x60, 
    0x44, 0x60, 0x44, 0x58, 0x45, 0x60, 0x44, 0x60, 0x44, 0x58, 0x44, 0x58, 
    0x44, 0x58, 0x44, 0x58, 0x24, 0x58, 0x44, 0x58, 0x44, 0x58, 0x44, 0x58, 
    0x24, 0x58, 0x44, 0x60, 0x44, 0x58, 0x44, 0x58, 0x24, 0x58, 0x24, 0x58, 
    0x24, 0x58, 0x24, 0x58, 0x24, 0x58, 0x24, 0x58, 0x24, 0x58, 0x44, 0x58, 
    0x03, 0x48, 0x23, 0x48, 0x23, 0x48, 0x23, 0x48, 0x23, 0x50, 0x03, 0x50, 
    0x23, 0x50, 0x23, 0x50, 0x23, 0x50, 0x24, 0x50, 0x23, 0x50, 0x23, 0x50, 
    0x03, 0x50, 0x23, 0x50, 0x24, 0x50, 0x24, 0x58, 0x24, 0x50, 0x24, 0x50, 
    0x24, 0x58, 0x23, 0x50, 0x23, 0x50, 0x24, 0x50, 0x24, 0x50, 0x24, 0x50, 
    0x24, 0x50, 0x24, 0x50, 0x24, 0x50, 0x24, 0x50, 0x23, 0x50, 0x24, 0x58, 
    0x24, 0x58, 0x24, 0x58, 0x24, 0x58, 0x23, 0x50, 0x24, 0x58, 0x24, 0x58, 
    0x24, 0x58, 0x24, 0x58, 0x24, 0x58, 0x44, 0x58, 0x24, 0x58, 0x24, 0x58, 
    0x24, 0x58, 0x44, 0x58, 0x44, 0x58, 0x24, 0x50, 0x23, 0x58, 0x23, 0x58, 
    0x24, 0x58, 0x24, 0x58, 0x24, 0x50, 0x24, 0x58, 0x23, 0x50, 0x24, 0x50, 
    0x23, 0x58, 0x24, 0x58, 0x24, 0x58, 0x24, 0x58, 0x24, 0x50, 0x24, 0x50, 
    0x23, 0x50, 0x24, 0x58, 0x23, 0x50, 0x24, 0x50, 0x23, 0x50, 0x23, 0x50, 
    0x23, 0x50, 0x24, 0x58, 0x24, 0x50, 0x24, 0x58, 0x03, 0x50, 0x23, 0x50, 
    0x23, 0x50, 0x23, 0x50, 0x24, 0x50, 0x24, 0x50, 0x23, 0x50, 0x03, 0x50, 
    0x23, 0x50, 0x23, 0x50, 0x23, 0x50, 0x23, 0x50, 0x03, 0x50, 0x23, 0x50, 
    0x23, 0x50, 0x23, 0x50, 0x03, 0x50, 0x23, 0x50, 0x23, 0x50, 0x23, 0x50, 
    0x43, 0x50, 0x82, 0x48, 0xe1, 0x40, 0x20, 0x39, 0x80, 0x31, 0xa0, 0x29, 
    0xe0, 0x21, 0xe0, 0x19, 0xe0, 0x19, 0xc0, 0x19, 0xe0, 0x19, 0xe0, 0x19, 
    0xe0, 0x19, 0xc0, 0x11, 0xc0, 0x11, 0xc0, 0x11, 0xc0, 0x11, 0xc0, 0x09, 
    0xc0, 0x11, 0xc0, 0x09, 0xa0, 0x09, 0xa0, 0x09, 0xa0, 0x09, 0xc0, 0x09, 
    0xc0, 0x11, 0xc0, 0x09, 0xc0, 0x09, 0xa0, 0x09, 0xa0, 0x09, 0x80, 0x09, 
    0x80, 0x09, 0x60, 0x09, 0x60, 0x09, 0x60, 0x09, 0x40, 0x09, 0x40, 0x09, 
    0x60, 0x09, 0x60, 0x09, 0x60, 0x09, 0x40, 0x09, 0x40, 0x09, 0x20, 0x11, 
    0x00, 0x21, 0xe0, 0x30, 0x82, 0x48, 0x43, 0x50, 0x24, 0x58, 0x24, 0x50, 
    0x24, 0x58, 0x23, 0x50, 0x24, 0x58, 0x24, 0x50, 0x24, 0x58, 0x24, 0x58, 
    0x24, 0x58, 0x24, 0x58, 0x24, 0x58, 0x24, 0x58, 0x24, 0x58, 0x44, 0x58, 
    0x44, 0x58, 0x44, 0x58, 0x44, 0x60, 0x24, 0x60, 0x44, 0x60, 0x44, 0x60, 
    0x45, 0x60, 0x44, 0x60, 0x44, 0x60, 0x44, 0x60, 0x44, 0x58, 0x44, 0x58, 
    0x44, 0x60, 0x24, 0x58, 0x24, 0x58, 0x24, 0x58, 0x24, 0x58, 0x24, 0x58, 
    0x24, 0x58, 0x44, 0x60, 0x44, 0x60, 0x24, 0x58, 0x24, 0x58, 0x24, 0x58, 
    0x44, 0x58, 0x44, 0x58, 0x44, 0x58, 0x44, 0x60, 0x44, 0x58, 0x44, 0x58, 
    0x24, 0x58, 0x44, 0x58, 0x44, 0x60, 0x24, 0x60, 0x44, 0x60, 0x24, 0x60, 
    0x45, 0x60, 0x45, 0x58, 0x44, 0x60, 0x44, 0x58, 0x45, 0x58, 0x45, 0x60, 
    0x45, 0x60, 0x44, 0x58, 0x44, 0x58, 0x44, 0x58, 0x44, 0x58, 0x24, 0x58, 
    0x45, 0x60, 0x45, 0x60, 0x45, 0x58, 0x45, 0x60, 0x44, 0x58, 0x44, 0x58, 
    0x45, 0x60, 0x44, 0x58, 0x45, 0x60, 0x44, 0x60, 0x45, 0x60, 0x44, 0x58, 
    0x44, 0x58, 0x44, 0x58, 0x45, 0x60, 0x44, 0x58, 0x44, 0x60, 0x24, 0x58, 
    0x45, 0x58, 0x44, 0x58, 0x44, 0x58, 0x44, 0x60, 0x24, 0x58, 0x44, 0x58, 
    0x44, 0x58, 0x24, 0x58, 0x45, 0x60, 0x44, 0x58, 0x44, 0x58, 0x24, 0x58, 
    0x44, 0x58, 0x44, 0x58, 0x44, 0x58, 0x44, 0x58, 0x24, 0x58, 0x44, 0x58, 
    0x24, 0x58, 0x24, 0x58, 0x24, 0x58, 0x44, 0x58, 0x44, 0x58, 0x24, 0x58, 
    0x03, 0x48, 0x23, 0x48, 0x23, 0x48, 0x23, 0x48, 0x23, 0x50, 0x23, 0x50, 
    0x23, 0x50, 0x23, 0x50, 0x23, 0x50, 0x24, 0x50, 0x23, 0x50, 0x23, 0x50, 
    0x23, 0x50, 0x23, 0x50, 0x24, 0x50, 0x23, 0x50, 0x24, 0x58, 0x24, 0x58, 
    0x23, 0x50, 0x24, 0x58, 0x24, 0x58, 0x24, 0x58, 0x24, 0x58, 0x24, 0x50, 
    0x24, 0x50, 0x24, 0x50, 0x24, 0x50, 0x24, 0x50, 0x24, 0x58, 0x24, 0x58, 
    0x24, 0x58, 0x24, 0x58, 0x24, 0x58, 0x24, 0x58, 0x23, 0x58, 0x24, 0x58, 
    0x24, 0x58, 0x24, 0x58, 0x24, 0x58, 0x24, 0x58, 0x44, 0x58, 0x24, 0x58, 
    0x24, 0x58, 0x23, 0x58, 0x24, 0x58, 0x24, 0x58, 0x23, 0x50, 0x44, 0x58, 
    0x44, 0x58, 0x24, 0x50, 0x24, 0x50, 0x24, 0x58, 0x23, 0x58, 0x24, 0x58, 
    0x23, 0x50, 0x23, 0x58, 0x23, 0x50, 0x23, 0x58, 0x23, 0x58, 0x23, 0x50, 
    0x23, 0x50, 0x24, 0x50, 0x24, 0x58, 0x24, 0x58, 0x23, 0x58, 0x03, 0x50, 
    0x24, 0x58, 0x23, 0x50, 0x24, 0x58, 0x24, 0x50, 0x23, 0x50, 0x23, 0x50, 
    0x24, 0x58, 0x23, 0x50, 0x23, 0x58, 0x24, 0x50, 0x24, 0x58, 0x24, 0x50, 
    0x23, 0x50, 0x23, 0x50, 0x23, 0x50, 0x03, 0x50, 0x23, 0x50, 0x23, 0x50, 
    0x23, 0x50, 0x23, 0x50, 0x23, 0x50, 0x23, 0x50, 0x23, 0x50, 0x23, 0x50, 
    0x63, 0x50, 0xc2, 0x48, 0x01, 0x39, 0x60, 0x39, 0xa0, 0x31, 0xc0, 0x29, 
    0xe0, 0x21, 0xe0, 0x19, 0xe0, 0x19, 0xe0, 0x19, 0xe0, 0x19, 0xe0, 0x19, 
    0xe0, 0x19, 0xe0, 0x19, 0xc0, 0x11, 0xc0, 0x11, 0xc0, 0x11, 0xc0, 0x09, 
    0xa0, 0x09, 0xa0, 0x09, 0xc0, 0x09, 0xa0, 0x09, 0xa0, 0x09, 0xa0, 0x09, 
    0xc0, 0x09, 0xc0, 0x09, 0xa0, 0x09, 0xa0, 0x09, 0xa0, 0x09, 0x80, 0x09, 
    0x80, 0x09, 0x60, 0x09, 0x60, 0x09, 0x40, 0x09, 0x40, 0x09, 0x60, 0x09, 
    0x60, 0x09, 0x60, 0x09, 0x60, 0x09, 0x40, 0x09, 0x60, 0x09, 0x20, 0x11, 
    0x00, 0x19, 0xc0, 0x30, 0x82, 0x48, 0x44, 0x50, 0x24, 0x50, 0x24, 0x50, 
    0x23, 0x50, 0x23, 0x50, 0x23, 0x50, 0x24, 0x50, 0x24, 0x58, 0x44, 0x58, 
    0x24, 0x58, 0x24, 0x58, 0x24, 0x58, 0x24, 0x58, 0x24, 0x58, 0x44, 0x60, 
    0x24, 0x60, 0x24, 0x60, 0x44, 0x60, 0x24, 0x60, 0x44, 0x60, 0x45, 0x60, 
    0x45, 0x60, 0x44, 0x60, 0x44, 0x60, 0x44, 0x60, 0x44, 0x58, 0x44, 0x58, 
    0x24, 0x58, 0x24, 0x58, 0x24, 0x58, 0x24, 0x58, 0x44, 0x58, 0x24, 0x58, 
    0x24, 0x58, 0x24, 0x58, 0x44, 0x58, 0x45, 0x58, 0x24, 0x58, 0x24, 0x58, 
    0x24, 0x58, 0x24, 0x58, 0x24, 0x58, 0x24, 0x58, 0x44, 0x60, 0x44, 0x60, 
    0x44, 0x60, 0x44, 0x60, 0x24, 0x58, 0x44, 0x60, 0x44, 0x60, 0x45, 0x60, 
    0x44, 0x60, 0x44, 0x58, 0x44, 0x60, 0x44, 0x60, 0x45, 0x58, 0x45, 0x60, 
    0x44, 0x60, 0x44, 0x60, 0x44, 0x58, 0x24, 0x58, 0x44, 0x58, 0x44, 0x60, 
    0x44, 0x60, 0x45, 0x58, 0x44, 0x58, 0x44, 0x60, 0x44, 0x58, 0x24, 0x58, 
    0x44, 0x60, 0x44, 0x58, 0x45, 0x58, 0x44, 0x60, 0x44, 0x60, 0x44, 0x58, 
    0x44, 0x58, 0x45, 0x60, 0x44, 0x58, 0x45, 0x58, 0x24, 0x58, 0x44, 0x60, 
    0x44, 0x58, 0x45, 0x60, 0x45, 0x58, 0x45, 0x60, 0x24, 0x58, 0x44, 0x58, 
    0x44, 0x60, 0x44, 0x58, 0x45, 0x60, 0x44, 0x58, 0x44, 0x58, 0x44, 0x58, 
    0x44, 0x58, 0x44, 0x58, 0x44, 0x58, 0x44, 0x58, 0x24, 0x58, 0x45, 0x58, 
    0x44, 0x58, 0x44, 0x58, 0x44, 0x58, 0x44, 0x58, 0x44, 0x58, 0x24, 0x50, 
    0x23, 0x48, 0x23, 0x48, 0x23, 0x48, 0x23, 0x48, 0x23, 0x48, 0x23, 0x48, 
    0x23, 0x48, 0x23, 0x50, 0x23, 0x50, 0x23, 0x50, 0x24, 0x50, 0x23, 0x50, 
    0x24, 0x50, 0x24, 0x50, 0x23, 0x50, 0x23, 0x50, 0x24, 0x58, 0x23, 0x50, 
    0x23, 0x50, 0x24, 0x58, 0x24, 0x58, 0x24, 0x58, 0x24, 0x58, 0x24, 0x58, 
    0x24, 0x58, 0x24, 0x58, 0x24, 0x50, 0x24, 0x50, 0x24, 0x58, 0x24, 0x58, 
    0x24, 0x58, 0x24, 0x58, 0x24, 0x58, 0x24, 0x58, 0x44, 0x58, 0x24, 0x58, 
    0x24, 0x58, 0x24, 0x58, 0x24, 0x58, 0x24, 0x58, 0x24, 0x58, 0x24, 0x58, 
    0x24, 0x58, 0x24, 0x58, 0x24, 0x58, 0x24, 0x58, 0x24, 0x58, 0x24, 0x50, 
    0x24, 0x58, 0x24, 0x58, 0x24, 0x58, 0x24, 0x58, 0x23, 0x58, 0x24, 0x58, 
    0x23, 0x50, 0x23, 0x58, 0x23, 0x58, 0x24, 0x58, 0x24, 0x58, 0x24, 0x50, 
    0x24, 0x58, 0x24, 0x58, 0x24, 0x58, 0x24, 0x58, 0x24, 0x58, 0x23, 0x50, 
    0x23, 0x58, 0x23, 0x50, 0x24, 0x58, 0x24, 0x58, 0x23, 0x50, 0x23, 0x50, 
    0x23, 0x50, 0x23, 0x50, 0x23, 0x50, 0x24, 0x50, 0x24, 0x58, 0x23, 0x50, 
    0x23, 0x50, 0x23, 0x50, 0x23, 0x50, 0x24, 0x50, 0x24, 0x50, 0x24, 0x50, 
    0x23, 0x50, 0x23, 0x50, 0x23, 0x50, 0x23, 0x50, 0x23, 0x50, 0x43, 0x50, 
    0x62, 0x48, 0xe1, 0x40, 0x20, 0x39, 0x80, 0x31, 0xa0, 0x29, 0xe0, 0x29, 
    0xe0, 0x21, 0xe0, 0x21, 0xe0, 0x19, 0xe0, 0x19, 0xe0, 0x19, 0xe0, 0x19, 
    0xe0, 0x19, 0xc0, 0x11, 0xc0, 0x11, 0xc0, 0x11, 0xc0, 0x11, 0xc0, 0x11, 
    0xc0, 0x11, 0xc0, 0x11, 0xc0, 0x09, 0xc0, 0x09, 0xc0, 0x09, 0xc0, 0x09, 
    0xc0, 0x09, 0xa0, 0x09, 0xa0, 0x09, 0xa0, 0x09, 0xa0, 0x09, 0x80, 0x09, 
    0x80, 0x09, 0x60, 0x09, 0x60, 0x09, 0x60, 0x09, 0x60, 0x09, 0x60, 0x09, 
    0x60, 0x09, 0x60, 0x09, 0x60, 0x09, 0x40, 0x09, 0x40, 0x09, 0x20, 0x11, 
    0x00, 0x19, 0xc0, 0x30, 0x62, 0x40, 0x44, 0x50, 0x24, 0x50, 0x24, 0x50, 
    0x23, 0x50, 0x23, 0x50, 0x24, 0x50, 0x24, 0x58, 0x24, 0x58, 0x24, 0x50, 
    0x24, 0x58, 0x24, 0x58, 0x24, 0x58, 0x24, 0x58, 0x24, 0x58, 0x24, 0x58, 
    0x44, 0x58, 0x24, 0x60, 0x24, 0x58, 0x44, 0x60, 0x24, 0x58, 0x44, 0x58, 
    0x44, 0x58, 0x44, 0x58, 0x44, 0x58, 0x44, 0x58, 0x24, 0x58, 0x44, 0x58, 
    0x24, 0x58, 0x44, 0x58, 0x24, 0x58, 0x24, 0x58, 0x24, 0x58, 0x24, 0x58, 
    0x24, 0x58, 0x24, 0x58, 0x24, 0x58, 0x24, 0x58, 0x24, 0x58, 0x24, 0x58, 
    0x44, 0x58, 0x44, 0x58, 0x24, 0x58, 0x44, 0x60, 0x44, 0x60, 0x44, 0x60, 
    0x45, 0x58, 0x44, 0x58, 0x45, 0x60, 0x44, 0x60, 0x44, 0x60, 0x45, 0x60, 
    0x44, 0x60, 0x45, 0x60, 0x44, 0x58, 0x45, 0x60, 0x45, 0x58, 0x45, 0x60, 
    0x45, 0x60, 0x44, 0x60, 0x44, 0x60, 0x45, 0x60, 0x45, 0x60, 0x44, 0x60, 
    0x44, 0x58, 0x44, 0x60, 0x44, 0x58, 0x45, 0x60, 0x24, 0x58, 0x44, 0x58, 
    0x44, 0x58, 0x45, 0x60, 0x44, 0x58, 0x24, 0x58, 0x24, 0x58, 0x44, 0x58, 
    0x44, 0x60, 0x45, 0x60, 0x44, 0x58, 0x44, 0x58, 0x44, 0x58, 0x44, 0x60, 
    0x44, 0x58, 0x44, 0x58, 0x45, 0x58, 0x24, 0x58, 0x45, 0x60, 0x44, 0x58, 
    0x44, 0x60, 0x45, 0x58, 0x44, 0x58, 0x24, 0x58, 0x44, 0x58, 0x24, 0x58, 
    0x44, 0x58, 0x24, 0x58, 0x24, 0x58, 0x44, 0x58, 0x44, 0x58, 0x24, 0x58, 
    0x44, 0x58, 0x44, 0x58, 0x44, 0x58, 0x24, 0x58, 0x24, 0x58, 0x24, 0x50, 
    0x23, 0x48, 0x23, 0x48, 0x23, 0x48, 0x23, 0x48, 0x23, 0x48, 0x23, 0x48, 
    0x23, 0x48, 0x23, 0x50, 0x23, 0x50, 0x23, 0x50, 0x24, 0x50, 0x23, 0x50, 
    0x23, 0x50, 0x03, 0x50, 0x24, 0x50, 0x23, 0x50, 0x23, 0x50, 0x23, 0x50, 
    0x24, 0x58, 0x24, 0x58, 0x23, 0x50, 0x24, 0x58, 0x23, 0x50, 0x23, 0x50, 
    0x24, 0x58, 0x24, 0x58, 0x24, 0x58, 0x24, 0x50, 0x24, 0x50, 0x24, 0x58, 
    0x24, 0x58, 0x44, 0x58, 0x24, 0x50, 0x24, 0x58, 0x44, 0x58, 0x24, 0x58, 
    0x24, 0x58, 0x44, 0x58, 0x44, 0x58, 0x24, 0x58, 0x24, 0x58, 0x24, 0x58, 
    0x24, 0x58, 0x24, 0x58, 0x24, 0x58, 0x24, 0x58, 0x24, 0x58, 0x24, 0x58, 
    0x24, 0x58, 0x24, 0x58, 0x24, 0x58, 0x23, 0x50, 0x23, 0x50, 0x23, 0x50, 
    0x23, 0x50, 0x24, 0x58, 0x23, 0x50, 0x24, 0x58, 0x23, 0x58, 0x23, 0x50, 
    0x24, 0x58, 0x24, 0x58, 0x24, 0x58, 0x24, 0x58, 0x24, 0x58, 0x03, 0x50, 
    0x24, 0x50, 0x24, 0x58, 0x24, 0x50, 0x24, 0x58, 0x24, 0x58, 0x23, 0x50, 
    0x23, 0x50, 0x23, 0x58, 0x24, 0x58, 0x24, 0x58, 0x24, 0x58, 0x23, 0x50, 
    0x23, 0x58, 0x23, 0x50, 0x24, 0x50, 0x23, 0x50, 0x24, 0x50, 0x23, 0x50, 
    0x03, 0x50, 0x23, 0x50, 0x23, 0x50, 0x23, 0x50, 0x23, 0x50, 0x42, 0x50, 
    0xa1, 0x48, 0x01, 0x41, 0x60, 0x39, 0x80, 0x29, 0xc0, 0x29, 0xe0, 0x21, 
    0xe0, 0x21, 0xe0, 0x19, 0xe0, 0x19, 0xe0, 0x19, 0xe0, 0x19, 0xe0, 0x19, 
    0xe0, 0x19, 0xc0, 0x11, 0xc0, 0x11, 0xc0, 0x11, 0xc0, 0x11, 0xc0, 0x09, 
    0xa0, 0x09, 0xc0, 0x09, 0xc0, 0x11, 0xc0, 0x09, 0xc0, 0x09, 0xc0, 0x09, 
    0xc0, 0x11, 0xa0, 0x09, 0xa0, 0x09, 0x80, 0x09, 0xa0, 0x09, 0x80, 0x09, 
    0x80, 0x11, 0x80, 0x09, 0x60, 0x09, 0x60, 0x09, 0x60, 0x09, 0x60, 0x09, 
    0x60, 0x09, 0x60, 0x09, 0x60, 0x09, 0x40, 0x09, 0x40, 0x09, 0x40, 0x11, 
    0x00, 0x21, 0xe1, 0x30, 0x82, 0x40, 0x44, 0x50, 0x23, 0x50, 0x24, 0x50, 
    0x23, 0x50, 0x23, 0x50, 0x24, 0x50, 0x24, 0x50, 0x24, 0x58, 0x44, 0x58, 
    0x44, 0x58, 0x24, 0x58, 0x24, 0x58, 0x24, 0x58, 0x24, 0x58, 0x44, 0x58, 
    0x44, 0x58, 0x44, 0x58, 0x24, 0x58, 0x24, 0x58, 0x24, 0x58, 0x24, 0x58, 
    0x24, 0x58, 0x44, 0x58, 0x44, 0x60, 0x24, 0x58, 0x24, 0x58, 0x44, 0x60, 
    0x24, 0x58, 0x24, 0x58, 0x44, 0x58, 0x24, 0x60, 0x24, 0x58, 0x24, 0x58, 
    0x24, 0x58, 0x24, 0x58, 0x24, 0x58, 0x24, 0x58, 0x24, 0x58, 0x24, 0x58, 
    0x44, 0x58, 0x24, 0x58, 0x44, 0x58, 0x44, 0x60, 0x44, 0x60, 0x44, 0x60, 
    0x44, 0x60, 0x44, 0x60, 0x44, 0x60, 0x44, 0x60, 0x45, 0x60, 0x44, 0x60, 
    0x45, 0x60, 0x44, 0x60, 0x45, 0x60, 0x45, 0x60, 0x45, 0x60, 0x44, 0x58, 
    0x45, 0x60, 0x44, 0x58, 0x45, 0x60, 0x45, 0x60, 0x45, 0x60, 0x44, 0x58, 
    0x45, 0x58, 0x45, 0x58, 0x44, 0x58, 0x45, 0x60, 0x44, 0x60, 0x45, 0x60, 
    0x44, 0x58, 0x44, 0x60, 0x44, 0x58, 0x44, 0x58, 0x24, 0x58, 0x44, 0x60, 
    0x44, 0x58, 0x45, 0x60, 0x44, 0x60, 0x45, 0x60, 0x44, 0x60, 0x45, 0x60, 
    0x44, 0x60, 0x45, 0x60, 0x45, 0x58, 0x44, 0x58, 0x44, 0x58, 0x44, 0x60, 
    0x44, 0x60, 0x24, 0x58, 0x44, 0x60, 0x44, 0x58, 0x44, 0x58, 0x24, 0x58, 
    0x44, 0x60, 0x44, 0x58, 0x44, 0x58, 0x44, 0x58, 0x44, 0x58, 0x24, 0x58, 
    0x44, 0x58, 0x24, 0x58, 0x24, 0x58, 0x44, 0x58, 0x44, 0x58, 0x24, 0x50, 
    0x23, 0x48, 0x23, 0x48, 0x23, 0x48, 0x23, 0x48, 0x23, 0x48, 0x23, 0x48, 
    0x23, 0x48, 0x23, 0x48, 0x23, 0x50, 0x23, 0x50, 0x23, 0x50, 0x23, 0x50, 
    0x24, 0x50, 0x23, 0x50, 0x23, 0x50, 0x23, 0x50, 0x23, 0x50, 0x23, 0x50, 
    0x23, 0x50, 0x24, 0x50, 0x24, 0x50, 0x44, 0x58, 0x24, 0x50, 0x23, 0x50, 
    0x24, 0x50, 0x24, 0x50, 0x24, 0x58, 0x24, 0x58, 0x44, 0x58, 0x24, 0x58, 
    0x24, 0x58, 0x24, 0x58, 0x24, 0x58, 0x23, 0x58, 0x23, 0x58, 0x24, 0x58, 
    0x24, 0x58, 0x24, 0x58, 0x44, 0x58, 0x24, 0x58, 0x24, 0x58, 0x24, 0x58, 
    0x24, 0x58, 0x24, 0x58, 0x24, 0x58, 0x24, 0x58, 0x24, 0x58, 0x24, 0x58, 
    0x24, 0x58, 0x24, 0x58, 0x23, 0x50, 0x24, 0x58, 0x23, 0x58, 0x24, 0x58, 
    0x24, 0x58, 0x24, 0x58, 0x24, 0x58, 0x24, 0x50, 0x24, 0x58, 0x24, 0x50, 
    0x24, 0x50, 0x24, 0x50, 0x23, 0x58, 0x23, 0x58, 0x24, 0x58, 0x24, 0x50, 
    0x23, 0x50, 0x24, 0x50, 0x24, 0x58, 0x24, 0x58, 0x23, 0x58, 0x23, 0x50, 
    0x23, 0x50, 0x23, 0x50, 0x24, 0x50, 0x23, 0x50, 0x23, 0x58, 0x23, 0x58, 
    0x24, 0x50, 0x23, 0x50, 0x23, 0x50, 0x23, 0x50, 0x23, 0x50, 0x24, 0x50, 
    0x23, 0x50, 0x23, 0x50, 0x23, 0x50, 0x23, 0x50, 0x23, 0x50, 0x82, 0x48, 
    0xe1, 0x40, 0x20, 0x39, 0x60, 0x31, 0xa0, 0x29, 0xc0, 0x21, 0xe0, 0x21, 
    0xe0, 0x21, 0xe0, 0x19, 0xe0, 0x19, 0xe0, 0x19, 0xe0, 0x19, 0xe0, 0x19, 
    0xe0, 0x19, 0xe0, 0x11, 0xc0, 0x11, 0xc0, 0x11, 0xc0, 0x11, 0xc0, 0x11, 
    0xc0, 0x11, 0xc0, 0x09, 0xc0, 0x09, 0xc0, 0x11, 0xc0, 0x09, 0xc0, 0x09, 
    0xc0, 0x09, 0xc0, 0x09, 0xc0, 0x09, 0xa0, 0x09, 0xa0, 0x09, 0x80, 0x09, 
    0x80, 0x09, 0x80, 0x11, 0x80, 0x09, 0x80, 0x09, 0x80, 0x09, 0x60, 0x09, 
    0x60, 0x09, 0x60, 0x09, 0x60, 0x09, 0x40, 0x09, 0x40, 0x09, 0x40, 0x11, 
    0x20, 0x19, 0x00, 0x31, 0xa2, 0x40, 0x63, 0x50, 0x24, 0x50, 0x24, 0x50, 
    0x24, 0x50, 0x23, 0x50, 0x23, 0x50, 0x24, 0x50, 0x24, 0x58, 0x24, 0x58, 
    0x24, 0x58, 0x24, 0x58, 0x24, 0x58, 0x24, 0x58, 0x24, 0x58, 0x44, 0x58, 
    0x24, 0x58, 0x44, 0x58, 0x24, 0x58, 0x24, 0x58, 0x44, 0x58, 0x24, 0x58, 
    0x44, 0x58, 0x24, 0x58, 0x44, 0x58, 0x44, 0x58, 0x24, 0x58, 0x24, 0x58, 
    0x24, 0x58, 0x44, 0x58, 0x44, 0x58, 0x24, 0x58, 0x24, 0x58, 0x24, 0x58, 
    0x24, 0x58, 0x24, 0x58, 0x24, 0x58, 0x24, 0x58, 0x24, 0x58, 0x44, 0x58, 
    0x24, 0x58, 0x24, 0x58, 0x44, 0x58, 0x44, 0x60, 0x44, 0x58, 0x44, 0x60, 
    0x44, 0x60, 0x44, 0x60, 0x45, 0x60, 0x45, 0x60, 0x44, 0x60, 0x44, 0x60, 
    0x45, 0x60, 0x45, 0x60, 0x44, 0x60, 0x24, 0x58, 0x45, 0x60, 0x45, 0x60, 
    0x44, 0x58, 0x45, 0x60, 0x44, 0x60, 0x24, 0x60, 0x44, 0x60, 0x44, 0x58, 
    0x44, 0x60, 0x24, 0x58, 0x44, 0x60, 0x45, 0x58, 0x24, 0x58, 0x45, 0x58, 
    0x45, 0x58, 0x44, 0x60, 0x44, 0x60, 0x44, 0x60, 0x45, 0x60, 0x44, 0x58, 
    0x44, 0x60, 0x45, 0x60, 0x44, 0x58, 0x45, 0x60, 0x44, 0x58, 0x45, 0x60, 
    0x45, 0x60, 0x44, 0x58, 0x24, 0x58, 0x44, 0x58, 0x44, 0x58, 0x44, 0x58, 
    0x44, 0x58, 0x44, 0x58, 0x25, 0x58, 0x24, 0x58, 0x25, 0x58, 0x24, 0x58, 
    0x44, 0x58, 0x24, 0x58, 0x44, 0x58, 0x44, 0x58, 0x44, 0x58, 0x44, 0x58, 
    0x44, 0x58, 0x44, 0x58, 0x24, 0x58, 0x44, 0x58, 0x44, 0x58, 0x24, 0x58, 
    0x23, 0x48, 0x23, 0x48, 0x23, 0x48, 0x23, 0x48, 0x23, 0x48, 0x23, 0x48, 
    0x23, 0x50, 0x23, 0x50, 0x23, 0x50, 0x24, 0x50, 0x23, 0x50, 0x03, 0x50, 
    0x24, 0x50, 0x03, 0x50, 0x23, 0x50, 0x23, 0x50, 0x23, 0x50, 0x23, 0x50, 
    0x23, 0x50, 0x24, 0x50, 0x24, 0x50, 0x24, 0x50, 0x24, 0x50, 0x24, 0x58, 
    0x24, 0x58, 0x24, 0x50, 0x24, 0x58, 0x24, 0x58, 0x24, 0x58, 0x24, 0x58, 
    0x24, 0x58, 0x24, 0x50, 0x24, 0x58, 0x23, 0x58, 0x44, 0x58, 0x24, 0x58, 
    0x24, 0x58, 0x24, 0x58, 0x24, 0x58, 0x24, 0x58, 0x24, 0x58, 0x24, 0x58, 
    0x24, 0x58, 0x24, 0x58, 0x24, 0x58, 0x24, 0x58, 0x24, 0x58, 0x24, 0x58, 
    0x24, 0x58, 0x24, 0x50, 0x24, 0x58, 0x24, 0x58, 0x24, 0x58, 0x24, 0x58, 
    0x24, 0x58, 0x24, 0x58, 0x24, 0x58, 0x24, 0x50, 0x24, 0x50, 0x24, 0x50, 
    0x24, 0x50, 0x23, 0x50, 0x23, 0x58, 0x24, 0x58, 0x23, 0x58, 0x24, 0x58, 
    0x23, 0x50, 0x23, 0x58, 0x23, 0x58, 0x23, 0x58, 0x24, 0x58, 0x24, 0x58, 
    0x24, 0x50, 0x24, 0x58, 0x23, 0x50, 0x24, 0x50, 0x23, 0x50, 0x23, 0x50, 
    0x23, 0x50, 0x23, 0x50, 0x23, 0x50, 0x23, 0x50, 0x23, 0x50, 0x24, 0x50, 
    0x23, 0x50, 0x23, 0x50, 0x23, 0x50, 0x23, 0x50, 0x42, 0x50, 0xa1, 0x40, 
    0x01, 0x39, 0x40, 0x31, 0x80, 0x29, 0xc0, 0x21, 0xc0, 0x21, 0xe0, 0x21, 
    0xc0, 0x21, 0xe0, 0x19, 0xe0, 0x19, 0xe0, 0x19, 0xe0, 0x19, 0xe0, 0x19, 
    0xe0, 0x19, 0xc0, 0x11, 0xc0, 0x11, 0xc0, 0x11, 0xc0, 0x11, 0xc0, 0x11, 
    0xc0, 0x11, 0xc0, 0x11, 0xc0, 0x11, 0xc0, 0x11, 0xc0, 0x09, 0xc0, 0x11, 
    0xc0, 0x09, 0xc0, 0x11, 0xc0, 0x11, 0xc0, 0x09, 0xa0, 0x09, 0x80, 0x09, 
    0x80, 0x09, 0x80, 0x09, 0x80, 0x09, 0x80, 0x11, 0x60, 0x09, 0x60, 0x09, 
    0x60, 0x09, 0x60, 0x09, 0x60, 0x09, 0x40, 0x09, 0x60, 0x09, 0x40, 0x11, 
    0x20, 0x19, 0x00, 0x29, 0xc1, 0x38, 0x63, 0x48, 0x44, 0x50, 0x24, 0x50, 
    0x24, 0x50, 0x24, 0x50, 0x24, 0x50, 0x23, 0x50, 0x24, 0x50, 0x24, 0x58, 
    0x23, 0x58, 0x24, 0x58, 0x24, 0x50, 0x24, 0x58, 0x24, 0x58, 0x44, 0x58, 
    0x44, 0x58, 0x44, 0x58, 0x24, 0x58, 0x24, 0x58, 0x24, 0x58, 0x24, 0x58, 
    0x24, 0x58, 0x24, 0x58, 0x24, 0x58, 0x44, 0x58, 0x44, 0x58, 0x24, 0x58, 
    0x24, 0x58, 0x24, 0x58, 0x24, 0x58, 0x24, 0x58, 0x24, 0x58, 0x24, 0x58, 
    0x24, 0x58, 0x24, 0x58, 0x24, 0x58, 0x24, 0x58, 0x24, 0x58, 0x24, 0x58, 
    0x24, 0x58, 0x24, 0x58, 0x24, 0x60, 0x44, 0x58, 0x44, 0x60, 0x44, 0x60, 
    0x44, 0x60, 0x45, 0x60, 0x45, 0x60, 0x45, 0x60, 0x44, 0x60, 0x44, 0x60, 
    0x44, 0x60, 0x45, 0x60, 0x24, 0x58, 0x24, 0x60, 0x44, 0x60, 0x44, 0x60, 
    0x44, 0x60, 0x44, 0x58, 0x44, 0x60, 0x44, 0x60, 0x44, 0x60, 0x44, 0x60, 
    0x44, 0x60, 0x24, 0x60, 0x45, 0x60, 0x45, 0x60, 0x45, 0x58, 0x45, 0x58, 
    0x45, 0x60, 0x44, 0x60, 0x24, 0x58, 0x44, 0x60, 0x45, 0x60, 0x44, 0x60, 
    0x44, 0x58, 0x45, 0x58, 0x44, 0x58, 0x45, 0x60, 0x44, 0x58, 0x45, 0x60, 
    0x45, 0x58, 0x45, 0x58, 0x45, 0x58, 0x45, 0x60, 0x44, 0x58, 0x44, 0x58, 
    0x45, 0x60, 0x44, 0x60, 0x44, 0x60, 0x45, 0x58, 0x44, 0x58, 0x44, 0x58, 
    0x44, 0x58, 0x44, 0x58, 0x44, 0x58, 0x44, 0x58, 0x44, 0x58, 0x44, 0x58, 
    0x44, 0x58, 0x24, 0x58, 0x44, 0x58, 0x44, 0x58, 0x44, 0x58, 0x24, 0x58, 
    0x23, 0x48, 0x23, 0x48, 0x23, 0x48, 0x23, 0x48, 0x23, 0x48, 0x03, 0x48, 
    0x23, 0x48, 0x23, 0x50, 0x23, 0x50, 0x23, 0x50, 0x23, 0x50, 0x23, 0x50, 
    0x23, 0x50, 0x23, 0x50, 0x23, 0x50, 0x24, 0x58, 0x24, 0x58, 0x23, 0x50, 
    0x03, 0x50, 0x24, 0x50, 0x24, 0x58, 0x23, 0x50, 0x24, 0x50, 0x24, 0x58, 
    0x23, 0x58, 0x23, 0x50, 0x44, 0x58, 0x24, 0x58, 0x24, 0x58, 0x24, 0x58, 
    0x24, 0x58, 0x24, 0x58, 0x24, 0x58, 0x24, 0x58, 0x44, 0x58, 0x24, 0x58, 
    0x24, 0x58, 0x24, 0x58, 0x24, 0x58, 0x24, 0x58, 0x24, 0x58, 0x24, 0x58, 
    0x24, 0x58, 0x24, 0x58, 0x44, 0x58, 0x24, 0x58, 0x24, 0x50, 0x24, 0x58, 
    0x24, 0x58, 0x24, 0x58, 0x24, 0x58, 0x24, 0x58, 0x24, 0x58, 0x23, 0x50, 
    0x24, 0x58, 0x24, 0x58, 0x24, 0x58, 0x23, 0x50, 0x24, 0x58, 0x24, 0x50, 
    0x24, 0x58, 0x24, 0x58, 0x23, 0x50, 0x24, 0x58, 0x44, 0x58, 0x23, 0x58, 
    0x23, 0x50, 0x24, 0x50, 0x24, 0x58, 0x24, 0x58, 0x24, 0x58, 0x03, 0x50, 
    0x23, 0x50, 0x23, 0x58, 0x23, 0x58, 0x23, 0x50, 0x23, 0x50, 0x24, 0x58, 
    0x23, 0x50, 0x23, 0x58, 0x23, 0x50, 0x23, 0x50, 0x23, 0x50, 0x23, 0x50, 
    0x03, 0x50, 0x03, 0x50, 0x23, 0x50, 0x23, 0x48, 0x82, 0x48, 0xe1, 0x40, 
    0x20, 0x39, 0x80, 0x31, 0xa0, 0x29, 0xc0, 0x21, 0xe0, 0x21, 0xe0, 0x21, 
    0xe0, 0x19, 0xc0, 0x19, 0xc0, 0x19, 0xe0, 0x19, 0xe0, 0x19, 0xe0, 0x19, 
    0xc0, 0x19, 0xc0, 0x11, 0xe0, 0x19, 0xc0, 0x11, 0xc0, 0x11, 0xc0, 0x11, 
    0xc0, 0x11, 0xc0, 0x11, 0xc0, 0x11, 0xc0, 0x11, 0xc0, 0x11, 0xa0, 0x11, 
    0xc0, 0x11, 0xc0, 0x11, 0xc0, 0x11, 0xc0, 0x11, 0xa0, 0x09, 0xa0, 0x09, 
    0xa0, 0x11, 0xa0, 0x11, 0x80, 0x09, 0x80, 0x11, 0x60, 0x09, 0x40, 0x09, 
    0x60, 0x09, 0x40, 0x09, 0x60, 0x09, 0x60, 0x09, 0x60, 0x09, 0x40, 0x09, 
    0x20, 0x11, 0xe0, 0x20, 0xc1, 0x30, 0x62, 0x48, 0x43, 0x50, 0x24, 0x50, 
    0x23, 0x50, 0x23, 0x50, 0x03, 0x50, 0x24, 0x50, 0x24, 0x50, 0x24, 0x50, 
    0x24, 0x50, 0x24, 0x50, 0x44, 0x50, 0x24, 0x58, 0x24, 0x58, 0x24, 0x58, 
    0x24, 0x58, 0x24, 0x58, 0x24, 0x58, 0x24, 0x58, 0x24, 0x58, 0x24, 0x58, 
    0x24, 0x58, 0x44, 0x58, 0x44, 0x58, 0x24, 0x58, 0x24, 0x58, 0x24, 0x58, 
    0x24, 0x58, 0x24, 0x58, 0x24, 0x58, 0x24, 0x58, 0x24, 0x58, 0x24, 0x58, 
    0x24, 0x58, 0x24, 0x60, 0x24, 0x58, 0x44, 0x58, 0x24, 0x58, 0x24, 0x58, 
    0x24, 0x60, 0x44, 0x60, 0x24, 0x58, 0x44, 0x60, 0x44, 0x58, 0x44, 0x60, 
    0x24, 0x58, 0x25, 0x60, 0x45, 0x60, 0x45, 0x60, 0x24, 0x58, 0x45, 0x60, 
    0x44, 0x60, 0x44, 0x60, 0x44, 0x58, 0x44, 0x58, 0x44, 0x58, 0x44, 0x60, 
    0x45, 0x60, 0x45, 0x60, 0x45, 0x58, 0x44, 0x58, 0x45, 0x60, 0x44, 0x60, 
    0x45, 0x60, 0x44, 0x58, 0x44, 0x58, 0x44, 0x60, 0x44, 0x58, 0x44, 0x58, 
    0x44, 0x60, 0x24, 0x60, 0x45, 0x60, 0x45, 0x60, 0x45, 0x60, 0x45, 0x58, 
    0x44, 0x58, 0x45, 0x58, 0x25, 0x58, 0x44, 0x58, 0x44, 0x58, 0x44, 0x58, 
    0x25, 0x58, 0x44, 0x60, 0x44, 0x60, 0x44, 0x60, 0x44, 0x60, 0x44, 0x60, 
    0x44, 0x58, 0x44, 0x60, 0x44, 0x58, 0x45, 0x58, 0x24, 0x58, 0x24, 0x58, 
    0x44, 0x58, 0x44, 0x60, 0x45, 0x58, 0x45, 0x58, 0x24, 0x58, 0x44, 0x58, 
    0x24, 0x58, 0x24, 0x58, 0x24, 0x58, 0x44, 0x58, 0x24, 0x58, 0x24, 0x58, 
    0x23, 0x48, 0x23, 0x48, 0x23, 0x48, 0x23, 0x48, 0x23, 0x48, 0x23, 0x48, 
    0x23, 0x48, 0x23, 0x50, 0x23, 0x50, 0x23, 0x50, 0x23, 0x50, 0x23, 0x50, 
    0x23, 0x50, 0x23, 0x50, 0x23, 0x50, 0x23, 0x50, 0x23, 0x50, 0x23, 0x50, 
    0x23, 0x50, 0x24, 0x50, 0x23, 0x50, 0x24, 0x58, 0x24, 0x58, 0x23, 0x58, 
    0x23, 0x50, 0x23, 0x50, 0x23, 0x50, 0x24, 0x58, 0x24, 0x58, 0x24, 0x58, 
    0x24, 0x58, 0x24, 0x58, 0x24, 0x58, 0x24, 0x58, 0x24, 0x58, 0x24, 0x58, 
    0x24, 0x58, 0x24, 0x58, 0x24, 0x58, 0x24, 0x58, 0x24, 0x58, 0x24, 0x58, 
    0x24, 0x58, 0x24, 0x58, 0x24, 0x58, 0x24, 0x58, 0x24, 0x58, 0x24, 0x58, 
    0x24, 0x58, 0x24, 0x50, 0x24, 0x58, 0x24, 0x58, 0x23, 0x50, 0x24, 0x58, 
    0x24, 0x58, 0x24, 0x58, 0x24, 0x58, 0x23, 0x50, 0x24, 0x50, 0x24, 0x50, 
    0x24, 0x58, 0x24, 0x58, 0x24, 0x58, 0x23, 0x50, 0x24, 0x50, 0x24, 0x58, 
    0x23, 0x58, 0x23, 0x50, 0x24, 0x58, 0x24, 0x58, 0x23, 0x58, 0x23, 0x58, 
    0x24, 0x58, 0x24, 0x58, 0x24, 0x50, 0x23, 0x50, 0x24, 0x58, 0x24, 0x50, 
    0x24, 0x50, 0x23, 0x50, 0x23, 0x50, 0x23, 0x50, 0x24, 0x50, 0x24, 0x50, 
    0x23, 0x50, 0x23, 0x50, 0x23, 0x50, 0x42, 0x48, 0xc2, 0x40, 0x00, 0x39, 
    0x60, 0x31, 0x80, 0x29, 0xc0, 0x21, 0xe0, 0x19, 0xe0, 0x21, 0xe0, 0x21, 
    0xe0, 0x19, 0xe0, 0x19, 0xe0, 0x19, 0xe0, 0x19, 0xe0, 0x19, 0xe0, 0x19, 
    0xe0, 0x19, 0xc0, 0x19, 0xc0, 0x11, 0xe0, 0x11, 0xc0, 0x11, 0xc0, 0x11, 
    0xc0, 0x11, 0xc0, 0x11, 0xe0, 0x11, 0xc0, 0x11, 0xc0, 0x11, 0xc0, 0x09, 
    0xa0, 0x09, 0xc0, 0x11, 0xc0, 0x11, 0xc0, 0x11, 0xa0, 0x09, 0xa0, 0x09, 
    0xa0, 0x09, 0xa0, 0x09, 0xa0, 0x09, 0x80, 0x11, 0x60, 0x09, 0x60, 0x09, 
    0x40, 0x09, 0x40, 0x09, 0x60, 0x09, 0x40, 0x09, 0x60, 0x09, 0x40, 0x09, 
    0x20, 0x11, 0xe0, 0x18, 0xc0, 0x30, 0x82, 0x40, 0x43, 0x50, 0x23, 0x50, 
    0x23, 0x50, 0x23, 0x50, 0x23, 0x50, 0x24, 0x50, 0x24, 0x50, 0x23, 0x50, 
    0x23, 0x50, 0x23, 0x50, 0x24, 0x50, 0x24, 0x50, 0x44, 0x58, 0x24, 0x58, 
    0x24, 0x58, 0x24, 0x58, 0x24, 0x58, 0x44, 0x58, 0x24, 0x50, 0x24, 0x58, 
    0x24, 0x50, 0x24, 0x58, 0x24, 0x58, 0x24, 0x58, 0x24, 0x58, 0x24, 0x58, 
    0x24, 0x58, 0x24, 0x58, 0x24, 0x58, 0x24, 0x58, 0x24, 0x58, 0x24, 0x58, 
    0x24, 0x58, 0x24, 0x58, 0x24, 0x58, 0x44, 0x58, 0x44, 0x58, 0x44, 0x58, 
    0x24, 0x60, 0x44, 0x60, 0x24, 0x60, 0x44, 0x60, 0x44, 0x60, 0x44, 0x60, 
    0x44, 0x60, 0x44, 0x60, 0x45, 0x60, 0x44, 0x60, 0x44, 0x58, 0x45, 0x60, 
    0x44, 0x60, 0x44, 0x60, 0x44, 0x60, 0x44, 0x60, 0x44, 0x60, 0x44, 0x60, 
    0x45, 0x60, 0x45, 0x60, 0x45, 0x58, 0x44, 0x60, 0x44, 0x58, 0x44, 0x58, 
    0x45, 0x60, 0x45, 0x60, 0x44, 0x60, 0x44, 0x58, 0x44, 0x58, 0x44, 0x60, 
    0x44, 0x58, 0x44, 0x60, 0x44, 0x58, 0x44, 0x60, 0x44, 0x58, 0x44, 0x58, 
    0x44, 0x58, 0x45, 0x58, 0x45, 0x58, 0x45, 0x58, 0x45, 0x60, 0x45, 0x58, 
    0x45, 0x58, 0x45, 0x60, 0x44, 0x58, 0x44, 0x58, 0x44, 0x58, 0x44, 0x58, 
    0x44, 0x58, 0x44, 0x58, 0x24, 0x58, 0x44, 0x60, 0x24, 0x58, 0x44, 0x58, 
    0x24, 0x58, 0x44, 0x58, 0x44, 0x58, 0x24, 0x58, 0x44, 0x58, 0x44, 0x58, 
    0x44, 0x58, 0x24, 0x58, 0x24, 0x58, 0x24, 0x58, 0x24, 0x58, 0x44, 0x58, 
    0x23, 0x48, 0x23, 0x48, 0x23, 0x48, 0x23, 0x48, 0x23, 0x48, 0x23, 0x48, 
    0x23, 0x48, 0x23, 0x48, 0x23, 0x50, 0x03, 0x50, 0x24, 0x50, 0x24, 0x50, 
    0x23, 0x50, 0x23, 0x50, 0x23, 0x50, 0x24, 0x50, 0x23, 0x50, 0x23, 0x50, 
    0x23, 0x50, 0x23, 0x50, 0x24, 0x50, 0x24, 0x58, 0x24, 0x50, 0x24, 0x58, 
    0x23, 0x50, 0x23, 0x50, 0x23, 0x50, 0x24, 0x58, 0x24, 0x50, 0x24, 0x58, 
    0x24, 0x58, 0x24, 0x58, 0x24, 0x58, 0x44, 0x58, 0x24, 0x58, 0x24, 0x58, 
    0x24, 0x58, 0x24, 0x58, 0x23, 0x58, 0x23, 0x58, 0x24, 0x58, 0x24, 0x58, 
    0x24, 0x58, 0x24, 0x58, 0x24, 0x58, 0x24, 0x58, 0x24, 0x58, 0x24, 0x58, 
    0x24, 0x58, 0x24, 0x50, 0x23, 0x58, 0x23, 0x50, 0x24, 0x50, 0x24, 0x50, 
    0x24, 0x58, 0x24, 0x58, 0x24, 0x50, 0x24, 0x50, 0x23, 0x50, 0x23, 0x50, 
    0x24, 0x50, 0x23, 0x50, 0x24, 0x58, 0x24, 0x58, 0x44, 0x58, 0x23, 0x58, 
    0x23, 0x58, 0x23, 0x50, 0x24, 0x58, 0x24, 0x58, 0x24, 0x58, 0x24, 0x58, 
    0x24, 0x58, 0x24, 0x58, 0x23, 0x50, 0x23, 0x50, 0x23, 0x50, 0x23, 0x50, 
    0x24, 0x50, 0x24, 0x50, 0x23, 0x50, 0x24, 0x50, 0x24, 0x50, 0x23, 0x50, 
    0x23, 0x50, 0x23, 0x50, 0x43, 0x50, 0x82, 0x48, 0xe1, 0x40, 0x20, 0x39, 
    0x60, 0x29, 0xa0, 0x21, 0xc0, 0x21, 0xe0, 0x21, 0xe0, 0x21, 0xe0, 0x19, 
    0xe0, 0x19, 0xe0, 0x19, 0xe0, 0x19, 0xe0, 0x19, 0xe0, 0x19, 0xe0, 0x19, 
    0xe0, 0x19, 0xc0, 0x11, 0xc0, 0x11, 0xc0, 0x11, 0xc0, 0x11, 0xc0, 0x11, 
    0xe0, 0x11, 0xe0, 0x11, 0xc0, 0x11, 0xc0, 0x09, 0xc0, 0x11, 0xc0, 0x09, 
    0xc0, 0x09, 0xc0, 0x09, 0xa0, 0x09, 0xa0, 0x09, 0xa0, 0x09, 0xa0, 0x09, 
    0xa0, 0x09, 0xa0, 0x09, 0x80, 0x09, 0x60, 0x09, 0x60, 0x09, 0x60, 0x09, 
    0x40, 0x09, 0x40, 0x09, 0x40, 0x09, 0x40, 0x09, 0x60, 0x09, 0x40, 0x09, 
    0x20, 0x09, 0xe0, 0x18, 0xc0, 0x28, 0x61, 0x40, 0x43, 0x50, 0x23, 0x50, 
    0x24, 0x50, 0x23, 0x50, 0x23, 0x50, 0x23, 0x50, 0x24, 0x50, 0x24, 0x50, 
    0x24, 0x50, 0x24, 0x50, 0x23, 0x50, 0x24, 0x50, 0x24, 0x50, 0x24, 0x58, 
    0x24, 0x50, 0x44, 0x58, 0x24, 0x50, 0x24, 0x50, 0x24, 0x50, 0x24, 0x50, 
    0x24, 0x50, 0x24, 0x58, 0x24, 0x58, 0x24, 0x50, 0x23, 0x58, 0x24, 0x58, 
    0x24, 0x58, 0x24, 0x58, 0x24, 0x58, 0x24, 0x58, 0x24, 0x58, 0x24, 0x58, 
    0x44, 0x58, 0x44, 0x58, 0x24, 0x58, 0x24, 0x58, 0x44, 0x58, 0x44, 0x58, 
    0x24, 0x58, 0x44, 0x60, 0x24, 0x60, 0x44, 0x60, 0x44, 0x60, 0x44, 0x60, 
    0x44, 0x60, 0x44, 0x60, 0x44, 0x60, 0x44, 0x60, 0x44, 0x58, 0x44, 0x60, 
    0x45, 0x60, 0x44, 0x60, 0x44, 0x60, 0x45, 0x60, 0x45, 0x60, 0x44, 0x60, 
    0x44, 0x60, 0x44, 0x58, 0x45, 0x60, 0x44, 0x60, 0x24, 0x58, 0x44, 0x58, 
    0x45, 0x60, 0x45, 0x60, 0x24, 0x60, 0x44, 0x58, 0x44, 0x58, 0x24, 0x58, 
    0x44, 0x60, 0x44, 0x58, 0x45, 0x60, 0x45, 0x60, 0x44, 0x60, 0x44, 0x58, 
    0x44, 0x58, 0x45, 0x58, 0x44, 0x60, 0x44, 0x58, 0x45, 0x60, 0x44, 0x58, 
    0x44, 0x60, 0x44, 0x60, 0x44, 0x58, 0x44, 0x60, 0x44, 0x58, 0x44, 0x60, 
    0x44, 0x58, 0x45, 0x58, 0x44, 0x58, 0x44, 0x60, 0x44, 0x60, 0x44, 0x58, 
    0x44, 0x58, 0x44, 0x58, 0x44, 0x58, 0x25, 0x58, 0x44, 0x58, 0x44, 0x58, 
    0x44, 0x58, 0x44, 0x58, 0x24, 0x58, 0x24, 0x58, 0x24, 0x58, 0x44, 0x58, 
    0x03, 0x48, 0x23, 0x48, 0x23, 0x48, 0x23, 0x48, 0x23, 0x48, 0x23, 0x48, 
    0x23, 0x48, 0x23, 0x48, 0x23, 0x50, 0x23, 0x50, 0x23, 0x50, 0x23, 0x50, 
    0x23, 0x50, 0x23, 0x50, 0x23, 0x50, 0x23, 0x50, 0x24, 0x50, 0x23, 0x50, 
    0x24, 0x58, 0x03, 0x50, 0x24, 0x50, 0x23, 0x50, 0x24, 0x58, 0x23, 0x58, 
    0x23, 0x50, 0x24, 0x58, 0x24, 0x58, 0x24, 0x58, 0x23, 0x58, 0x24, 0x58, 
    0x24, 0x50, 0x24, 0x58, 0x24, 0x58, 0x23, 0x58, 0x24, 0x58, 0x24, 0x58, 
    0x24, 0x58, 0x44, 0x58, 0x24, 0x58, 0x24, 0x58, 0x24, 0x58, 0x24, 0x58, 
    0x44, 0x58, 0x24, 0x58, 0x23, 0x58, 0x24, 0x58, 0x24, 0x58, 0x24, 0x58, 
    0x24, 0x58, 0x24, 0x58, 0x24, 0x50, 0x24, 0x50, 0x24, 0x50, 0x24, 0x50, 
    0x24, 0x50, 0x23, 0x50, 0x24, 0x50, 0x24, 0x58, 0x23, 0x50, 0x23, 0x50, 
    0x23, 0x50, 0x23, 0x50, 0x24, 0x58, 0x24, 0x58, 0x23, 0x50, 0x24, 0x58, 
    0x23, 0x58, 0x23, 0x58, 0x23, 0x58, 0x24, 0x58, 0x24, 0x58, 0x24, 0x58, 
    0x24, 0x58, 0x23, 0x50, 0x23, 0x50, 0x23, 0x50, 0x24, 0x50, 0x24, 0x50, 
    0x23, 0x50, 0x23, 0x50, 0x23, 0x50, 0x23, 0x50, 0x23, 0x50, 0x23, 0x50, 
    0x23, 0x50, 0x23, 0x50, 0x42, 0x48, 0xa2, 0x40, 0x01, 0x39, 0x40, 0x31, 
    0x80, 0x29, 0xa0, 0x21, 0xe0, 0x19, 0xc0, 0x19, 0x00, 0x1a, 0xe0, 0x19, 
    0xe0, 0x19, 0xe0, 0x19, 0xe0, 0x19, 0xe0, 0x19, 0xe0, 0x19, 0xe0, 0x19, 
    0xe0, 0x19, 0xc0, 0x11, 0xe0, 0x11, 0xc0, 0x11, 0xc0, 0x11, 0xe0, 0x11, 
    0xe0, 0x11, 0xc0, 0x11, 0xe0, 0x11, 0xc0, 0x11, 0xc0, 0x11, 0xc0, 0x11, 
    0xc0, 0x09, 0xc0, 0x09, 0xa0, 0x09, 0xa0, 0x11, 0xa0, 0x09, 0xa0, 0x09, 
    0xa0, 0x09, 0x80, 0x09, 0x80, 0x11, 0x80, 0x09, 0x60, 0x09, 0x60, 0x09, 
    0x40, 0x09, 0x40, 0x09, 0x40, 0x09, 0x60, 0x09, 0x40, 0x09, 0x40, 0x09, 
    0x40, 0x09, 0x00, 0x19, 0xe0, 0x28, 0x82, 0x40, 0x43, 0x50, 0x23, 0x50, 
    0x23, 0x50, 0x23, 0x50, 0x23, 0x50, 0x23, 0x50, 0x24, 0x50, 0x24, 0x50, 
    0x24, 0x50, 0x23, 0x50, 0x23, 0x50, 0x24, 0x50, 0x24, 0x50, 0x24, 0x50, 
    0x23, 0x50, 0x24, 0x50, 0x23, 0x50, 0x24, 0x50, 0x24, 0x50, 0x24, 0x50, 
    0x24, 0x50, 0x24, 0x50, 0x44, 0x50, 0x24, 0x50, 0x24, 0x58, 0x24, 0x58, 
    0x24, 0x58, 0x24, 0x58, 0x24, 0x58, 0x44, 0x58, 0x24, 0x58, 0x24, 0x58, 
    0x24, 0x58, 0x24, 0x58, 0x24, 0x58, 0x44, 0x58, 0x44, 0x58, 0x44, 0x58, 
    0x24, 0x58, 0x44, 0x58, 0x44, 0x60, 0x44, 0x60, 0x44, 0x60, 0x24, 0x60, 
    0x44, 0x60, 0x45, 0x60, 0x45, 0x60, 0x44, 0x60, 0x44, 0x60, 0x44, 0x60, 
    0x45, 0x60, 0x45, 0x60, 0x44, 0x60, 0x44, 0x60, 0x65, 0x60, 0x44, 0x60, 
    0x45, 0x60, 0x44, 0x60, 0x44, 0x60, 0x24, 0x58, 0x44, 0x60, 0x44, 0x60, 
    0x44, 0x58, 0x24, 0x60, 0x44, 0x60, 0x44, 0x60, 0x44, 0x60, 0x44, 0x58, 
    0x44, 0x60, 0x45, 0x58, 0x45, 0x60, 0x44, 0x60, 0x45, 0x60, 0x44, 0x60, 
    0x24, 0x60, 0x24, 0x60, 0x44, 0x58, 0x44, 0x60, 0x44, 0x60, 0x44, 0x58, 
    0x44, 0x60, 0x44, 0x60, 0x24, 0x58, 0x24, 0x58, 0x44, 0x58, 0x44, 0x58, 
    0x44, 0x58, 0x45, 0x60, 0x44, 0x58, 0x44, 0x58, 0x24, 0x58, 0x44, 0x58, 
    0x24, 0x58, 0x44, 0x60, 0x44, 0x58, 0x45, 0x58, 0x24, 0x58, 0x44, 0x58, 
    0x24, 0x58, 0x44, 0x58, 0x44, 0x58, 0x24, 0x58, 0x24, 0x58, 0x24, 0x58, 
    0x23, 0x48, 0x23, 0x48, 0x23, 0x48, 0x23, 0x48, 0x23, 0x48, 0x23, 0x48, 
    0x23, 0x50, 0x23, 0x50, 0x23, 0x50, 0x23, 0x50, 0x23, 0x50, 0x23, 0x50, 
    0x23, 0x50, 0x23, 0x50, 0x23, 0x50, 0x23, 0x50, 0x23, 0x50, 0x23, 0x50, 
    0x23, 0x50, 0x23, 0x50, 0x23, 0x50, 0x24, 0x50, 0x23, 0x50, 0x23, 0x50, 
    0x23, 0x50, 0x24, 0x50, 0x24, 0x50, 0x24, 0x58, 0x23, 0x58, 0x23, 0x50, 
    0x24, 0x58, 0x44, 0x58, 0x24, 0x58, 0x24, 0x58, 0x24, 0x58, 0x24, 0x58, 
    0x24, 0x58, 0x24, 0x58, 0x24, 0x58, 0x24, 0x58, 0x24, 0x58, 0x24, 0x58, 
    0x24, 0x58, 0x24, 0x58, 0x24, 0x58, 0x24, 0x58, 0x24, 0x58, 0x24, 0x50, 
    0x24, 0x50, 0x24, 0x58, 0x24, 0x50, 0x24, 0x50, 0x23, 0x50, 0x24, 0x50, 
    0x24, 0x50, 0x24, 0x50, 0x24, 0x50, 0x24, 0x50, 0x23, 0x50, 0x23, 0x50, 
    0x23, 0x50, 0x24, 0x50, 0x23, 0x50, 0x24, 0x58, 0x24, 0x50, 0x24, 0x50, 
    0x24, 0x58, 0x24, 0x58, 0x24, 0x50, 0x24, 0x58, 0x24, 0x50, 0x24, 0x58, 
    0x23, 0x58, 0x23, 0x50, 0x24, 0x58, 0x23, 0x50, 0x24, 0x50, 0x24, 0x50, 
    0x23, 0x50, 0x23, 0x50, 0x24, 0x50, 0x23, 0x50, 0x23, 0x50, 0x23, 0x50, 
    0x23, 0x50, 0x23, 0x48, 0x62, 0x48, 0xc1, 0x40, 0x20, 0x39, 0x60, 0x29, 
    0xa0, 0x21, 0xc0, 0x21, 0xe0, 0x19, 0xe0, 0x19, 0xe0, 0x19, 0xe0, 0x19, 
    0xe0, 0x19, 0xe0, 0x19, 0xe0, 0x19, 0xe0, 0x19, 0xe0, 0x19, 0xc0, 0x19, 
    0xc0, 0x11, 0xc0, 0x19, 0xc0, 0x11, 0xe0, 0x11, 0xc0, 0x11, 0xe0, 0x11, 
    0xe0, 0x11, 0xe0, 0x11, 0xe0, 0x11, 0xc0, 0x11, 0xc0, 0x11, 0xc0, 0x11, 
    0xc0, 0x09, 0xa0, 0x09, 0xa0, 0x09, 0x80, 0x09, 0x80, 0x09, 0x80, 0x09, 
    0x80, 0x09, 0x80, 0x09, 0x80, 0x09, 0x60, 0x09, 0x60, 0x09, 0x60, 0x09, 
    0x60, 0x09, 0x40, 0x09, 0x40, 0x09, 0x60, 0x09, 0x40, 0x09, 0x40, 0x09, 
    0x40, 0x11, 0x00, 0x19, 0xe0, 0x28, 0xa2, 0x40, 0x43, 0x50, 0x23, 0x50, 
    0x23, 0x50, 0x23, 0x48, 0x23, 0x50, 0x23, 0x50, 0x23, 0x50, 0x23, 0x50, 
    0x24, 0x50, 0x24, 0x50, 0x24, 0x50, 0x24, 0x50, 0x23, 0x50, 0x24, 0x50, 
    0x24, 0x50, 0x24, 0x50, 0x44, 0x50, 0x44, 0x50, 0x24, 0x50, 0x24, 0x50, 
    0x24, 0x50, 0x24, 0x50, 0x44, 0x50, 0x24, 0x50, 0x24, 0x58, 0x24, 0x58, 
    0x24, 0x58, 0x24, 0x58, 0x24, 0x58, 0x24, 0x58, 0x24, 0x58, 0x24, 0x58, 
    0x24, 0x58, 0x44, 0x58, 0x24, 0x58, 0x44, 0x58, 0x44, 0x58, 0x24, 0x58, 
    0x24, 0x58, 0x44, 0x60, 0x44, 0x60, 0x44, 0x60, 0x44, 0x60, 0x44, 0x60, 
    0x44, 0x60, 0x45, 0x60, 0x45, 0x60, 0x44, 0x60, 0x44, 0x60, 0x45, 0x60, 
    0x44, 0x60, 0x44, 0x60, 0x44, 0x60, 0x44, 0x60, 0x44, 0x60, 0x44, 0x60, 
    0x44, 0x60, 0x24, 0x60, 0x44, 0x60, 0x44, 0x60, 0x44, 0x60, 0x44, 0x60, 
    0x44, 0x58, 0x44, 0x60, 0x44, 0x60, 0x44, 0x60, 0x44, 0x58, 0x24, 0x58, 
    0x44, 0x58, 0x44, 0x58, 0x45, 0x60, 0x44, 0x60, 0x44, 0x60, 0x44, 0x60, 
    0x44, 0x58, 0x44, 0x60, 0x44, 0x60, 0x44, 0x60, 0x45, 0x60, 0x44, 0x58, 
    0x24, 0x58, 0x44, 0x58, 0x44, 0x60, 0x44, 0x58, 0x44, 0x60, 0x45, 0x60, 
    0x44, 0x58, 0x44, 0x58, 0x44, 0x60, 0x44, 0x58, 0x44, 0x58, 0x44, 0x58, 
    0x44, 0x58, 0x44, 0x58, 0x24, 0x58, 0x44, 0x58, 0x44, 0x58, 0x44, 0x58, 
    0x24, 0x58, 0x24, 0x58, 0x24, 0x58, 0x24, 0x58, 0x44, 0x58, 0x44, 0x58, 
    0x23, 0x48, 0x23, 0x48, 0x23, 0x48, 0x23, 0x48, 0x23, 0x48, 0x23, 0x48, 
    0x23, 0x50, 0x23, 0x50, 0x24, 0x50, 0x23, 0x50, 0x23, 0x50, 0x24, 0x50, 
    0x24, 0x50, 0x23, 0x50, 0x03, 0x50, 0x23, 0x50, 0x23, 0x50, 0x23, 0x50, 
    0x24, 0x50, 0x24, 0x50, 0x23, 0x50, 0x24, 0x58, 0x23, 0x50, 0x23, 0x50, 
    0x23, 0x50, 0x24, 0x50, 0x24, 0x50, 0x23, 0x50, 0x23, 0x50, 0x24, 0x58, 
    0x23, 0x58, 0x23, 0x50, 0x24, 0x58, 0x24, 0x58, 0x24, 0x58, 0x24, 0x58, 
    0x24, 0x58, 0x24, 0x58, 0x24, 0x58, 0x23, 0x58, 0x23, 0x58, 0x24, 0x58, 
    0x24, 0x58, 0x24, 0x58, 0x24, 0x58, 0x24, 0x58, 0x24, 0x58, 0x24, 0x58, 
    0x24, 0x50, 0x24, 0x50, 0x44, 0x58, 0x44, 0x50, 0x23, 0x50, 0x23, 0x50, 
    0x23, 0x50, 0x24, 0x50, 0x24, 0x50, 0x24, 0x50, 0x24, 0x50, 0x24, 0x50, 
    0x24, 0x50, 0x24, 0x50, 0x43, 0x58, 0x23, 0x58, 0x23, 0x50, 0x44, 0x50, 
    0x23, 0x50, 0x23, 0x50, 0x23, 0x50, 0x24, 0x58, 0x24, 0x58, 0x24, 0x58, 
    0x23, 0x50, 0x24, 0x58, 0x23, 0x50, 0x44, 0x58, 0x24, 0x50, 0x23, 0x50, 
    0x24, 0x58, 0x23, 0x50, 0x24, 0x58, 0x03, 0x50, 0x03, 0x50, 0x23, 0x50, 
    0x23, 0x50, 0x43, 0x50, 0x81, 0x40, 0xe1, 0x38, 0x20, 0x31, 0x80, 0x29, 
    0xc0, 0x21, 0xc0, 0x19, 0xe0, 0x19, 0xe0, 0x19, 0xe0, 0x21, 0xe0, 0x19, 
    0xe0, 0x19, 0xe0, 0x19, 0xe0, 0x19, 0xe0, 0x19, 0xe0, 0x19, 0xe0, 0x19, 
    0xe0, 0x19, 0xc0, 0x11, 0xc0, 0x19, 0xc0, 0x11, 0xc0, 0x11, 0xe0, 0x11, 
    0xe0, 0x11, 0xe0, 0x19, 0xe0, 0x11, 0xc0, 0x09, 0xa0, 0x09, 0xa0, 0x09, 
    0xa0, 0x09, 0xa0, 0x09, 0xa0, 0x09, 0x80, 0x09, 0x80, 0x09, 0x80, 0x09, 
    0x80, 0x09, 0x80, 0x09, 0x60, 0x09, 0x60, 0x09, 0x60, 0x09, 0x60, 0x09, 
    0x60, 0x09, 0x60, 0x09, 0x60, 0x09, 0x40, 0x09, 0x40, 0x09, 0x40, 0x09, 
    0x40, 0x11, 0x00, 0x19, 0x00, 0x29, 0xc1, 0x40, 0x63, 0x50, 0x23, 0x50, 
    0x23, 0x50, 0x23, 0x48, 0x23, 0x48, 0x23, 0x48, 0x23, 0x48, 0x23, 0x50, 
    0x24, 0x50, 0x24, 0x50, 0x24, 0x50, 0x24, 0x50, 0x24, 0x50, 0x24, 0x50, 
    0x24, 0x50, 0x44, 0x50, 0x23, 0x50, 0x24, 0x50, 0x24, 0x50, 0x24, 0x50, 
    0x23, 0x50, 0x44, 0x50, 0x44, 0x50, 0x24, 0x50, 0x24, 0x58, 0x23, 0x58, 
    0x24, 0x58, 0x24, 0x58, 0x44, 0x58, 0x44, 0x58, 0x24, 0x58, 0x24, 0x58, 
    0x24, 0x58, 0x44, 0x58, 0x44, 0x58, 0x44, 0x58, 0x44, 0x58, 0x24, 0x60, 
    0x24, 0x60, 0x44, 0x60, 0x44, 0x60, 0x44, 0x58, 0x44, 0x60, 0x44, 0x58, 
    0x44, 0x60, 0x44, 0x60, 0x44, 0x60, 0x44, 0x58, 0x45, 0x60, 0x24, 0x60, 
    0x44, 0x60, 0x44, 0x60, 0x44, 0x60, 0x45, 0x60, 0x44, 0x60, 0x44, 0x60, 
    0x44, 0x60, 0x45, 0x60, 0x45, 0x60, 0x24, 0x60, 0x24, 0x58, 0x44, 0x58, 
    0x44, 0x60, 0x44, 0x60, 0x44, 0x58, 0x44, 0x60, 0x45, 0x60, 0x24, 0x58, 
    0x45, 0x60, 0x45, 0x58, 0x45, 0x58, 0x45, 0x58, 0x45, 0x60, 0x44, 0x58, 
    0x24, 0x58, 0x24, 0x58, 0x45, 0x60, 0x44, 0x58, 0x24, 0x58, 0x44, 0x58, 
    0x44, 0x58, 0x44, 0x60, 0x44, 0x60, 0x45, 0x60, 0x24, 0x58, 0x44, 0x60, 
    0x24, 0x58, 0x44, 0x60, 0x24, 0x58, 0x44, 0x60, 0x24, 0x58, 0x44, 0x60, 
    0x44, 0x58, 0x44, 0x58, 0x44, 0x58, 0x24, 0x58, 0x45, 0x58, 0x44, 0x58, 
    0x24, 0x58, 0x44, 0x58, 0x24, 0x58, 0x44, 0x58, 0x24, 0x58, 0x24, 0x58, 
    0x23, 0x48, 0x23, 0x48, 0x23, 0x48, 0x23, 0x48, 0x23, 0x48, 0x23, 0x48, 
    0x23, 0x50, 0x23, 0x48, 0x23, 0x50, 0x23, 0x50, 0x23, 0x50, 0x23, 0x50, 
    0x23, 0x50, 0x23, 0x50, 0x24, 0x50, 0x23, 0x50, 0x23, 0x50, 0x24, 0x58, 
    0x23, 0x50, 0x24, 0x50, 0x23, 0x50, 0x24, 0x50, 0x23, 0x50, 0x24, 0x50, 
    0x24, 0x50, 0x23, 0x50, 0x23, 0x50, 0x23, 0x50, 0x23, 0x50, 0x24, 0x50, 
    0x23, 0x50, 0x24, 0x50, 0x24, 0x50, 0x24, 0x58, 0x24, 0x58, 0x24, 0x50, 
    0x24, 0x58, 0x24, 0x50, 0x24, 0x58, 0x23, 0x58, 0x24, 0x58, 0x24, 0x58, 
    0x24, 0x58, 0x24, 0x58, 0x24, 0x58, 0x23, 0x50, 0x23, 0x50, 0x24, 0x50, 
    0x24, 0x50, 0x24, 0x50, 0x23, 0x50, 0x24, 0x50, 0x24, 0x50, 0x24, 0x50, 
    0x24, 0x50, 0x23, 0x50, 0x23, 0x50, 0x44, 0x50, 0x23, 0x50, 0x23, 0x50, 
    0x23, 0x50, 0x23, 0x50, 0x23, 0x50, 0x24, 0x50, 0x24, 0x50, 0x23, 0x50, 
    0x23, 0x50, 0x23, 0x50, 0x23, 0x50, 0x23, 0x58, 0x23, 0x58, 0x23, 0x50, 
    0x23, 0x50, 0x24, 0x58, 0x23, 0x58, 0x24, 0x50, 0x24, 0x50, 0x24, 0x50, 
    0x23, 0x58, 0x24, 0x50, 0x24, 0x50, 0x24, 0x50, 0x23, 0x50, 0x23, 0x50, 
    0x43, 0x50, 0x62, 0x48, 0xa2, 0x40, 0x01, 0x39, 0x40, 0x29, 0x80, 0x21, 
    0xc0, 0x21, 0xc0, 0x19, 0xc0, 0x19, 0xe0, 0x19, 0xe0, 0x19, 0xe0, 0x19, 
    0xe0, 0x19, 0xe0, 0x19, 0xe0, 0x19, 0xe0, 0x19, 0xe0, 0x19, 0xe0, 0x19, 
    0xc0, 0x11, 0xc0, 0x11, 0xc0, 0x19, 0xc0, 0x19, 0xc0, 0x11, 0xe0, 0x11, 
    0xe0, 0x11, 0xe0, 0x11, 0xe0, 0x11, 0xc0, 0x11, 0xc0, 0x09, 0xa0, 0x09, 
    0xa0, 0x09, 0xa0, 0x09, 0x80, 0x09, 0x80, 0x09, 0x80, 0x09, 0x80, 0x09, 
    0x80, 0x11, 0x80, 0x09, 0x60, 0x09, 0x60, 0x09, 0x40, 0x09, 0x60, 0x09, 
    0x60, 0x09, 0x60, 0x09, 0x60, 0x09, 0x40, 0x09, 0x40, 0x09, 0x40, 0x09, 
    0x40, 0x09, 0x20, 0x19, 0x00, 0x29, 0xe1, 0x38, 0x62, 0x48, 0x43, 0x50, 
    0x23, 0x50, 0x23, 0x48, 0x23, 0x48, 0x23, 0x48, 0x23, 0x48, 0x23, 0x48, 
    0x23, 0x50, 0x23, 0x50, 0x23, 0x50, 0x44, 0x50, 0x23, 0x50, 0x23, 0x50, 
    0x24, 0x50, 0x24, 0x50, 0x24, 0x50, 0x23, 0x50, 0x24, 0x50, 0x24, 0x50, 
    0x24, 0x50, 0x24, 0x50, 0x44, 0x50, 0x24, 0x58, 0x44, 0x58, 0x24, 0x58, 
    0x24, 0x58, 0x24, 0x58, 0x24, 0x58, 0x24, 0x58, 0x24, 0x58, 0x44, 0x58, 
    0x44, 0x58, 0x24, 0x58, 0x24, 0x58, 0x44, 0x58, 0x44, 0x60, 0x44, 0x60, 
    0x44, 0x60, 0x44, 0x58, 0x44, 0x60, 0x44, 0x60, 0x44, 0x60, 0x44, 0x60, 
    0x24, 0x60, 0x44, 0x60, 0x44, 0x60, 0x44, 0x60, 0x45, 0x60, 0x45, 0x60, 
    0x45, 0x60, 0x44, 0x58, 0x44, 0x60, 0x44, 0x60, 0x45, 0x60, 0x45, 0x60, 
    0x44, 0x60, 0x44, 0x60, 0x44, 0x60, 0x44, 0x60, 0x44, 0x60, 0x44, 0x60, 
    0x44, 0x58, 0x44, 0x60, 0x44, 0x60, 0x44, 0x60, 0x44, 0x60, 0x24, 0x58, 
    0x45, 0x58, 0x45, 0x60, 0x45, 0x60, 0x44, 0x60, 0x44, 0x58, 0x44, 0x58, 
    0x45, 0x60, 0x44, 0x58, 0x44, 0x58, 0x45, 0x58, 0x44, 0x58, 0x44, 0x60, 
    0x45, 0x60, 0x24, 0x58, 0x44, 0x58, 0x44, 0x58, 0x44, 0x58, 0x24, 0x58, 
    0x44, 0x58, 0x44, 0x58, 0x45, 0x58, 0x44, 0x58, 0x45, 0x58, 0x44, 0x58, 
    0x44, 0x58, 0x44, 0x58, 0x24, 0x58, 0x24, 0x58, 0x44, 0x58, 0x44, 0x58, 
    0x44, 0x58, 0x24, 0x58, 0x24, 0x58, 0x44, 0x58, 0x24, 0x58, 0x24, 0x58, 
    0x23, 0x48, 0x23, 0x48, 0x23, 0x48, 0x23, 0x48, 0x23, 0x48, 0x23, 0x48, 
    0x23, 0x50, 0x23, 0x48, 0x23, 0x50, 0x23, 0x50, 0x23, 0x50, 0x23, 0x50, 
    0x23, 0x50, 0x23, 0x50, 0x23, 0x50, 0x23, 0x50, 0x23, 0x50, 0x23, 0x50, 
    0x23, 0x50, 0x24, 0x50, 0x24, 0x50, 0x23, 0x50, 0x23, 0x50, 0x24, 0x50, 
    0x23, 0x50, 0x23, 0x50, 0x23, 0x50, 0x24, 0x50, 0x24, 0x58, 0x24, 0x50, 
    0x23, 0x50, 0x23, 0x50, 0x24, 0x50, 0x24, 0x50, 0x23, 0x50, 0x24, 0x50, 
    0x24, 0x58, 0x24, 0x50, 0x24, 0x58, 0x23, 0x50, 0x24, 0x50, 0x23, 0x50, 
    0x24, 0x58, 0x24, 0x58, 0x24, 0x58, 0x24, 0x50, 0x24, 0x50, 0x24, 0x50, 
    0x24, 0x50, 0x23, 0x50, 0x23, 0x50, 0x44, 0x50, 0x23, 0x50, 0x23, 0x50, 
    0x23, 0x50, 0x23, 0x50, 0x43, 0x50, 0x23, 0x50, 0x24, 0x50, 0x23, 0x50, 
    0x23, 0x50, 0x23, 0x50, 0x23, 0x50, 0x24, 0x50, 0x24, 0x50, 0x23, 0x50, 
    0x23, 0x50, 0x23, 0x50, 0x23, 0x50, 0x24, 0x50, 0x44, 0x58, 0x24, 0x50, 
    0x24, 0x50, 0x23, 0x50, 0x23, 0x50, 0x23, 0x50, 0x23, 0x50, 0x23, 0x50, 
    0x24, 0x58, 0x24, 0x50, 0x23, 0x50, 0x23, 0x50, 0x23, 0x50, 0x23, 0x50, 
    0x43, 0x50, 0x62, 0x48, 0xe1, 0x38, 0x20, 0x31, 0x40, 0x29, 0x80, 0x21, 
    0xc0, 0x19, 0xc0, 0x19, 0xc0, 0x19, 0xe0, 0x19, 0xe0, 0x19, 0xe0, 0x19, 
    0xe0, 0x19, 0xe0, 0x19, 0xe0, 0x19, 0xe0, 0x19, 0xe0, 0x19, 0xe0, 0x19, 
    0xe0, 0x19, 0xc0, 0x11, 0xc0, 0x19, 0xc0, 0x19, 0xc0, 0x19, 0xc0, 0x11, 
    0xc0, 0x11, 0xc0, 0x11, 0xc0, 0x19, 0xc0, 0x11, 0xa0, 0x11, 0xa0, 0x09, 
    0xa0, 0x09, 0x80, 0x09, 0x80, 0x09, 0x80, 0x09, 0x80, 0x09, 0x80, 0x09, 
    0x80, 0x09, 0x80, 0x09, 0x60, 0x09, 0x60, 0x09, 0x60, 0x09, 0x60, 0x09, 
    0x60, 0x09, 0x60, 0x09, 0x40, 0x09, 0x40, 0x09, 0x40, 0x09, 0x20, 0x09, 
    0x20, 0x09, 0x20, 0x11, 0x00, 0x21, 0xe1, 0x30, 0x82, 0x40, 0x43, 0x48, 
    0x23, 0x48, 0x23, 0x48, 0x23, 0x48, 0x23, 0x48, 0x24, 0x50, 0x23, 0x50, 
    0x23, 0x50, 0x24, 0x50, 0x24, 0x50, 0x24, 0x50, 0x23, 0x50, 0x23, 0x50, 
    0x23, 0x50, 0x44, 0x50, 0x24, 0x50, 0x23, 0x50, 0x23, 0x50, 0x24, 0x50, 
    0x24, 0x50, 0x24, 0x50, 0x44, 0x50, 0x44, 0x58, 0x44, 0x58, 0x24, 0x58, 
    0x44, 0x58, 0x44, 0x58, 0x24, 0x58, 0x24, 0x58, 0x24, 0x58, 0x24, 0x58, 
    0x44, 0x58, 0x44, 0x58, 0x44, 0x58, 0x44, 0x58, 0x44, 0x60, 0x44, 0x60, 
    0x44, 0x60, 0x24, 0x58, 0x45, 0x60, 0x24, 0x60, 0x44, 0x60, 0x44, 0x60, 
    0x44, 0x60, 0x44, 0x60, 0x44, 0x60, 0x44, 0x60, 0x45, 0x60, 0x44, 0x58, 
    0x44, 0x60, 0x24, 0x60, 0x45, 0x60, 0x45, 0x60, 0x44, 0x60, 0x44, 0x60, 
    0x45, 0x60, 0x44, 0x60, 0x44, 0x60, 0x44, 0x60, 0x44, 0x60, 0x44, 0x60, 
    0x44, 0x60, 0x44, 0x60, 0x44, 0x60, 0x44, 0x60, 0x45, 0x60, 0x45, 0x60, 
    0x45, 0x60, 0x44, 0x60, 0x44, 0x58, 0x44, 0x60, 0x44, 0x60, 0x44, 0x60, 
    0x44, 0x60, 0x44, 0x60, 0x44, 0x60, 0x44, 0x58, 0x44, 0x58, 0x44, 0x60, 
    0x44, 0x60, 0x44, 0x58, 0x44, 0x60, 0x44, 0x58, 0x44, 0x58, 0x44, 0x58, 
    0x44, 0x58, 0x44, 0x58, 0x24, 0x58, 0x44, 0x58, 0x44, 0x58, 0x44, 0x58, 
    0x44, 0x58, 0x44, 0x58, 0x44, 0x58, 0x24, 0x58, 0x24, 0x58, 0x44, 0x60, 
    0x44, 0x58, 0x44, 0x58, 0x44, 0x58, 0x45, 0x58, 0x44, 0x58, 0x44, 0x58, 
    0x23, 0x48, 0x23, 0x48, 0x23, 0x48, 0x03, 0x48, 0x23, 0x48, 0x23, 0x48, 
    0x23, 0x48, 0x23, 0x50, 0x23, 0x50, 0x24, 0x50, 0x23, 0x50, 0x03, 0x50, 
    0x23, 0x50, 0x23, 0x50, 0x23, 0x50, 0x24, 0x50, 0x23, 0x50, 0x23, 0x50, 
    0x03, 0x50, 0x24, 0x50, 0x24, 0x50, 0x23, 0x50, 0x23, 0x50, 0x24, 0x50, 
    0x23, 0x50, 0x23, 0x50, 0x23, 0x50, 0x23, 0x50, 0x24, 0x50, 0x23, 0x50, 
    0x23, 0x50, 0x24, 0x50, 0x24, 0x50, 0x44, 0x58, 0x24, 0x50, 0x24, 0x50, 
    0x23, 0x50, 0x24, 0x50, 0x23, 0x50, 0x24, 0x50, 0x24, 0x50, 0x24, 0x58, 
    0x24, 0x50, 0x24, 0x50, 0x24, 0x50, 0x24, 0x50, 0x44, 0x50, 0x24, 0x50, 
    0x23, 0x50, 0x23, 0x50, 0x23, 0x50, 0x23, 0x50, 0x23, 0x50, 0x23, 0x50, 
    0x23, 0x50, 0x23, 0x50, 0x44, 0x50, 0x43, 0x50, 0x24, 0x50, 0x23, 0x50, 
    0x23, 0x50, 0x23, 0x50, 0x23, 0x50, 0x24, 0x50, 0x23, 0x50, 0x23, 0x50, 
    0x23, 0x50, 0x24, 0x50, 0x23, 0x50, 0x23, 0x50, 0x24, 0x50, 0x24, 0x50, 
    0x24, 0x58, 0x44, 0x58, 0x24, 0x58, 0x23, 0x58, 0x23, 0x50, 0x24, 0x50, 
    0x23, 0x50, 0x24, 0x50, 0x23, 0x50, 0x23, 0x50, 0x23, 0x50, 0x23, 0x50, 
    0x42, 0x48, 0xa2, 0x40, 0xe1, 0x38, 0x20, 0x31, 0x80, 0x21, 0xc0, 0x21, 
    0xc0, 0x19, 0xe0, 0x19, 0xc0, 0x19, 0xe0, 0x19, 0xe0, 0x19, 0xe0, 0x19, 
    0xe0, 0x19, 0xe0, 0x19, 0xe0, 0x19, 0xe0, 0x19, 0xe0, 0x19, 0xe0, 0x11, 
    0xe0, 0x19, 0xc0, 0x11, 0xc0, 0x11, 0xc0, 0x19, 0xc0, 0x19, 0xc0, 0x19, 
    0xe0, 0x19, 0xc0, 0x11, 0xc0, 0x11, 0xc0, 0x11, 0xa0, 0x11, 0xa0, 0x09, 
    0xa0, 0x09, 0x80, 0x09, 0x80, 0x09, 0x80, 0x09, 0x80, 0x09, 0x80, 0x09, 
    0x60, 0x09, 0x60, 0x09, 0x60, 0x09, 0x60, 0x09, 0x60, 0x09, 0x60, 0x09, 
    0x60, 0x09, 0x60, 0x09, 0x40, 0x09, 0x40, 0x09, 0x40, 0x09, 0x20, 0x09, 
    0x20, 0x09, 0x20, 0x11, 0x00, 0x21, 0xe1, 0x30, 0x82, 0x40, 0x43, 0x48, 
    0x23, 0x48, 0x23, 0x48, 0x23, 0x48, 0x23, 0x48, 0x23, 0x48, 0x24, 0x50, 
    0x23, 0x50, 0x24, 0x50, 0x24, 0x50, 0x24, 0x50, 0x23, 0x50, 0x23, 0x50, 
    0x23, 0x50, 0x44, 0x50, 0x24, 0x50, 0x44, 0x50, 0x24, 0x50, 0x24, 0x50, 
    0x44, 0x50, 0x44, 0x50, 0x24, 0x50, 0x44, 0x58, 0x44, 0x58, 0x44, 0x58, 
    0x24, 0x58, 0x44, 0x58, 0x24, 0x58, 0x24, 0x58, 0x24, 0x58, 0x44, 0x58, 
    0x44, 0x58, 0x44, 0x58, 0x24, 0x58, 0x24, 0x58, 0x44, 0x60, 0x44, 0x60, 
    0x44, 0x60, 0x44, 0x60, 0x45, 0x60, 0x44, 0x60, 0x44, 0x60, 0x44, 0x60, 
    0x45, 0x60, 0x45, 0x60, 0x44, 0x60, 0x44, 0x60, 0x45, 0x60, 0x45, 0x60, 
    0x44, 0x60, 0x44, 0x60, 0x45, 0x60, 0x45, 0x60, 0x44, 0x60, 0x44, 0x58, 
    0x44, 0x60, 0x45, 0x60, 0x65, 0x60, 0x44, 0x60, 0x44, 0x60, 0x44, 0x60, 
    0x44, 0x60, 0x44, 0x60, 0x44, 0x58, 0x45, 0x60, 0x45, 0x60, 0x44, 0x58, 
    0x44, 0x58, 0x44, 0x58, 0x45, 0x60, 0x44, 0x60, 0x44, 0x60, 0x45, 0x60, 
    0x24, 0x60, 0x44, 0x58, 0x44, 0x60, 0x44, 0x58, 0x24, 0x60, 0x44, 0x60, 
    0x24, 0x58, 0x44, 0x58, 0x24, 0x58, 0x45, 0x58, 0x25, 0x58, 0x24, 0x58, 
    0x44, 0x58, 0x45, 0x58, 0x24, 0x58, 0x24, 0x58, 0x44, 0x60, 0x24, 0x58, 
    0x44, 0x58, 0x44, 0x58, 0x24, 0x58, 0x44, 0x58, 0x24, 0x58, 0x24, 0x58, 
    0x44, 0x58, 0x44, 0x58, 0x44, 0x58, 0x44, 0x58, 0x44, 0x58, 0x44, 0x58, 
    0x03, 0x48, 0x23, 0x48, 0x03, 0x48, 0x23, 0x48, 0x23, 0x48, 0x23, 0x48, 
    0x23, 0x50, 0x23, 0x50, 0x23, 0x50, 0x23, 0x50, 0x23, 0x50, 0x23, 0x50, 
    0x23, 0x50, 0x23, 0x50, 0x23, 0x50, 0x24, 0x50, 0x23, 0x50, 0x23, 0x50, 
    0x24, 0x50, 0x24, 0x50, 0x23, 0x50, 0x23, 0x50, 0x23, 0x50, 0x23, 0x50, 
    0x24, 0x50, 0x24, 0x50, 0x23, 0x50, 0x23, 0x50, 0x23, 0x50, 0x23, 0x50, 
    0x23, 0x50, 0x23, 0x50, 0x23, 0x50, 0x23, 0x50, 0x24, 0x58, 0x24, 0x50, 
    0x24, 0x50, 0x23, 0x50, 0x24, 0x50, 0x23, 0x50, 0x23, 0x50, 0x24, 0x50, 
    0x24, 0x50, 0x24, 0x50, 0x24, 0x50, 0x23, 0x50, 0x23, 0x50, 0x24, 0x50, 
    0x23, 0x50, 0x23, 0x50, 0x23, 0x50, 0x23, 0x50, 0x23, 0x50, 0x24, 0x50, 
    0x23, 0x50, 0x23, 0x50, 0x23, 0x50, 0x23, 0x50, 0x24, 0x50, 0x24, 0x50, 
    0x24, 0x50, 0x24, 0x50, 0x23, 0x50, 0x24, 0x50, 0x24, 0x50, 0x24, 0x50, 
    0x24, 0x50, 0x24, 0x50, 0x44, 0x58, 0x24, 0x58, 0x24, 0x50, 0x24, 0x50, 
    0x24, 0x58, 0x24, 0x58, 0x24, 0x58, 0x23, 0x50, 0x24, 0x58, 0x23, 0x50, 
    0x24, 0x50, 0x23, 0x50, 0x23, 0x50, 0x23, 0x50, 0x23, 0x50, 0x43, 0x50, 
    0x62, 0x48, 0xc2, 0x40, 0xe1, 0x38, 0x40, 0x29, 0x60, 0x21, 0xa0, 0x19, 
    0xc0, 0x19, 0xc0, 0x19, 0xc0, 0x19, 0xc0, 0x19, 0xe0, 0x19, 0xe0, 0x19, 
    0xe0, 0x19, 0xe0, 0x19, 0xe0, 0x19, 0xe0, 0x19, 0xe0, 0x19, 0xc0, 0x19, 
    0xc0, 0x11, 0xc0, 0x11, 0xc0, 0x11, 0xc0, 0x11, 0xc0, 0x19, 0xc0, 0x11, 
    0xc0, 0x19, 0xc0, 0x19, 0xc0, 0x11, 0xa0, 0x11, 0xa0, 0x11, 0xa0, 0x11, 
    0x80, 0x11, 0x80, 0x09, 0x80, 0x09, 0x80, 0x09, 0x60, 0x11, 0x40, 0x19, 
    0x21, 0x19, 0x42, 0x31, 0x44, 0x41, 0x64, 0x49, 0x64, 0x51, 0x64, 0x51, 
    0x44, 0x49, 0x22, 0x39, 0x21, 0x29, 0x01, 0x21, 0xe0, 0x18, 0x00, 0x11, 
    0x20, 0x09, 0x20, 0x11, 0x00, 0x21, 0xe1, 0x30, 0x82, 0x40, 0x43, 0x48, 
    0x23, 0x48, 0x23, 0x48, 0x23, 0x48, 0x23, 0x48, 0x23, 0x48, 0x23, 0x48, 
    0x23, 0x50, 0x23, 0x50, 0x23, 0x50, 0x23, 0x50, 0x23, 0x50, 0x24, 0x50, 
    0x24, 0x50, 0x44, 0x50, 0x24, 0x50, 0x24, 0x50, 0x44, 0x50, 0x44, 0x50, 
    0x44, 0x50, 0x44, 0x50, 0x24, 0x50, 0x24, 0x50, 0x44, 0x58, 0x24, 0x58, 
    0x44, 0x58, 0x44, 0x58, 0x44, 0x58, 0x44, 0x58, 0x24, 0x58, 0x24, 0x58, 
    0x44, 0x58, 0x44, 0x58, 0x44, 0x58, 0x44, 0x60, 0x44, 0x60, 0x44, 0x60, 
    0x44, 0x60, 0x44, 0x60, 0x45, 0x60, 0x45, 0x60, 0x45, 0x60, 0x44, 0x60, 
    0x44, 0x60, 0x44, 0x60, 0x65, 0x60, 0x44, 0x60, 0x45, 0x60, 0x44, 0x60, 
    0x44, 0x60, 0x44, 0x60, 0x44, 0x60, 0x44, 0x60, 0x45, 0x60, 0x45, 0x60, 
    0x44, 0x60, 0x44, 0x60, 0x45, 0x60, 0x44, 0x60, 0x44, 0x60, 0x44, 0x60, 
    0x44, 0x60, 0x45, 0x60, 0x44, 0x58, 0x44, 0x60, 0x45, 0x60, 0x44, 0x60, 
    0x44, 0x60, 0x44, 0x60, 0x44, 0x60, 0x44, 0x60, 0x44, 0x58, 0x44, 0x60, 
    0x44, 0x60, 0x24, 0x58, 0x44, 0x58, 0x44, 0x60, 0x24, 0x58, 0x44, 0x60, 
    0x44, 0x60, 0x44, 0x58, 0x44, 0x58, 0x44, 0x60, 0x44, 0x58, 0x44, 0x58, 
    0x24, 0x58, 0x45, 0x58, 0x44, 0x58, 0x44, 0x58, 0x24, 0x58, 0x24, 0x58, 
    0x44, 0x58, 0x24, 0x58, 0x24, 0x58, 0x44, 0x58, 0x24, 0x58, 0x44, 0x58, 
    0x44, 0x58, 0x44, 0x58, 0x24, 0x58, 0x24, 0x58, 0x24, 0x58, 0x24, 0x58, 
    0x23, 0x48, 0x03, 0x48, 0x23, 0x48, 0x23, 0x48, 0x23, 0x48, 0x23, 0x48, 
    0x23, 0x50, 0x23, 0x50, 0x24, 0x50, 0x23, 0x50, 0x23, 0x50, 0x23, 0x50, 
    0x24, 0x50, 0x03, 0x50, 0x23, 0x50, 0x24, 0x50, 0x23, 0x50, 0x24, 0x50, 
    0x23, 0x50, 0x23, 0x50, 0x24, 0x50, 0x23, 0x50, 0x23, 0x50, 0x23, 0x50, 
    0x24, 0x50, 0x23, 0x50, 0x23, 0x50, 0x23, 0x50, 0x23, 0x50, 0x23, 0x50, 
    0x23, 0x50, 0x23, 0x50, 0x24, 0x50, 0x24, 0x50, 0x23, 0x50, 0x24, 0x50, 
    0x24, 0x50, 0x23, 0x50, 0x24, 0x50, 0x24, 0x50, 0x23, 0x50, 0x23, 0x50, 
    0x24, 0x50, 0x23, 0x50, 0x23, 0x50, 0x23, 0x50, 0x23, 0x50, 0x23, 0x50, 
    0x44, 0x50, 0x24, 0x50, 0x23, 0x50, 0x24, 0x50, 0x23, 0x50, 0x23, 0x50, 
    0x23, 0x50, 0x23, 0x50, 0x24, 0x50, 0x23, 0x50, 0x23, 0x50, 0x43, 0x50, 
    0x44, 0x50, 0x44, 0x50, 0x44, 0x50, 0x24, 0x50, 0x24, 0x50, 0x23, 0x50, 
    0x23, 0x50, 0x24, 0x50, 0x44, 0x50, 0x24, 0x50, 0x23, 0x50, 0x44, 0x58, 
    0x24, 0x58, 0x23, 0x58, 0x23, 0x58, 0x23, 0x50, 0x24, 0x50, 0x24, 0x58, 
    0x23, 0x50, 0x23, 0x50, 0x44, 0x50, 0x23, 0x50, 0x23, 0x50, 0x43, 0x50, 
    0x82, 0x48, 0xc2, 0x40, 0x00, 0x31, 0x40, 0x29, 0x80, 0x19, 0xa0, 0x19, 
    0xc0, 0x19, 0xc0, 0x19, 0xe0, 0x19, 0xe0, 0x19, 0xe0, 0x19, 0xe0, 0x19, 
    0xe0, 0x19, 0xe0, 0x19, 0xe0, 0x19, 0xe0, 0x19, 0xe0, 0x19, 0xc0, 0x19, 
    0xc0, 0x11, 0xc0, 0x11, 0xc0, 0x11, 0xc0, 0x19, 0xc0, 0x19, 0xc0, 0x19, 
    0xc0, 0x19, 0xc0, 0x19, 0xc0, 0x11, 0xc0, 0x11, 0xa0, 0x11, 0x80, 0x09, 
    0x80, 0x11, 0x80, 0x09, 0x60, 0x11, 0x21, 0x29, 0x29, 0x92, 0xaa, 0x99, 
    0x8a, 0xa1, 0xab, 0xa9, 0xec, 0xb9, 0xec, 0xc1, 0x8c, 0xb9, 0x6b, 0xb1, 
    0x6b, 0xb1, 0x2a, 0xa9, 0x09, 0xa1, 0x49, 0xa1, 0x49, 0x99, 0x88, 0x89, 
    0x24, 0x59, 0xe1, 0x28, 0xe0, 0x28, 0xc2, 0x38, 0x63, 0x40, 0x23, 0x48, 
    0x23, 0x48, 0x23, 0x48, 0x23, 0x48, 0x23, 0x48, 0x23, 0x48, 0x24, 0x50, 
    0x23, 0x50, 0x23, 0x48, 0x23, 0x50, 0x23, 0x50, 0x23, 0x50, 0x24, 0x50, 
    0x24, 0x50, 0x23, 0x50, 0x24, 0x50, 0x24, 0x50, 0x44, 0x50, 0x44, 0x50, 
    0x24, 0x50, 0x44, 0x50, 0x24, 0x50, 0x24, 0x50, 0x44, 0x58, 0x24, 0x58, 
    0x44, 0x58, 0x44, 0x58, 0x44, 0x58, 0x44, 0x58, 0x24, 0x58, 0x44, 0x58, 
    0x44, 0x58, 0x44, 0x58, 0x44, 0x60, 0x44, 0x60, 0x44, 0x60, 0x44, 0x60, 
    0x44, 0x60, 0x44, 0x60, 0x44, 0x60, 0x45, 0x60, 0x45, 0x60, 0x44, 0x60, 
    0x44, 0x60, 0x44, 0x58, 0x44, 0x60, 0x44, 0x60, 0x44, 0x60, 0x45, 0x60, 
    0x44, 0x60, 0x44, 0x60, 0x44, 0x60, 0x45, 0x60, 0x44, 0x60, 0x44, 0x60, 
    0x44, 0x60, 0x44, 0x60, 0x44, 0x60, 0x24, 0x60, 0x24, 0x60, 0x44, 0x60, 
    0x24, 0x60, 0x44, 0x58, 0x44, 0x60, 0x44, 0x58, 0x44, 0x58, 0x24, 0x58, 
    0x44, 0x60, 0x44, 0x60, 0x44, 0x60, 0x44, 0x60, 0x44, 0x58, 0x44, 0x60, 
    0x44, 0x60, 0x44, 0x58, 0x44, 0x60, 0x44, 0x58, 0x44, 0x58, 0x44, 0x60, 
    0x44, 0x58, 0x44, 0x58, 0x44, 0x58, 0x44, 0x58, 0x44, 0x58, 0x44, 0x58, 
    0x24, 0x58, 0x44, 0x58, 0x44, 0x58, 0x24, 0x58, 0x44, 0x58, 0x24, 0x58, 
    0x45, 0x58, 0x45, 0x58, 0x24, 0x58, 0x44, 0x58, 0x44, 0x58, 0x44, 0x58, 
    0x44, 0x58, 0x24, 0x58, 0x24, 0x58, 0x24, 0x58, 0x24, 0x58, 0x24, 0x58, 
    0x23, 0x48, 0x23, 0x48, 0x23, 0x48, 0x23, 0x48, 0x23, 0x48, 0x23, 0x48, 
    0x23, 0x48, 0x23, 0x50, 0x23, 0x50, 0x03, 0x50, 0x23, 0x50, 0x03, 0x50, 
    0x24, 0x50, 0x24, 0x50, 0x24, 0x50, 0x23, 0x50, 0x03, 0x50, 0x03, 0x50, 
    0x24, 0x50, 0x23, 0x50, 0x23, 0x50, 0x23, 0x50, 0x23, 0x50, 0x23, 0x50, 
    0x23, 0x50, 0x23, 0x50, 0x23, 0x50, 0x24, 0x50, 0x24, 0x50, 0x23, 0x50, 
    0x23, 0x50, 0x24, 0x50, 0x24, 0x58, 0x24, 0x50, 0x24, 0x50, 0x44, 0x50, 
    0x24, 0x50, 0x23, 0x50, 0x23, 0x50, 0x24, 0x50, 0x23, 0x50, 0x23, 0x50, 
    0x23, 0x50, 0x24, 0x50, 0x24, 0x50, 0x24, 0x50, 0x44, 0x50, 0x23, 0x50, 
    0x23, 0x50, 0x44, 0x50, 0x44, 0x50, 0x24, 0x50, 0x24, 0x50, 0x23, 0x50, 
    0x44, 0x50, 0x23, 0x48, 0x23, 0x48, 0x23, 0x50, 0x23, 0x50, 0x23, 0x50, 
    0x23, 0x50, 0x23, 0x50, 0x44, 0x50, 0x24, 0x50, 0x44, 0x50, 0x24, 0x50, 
    0x24, 0x50, 0x24, 0x50, 0x44, 0x50, 0x43, 0x50, 0x23, 0x50, 0x23, 0x50, 
    0x24, 0x50, 0x24, 0x58, 0x24, 0x58, 0x24, 0x58, 0x24, 0x58, 0x24, 0x58, 
    0x23, 0x50, 0x23, 0x50, 0x23, 0x50, 0x23, 0x50, 0x43, 0x50, 0x43, 0x50, 
    0x82, 0x48, 0xc1, 0x38, 0x20, 0x31, 0x60, 0x21, 0x80, 0x19, 0xc0, 0x19, 
    0xc0, 0x19, 0xc0, 0x19, 0xe0, 0x19, 0xe0, 0x19, 0xe0, 0x19, 0xe0, 0x19, 
    0xe0, 0x19, 0xe0, 0x19, 0xe0, 0x19, 0xe0, 0x19, 0xc0, 0x19, 0xc0, 0x19, 
    0xc0, 0x11, 0xc0, 0x11, 0xc0, 0x11, 0xc0, 0x11, 0xc0, 0x11, 0xc0, 0x11, 
    0xc0, 0x19, 0xc0, 0x19, 0xc0, 0x11, 0xa0, 0x11, 0xa0, 0x11, 0x80, 0x11, 
    0x80, 0x11, 0x60, 0x19, 0xc7, 0x71, 0x2c, 0xc2, 0x0d, 0xd2, 0xed, 0xd1, 
    0x8c, 0xc9, 0x8c, 0xc9, 0x8c, 0xc9, 0x8c, 0xc9, 0x0b, 0xb9, 0x4b, 0xc1, 
    0x2c, 0xc1, 0x4c, 0xc1, 0x2b, 0xc1, 0x4c, 0xc9, 0x4c, 0xc1, 0x6c, 0xb9, 
    0x4a, 0xb1, 0x0a, 0xa9, 0xe8, 0x80, 0x84, 0x58, 0x64, 0x50, 0x23, 0x48, 
    0x23, 0x48, 0x23, 0x48, 0x23, 0x48, 0x23, 0x48, 0x23, 0x48, 0x23, 0x48, 
    0x23, 0x48, 0x23, 0x50, 0x23, 0x48, 0x24, 0x48, 0x23, 0x50, 0x23, 0x50, 
    0x44, 0x50, 0x44, 0x50, 0x23, 0x50, 0x23, 0x50, 0x44, 0x50, 0x44, 0x50, 
    0x24, 0x50, 0x44, 0x50, 0x44, 0x58, 0x44, 0x58, 0x44, 0x58, 0x44, 0x58, 
    0x24, 0x58, 0x44, 0x58, 0x44, 0x58, 0x44, 0x58, 0x44, 0x58, 0x44, 0x58, 
    0x44, 0x58, 0x44, 0x60, 0x44, 0x60, 0x44, 0x60, 0x24, 0x60, 0x44, 0x60, 
    0x44, 0x60, 0x45, 0x60, 0x45, 0x60, 0x24, 0x60, 0x44, 0x60, 0x45, 0x60, 
    0x45, 0x60, 0x44, 0x60, 0x44, 0x58, 0x44, 0x60, 0x44, 0x60, 0x44, 0x60, 
    0x45, 0x60, 0x45, 0x60, 0x45, 0x60, 0x44, 0x60, 0x45, 0x60, 0x44, 0x58, 
    0x24, 0x60, 0x44, 0x60, 0x24, 0x60, 0x44, 0x60, 0x44, 0x60, 0x44, 0x58, 
    0x44, 0x60, 0x44, 0x60, 0x44, 0x60, 0x44, 0x58, 0x44, 0x60, 0x44, 0x60, 
    0x45, 0x60, 0x44, 0x60, 0x44, 0x60, 0x44, 0x58, 0x44, 0x58, 0x44, 0x58, 
    0x44, 0x58, 0x44, 0x60, 0x45, 0x60, 0x44, 0x58, 0x44, 0x58, 0x44, 0x60, 
    0x44, 0x58, 0x24, 0x58, 0x44, 0x58, 0x44, 0x58, 0x45, 0x58, 0x44, 0x58, 
    0x44, 0x58, 0x24, 0x58, 0x44, 0x58, 0x44, 0x60, 0x24, 0x58, 0x45, 0x60, 
    0x44, 0x58, 0x44, 0x58, 0x44, 0x58, 0x44, 0x58, 0x24, 0x58, 0x44, 0x58, 
    0x44, 0x58, 0x24, 0x58, 0x44, 0x58, 0x44, 0x58, 0x24, 0x58, 0x24, 0x58, 
    0x23, 0x48, 0x23, 0x48, 0x23, 0x48, 0x23, 0x48, 0x23, 0x48, 0x23, 0x48, 
    0x23, 0x50, 0x23, 0x50, 0x23, 0x50, 0x23, 0x50, 0x23, 0x50, 0x24, 0x50, 
    0x24, 0x50, 0x23, 0x50, 0x23, 0x50, 0x03, 0x50, 0x24, 0x50, 0x24, 0x50, 
    0x44, 0x50, 0x23, 0x50, 0x23, 0x50, 0x23, 0x50, 0x23, 0x50, 0x23, 0x50, 
    0x23, 0x50, 0x24, 0x50, 0x23, 0x50, 0x24, 0x50, 0x23, 0x50, 0x24, 0x50, 
    0x24, 0x50, 0x24, 0x50, 0x24, 0x50, 0x24, 0x50, 0x23, 0x50, 0x23, 0x50, 
    0x23, 0x50, 0x23, 0x50, 0x23, 0x50, 0x23, 0x50, 0x24, 0x50, 0x23, 0x50, 
    0x24, 0x50, 0x24, 0x50, 0x24, 0x50, 0x44, 0x50, 0x23, 0x50, 0x24, 0x50, 
    0x24, 0x50, 0x44, 0x50, 0x23, 0x50, 0x23, 0x50, 0x24, 0x50, 0x24, 0x50, 
    0x24, 0x48, 0x24, 0x50, 0x43, 0x50, 0x43, 0x50, 0x24, 0x50, 0x44, 0x50, 
    0x24, 0x50, 0x23, 0x50, 0x24, 0x50, 0x24, 0x50, 0x44, 0x50, 0x23, 0x50, 
    0x23, 0x50, 0x44, 0x58, 0x24, 0x50, 0x44, 0x50, 0x24, 0x50, 0x24, 0x50, 
    0x24, 0x50, 0x23, 0x50, 0x24, 0x58, 0x24, 0x50, 0x24, 0x58, 0x24, 0x50, 
    0x24, 0x50, 0x24, 0x50, 0x24, 0x50, 0x23, 0x50, 0x23, 0x50, 0x43, 0x50, 
    0x82, 0x48, 0xc1, 0x38, 0x20, 0x29, 0x40, 0x21, 0x80, 0x19, 0xc0, 0x19, 
    0xc0, 0x19, 0xc0, 0x19, 0xc0, 0x19, 0xc0, 0x19, 0xe0, 0x19, 0xe0, 0x19, 
    0xc0, 0x19, 0xe0, 0x19, 0xe0, 0x19, 0xe0, 0x19, 0xe0, 0x19, 0xe0, 0x19, 
    0xc0, 0x11, 0xc0, 0x11, 0xc0, 0x11, 0xc0, 0x11, 0xc0, 0x11, 0xc0, 0x11, 
    0xc0, 0x19, 0xa0, 0x11, 0xa0, 0x11, 0xa0, 0x11, 0xa0, 0x09, 0x80, 0x09, 
    0x41, 0x29, 0x87, 0x89, 0xec, 0xc1, 0xac, 0xc9, 0x6b, 0xc9, 0x4b, 0xc9, 
    0xea, 0xc0, 0xea, 0xb8, 0x0b, 0xc1, 0xea, 0xb8, 0xea, 0xb8, 0x0b, 0xb9, 
    0x0c, 0xb9, 0x2c, 0xc1, 0x2c, 0xc1, 0x6d, 0xc9, 0x4c, 0xc9, 0x2b, 0xb9, 
    0x2b, 0xb9, 0xea, 0xb0, 0xc9, 0xa8, 0xe9, 0xa0, 0xa8, 0x90, 0x86, 0x70, 
    0x24, 0x50, 0x03, 0x48, 0x23, 0x48, 0x23, 0x48, 0x23, 0x48, 0x23, 0x48, 
    0x23, 0x48, 0x24, 0x48, 0x23, 0x48, 0x24, 0x50, 0x24, 0x50, 0x23, 0x50, 
    0x23, 0x50, 0x44, 0x50, 0x24, 0x50, 0x24, 0x50, 0x44, 0x50, 0x24, 0x58, 
    0x44, 0x58, 0x44, 0x50, 0x44, 0x50, 0x24, 0x50, 0x44, 0x58, 0x44, 0x58, 
    0x44, 0x58, 0x44, 0x58, 0x44, 0x58, 0x44, 0x58, 0x44, 0x58, 0x44, 0x60, 
    0x44, 0x58, 0x45, 0x58, 0x44, 0x58, 0x44, 0x58, 0x45, 0x60, 0x44, 0x60, 
    0x44, 0x60, 0x45, 0x60, 0x45, 0x60, 0x44, 0x60, 0x44, 0x60, 0x45, 0x60, 
    0x45, 0x60, 0x44, 0x60, 0x44, 0x60, 0x44, 0x60, 0x44, 0x60, 0x44, 0x60, 
    0x44, 0x60, 0x24, 0x58, 0x44, 0x58, 0x44, 0x58, 0x45, 0x60, 0x44, 0x58, 
    0x44, 0x60, 0x44, 0x60, 0x45, 0x60, 0x44, 0x60, 0x44, 0x58, 0x44, 0x60, 
    0x44, 0x58, 0x44, 0x58, 0x44, 0x58, 0x44, 0x58, 0x44, 0x60, 0x44, 0x58, 
    0x44, 0x60, 0x44, 0x58, 0x44, 0x60, 0x44, 0x60, 0x44, 0x58, 0x44, 0x58, 
    0x44, 0x58, 0x44, 0x58, 0x44, 0x60, 0x44, 0x60, 0x44, 0x58, 0x44, 0x58, 
    0x24, 0x58, 0x44, 0x58, 0x44, 0x58, 0x44, 0x58, 0x44, 0x58, 0x44, 0x58, 
    0x44, 0x58, 0x24, 0x58, 0x44, 0x58, 0x44, 0x58, 0x44, 0x58, 0x44, 0x58, 
    0x44, 0x58, 0x44, 0x58, 0x24, 0x58, 0x44, 0x58, 0x24, 0x58, 0x44, 0x58, 
    0x44, 0x58, 0x24, 0x58, 0x24, 0x58, 0x44, 0x58, 0x24, 0x58, 0x24, 0x58, 
    0x23, 0x48, 0x23, 0x48, 0x23, 0x48, 0x23, 0x48, 0x23, 0x48, 0x03, 0x48, 
    0x23, 0x48, 0x23, 0x50, 0x23, 0x50, 0x23, 0x50, 0x24, 0x50, 0x23, 0x50, 
    0x24, 0x50, 0x23, 0x50, 0x23, 0x50, 0x03, 0x50, 0x24, 0x50, 0x23, 0x50, 
    0x23, 0x50, 0x23, 0x50, 0x24, 0x50, 0x24, 0x50, 0x24, 0x50, 0x24, 0x50, 
    0x03, 0x50, 0x23, 0x50, 0x24, 0x50, 0x23, 0x50, 0x23, 0x50, 0x24, 0x50, 
    0x23, 0x50, 0x24, 0x50, 0x24, 0x50, 0x24, 0x50, 0x23, 0x50, 0x43, 0x50, 
    0x24, 0x50, 0x23, 0x50, 0x23, 0x50, 0x23, 0x50, 0x24, 0x50, 0x24, 0x50, 
    0x23, 0x50, 0x44, 0x50, 0x23, 0x50, 0x44, 0x50, 0x24, 0x50, 0x23, 0x50, 
    0x24, 0x50, 0x23, 0x50, 0x23, 0x50, 0x23, 0x50, 0x23, 0x50, 0x23, 0x50, 
    0x44, 0x50, 0x23, 0x48, 0x23, 0x50, 0x24, 0x50, 0x23, 0x50, 0x23, 0x50, 
    0x24, 0x50, 0x23, 0x50, 0x44, 0x50, 0x24, 0x50, 0x24, 0x50, 0x24, 0x50, 
    0x44, 0x50, 0x24, 0x50, 0x44, 0x50, 0x24, 0x50, 0x44, 0x58, 0x24, 0x50, 
    0x44, 0x50, 0x24, 0x50, 0x24, 0x58, 0x23, 0x50, 0x23, 0x50, 0x24, 0x58, 
    0x24, 0x58, 0x24, 0x58, 0x24, 0x50, 0x03, 0x50, 0x24, 0x50, 0x43, 0x50, 
    0x82, 0x40, 0xe1, 0x38, 0x20, 0x31, 0x40, 0x21, 0x80, 0x19, 0xa0, 0x19, 
    0xc0, 0x19, 0xc0, 0x19, 0xc0, 0x19, 0xc0, 0x19, 0xc0, 0x21, 0xc0, 0x19, 
    0xc0, 0x21, 0xe0, 0x19, 0xe0, 0x19, 0xc0, 0x19, 0xc0, 0x19, 0xe0, 0x19, 
    0xc0, 0x19, 0xc0, 0x11, 0xc0, 0x11, 0xc0, 0x11, 0xc0, 0x19, 0xc0, 0x11, 
    0xc0, 0x11, 0xa0, 0x11, 0xa0, 0x11, 0x80, 0x11, 0x80, 0x09, 0x60, 0x19, 
    0x67, 0x89, 0x0d, 0xda, 0x8b, 0xc9, 0x0a, 0xc1, 0xea, 0xb8, 0xa9, 0xb8, 
    0x88, 0xb0, 0xa9, 0xb0, 0xa9, 0xb0, 0x68, 0xa0, 0x68, 0xa8, 0x69, 0xa8, 
    0xaa, 0xb0, 0xca, 0xb0, 0xca, 0xb8, 0xeb, 0xb8, 0xca, 0xb0, 0xaa, 0xb0, 
    0xa8, 0xa8, 0xc9, 0xa8, 0x47, 0xa0, 0xa8, 0xa8, 0xc8, 0xa0, 0xa8, 0xa0, 
    0x88, 0x88, 0x25, 0x60, 0x23, 0x48, 0x23, 0x48, 0x23, 0x48, 0x23, 0x48, 
    0x23, 0x48, 0x23, 0x48, 0x24, 0x50, 0x24, 0x50, 0x24, 0x50, 0x23, 0x50, 
    0x23, 0x50, 0x44, 0x50, 0x44, 0x50, 0x44, 0x50, 0x24, 0x50, 0x24, 0x50, 
    0x44, 0x58, 0x44, 0x50, 0x44, 0x58, 0x44, 0x58, 0x44, 0x58, 0x44, 0x58, 
    0x44, 0x58, 0x44, 0x58, 0x44, 0x58, 0x24, 0x58, 0x44, 0x58, 0x44, 0x58, 
    0x45, 0x58, 0x24, 0x58, 0x44, 0x58, 0x45, 0x60, 0x44, 0x60, 0x44, 0x60, 
    0x45, 0x60, 0x44, 0x60, 0x44, 0x60, 0x45, 0x60, 0x44, 0x60, 0x44, 0x60, 
    0x44, 0x60, 0x44, 0x60, 0x44, 0x60, 0x44, 0x58, 0x45, 0x60, 0x44, 0x60, 
    0x44, 0x58, 0x44, 0x58, 0x44, 0x58, 0x44, 0x58, 0x44, 0x58, 0x45, 0x60, 
    0x24, 0x58, 0x44, 0x58, 0x44, 0x58, 0x44, 0x58, 0x44, 0x58, 0x44, 0x58, 
    0x44, 0x60, 0x44, 0x60, 0x44, 0x60, 0x24, 0x60, 0x45, 0x58, 0x44, 0x58, 
    0x44, 0x60, 0x44, 0x60, 0x45, 0x60, 0x45, 0x60, 0x44, 0x58, 0x44, 0x58, 
    0x45, 0x60, 0x45, 0x58, 0x44, 0x58, 0x44, 0x58, 0x44, 0x58, 0x44, 0x58, 
    0x44, 0x58, 0x44, 0x58, 0x44, 0x58, 0x44, 0x58, 0x24, 0x58, 0x24, 0x58, 
    0x44, 0x58, 0x44, 0x58, 0x24, 0x58, 0x44, 0x58, 0x44, 0x58, 0x24, 0x58, 
    0x45, 0x58, 0x24, 0x58, 0x24, 0x58, 0x44, 0x58, 0x44, 0x58, 0x24, 0x58, 
    0x24, 0x58, 0x44, 0x58, 0x44, 0x58, 0x24, 0x58, 0x24, 0x58, 0x24, 0x58, 
    0x03, 0x48, 0x23, 0x48, 0x23, 0x48, 0x23, 0x48, 0x23, 0x48, 0x03, 0x48, 
    0x23, 0x48, 0x23, 0x50, 0x23, 0x50, 0x23, 0x50, 0x23, 0x50, 0x23, 0x50, 
    0x03, 0x50, 0x23, 0x50, 0x23, 0x50, 0x24, 0x50, 0x23, 0x50, 0x23, 0x50, 
    0x23, 0x50, 0x23, 0x50, 0x23, 0x50, 0x23, 0x50, 0x24, 0x50, 0x24, 0x50, 
    0x23, 0x50, 0x23, 0x50, 0x23, 0x50, 0x23, 0x50, 0x23, 0x50, 0x23, 0x50, 
    0x24, 0x50, 0x24, 0x50, 0x23, 0x50, 0x24, 0x50, 0x24, 0x50, 0x24, 0x50, 
    0x23, 0x50, 0x23, 0x50, 0x24, 0x50, 0x23, 0x50, 0x23, 0x50, 0x24, 0x50, 
    0x24, 0x50, 0x24, 0x50, 0x24, 0x50, 0x24, 0x50, 0x23, 0x50, 0x24, 0x50, 
    0x24, 0x50, 0x23, 0x50, 0x24, 0x50, 0x23, 0x50, 0x23, 0x50, 0x23, 0x50, 
    0x44, 0x50, 0x23, 0x50, 0x23, 0x50, 0x44, 0x50, 0x23, 0x50, 0x23, 0x50, 
    0x44, 0x50, 0x23, 0x50, 0x24, 0x50, 0x23, 0x50, 0x24, 0x50, 0x24, 0x50, 
    0x23, 0x50, 0x24, 0x50, 0x24, 0x50, 0x24, 0x58, 0x24, 0x50, 0x24, 0x50, 
    0x24, 0x58, 0x24, 0x50, 0x24, 0x58, 0x24, 0x58, 0x24, 0x58, 0x23, 0x50, 
    0x23, 0x58, 0x24, 0x58, 0x24, 0x50, 0x24, 0x50, 0x24, 0x50, 0x43, 0x50, 
    0x82, 0x40, 0xc1, 0x38, 0x20, 0x29, 0x40, 0x21, 0x80, 0x19, 0xa0, 0x19, 
    0xa0, 0x19, 0x82, 0x39, 0x85, 0x61, 0x46, 0x71, 0x46, 0x79, 0x27, 0x81, 
    0x25, 0x71, 0x62, 0x49, 0xa0, 0x29, 0xc0, 0x21, 0xc0, 0x19, 0xc0, 0x19, 
    0xc0, 0x19, 0xc0, 0x11, 0xc0, 0x11, 0xc0, 0x19, 0xc0, 0x11, 0xc0, 0x19, 
    0xc0, 0x11, 0xa0, 0x11, 0xa0, 0x11, 0x80, 0x11, 0x80, 0x11, 0x60, 0x19, 
    0x47, 0x99, 0xcc, 0xd1, 0xe9, 0xb8, 0x88, 0xa8, 0x46, 0xa0, 0x26, 0x98, 
    0x04, 0x90, 0x04, 0x88, 0x04, 0x88, 0x04, 0x88, 0x04, 0x88, 0x05, 0x88, 
    0x26, 0x90, 0x05, 0x90, 0x26, 0x90, 0x06, 0x90, 0x25, 0x90, 0x06, 0x90, 
    0x25, 0x90, 0x25, 0x90, 0x05, 0x90, 0x26, 0x90, 0x46, 0x98, 0x87, 0x98, 
    0xc8, 0xa8, 0xe9, 0xa8, 0xa8, 0x98, 0x46, 0x68, 0x24, 0x58, 0x23, 0x48, 
    0x23, 0x48, 0x23, 0x50, 0x24, 0x50, 0x24, 0x50, 0x24, 0x50, 0x24, 0x50, 
    0x23, 0x50, 0x23, 0x50, 0x23, 0x50, 0x44, 0x50, 0x44, 0x50, 0x44, 0x50, 
    0x24, 0x50, 0x44, 0x58, 0x44, 0x58, 0x44, 0x58, 0x44, 0x58, 0x44, 0x58, 
    0x44, 0x58, 0x44, 0x58, 0x44, 0x58, 0x44, 0x58, 0x44, 0x58, 0x44, 0x58, 
    0x44, 0x58, 0x44, 0x60, 0x44, 0x60, 0x44, 0x60, 0x45, 0x60, 0x44, 0x60, 
    0x44, 0x60, 0x44, 0x60, 0x44, 0x60, 0x44, 0x60, 0x44, 0x60, 0x44, 0x60, 
    0x44, 0x60, 0x44, 0x60, 0x24, 0x58, 0x44, 0x58, 0x44, 0x58, 0x44, 0x60, 
    0x44, 0x60, 0x44, 0x58, 0x44, 0x58, 0x44, 0x58, 0x44, 0x58, 0x44, 0x58, 
    0x44, 0x58, 0x44, 0x58, 0x44, 0x58, 0x44, 0x58, 0x44, 0x58, 0x44, 0x58, 
    0x44, 0x58, 0x44, 0x58, 0x44, 0x58, 0x45, 0x58, 0x44, 0x58, 0x44, 0x58, 
    0x44, 0x58, 0x44, 0x60, 0x44, 0x60, 0x44, 0x60, 0x44, 0x60, 0x44, 0x58, 
    0x44, 0x58, 0x24, 0x58, 0x45, 0x58, 0x45, 0x58, 0x44, 0x58, 0x44, 0x58, 
    0x24, 0x58, 0x44, 0x58, 0x44, 0x58, 0x44, 0x58, 0x24, 0x58, 0x24, 0x58, 
    0x24, 0x58, 0x24, 0x58, 0x44, 0x58, 0x24, 0x58, 0x24, 0x58, 0x44, 0x58, 
    0x24, 0x58, 0x24, 0x58, 0x44, 0x58, 0x44, 0x58, 0x24, 0x58, 0x24, 0x58, 
    0x44, 0x58, 0x24, 0x58, 0x24, 0x58, 0x24, 0x58, 0x24, 0x58, 0x24, 0x58, 
    0x23, 0x48, 0x23, 0x48, 0x23, 0x48, 0x23, 0x48, 0x23, 0x48, 0x23, 0x48, 
    0x23, 0x48, 0x23, 0x48, 0x23, 0x50, 0x23, 0x50, 0x23, 0x50, 0x23, 0x50, 
    0x23, 0x50, 0x24, 0x50, 0x24, 0x50, 0x23, 0x50, 0x23, 0x50, 0x23, 0x50, 
    0x23, 0x50, 0x23, 0x50, 0x23, 0x50, 0x23, 0x50, 0x23, 0x50, 0x24, 0x50, 
    0x23, 0x50, 0x23, 0x50, 0x24, 0x50, 0x24, 0x50, 0x23, 0x50, 0x23, 0x50, 
    0x23, 0x50, 0x23, 0x50, 0x23, 0x50, 0x23, 0x50, 0x23, 0x50, 0x23, 0x50, 
    0x23, 0x50, 0x23, 0x50, 0x24, 0x50, 0x23, 0x50, 0x23, 0x50, 0x24, 0x50, 
    0x23, 0x50, 0x24, 0x50, 0x23, 0x50, 0x24, 0x50, 0x24, 0x50, 0x24, 0x50, 
    0x24, 0x50, 0x24, 0x50, 0x24, 0x50, 0x23, 0x50, 0x24, 0x50, 0x23, 0x50, 
    0x43, 0x50, 0x23, 0x50, 0x43, 0x50, 0x43, 0x50, 0x44, 0x50, 0x23, 0x50, 
    0x24, 0x50, 0x24, 0x50, 0x23, 0x50, 0x23, 0x50, 0x44, 0x50, 0x44, 0x50, 
    0x44, 0x50, 0x44, 0x50, 0x24, 0x50, 0x24, 0x50, 0x24, 0x50, 0x24, 0x58, 
    0x24, 0x58, 0x24, 0x58, 0x24, 0x58, 0x24, 0x58, 0x44, 0x58, 0x23, 0x50, 
    0x24, 0x58, 0x24, 0x50, 0x24, 0x50, 0x24, 0x50, 0x24, 0x50, 0x63, 0x50, 
    0x82, 0x48, 0xc1, 0x38, 0x20, 0x29, 0x40, 0x21, 0x80, 0x19, 0x80, 0x19, 
    0x64, 0x59, 0xcd, 0xb9, 0x0e, 0xd2, 0x0e, 0xd2, 0xed, 0xd1, 0xad, 0xc1, 
    0x8c, 0xc1, 0x4a, 0xa9, 0xe6, 0x88, 0xe4, 0x70, 0x43, 0x61, 0x62, 0x49, 
    0x60, 0x29, 0xa0, 0x19, 0xc0, 0x11, 0xc0, 0x19, 0xe0, 0x19, 0xc0, 0x11, 
    0xc0, 0x11, 0xa0, 0x11, 0xa0, 0x11, 0x80, 0x09, 0x80, 0x09, 0x40, 0x29, 
    0x48, 0xa1, 0x8c, 0xc9, 0x66, 0xa0, 0x04, 0x90, 0x03, 0x80, 0x02, 0x78, 
    0x01, 0x78, 0x01, 0x70, 0x01, 0x70, 0x02, 0x70, 0x02, 0x70, 0x03, 0x78, 
    0x03, 0x78, 0x03, 0x80, 0x04, 0x80, 0x04, 0x80, 0x04, 0x80, 0x04, 0x80, 
    0x04, 0x80, 0x04, 0x80, 0x03, 0x80, 0x03, 0x80, 0x04, 0x88, 0x25, 0x90, 
    0x46, 0x98, 0xa9, 0xa8, 0xc9, 0xb0, 0xea, 0xb0, 0xc9, 0xa0, 0xc9, 0x98, 
    0x66, 0x68, 0x24, 0x50, 0x23, 0x50, 0x23, 0x48, 0x24, 0x50, 0x23, 0x50, 
    0x44, 0x50, 0x44, 0x50, 0x44, 0x50, 0x44, 0x50, 0x24, 0x50, 0x24, 0x58, 
    0x24, 0x58, 0x44, 0x58, 0x44, 0x58, 0x44, 0x58, 0x44, 0x58, 0x44, 0x58, 
    0x44, 0x58, 0x44, 0x58, 0x44, 0x58, 0x44, 0x58, 0x44, 0x58, 0x44, 0x58, 
    0x44, 0x60, 0x44, 0x60, 0x44, 0x60, 0x44, 0x60, 0x45, 0x60, 0x44, 0x60, 
    0x45, 0x60, 0x44, 0x58, 0x44, 0x60, 0x44, 0x60, 0x44, 0x60, 0x44, 0x60, 
    0x24, 0x58, 0x44, 0x60, 0x44, 0x58, 0x44, 0x58, 0x44, 0x60, 0x44, 0x58, 
    0x44, 0x58, 0x24, 0x58, 0x44, 0x58, 0x44, 0x58, 0x44, 0x58, 0x44, 0x58, 
    0x44, 0x58, 0x44, 0x58, 0x44, 0x58, 0x44, 0x58, 0x44, 0x58, 0x24, 0x58, 
    0x44, 0x58, 0x44, 0x60, 0x44, 0x58, 0x44, 0x58, 0x44, 0x58, 0x44, 0x58, 
    0x44, 0x58, 0x44, 0x58, 0x44, 0x60, 0x44, 0x58, 0x44, 0x60, 0x24, 0x58, 
    0x44, 0x60, 0x44, 0x58, 0x44, 0x58, 0x44, 0x60, 0x24, 0x58, 0x44, 0x58, 
    0x44, 0x58, 0x44, 0x58, 0x44, 0x58, 0x24, 0x58, 0x44, 0x58, 0x44, 0x58, 
    0x24, 0x58, 0x24, 0x58, 0x24, 0x58, 0x24, 0x58, 0x24, 0x58, 0x45, 0x58, 
    0x24, 0x58, 0x24, 0x58, 0x44, 0x58, 0x24, 0x58, 0x24, 0x58, 0x24, 0x58, 
    0x24, 0x58, 0x24, 0x58, 0x24, 0x58, 0x44, 0x58, 0x24, 0x58, 0x24, 0x58, 
    0x23, 0x48, 0x23, 0x48, 0x23, 0x48, 0x23, 0x48, 0x23, 0x48, 0x23, 0x48, 
    0x23, 0x48, 0x23, 0x48, 0x23, 0x50, 0x23, 0x50, 0x24, 0x50, 0x03, 0x50, 
    0x23, 0x50, 0x03, 0x50, 0x23, 0x50, 0x03, 0x50, 0x23, 0x50, 0x23, 0x50, 
    0x03, 0x50, 0x23, 0x50, 0x23, 0x50, 0x24, 0x50, 0x23, 0x50, 0x23, 0x50, 
    0x24, 0x50, 0x23, 0x50, 0x23, 0x50, 0x43, 0x50, 0x23, 0x50, 0x24, 0x50, 
    0x24, 0x50, 0x23, 0x50, 0x24, 0x50, 0x23, 0x50, 0x23, 0x50, 0x23, 0x50, 
    0x23, 0x50, 0x24, 0x50, 0x24, 0x50, 0x23, 0x50, 0x24, 0x50, 0x44, 0x50, 
    0x23, 0x50, 0x23, 0x50, 0x24, 0x50, 0x23, 0x50, 0x24, 0x50, 0x24, 0x50, 
    0x24, 0x50, 0x44, 0x50, 0x24, 0x50, 0x23, 0x50, 0x23, 0x50, 0x23, 0x50, 
    0x24, 0x50, 0x23, 0x50, 0x23, 0x50, 0x44, 0x50, 0x43, 0x50, 0x24, 0x50, 
    0x24, 0x50, 0x44, 0x50, 0x44, 0x50, 0x24, 0x50, 0x44, 0x50, 0x44, 0x50, 
    0x44, 0x50, 0x44, 0x50, 0x23, 0x50, 0x24, 0x50, 0x44, 0x58, 0x24, 0x58, 
    0x24, 0x58, 0x24, 0x58, 0x24, 0x58, 0x23, 0x50, 0x23, 0x50, 0x23, 0x50, 
    0x24, 0x58, 0x24, 0x58, 0x24, 0x50, 0x23, 0x50, 0x23, 0x50, 0x42, 0x48, 
    0x82, 0x40, 0xc1, 0x38, 0x20, 0x29, 0x40, 0x21, 0x80, 0x19, 0x63, 0x41, 
    0xed, 0xc1, 0x4f, 0xe2, 0x4f, 0xe2, 0xee, 0xd9, 0xcc, 0xd1, 0xac, 0xc9, 
    0x6c, 0xc1, 0x6c, 0xc1, 0x4b, 0xb9, 0x2a, 0xb1, 0x2a, 0xa9, 0x6a, 0xb1, 
    0x48, 0x99, 0x44, 0x59, 0x80, 0x29, 0xc0, 0x19, 0xc0, 0x11, 0xc0, 0x19, 
    0xc0, 0x11, 0xa0, 0x11, 0x80, 0x09, 0x60, 0x11, 0x60, 0x11, 0xa4, 0x61, 
    0x28, 0xa9, 0x6b, 0xc1, 0x03, 0x80, 0x01, 0x78, 0x01, 0x70, 0x00, 0x68, 
    0x00, 0x68, 0x00, 0x70, 0x01, 0x70, 0x01, 0x70, 0x01, 0x70, 0x02, 0x70, 
    0x02, 0x70, 0x02, 0x70, 0x02, 0x70, 0x02, 0x70, 0x02, 0x78, 0x02, 0x78, 
    0x02, 0x78, 0x01, 0x78, 0x01, 0x78, 0x01, 0x78, 0x02, 0x80, 0x03, 0x88, 
    0x04, 0x90, 0x06, 0xa0, 0x68, 0xa8, 0xa8, 0xb0, 0xea, 0xb8, 0xaa, 0xb8, 
    0x68, 0xa0, 0x88, 0x88, 0x25, 0x58, 0x23, 0x50, 0x24, 0x50, 0x44, 0x50, 
    0x24, 0x50, 0x44, 0x50, 0x23, 0x50, 0x44, 0x50, 0x44, 0x50, 0x44, 0x58, 
    0x44, 0x58, 0x44, 0x58, 0x44, 0x58, 0x24, 0x58, 0x44, 0x58, 0x44, 0x58, 
    0x44, 0x58, 0x44, 0x58, 0x44, 0x58, 0x44, 0x58, 0x44, 0x60, 0x44, 0x60, 
    0x44, 0x60, 0x44, 0x58, 0x24, 0x60, 0x45, 0x60, 0x24, 0x60, 0x44, 0x60, 
    0x44, 0x60, 0x45, 0x60, 0x44, 0x60, 0x44, 0x60, 0x44, 0x60, 0x44, 0x60, 
    0x44, 0x60, 0x44, 0x58, 0x24, 0x58, 0x44, 0x58, 0x45, 0x58, 0x44, 0x58, 
    0x44, 0x58, 0x44, 0x58, 0x44, 0x58, 0x44, 0x58, 0x44, 0x58, 0x24, 0x58, 
    0x44, 0x58, 0x44, 0x58, 0x44, 0x58, 0x24, 0x58, 0x44, 0x58, 0x44, 0x58, 
    0x44, 0x58, 0x44, 0x58, 0x24, 0x58, 0x44, 0x58, 0x44, 0x58, 0x44, 0x58, 
    0x44, 0x58, 0x44, 0x60, 0x44, 0x58, 0x44, 0x58, 0x44, 0x58, 0x44, 0x60, 
    0x44, 0x60, 0x45, 0x60, 0x44, 0x58, 0x44, 0x60, 0x44, 0x58, 0x44, 0x58, 
    0x44, 0x58, 0x44, 0x58, 0x44, 0x58, 0x44, 0x58, 0x44, 0x58, 0x44, 0x58, 
    0x44, 0x58, 0x44, 0x58, 0x24, 0x58, 0x44, 0x58, 0x44, 0x58, 0x24, 0x58, 
    0x44, 0x58, 0x24, 0x58, 0x24, 0x58, 0x24, 0x58, 0x24, 0x58, 0x24, 0x58, 
    0x24, 0x58, 0x24, 0x58, 0x24, 0x58, 0x24, 0x58, 0x44, 0x58, 0x44, 0x58, 
    0x23, 0x48, 0x23, 0x48, 0x23, 0x48, 0x23, 0x48, 0x23, 0x48, 0x23, 0x48, 
    0x23, 0x48, 0x23, 0x50, 0x23, 0x50, 0x23, 0x50, 0x23, 0x50, 0x23, 0x50, 
    0x23, 0x50, 0x23, 0x50, 0x23, 0x50, 0x23, 0x50, 0x24, 0x50, 0x23, 0x50, 
    0x24, 0x50, 0x23, 0x50, 0x24, 0x50, 0x23, 0x50, 0x23, 0x50, 0x23, 0x50, 
    0x23, 0x50, 0x23, 0x50, 0x23, 0x50, 0x23, 0x50, 0x23, 0x50, 0x23, 0x50, 
    0x24, 0x50, 0x23, 0x50, 0x23, 0x50, 0x23, 0x50, 0x24, 0x50, 0x24, 0x50, 
    0x23, 0x50, 0x23, 0x50, 0x23, 0x50, 0x23, 0x50, 0x23, 0x50, 0x23, 0x50, 
    0x23, 0x50, 0x23, 0x50, 0x24, 0x50, 0x24, 0x50, 0x24, 0x50, 0x23, 0x50, 
    0x24, 0x50, 0x23, 0x50, 0x24, 0x50, 0x24, 0x50, 0x23, 0x50, 0x23, 0x50, 
    0x44, 0x50, 0x24, 0x50, 0x23, 0x50, 0x24, 0x50, 0x23, 0x50, 0x24, 0x50, 
    0x23, 0x50, 0x24, 0x50, 0x44, 0x50, 0x24, 0x50, 0x44, 0x50, 0x44, 0x50, 
    0x24, 0x50, 0x24, 0x50, 0x24, 0x50, 0x24, 0x50, 0x24, 0x50, 0x24, 0x58, 
    0x24, 0x58, 0x24, 0x58, 0x23, 0x50, 0x24, 0x58, 0x24, 0x58, 0x24, 0x58, 
    0x23, 0x58, 0x23, 0x50, 0x23, 0x50, 0x23, 0x50, 0x23, 0x50, 0x43, 0x50, 
    0x82, 0x48, 0xc1, 0x38, 0x00, 0x29, 0x40, 0x21, 0x60, 0x19, 0xa9, 0x91, 
    0x2f, 0xe2, 0x50, 0xea, 0x6f, 0xe2, 0xcd, 0xd1, 0x6c, 0xc9, 0x4b, 0xc1, 
    0x2b, 0xb9, 0xea, 0xb0, 0xc9, 0xa0, 0xc8, 0xa0, 0xa8, 0xa0, 0x88, 0xa0, 
    0xc9, 0xa8, 0x2a, 0xa9, 0x07, 0x91, 0x42, 0x49, 0xa0, 0x19, 0xc0, 0x11, 
    0xa0, 0x19, 0xa0, 0x11, 0x80, 0x11, 0x60, 0x11, 0x62, 0x49, 0x87, 0xa1, 
    0x07, 0xa9, 0x69, 0xb9, 0x01, 0x70, 0x00, 0x60, 0x00, 0x68, 0x00, 0x68, 
    0x00, 0x60, 0x00, 0x68, 0x00, 0x68, 0x01, 0x68, 0x01, 0x68, 0x01, 0x68, 
    0x01, 0x68, 0x01, 0x68, 0x01, 0x70, 0x01, 0x70, 0x02, 0x78, 0x01, 0x78, 
    0x02, 0x80, 0x02, 0x80, 0x03, 0x88, 0x04, 0x90, 0x04, 0x90, 0x05, 0xa0, 
    0x05, 0xa0, 0x07, 0xa8, 0x27, 0xb0, 0x68, 0xb0, 0xc9, 0xb8, 0xa9, 0xb0, 
    0x47, 0xa0, 0x47, 0xa0, 0x67, 0x88, 0x24, 0x58, 0x23, 0x50, 0x24, 0x50, 
    0x23, 0x50, 0x23, 0x50, 0x24, 0x50, 0x44, 0x58, 0x24, 0x58, 0x44, 0x58, 
    0x44, 0x58, 0x44, 0x58, 0x44, 0x58, 0x44, 0x58, 0x44, 0x58, 0x44, 0x58, 
    0x44, 0x58, 0x44, 0x58, 0x44, 0x58, 0x44, 0x58, 0x44, 0x60, 0x44, 0x60, 
    0x44, 0x60, 0x65, 0x60, 0x44, 0x60, 0x44, 0x60, 0x45, 0x60, 0x44, 0x60, 
    0x44, 0x58, 0x45, 0x60, 0x44, 0x60, 0x45, 0x60, 0x44, 0x60, 0x44, 0x60, 
    0x44, 0x60, 0x44, 0x58, 0x45, 0x60, 0x45, 0x60, 0x44, 0x58, 0x44, 0x58, 
    0x44, 0x58, 0x44, 0x58, 0x24, 0x58, 0x44, 0x58, 0x44, 0x58, 0x44, 0x58, 
    0x44, 0x58, 0x44, 0x58, 0x44, 0x58, 0x44, 0x58, 0x44, 0x58, 0x44, 0x58, 
    0x44, 0x58, 0x24, 0x58, 0x24, 0x58, 0x44, 0x58, 0x44, 0x58, 0x44, 0x58, 
    0x44, 0x58, 0x44, 0x58, 0x44, 0x60, 0x44, 0x58, 0x45, 0x58, 0x44, 0x58, 
    0x44, 0x60, 0x44, 0x58, 0x45, 0x58, 0x44, 0x58, 0x44, 0x58, 0x44, 0x58, 
    0x24, 0x58, 0x44, 0x58, 0x44, 0x58, 0x44, 0x58, 0x44, 0x58, 0x44, 0x58, 
    0x44, 0x58, 0x44, 0x58, 0x24, 0x58, 0x24, 0x58, 0x44, 0x58, 0x44, 0x58, 
    0x24, 0x58, 0x44, 0x58, 0x24, 0x58, 0x24, 0x58, 0x24, 0x58, 0x24, 0x58, 
    0x24, 0x58, 0x24, 0x58, 0x44, 0x58, 0x24, 0x58, 0x44, 0x58, 0x23, 0x50, 
    0x23, 0x48, 0x23, 0x48, 0x23, 0x48, 0x23, 0x48, 0x03, 0x48, 0x03, 0x48, 
    0x23, 0x48, 0x23, 0x48, 0x23, 0x50, 0x23, 0x50, 0x23, 0x50, 0x23, 0x50, 
    0x23, 0x50, 0x23, 0x50, 0x23, 0x50, 0x03, 0x50, 0x24, 0x50, 0x24, 0x50, 
    0x24, 0x50, 0x23, 0x50, 0x23, 0x50, 0x23, 0x50, 0x23, 0x50, 0x23, 0x50, 
    0x23, 0x50, 0x24, 0x50, 0x23, 0x50, 0x23, 0x50, 0x23, 0x50, 0x23, 0x50, 
    0x23, 0x50, 0x23, 0x50, 0x23, 0x50, 0x23, 0x50, 0x23, 0x50, 0x24, 0x50, 
    0x24, 0x50, 0x24, 0x50, 0x24, 0x50, 0x24, 0x50, 0x23, 0x50, 0x24, 0x50, 
    0x23, 0x50, 0x23, 0x50, 0x44, 0x50, 0x24, 0x50, 0x24, 0x50, 0x44, 0x50, 
    0x44, 0x50, 0x24, 0x50, 0x23, 0x50, 0x24, 0x50, 0x24, 0x50, 0x23, 0x50, 
    0x44, 0x50, 0x24, 0x50, 0x44, 0x50, 0x44, 0x50, 0x44, 0x50, 0x44, 0x50, 
    0x44, 0x50, 0x24, 0x50, 0x44, 0x50, 0x24, 0x50, 0x23, 0x50, 0x44, 0x50, 
    0x24, 0x58, 0x24, 0x58, 0x24, 0x50, 0x44, 0x58, 0x24, 0x58, 0x23, 0x58, 
    0x23, 0x50, 0x24, 0x58, 0x24, 0x58, 0x24, 0x58, 0x24, 0x58, 0x24, 0x58, 
    0x24, 0x58, 0x24, 0x50, 0x03, 0x50, 0x23, 0x50, 0x23, 0x50, 0x43, 0x50, 
    0x82, 0x48, 0xc1, 0x38, 0x00, 0x31, 0x40, 0x21, 0x60, 0x21, 0xcc, 0xb9, 
    0x50, 0xea, 0x50, 0xe2, 0x2e, 0xda, 0xad, 0xd1, 0x0a, 0xb9, 0xc9, 0xa8, 
    0xa9, 0xa8, 0x67, 0xa0, 0x86, 0x98, 0x46, 0x90, 0x46, 0x90, 0x46, 0x98, 
    0x47, 0x90, 0x67, 0x98, 0x88, 0xa0, 0x0a, 0xa9, 0x23, 0x51, 0xa0, 0x19, 
    0xa0, 0x11, 0xa0, 0x11, 0x80, 0x11, 0x20, 0x21, 0xe7, 0xa1, 0x46, 0xa9, 
    0x27, 0xa9, 0x43, 0x80, 0x00, 0x60, 0x00, 0x58, 0x00, 0x60, 0x00, 0x60, 
    0x00, 0x60, 0x00, 0x60, 0x00, 0x68, 0x01, 0x68, 0x00, 0x68, 0x01, 0x68, 
    0x01, 0x70, 0x01, 0x70, 0x02, 0x80, 0x03, 0x88, 0x03, 0x90, 0x04, 0x98, 
    0x05, 0x98, 0x06, 0x98, 0x07, 0xa0, 0x28, 0xa8, 0x28, 0xa8, 0x28, 0xa8, 
    0x28, 0xb0, 0x08, 0xb0, 0x07, 0xb0, 0x28, 0xb0, 0x68, 0xb0, 0x67, 0xa8, 
    0x46, 0xa0, 0x25, 0x98, 0x05, 0x90, 0x25, 0x80, 0x24, 0x50, 0x43, 0x50, 
    0x23, 0x50, 0x23, 0x50, 0x44, 0x50, 0x24, 0x50, 0x44, 0x58, 0x24, 0x58, 
    0x24, 0x58, 0x44, 0x58, 0x44, 0x58, 0x44, 0x58, 0x44, 0x58, 0x44, 0x58, 
    0x44, 0x58, 0x44, 0x58, 0x24, 0x58, 0x44, 0x60, 0x44, 0x60, 0x45, 0x60, 
    0x44, 0x60, 0x45, 0x60, 0x45, 0x60, 0x44, 0x60, 0x44, 0x60, 0x44, 0x60, 
    0x44, 0x60, 0x44, 0x60, 0x45, 0x60, 0x44, 0x60, 0x44, 0x60, 0x44, 0x60, 
    0x24, 0x58, 0x44, 0x58, 0x44, 0x58, 0x44, 0x58, 0x44, 0x58, 0x44, 0x58, 
    0x44, 0x58, 0x44, 0x58, 0x44, 0x58, 0x44, 0x58, 0x44, 0x58, 0x44, 0x58, 
    0x44, 0x58, 0x44, 0x58, 0x44, 0x58, 0x44, 0x58, 0x44, 0x58, 0x44, 0x58, 
    0x44, 0x58, 0x44, 0x58, 0x44, 0x58, 0x44, 0x58, 0x44, 0x58, 0x24, 0x58, 
    0x44, 0x58, 0x44, 0x58, 0x44, 0x58, 0x44, 0x60, 0x45, 0x60, 0x44, 0x60, 
    0x44, 0x58, 0x44, 0x60, 0x44, 0x58, 0x45, 0x58, 0x24, 0x58, 0x44, 0x58, 
    0x24, 0x58, 0x25, 0x58, 0x24, 0x58, 0x44, 0x58, 0x44, 0x58, 0x24, 0x58, 
    0x44, 0x58, 0x44, 0x58, 0x44, 0x58, 0x24, 0x58, 0x24, 0x58, 0x24, 0x58, 
    0x24, 0x58, 0x24, 0x58, 0x24, 0x58, 0x24, 0x58, 0x24, 0x58, 0x24, 0x58, 
    0x24, 0x58, 0x24, 0x58, 0x24, 0x58, 0x44, 0x58, 0x44, 0x50, 0x24, 0x50, 
    0x23, 0x48, 0x03, 0x48, 0x23, 0x48, 0x23, 0x48, 0x23, 0x48, 0x23, 0x48, 
    0x03, 0x48, 0x23, 0x48, 0x23, 0x50, 0x23, 0x50, 0x23, 0x50, 0x03, 0x50, 
    0x24, 0x50, 0x03, 0x50, 0x23, 0x50, 0x23, 0x50, 0x23, 0x50, 0x23, 0x50, 
    0x24, 0x50, 0x23, 0x50, 0x23, 0x50, 0x23, 0x50, 0x23, 0x50, 0x23, 0x50, 
    0x23, 0x50, 0x23, 0x50, 0x23, 0x50, 0x23, 0x50, 0x24, 0x50, 0x24, 0x50, 
    0x23, 0x50, 0x24, 0x50, 0x23, 0x50, 0x23, 0x50, 0x23, 0x50, 0x23, 0x50, 
    0x23, 0x50, 0x24, 0x50, 0x23, 0x50, 0x24, 0x50, 0x44, 0x50, 0x24, 0x50, 
    0x23, 0x50, 0x44, 0x50, 0x23, 0x50, 0x44, 0x50, 0x24, 0x50, 0x44, 0x50, 
    0x44, 0x50, 0x24, 0x50, 0x24, 0x50, 0x24, 0x50, 0x24, 0x50, 0x23, 0x50, 
    0x43, 0x50, 0x43, 0x50, 0x43, 0x50, 0x44, 0x50, 0x44, 0x50, 0x44, 0x50, 
    0x44, 0x50, 0x44, 0x58, 0x24, 0x50, 0x23, 0x50, 0x44, 0x58, 0x23, 0x50, 
    0x24, 0x58, 0x44, 0x58, 0x24, 0x50, 0x44, 0x50, 0x24, 0x58, 0x24, 0x58, 
    0x24, 0x58, 0x24, 0x58, 0x24, 0x58, 0x24, 0x58, 0x24, 0x58, 0x24, 0x50, 
    0x24, 0x50, 0x24, 0x50, 0x44, 0x58, 0x23, 0x50, 0x23, 0x50, 0x63, 0x50, 
    0x62, 0x48, 0xc1, 0x38, 0x00, 0x31, 0x40, 0x21, 0x40, 0x29, 0xee, 0xc9, 
    0x30, 0xea, 0xef, 0xd9, 0xcd, 0xd1, 0x4b, 0xc1, 0x88, 0xa8, 0x88, 0xa0, 
    0x46, 0x98, 0x05, 0x90, 0x03, 0x88, 0x03, 0x80, 0x04, 0x88, 0x25, 0x88, 
    0x46, 0x90, 0x46, 0x90, 0x46, 0x98, 0x67, 0xa0, 0x6a, 0xb1, 0x43, 0x51, 
    0x80, 0x19, 0xa0, 0x11, 0x60, 0x29, 0x64, 0x81, 0x87, 0xa9, 0x68, 0xb1, 
    0x6a, 0xb1, 0x01, 0x68, 0x00, 0x60, 0x00, 0x60, 0x00, 0x60, 0x00, 0x60, 
    0x00, 0x60, 0x00, 0x60, 0x00, 0x60, 0x01, 0x70, 0x01, 0x78, 0x02, 0x80, 
    0x03, 0x90, 0x05, 0x90, 0x05, 0x98, 0x05, 0xa0, 0x06, 0xa0, 0x27, 0xa8, 
    0x48, 0xa8, 0x69, 0xb0, 0x49, 0xb0, 0x8a, 0xb8, 0x6a, 0xb8, 0x6a, 0xb8, 
    0x8b, 0xc0, 0x49, 0xb8, 0x29, 0xb8, 0x08, 0xb8, 0x28, 0xb0, 0x26, 0xa0, 
    0x05, 0x98, 0x04, 0x98, 0x04, 0x90, 0x05, 0x98, 0x46, 0x70, 0x23, 0x50, 
    0x23, 0x50, 0x44, 0x50, 0x24, 0x50, 0x24, 0x50, 0x44, 0x58, 0x44, 0x58, 
    0x44, 0x58, 0x44, 0x58, 0x44, 0x58, 0x44, 0x58, 0x24, 0x58, 0x44, 0x60, 
    0x44, 0x58, 0x44, 0x58, 0x44, 0x58, 0x44, 0x60, 0x45, 0x58, 0x44, 0x58, 
    0x44, 0x60, 0x44, 0x60, 0x44, 0x60, 0x45, 0x60, 0x45, 0x60, 0x44, 0x60, 
    0x45, 0x60, 0x44, 0x58, 0x24, 0x58, 0x44, 0x60, 0x44, 0x58, 0x44, 0x58, 
    0x44, 0x60, 0x44, 0x58, 0x65, 0x60, 0x44, 0x58, 0x44, 0x58, 0x44, 0x58, 
    0x44, 0x58, 0x44, 0x58, 0x44, 0x58, 0x44, 0x58, 0x44, 0x58, 0x44, 0x58, 
    0x44, 0x58, 0x44, 0x58, 0x44, 0x58, 0x44, 0x58, 0x44, 0x58, 0x44, 0x58, 
    0x44, 0x58, 0x44, 0x58, 0x44, 0x58, 0x44, 0x58, 0x24, 0x58, 0x44, 0x58, 
    0x24, 0x58, 0x44, 0x58, 0x24, 0x58, 0x44, 0x58, 0x44, 0x58, 0x44, 0x58, 
    0x44, 0x60, 0x44, 0x58, 0x44, 0x60, 0x24, 0x58, 0x44, 0x60, 0x24, 0x58, 
    0x44, 0x58, 0x44, 0x60, 0x24, 0x58, 0x24, 0x58, 0x44, 0x58, 0x44, 0x58, 
    0x44, 0x58, 0x44, 0x58, 0x24, 0x58, 0x44, 0x58, 0x24, 0x58, 0x44, 0x58, 
    0x24, 0x58, 0x24, 0x58, 0x24, 0x58, 0x24, 0x58, 0x44, 0x58, 0x44, 0x58, 
    0x44, 0x58, 0x24, 0x58, 0x24, 0x58, 0x24, 0x58, 0x24, 0x58, 0x24, 0x58, 
    0x23, 0x48, 0x23, 0x48, 0x23, 0x48, 0x23, 0x48, 0x23, 0x48, 0x23, 0x48, 
    0x23, 0x48, 0x23, 0x48, 0x23, 0x50, 0x23, 0x50, 0x23, 0x50, 0x23, 0x50, 
    0x23, 0x50, 0x23, 0x50, 0x23, 0x50, 0x23, 0x50, 0x23, 0x50, 0x23, 0x50, 
    0x23, 0x50, 0x24, 0x50, 0x24, 0x50, 0x23, 0x50, 0x23, 0x50, 0x23, 0x50, 
    0x23, 0x50, 0x23, 0x50, 0x23, 0x50, 0x23, 0x50, 0x23, 0x50, 0x23, 0x50, 
    0x23, 0x50, 0x23, 0x50, 0x23, 0x50, 0x23, 0x50, 0x23, 0x50, 0x23, 0x50, 
    0x24, 0x58, 0x24, 0x50, 0x24, 0x50, 0x24, 0x50, 0x24, 0x50, 0x44, 0x50, 
    0x24, 0x50, 0x44, 0x50, 0x23, 0x50, 0x24, 0x50, 0x44, 0x50, 0x24, 0x50, 
    0x24, 0x50, 0x24, 0x50, 0x24, 0x50, 0x24, 0x50, 0x24, 0x50, 0x23, 0x50, 
    0x23, 0x50, 0x43, 0x50, 0x44, 0x50, 0x44, 0x50, 0x24, 0x50, 0x44, 0x50, 
    0x24, 0x50, 0x24, 0x50, 0x44, 0x50, 0x44, 0x50, 0x44, 0x50, 0x24, 0x58, 
    0x44, 0x50, 0x44, 0x50, 0x44, 0x50, 0x44, 0x58, 0x24, 0x58, 0x24, 0x58, 
    0x24, 0x58, 0x44, 0x58, 0x24, 0x58, 0x24, 0x58, 0x23, 0x50, 0x24, 0x50, 
    0x24, 0x50, 0x24, 0x50, 0x23, 0x50, 0x24, 0x50, 0x23, 0x50, 0x43, 0x50, 
    0x62, 0x48, 0xc1, 0x38, 0x00, 0x31, 0x40, 0x21, 0x01, 0x31, 0xee, 0xd9, 
    0xef, 0xe1, 0xad, 0xd1, 0x6c, 0xc1, 0xea, 0xb0, 0xc9, 0xa8, 0xa7, 0xa0, 
    0x45, 0x90, 0x24, 0x88, 0x03, 0x80, 0x02, 0x78, 0x02, 0x78, 0x03, 0x78, 
    0x04, 0x80, 0x04, 0x80, 0x25, 0x90, 0x46, 0x98, 0x87, 0xa0, 0x08, 0xa1, 
    0x43, 0x51, 0x80, 0x19, 0x40, 0x31, 0xa4, 0x90, 0x48, 0xb1, 0xc7, 0xa8, 
    0x45, 0x98, 0x86, 0x98, 0x22, 0x70, 0x00, 0x60, 0x00, 0x60, 0x00, 0x60, 
    0x00, 0x60, 0x00, 0x68, 0x02, 0x80, 0x03, 0x90, 0x04, 0x98, 0x05, 0x98, 
    0x06, 0xa0, 0x07, 0xa0, 0x28, 0xa8, 0x49, 0xb0, 0x49, 0xb0, 0x8a, 0xb8, 
    0x8a, 0xb8, 0x6a, 0xb8, 0x8a, 0xb8, 0x8b, 0xc0, 0x6b, 0xc0, 0x4b, 0xc0, 
    0x6b, 0xc8, 0x4a, 0xc0, 0x09, 0xb8, 0x08, 0xb8, 0x07, 0xb0, 0x26, 0xa0, 
    0x04, 0x90, 0x04, 0x90, 0x04, 0x90, 0x04, 0x90, 0x46, 0x90, 0x24, 0x58, 
    0x24, 0x50, 0x24, 0x50, 0x24, 0x50, 0x24, 0x50, 0x24, 0x58, 0x24, 0x58, 
    0x44, 0x58, 0x44, 0x58, 0x24, 0x58, 0x24, 0x58, 0x44, 0x58, 0x44, 0x58, 
    0x44, 0x58, 0x44, 0x58, 0x24, 0x58, 0x45, 0x60, 0x44, 0x60, 0x44, 0x60, 
    0x44, 0x60, 0x44, 0x60, 0x44, 0x60, 0x44, 0x60, 0x44, 0x60, 0x44, 0x60, 
    0x44, 0x60, 0x44, 0x58, 0x44, 0x58, 0x44, 0x58, 0x44, 0x58, 0x24, 0x58, 
    0x44, 0x58, 0x44, 0x58, 0x44, 0x58, 0x44, 0x58, 0x44, 0x58, 0x44, 0x58, 
    0x44, 0x58, 0x44, 0x58, 0x44, 0x58, 0x44, 0x58, 0x44, 0x58, 0x44, 0x58, 
    0x44, 0x58, 0x44, 0x58, 0x44, 0x58, 0x44, 0x58, 0x44, 0x58, 0x44, 0x58, 
    0x44, 0x58, 0x44, 0x58, 0x44, 0x58, 0x44, 0x58, 0x44, 0x58, 0x44, 0x58, 
    0x44, 0x58, 0x44, 0x58, 0x24, 0x58, 0x44, 0x58, 0x44, 0x58, 0x44, 0x60, 
    0x44, 0x58, 0x44, 0x58, 0x44, 0x58, 0x44, 0x58, 0x44, 0x58, 0x44, 0x58, 
    0x44, 0x58, 0x44, 0x60, 0x44, 0x58, 0x44, 0x58, 0x44, 0x58, 0x24, 0x58, 
    0x44, 0x58, 0x44, 0x58, 0x44, 0x58, 0x24, 0x58, 0x24, 0x58, 0x24, 0x58, 
    0x24, 0x58, 0x24, 0x58, 0x24, 0x58, 0x24, 0x58, 0x44, 0x58, 0x24, 0x58, 
    0x44, 0x58, 0x24, 0x58, 0x24, 0x58, 0x24, 0x58, 0x24, 0x58, 0x24, 0x58, 
    0x03, 0x48, 0x23, 0x48, 0x23, 0x48, 0x23, 0x48, 0x23, 0x48, 0x23, 0x48, 
    0x23, 0x48, 0x03, 0x48, 0x23, 0x48, 0x23, 0x48, 0x23, 0x50, 0x23, 0x50, 
    0x23, 0x50, 0x23, 0x50, 0x24, 0x50, 0x03, 0x50, 0x23, 0x50, 0x24, 0x50, 
    0x23, 0x50, 0x24, 0x50, 0x23, 0x50, 0x23, 0x50, 0x23, 0x50, 0x23, 0x50, 
    0x23, 0x50, 0x23, 0x50, 0x23, 0x50, 0x23, 0x50, 0x23, 0x50, 0x23, 0x50, 
    0x23, 0x50, 0x23, 0x50, 0x23, 0x50, 0x23, 0x50, 0x23, 0x50, 0x23, 0x50, 
    0x44, 0x58, 0x24, 0x50, 0x24, 0x50, 0x24, 0x50, 0x24, 0x50, 0x24, 0x50, 
    0x24, 0x50, 0x23, 0x50, 0x23, 0x50, 0x23, 0x50, 0x24, 0x50, 0x24, 0x50, 
    0x24, 0x50, 0x24, 0x50, 0x24, 0x50, 0x24, 0x50, 0x44, 0x50, 0x24, 0x50, 
    0x43, 0x50, 0x23, 0x50, 0x24, 0x50, 0x44, 0x50, 0x24, 0x50, 0x23, 0x50, 
    0x24, 0x50, 0x24, 0x50, 0x44, 0x58, 0x24, 0x50, 0x44, 0x58, 0x44, 0x50, 
    0x44, 0x50, 0x44, 0x58, 0x24, 0x58, 0x44, 0x58, 0x24, 0x58, 0x24, 0x58, 
    0x24, 0x58, 0x24, 0x58, 0x24, 0x58, 0x24, 0x58, 0x24, 0x50, 0x24, 0x50, 
    0x23, 0x50, 0x23, 0x50, 0x23, 0x50, 0x24, 0x50, 0x23, 0x50, 0x43, 0x48, 
    0x62, 0x48, 0xc1, 0x40, 0x00, 0x31, 0x00, 0x29, 0x25, 0x71, 0xce, 0xd9, 
    0x8e, 0xd1, 0x8c, 0xc9, 0x0b, 0xb9, 0xea, 0xb0, 0xa8, 0xa0, 0x67, 0x98, 
    0x45, 0x90, 0x04, 0x88, 0x02, 0x78, 0x02, 0x70, 0x00, 0x68, 0x01, 0x70, 
    0x02, 0x78, 0x02, 0x70, 0x03, 0x78, 0x24, 0x88, 0x46, 0x98, 0x47, 0x98, 
    0x09, 0xa9, 0x43, 0x59, 0x60, 0x29, 0x81, 0x68, 0x24, 0x98, 0x86, 0xb0, 
    0x03, 0x98, 0x02, 0x90, 0x03, 0x90, 0x23, 0x80, 0x00, 0x60, 0x00, 0x68, 
    0x02, 0x80, 0x04, 0x90, 0x05, 0x98, 0x06, 0xa0, 0x07, 0xa0, 0x28, 0xa0, 
    0x49, 0xa8, 0x49, 0xa8, 0x8a, 0xb0, 0x8b, 0xb8, 0x6a, 0xb8, 0x6a, 0xb8, 
    0xab, 0xc0, 0xac, 0xc8, 0xab, 0xc0, 0xab, 0xc8, 0x6b, 0xc8, 0x4b, 0xc8, 
    0x4b, 0xc8, 0x29, 0xb8, 0x07, 0xa8, 0x06, 0xa0, 0x06, 0xa8, 0x48, 0xb8, 
    0x04, 0x90, 0x03, 0x90, 0x03, 0x90, 0x04, 0x90, 0x05, 0x98, 0x86, 0x80, 
    0x24, 0x50, 0x23, 0x50, 0x23, 0x50, 0x44, 0x58, 0x44, 0x58, 0x24, 0x58, 
    0x24, 0x58, 0x24, 0x58, 0x44, 0x58, 0x24, 0x58, 0x44, 0x58, 0x44, 0x58, 
    0x44, 0x58, 0x44, 0x58, 0x44, 0x58, 0x44, 0x60, 0x44, 0x60, 0x44, 0x60, 
    0x44, 0x60, 0x45, 0x60, 0x45, 0x60, 0x45, 0x60, 0x25, 0x60, 0x45, 0x60, 
    0x45, 0x58, 0x44, 0x58, 0x44, 0x58, 0x24, 0x58, 0x24, 0x58, 0x24, 0x58, 
    0x44, 0x58, 0x44, 0x58, 0x44, 0x58, 0x44, 0x58, 0x44, 0x58, 0x44, 0x58, 
    0x44, 0x58, 0x44, 0x58, 0x44, 0x58, 0x44, 0x58, 0x24, 0x58, 0x44, 0x58, 
    0x44, 0x58, 0x44, 0x58, 0x44, 0x58, 0x44, 0x58, 0x44, 0x58, 0x44, 0x58, 
    0x44, 0x58, 0x44, 0x58, 0x44, 0x58, 0x44, 0x58, 0x45, 0x58, 0x24, 0x58, 
    0x24, 0x58, 0x44, 0x58, 0x44, 0x58, 0x44, 0x58, 0x44, 0x58, 0x44, 0x58, 
    0x44, 0x58, 0x44, 0x58, 0x44, 0x58, 0x44, 0x58, 0x44, 0x58, 0x24, 0x58, 
    0x24, 0x58, 0x24, 0x58, 0x24, 0x58, 0x44, 0x58, 0x24, 0x58, 0x24, 0x58, 
    0x24, 0x58, 0x24, 0x58, 0x44, 0x58, 0x44, 0x58, 0x44, 0x58, 0x24, 0x58, 
    0x24, 0x58, 0x44, 0x58, 0x44, 0x58, 0x24, 0x58, 0x24, 0x58, 0x24, 0x58, 
    0x44, 0x58, 0x24, 0x50, 0x24, 0x58, 0x24, 0x58, 0x44, 0x58, 0x24, 0x58, 
    0x23, 0x48, 0x23, 0x48, 0x23, 0x48, 0x23, 0x48, 0x23, 0x48, 0x23, 0x50, 
    0x23, 0x48, 0x23, 0x48, 0x23, 0x48, 0x23, 0x50, 0x23, 0x50, 0x23, 0x50, 
    0x23, 0x50, 0x23, 0x50, 0x23, 0x50, 0x23, 0x50, 0x24, 0x50, 0x24, 0x50, 
    0x23, 0x50, 0x23, 0x50, 0x23, 0x50, 0x23, 0x50, 0x23, 0x50, 0x23, 0x50, 
    0x23, 0x50, 0x23, 0x50, 0x23, 0x50, 0x23, 0x50, 0x24, 0x50, 0x24, 0x50, 
    0x23, 0x50, 0x24, 0x50, 0x23, 0x50, 0x23, 0x50, 0x23, 0x50, 0x24, 0x50, 
    0x23, 0x50, 0x24, 0x50, 0x23, 0x50, 0x24, 0x50, 0x24, 0x50, 0x24, 0x50, 
    0x24, 0x50, 0x24, 0x50, 0x23, 0x50, 0x24, 0x50, 0x44, 0x50, 0x44, 0x50, 
    0x24, 0x50, 0x24, 0x50, 0x23, 0x50, 0x23, 0x50, 0x23, 0x50, 0x44, 0x50, 
    0x24, 0x50, 0x44, 0x50, 0x24, 0x50, 0x44, 0x58, 0x44, 0x58, 0x24, 0x50, 
    0x44, 0x58, 0x24, 0x58, 0x44, 0x58, 0x44, 0x58, 0x24, 0x58, 0x24, 0x58, 
    0x24, 0x58, 0x24, 0x58, 0x44, 0x58, 0x24, 0x58, 0x24, 0x58, 0x24, 0x58, 
    0x24, 0x58, 0x24, 0x58, 0x23, 0x58, 0x23, 0x58, 0x23, 0x50, 0x24, 0x50, 
    0x24, 0x50, 0x23, 0x50, 0x23, 0x50, 0x23, 0x50, 0x23, 0x50, 0x43, 0x50, 
    0x42, 0x48, 0xa3, 0x58, 0xe5, 0x68, 0x06, 0x79, 0xad, 0xc1, 0xad, 0xd1, 
    0x8d, 0xc9, 0x4b, 0xb9, 0xe9, 0xb0, 0xc8, 0xa8, 0xa8, 0xa0, 0x67, 0x98, 
    0x25, 0x88, 0x03, 0x80, 0x02, 0x78, 0x01, 0x70, 0x00, 0x68, 0x00, 0x60, 
    0x01, 0x68, 0x01, 0x68, 0x02, 0x70, 0x02, 0x70, 0x03, 0x80, 0x05, 0x88, 
    0x46, 0xa0, 0x0a, 0xb1, 0x23, 0x61, 0xe2, 0x60, 0x01, 0x88, 0x01, 0x88, 
    0x01, 0x90, 0x01, 0x90, 0x02, 0x90, 0x24, 0x98, 0x23, 0x80, 0x03, 0x88, 
    0x04, 0x90, 0x05, 0x98, 0x07, 0xa0, 0x08, 0xa0, 0x28, 0xa8, 0x49, 0xa8, 
    0x29, 0xa8, 0x49, 0xb0, 0xab, 0xb8, 0xab, 0xc0, 0x8b, 0xc0, 0x8b, 0xc8, 
    0xac, 0xc8, 0xac, 0xc8, 0x8b, 0xc8, 0x8b, 0xd0, 0x6b, 0xc8, 0x4b, 0xc8, 
    0x4a, 0xc0, 0x08, 0xb0, 0x05, 0x98, 0x04, 0x98, 0x05, 0x98, 0x06, 0xb0, 
    0x25, 0xa0, 0x03, 0x90, 0x03, 0x90, 0x03, 0x90, 0x04, 0x90, 0x05, 0x90, 
    0x44, 0x68, 0x24, 0x58, 0x24, 0x50, 0x24, 0x50, 0x44, 0x58, 0x24, 0x58, 
    0x24, 0x58, 0x44, 0x58, 0x44, 0x58, 0x44, 0x58, 0x44, 0x60, 0x44, 0x60, 
    0x44, 0x58, 0x44, 0x58, 0x45, 0x60, 0x44, 0x60, 0x45, 0x60, 0x44, 0x60, 
    0x24, 0x60, 0x24, 0x58, 0x45, 0x60, 0x44, 0x60, 0x44, 0x60, 0x44, 0x60, 
    0x44, 0x58, 0x44, 0x58, 0x44, 0x58, 0x44, 0x58, 0x44, 0x58, 0x44, 0x58, 
    0x44, 0x58, 0x44, 0x58, 0x44, 0x58, 0x24, 0x58, 0x44, 0x58, 0x44, 0x58, 
    0x44, 0x58, 0x44, 0x58, 0x44, 0x58, 0x44, 0x58, 0x44, 0x58, 0x44, 0x58, 
    0x44, 0x58, 0x44, 0x58, 0x44, 0x58, 0x44, 0x58, 0x44, 0x58, 0x44, 0x58, 
    0x44, 0x58, 0x44, 0x58, 0x44, 0x58, 0x44, 0x58, 0x44, 0x58, 0x24, 0x58, 
    0x24, 0x58, 0x44, 0x58, 0x44, 0x58, 0x44, 0x58, 0x44, 0x58, 0x44, 0x58, 
    0x44, 0x58, 0x44, 0x58, 0x44, 0x60, 0x44, 0x58, 0x24, 0x58, 0x44, 0x58, 
    0x44, 0x58, 0x24, 0x58, 0x44, 0x58, 0x44, 0x58, 0x44, 0x58, 0x44, 0x58, 
    0x24, 0x58, 0x44, 0x58, 0x24, 0x58, 0x44, 0x58, 0x24, 0x58, 0x24, 0x58, 
    0x44, 0x58, 0x24, 0x58, 0x24, 0x58, 0x24, 0x58, 0x24, 0x58, 0x24, 0x58, 
    0x44, 0x58, 0x24, 0x58, 0x24, 0x58, 0x24, 0x50, 0x24, 0x50, 0x24, 0x58, 
    0x23, 0x48, 0x23, 0x48, 0x23, 0x48, 0x23, 0x48, 0x23, 0x48, 0x23, 0x48, 
    0x23, 0x48, 0x23, 0x48, 0x23, 0x50, 0x23, 0x50, 0x23, 0x50, 0x23, 0x50, 
    0x23, 0x50, 0x23, 0x50, 0x24, 0x50, 0x24, 0x50, 0x24, 0x50, 0x24, 0x50, 
    0x24, 0x50, 0x23, 0x50, 0x23, 0x50, 0x23, 0x50, 0x23, 0x50, 0x23, 0x50, 
    0x24, 0x50, 0x24, 0x50, 0x24, 0x50, 0x23, 0x50, 0x23, 0x50, 0x24, 0x50, 
    0x24, 0x50, 0x44, 0x50, 0x23, 0x50, 0x23, 0x50, 0x23, 0x50, 0x24, 0x58, 
    0x24, 0x50, 0x24, 0x50, 0x24, 0x50, 0x23, 0x50, 0x24, 0x50, 0x23, 0x50, 
    0x24, 0x50, 0x44, 0x50, 0x23, 0x50, 0x23, 0x50, 0x23, 0x50, 0x24, 0x50, 
    0x24, 0x50, 0x24, 0x50, 0x24, 0x50, 0x23, 0x50, 0x23, 0x50, 0x44, 0x50, 
    0x44, 0x50, 0x24, 0x58, 0x44, 0x58, 0x24, 0x58, 0x44, 0x58, 0x24, 0x58, 
    0x24, 0x50, 0x44, 0x50, 0x44, 0x58, 0x44, 0x58, 0x44, 0x58, 0x24, 0x58, 
    0x24, 0x58, 0x24, 0x58, 0x44, 0x58, 0x24, 0x58, 0x24, 0x58, 0x24, 0x58, 
    0x24, 0x58, 0x23, 0x58, 0x24, 0x58, 0x23, 0x58, 0x23, 0x50, 0x23, 0x50, 
    0x23, 0x50, 0x23, 0x50, 0x23, 0x50, 0x23, 0x50, 0x23, 0x50, 0x24, 0x58, 
    0xc8, 0x90, 0x4c, 0xc1, 0xae, 0xd1, 0xae, 0xd1, 0xae, 0xd1, 0x6c, 0xc9, 
    0x2b, 0xb9, 0xe9, 0xb0, 0x88, 0xa0, 0xa8, 0xa0, 0x88, 0x98, 0x46, 0x90, 
    0x04, 0x80, 0x02, 0x78, 0x02, 0x70, 0x01, 0x70, 0x00, 0x68, 0x00, 0x60, 
    0x00, 0x68, 0x01, 0x68, 0x01, 0x68, 0x01, 0x60, 0x01, 0x68, 0x02, 0x70, 
    0x04, 0x88, 0x26, 0x98, 0xe9, 0xa8, 0x65, 0x88, 0x01, 0x80, 0x01, 0x90, 
    0x01, 0x90, 0x01, 0x90, 0x02, 0x90, 0x03, 0x90, 0x45, 0x98, 0x04, 0x90, 
    0x05, 0x98, 0x06, 0x98, 0x48, 0xa8, 0x29, 0xa8, 0x49, 0xa8, 0x49, 0xa8, 
    0x29, 0xb0, 0x6a, 0xb8, 0x8b, 0xb8, 0x8b, 0xc0, 0x8b, 0xc8, 0x6b, 0xc8, 
    0x8b, 0xd0, 0x6b, 0xc8, 0x4b, 0xc8, 0x6b, 0xd0, 0x6b, 0xc8, 0x4a, 0xc0, 
    0x08, 0xb0, 0x05, 0x98, 0x03, 0x90, 0x03, 0x88, 0x04, 0x98, 0x06, 0xb0, 
    0x26, 0xa8, 0x03, 0x88, 0x02, 0x88, 0x03, 0x90, 0x04, 0x98, 0x04, 0x90, 
    0xa5, 0x88, 0x02, 0x59, 0x43, 0x50, 0x24, 0x58, 0x44, 0x58, 0x44, 0x58, 
    0x24, 0x58, 0x44, 0x58, 0x44, 0x58, 0x44, 0x58, 0x44, 0x58, 0x44, 0x58, 
    0x44, 0x58, 0x44, 0x58, 0x44, 0x60, 0x44, 0x60, 0x44, 0x60, 0x24, 0x60, 
    0x44, 0x60, 0x24, 0x60, 0x45, 0x60, 0x44, 0x60, 0x44, 0x60, 0x44, 0x58, 
    0x24, 0x58, 0x44, 0x58, 0x44, 0x58, 0x44, 0x58, 0x24, 0x58, 0x44, 0x58, 
    0x44, 0x58, 0x44, 0x58, 0x44, 0x58, 0x44, 0x58, 0x24, 0x58, 0x44, 0x58, 
    0x44, 0x50, 0x44, 0x58, 0x44, 0x58, 0x44, 0x58, 0x44, 0x58, 0x44, 0x58, 
    0x44, 0x58, 0x44, 0x58, 0x44, 0x58, 0x44, 0x58, 0x44, 0x58, 0x44, 0x58, 
    0x44, 0x58, 0x44, 0x58, 0x44, 0x58, 0x24, 0x58, 0x44, 0x58, 0x24, 0x58, 
    0x24, 0x58, 0x44, 0x58, 0x24, 0x58, 0x24, 0x58, 0x24, 0x58, 0x44, 0x58, 
    0x44, 0x58, 0x44, 0x58, 0x44, 0x58, 0x44, 0x58, 0x44, 0x58, 0x44, 0x60, 
    0x44, 0x58, 0x44, 0x58, 0x24, 0x58, 0x44, 0x58, 0x44, 0x58, 0x24, 0x58, 
    0x24, 0x58, 0x24, 0x58, 0x24, 0x58, 0x24, 0x58, 0x24, 0x58, 0x24, 0x58, 
    0x24, 0x58, 0x24, 0x58, 0x24, 0x58, 0x24, 0x58, 0x44, 0x58, 0x24, 0x58, 
    0x24, 0x58, 0x24, 0x58, 0x24, 0x58, 0x24, 0x58, 0x24, 0x58, 0x44, 0x58, 
    0x23, 0x48, 0x23, 0x48, 0x23, 0x48, 0x23, 0x48, 0x23, 0x48, 0x23, 0x48, 
    0x23, 0x48, 0x23, 0x48, 0x23, 0x50, 0x23, 0x50, 0x23, 0x50, 0x23, 0x50, 
    0x23, 0x50, 0x23, 0x50, 0x23, 0x50, 0x23, 0x50, 0x23, 0x50, 0x23, 0x50, 
    0x24, 0x50, 0x23, 0x50, 0x24, 0x50, 0x24, 0x50, 0x24, 0x50, 0x23, 0x50, 
    0x23, 0x50, 0x24, 0x50, 0x24, 0x50, 0x23, 0x50, 0x23, 0x50, 0x23, 0x50, 
    0x23, 0x50, 0x23, 0x50, 0x23, 0x50, 0x23, 0x50, 0x23, 0x50, 0x23, 0x50, 
    0x23, 0x50, 0x24, 0x50, 0x24, 0x50, 0x23, 0x50, 0x23, 0x50, 0x23, 0x50, 
    0x23, 0x50, 0x24, 0x50, 0x44, 0x50, 0x24, 0x50, 0x23, 0x50, 0x24, 0x50, 
    0x24, 0x50, 0x24, 0x50, 0x24, 0x50, 0x44, 0x50, 0x44, 0x50, 0x44, 0x50, 
    0x24, 0x50, 0x44, 0x50, 0x24, 0x58, 0x44, 0x58, 0x24, 0x58, 0x44, 0x58, 
    0x24, 0x50, 0x44, 0x50, 0x24, 0x58, 0x24, 0x58, 0x24, 0x58, 0x24, 0x58, 
    0x24, 0x58, 0x24, 0x58, 0x24, 0x58, 0x24, 0x58, 0x24, 0x58, 0x24, 0x58, 
    0x24, 0x58, 0x24, 0x50, 0x23, 0x50, 0x23, 0x50, 0x23, 0x50, 0x23, 0x50, 
    0x23, 0x50, 0x24, 0x50, 0x24, 0x50, 0x24, 0x58, 0x67, 0x78, 0x4d, 0xc1, 
    0x8e, 0xd9, 0xae, 0xd9, 0xcf, 0xd9, 0xae, 0xd1, 0x6d, 0xc9, 0x2b, 0xb9, 
    0xc9, 0xa8, 0x88, 0xa0, 0x67, 0x98, 0x87, 0x98, 0x46, 0x90, 0x04, 0x80, 
    0x02, 0x78, 0x01, 0x70, 0x02, 0x70, 0x01, 0x70, 0x00, 0x68, 0x00, 0x68, 
    0x00, 0x68, 0x01, 0x68, 0x00, 0x60, 0x00, 0x60, 0x00, 0x58, 0x00, 0x60, 
    0x00, 0x60, 0x03, 0x78, 0x25, 0x90, 0xa9, 0xa8, 0xc8, 0xa8, 0x25, 0x98, 
    0x03, 0x98, 0x03, 0x98, 0x24, 0x98, 0x66, 0xa0, 0x68, 0xa0, 0x06, 0x90, 
    0x06, 0x98, 0x08, 0xa0, 0x49, 0xa8, 0x69, 0xb0, 0x6a, 0xb0, 0x6a, 0xb0, 
    0x49, 0xb0, 0x4a, 0xb8, 0x6a, 0xb8, 0x6a, 0xc0, 0x6a, 0xc0, 0x6b, 0xc8, 
    0x6b, 0xc8, 0x8b, 0xd0, 0x4b, 0xc8, 0x4b, 0xc0, 0x29, 0xb8, 0x08, 0xb0, 
    0x05, 0xa0, 0x03, 0x90, 0x02, 0x88, 0x02, 0x80, 0x03, 0x88, 0x05, 0xa8, 
    0x27, 0xb0, 0x03, 0x90, 0x03, 0x90, 0x04, 0x98, 0x04, 0x98, 0x03, 0x90, 
    0x65, 0x98, 0x40, 0x5a, 0xa1, 0x51, 0x83, 0x50, 0x44, 0x58, 0x24, 0x58, 
    0x44, 0x58, 0x44, 0x58, 0x24, 0x58, 0x44, 0x58, 0x44, 0x58, 0x44, 0x58, 
    0x24, 0x58, 0x44, 0x58, 0x24, 0x58, 0x44, 0x60, 0x44, 0x60, 0x44, 0x60, 
    0x44, 0x60, 0x45, 0x60, 0x45, 0x60, 0x24, 0x58, 0x44, 0x58, 0x44, 0x58, 
    0x44, 0x58, 0x44, 0x58, 0x44, 0x58, 0x44, 0x58, 0x44, 0x58, 0x44, 0x58, 
    0x44, 0x58, 0x44, 0x58, 0x44, 0x58, 0x44, 0x58, 0x44, 0x58, 0x44, 0x58, 
    0x44, 0x58, 0x44, 0x58, 0x44, 0x50, 0x44, 0x58, 0x44, 0x58, 0x44, 0x58, 
    0x44, 0x58, 0x44, 0x58, 0x44, 0x58, 0x44, 0x58, 0x44, 0x58, 0x44, 0x58, 
    0x44, 0x58, 0x44, 0x58, 0x44, 0x58, 0x44, 0x50, 0x44, 0x58, 0x44, 0x58, 
    0x44, 0x58, 0x44, 0x58, 0x44, 0x58, 0x44, 0x58, 0x24, 0x58, 0x44, 0x58, 
    0x44, 0x58, 0x44, 0x58, 0x24, 0x58, 0x24, 0x58, 0x44, 0x58, 0x24, 0x60, 
    0x44, 0x58, 0x44, 0x58, 0x44, 0x58, 0x44, 0x58, 0x24, 0x58, 0x24, 0x58, 
    0x44, 0x58, 0x24, 0x58, 0x44, 0x58, 0x44, 0x58, 0x24, 0x58, 0x24, 0x58, 
    0x24, 0x58, 0x44, 0x58, 0x24, 0x58, 0x24, 0x58, 0x44, 0x58, 0x24, 0x58, 
    0x24, 0x58, 0x24, 0x58, 0x24, 0x58, 0x44, 0x58, 0x24, 0x58, 0x24, 0x58, 
    0x23, 0x48, 0x23, 0x48, 0x23, 0x48, 0x23, 0x48, 0x23, 0x48, 0x23, 0x48, 
    0x23, 0x48, 0x23, 0x50, 0x23, 0x50, 0x23, 0x50, 0x23, 0x50, 0x23, 0x50, 
    0x23, 0x50, 0x23, 0x50, 0x23, 0x50, 0x23, 0x50, 0x23, 0x50, 0x23, 0x50, 
    0x23, 0x50, 0x23, 0x50, 0x23, 0x50, 0x23, 0x58, 0x24, 0x58, 0x23, 0x50, 
    0x23, 0x50, 0x23, 0x50, 0x24, 0x50, 0x24, 0x50, 0x24, 0x50, 0x24, 0x50, 
    0x23, 0x50, 0x24, 0x58, 0x23, 0x50, 0x24, 0x58, 0x24, 0x58, 0x23, 0x50, 
    0x24, 0x50, 0x24, 0x50, 0x24, 0x50, 0x23, 0x50, 0x23, 0x50, 0x43, 0x50, 
    0x23, 0x50, 0x24, 0x50, 0x24, 0x50, 0x24, 0x50, 0x23, 0x50, 0x24, 0x50, 
    0x44, 0x50, 0x24, 0x50, 0x24, 0x50, 0x44, 0x58, 0x24, 0x58, 0x44, 0x58, 
    0x44, 0x58, 0x24, 0x50, 0x24, 0x58, 0x24, 0x58, 0x24, 0x58, 0x43, 0x58, 
    0x44, 0x58, 0x24, 0x58, 0x24, 0x58, 0x24, 0x58, 0x24, 0x58, 0x44, 0x58, 
    0x44, 0x58, 0x44, 0x58, 0x24, 0x58, 0x24, 0x58, 0x44, 0x58, 0x24, 0x58, 
    0x24, 0x50, 0x24, 0x50, 0x23, 0x50, 0x23, 0x50, 0x23, 0x50, 0x23, 0x50, 
    0x23, 0x50, 0x23, 0x50, 0x25, 0x60, 0xea, 0xa0, 0x8e, 0xd1, 0xce, 0xd9, 
    0xcf, 0xe1, 0xae, 0xd9, 0xad, 0xd1, 0x6c, 0xc1, 0xea, 0xb0, 0x89, 0xa0, 
    0x68, 0x98, 0x67, 0x98, 0x67, 0x98, 0x25, 0x90, 0x04, 0x80, 0x02, 0x78, 
    0x02, 0x70, 0x01, 0x68, 0x01, 0x68, 0x01, 0x68, 0x00, 0x68, 0x00, 0x68, 
    0x01, 0x68, 0x01, 0x60, 0x00, 0x60, 0x00, 0x60, 0x00, 0x60, 0x00, 0x58, 
    0x00, 0x58, 0x00, 0x58, 0x00, 0x60, 0x02, 0x70, 0x66, 0x98, 0x47, 0xa0, 
    0x88, 0xa8, 0xa8, 0xa8, 0xc9, 0xb0, 0xa9, 0xa8, 0x27, 0x98, 0x48, 0xa0, 
    0x28, 0xa0, 0x28, 0xa0, 0x69, 0xa8, 0x6a, 0xb0, 0x6a, 0xb0, 0x6a, 0xb8, 
    0x6a, 0xb8, 0x4a, 0xb8, 0x29, 0xb8, 0x4a, 0xb8, 0x4a, 0xc0, 0x4a, 0xc0, 
    0x4a, 0xc8, 0x6b, 0xc8, 0x4a, 0xc0, 0x29, 0xb8, 0x08, 0xb0, 0x06, 0xa0, 
    0x03, 0x90, 0x01, 0x80, 0x01, 0x80, 0x01, 0x80, 0x02, 0x88, 0x04, 0xa0, 
    0x27, 0xb0, 0x03, 0x90, 0x03, 0x90, 0x04, 0x98, 0x04, 0x98, 0x03, 0x90, 
    0x65, 0xa0, 0x60, 0x52, 0x80, 0x4a, 0xe1, 0x49, 0x01, 0x49, 0x63, 0x50, 
    0x44, 0x58, 0x24, 0x58, 0x24, 0x58, 0x44, 0x58, 0x44, 0x60, 0x44, 0x58, 
    0x24, 0x58, 0x44, 0x58, 0x44, 0x60, 0x24, 0x60, 0x44, 0x60, 0x44, 0x60, 
    0x44, 0x60, 0x45, 0x60, 0x25, 0x60, 0x24, 0x58, 0x44, 0x58, 0x44, 0x58, 
    0x44, 0x58, 0x44, 0x58, 0x44, 0x58, 0x44, 0x58, 0x44, 0x58, 0x44, 0x58, 
    0x44, 0x58, 0x44, 0x58, 0x44, 0x58, 0x44, 0x58, 0x44, 0x58, 0x44, 0x58, 
    0x44, 0x58, 0x24, 0x50, 0x44, 0x58, 0x44, 0x50, 0x44, 0x58, 0x44, 0x58, 
    0x44, 0x58, 0x44, 0x58, 0x44, 0x58, 0x44, 0x58, 0x44, 0x58, 0x44, 0x58, 
    0x44, 0x58, 0x44, 0x58, 0x44, 0x58, 0x44, 0x58, 0x44, 0x58, 0x44, 0x58, 
    0x24, 0x58, 0x44, 0x58, 0x44, 0x58, 0x44, 0x58, 0x44, 0x58, 0x24, 0x58, 
    0x24, 0x58, 0x24, 0x58, 0x44, 0x58, 0x44, 0x58, 0x24, 0x58, 0x44, 0x58, 
    0x24, 0x58, 0x44, 0x58, 0x24, 0x58, 0x24, 0x58, 0x24, 0x58, 0x24, 0x58, 
    0x24, 0x58, 0x24, 0x58, 0x24, 0x58, 0x44, 0x58, 0x24, 0x58, 0x44, 0x58, 
    0x24, 0x58, 0x24, 0x58, 0x24, 0x58, 0x44, 0x58, 0x24, 0x58, 0x24, 0x58, 
    0x24, 0x58, 0x24, 0x58, 0x24, 0x58, 0x24, 0x58, 0x24, 0x50, 0x44, 0x58, 
    0x23, 0x48, 0x23, 0x48, 0x23, 0x48, 0x23, 0x48, 0x23, 0x48, 0x23, 0x48, 
    0x23, 0x50, 0x23, 0x50, 0x23, 0x50, 0x23, 0x50, 0x23, 0x50, 0x23, 0x50, 
    0x23, 0x50, 0x23, 0x50, 0x23, 0x50, 0x23, 0x50, 0x23, 0x50, 0x23, 0x50, 
    0x03, 0x50, 0x23, 0x50, 0x23, 0x50, 0x23, 0x50, 0x23, 0x50, 0x24, 0x50, 
    0x23, 0x50, 0x23, 0x50, 0x03, 0x50, 0x24, 0x50, 0x23, 0x50, 0x23, 0x50, 
    0x24, 0x50, 0x24, 0x50, 0x24, 0x58, 0x24, 0x58, 0x23, 0x58, 0x23, 0x50, 
    0x24, 0x58, 0x24, 0x50, 0x24, 0x50, 0x24, 0x50, 0x24, 0x50, 0x23, 0x50, 
    0x24, 0x50, 0x24, 0x50, 0x24, 0x50, 0x23, 0x50, 0x44, 0x50, 0x24, 0x50, 
    0x23, 0x50, 0x44, 0x50, 0x44, 0x50, 0x24, 0x50, 0x24, 0x50, 0x24, 0x50, 
    0x44, 0x50, 0x44, 0x58, 0x24, 0x58, 0x44, 0x58, 0x24, 0x58, 0x24, 0x58, 
    0x24, 0x58, 0x44, 0x58, 0x44, 0x58, 0x24, 0x58, 0x24, 0x58, 0x44, 0x58, 
    0x24, 0x58, 0x44, 0x58, 0x24, 0x58, 0x24, 0x58, 0x24, 0x58, 0x24, 0x50, 
    0x44, 0x50, 0x24, 0x50, 0x24, 0x50, 0x23, 0x50, 0x23, 0x50, 0x23, 0x50, 
    0x23, 0x50, 0x66, 0x78, 0x6d, 0xc9, 0xcf, 0xe1, 0xaf, 0xe1, 0x8e, 0xd9, 
    0x6d, 0xd1, 0x4d, 0xc9, 0x4b, 0xc1, 0xea, 0xb0, 0x68, 0xa0, 0x47, 0x98, 
    0x47, 0x98, 0x46, 0x90, 0x25, 0x90, 0x04, 0x80, 0x02, 0x78, 0x01, 0x70, 
    0x01, 0x70, 0x01, 0x68, 0x01, 0x68, 0x01, 0x68, 0x00, 0x68, 0x00, 0x68, 
    0x00, 0x60, 0x00, 0x60, 0x00, 0x60, 0x00, 0x60, 0x00, 0x58, 0x00, 0x58, 
    0x00, 0x60, 0x01, 0x60, 0x02, 0x78, 0x03, 0x80, 0x03, 0x80, 0x04, 0x88, 
    0x05, 0x90, 0x05, 0x90, 0x06, 0x98, 0x27, 0x98, 0x28, 0xa0, 0x49, 0xa0, 
    0x49, 0xa0, 0x49, 0xa8, 0x69, 0xa8, 0x8a, 0xb0, 0x4a, 0xb0, 0x6a, 0xb8, 
    0x4a, 0xb8, 0x29, 0xb8, 0x29, 0xb8, 0x09, 0xb0, 0x09, 0xb0, 0x09, 0xb8, 
    0x29, 0xb8, 0x2a, 0xc0, 0x29, 0xb8, 0x08, 0xa8, 0x06, 0xa0, 0x04, 0x90, 
    0x02, 0x88, 0x00, 0x78, 0x00, 0x78, 0x01, 0x80, 0x02, 0x80, 0x02, 0x90, 
    0x47, 0xb0, 0x03, 0x90, 0x03, 0x90, 0x03, 0x98, 0x04, 0x98, 0x03, 0x98, 
    0x85, 0xa8, 0x40, 0x5a, 0xa0, 0x42, 0xa0, 0x42, 0x40, 0x3a, 0xe0, 0x49, 
    0x02, 0x59, 0x43, 0x58, 0x24, 0x58, 0x44, 0x58, 0x44, 0x58, 0x24, 0x58, 
    0x44, 0x58, 0x44, 0x60, 0x44, 0x60, 0x44, 0x60, 0x44, 0x60, 0x44, 0x60, 
    0x45, 0x60, 0x44, 0x60, 0x44, 0x60, 0x44, 0x60, 0x44, 0x60, 0x44, 0x58, 
    0x44, 0x58, 0x44, 0x60, 0x24, 0x58, 0x44, 0x58, 0x44, 0x58, 0x44, 0x58, 
    0x24, 0x58, 0x44, 0x58, 0x44, 0x58, 0x44, 0x58, 0x44, 0x58, 0x44, 0x58, 
    0x44, 0x58, 0x44, 0x50, 0x44, 0x50, 0x44, 0x58, 0x24, 0x58, 0x44, 0x58, 
    0x44, 0x58, 0x44, 0x58, 0x44, 0x58, 0x44, 0x50, 0x44, 0x58, 0x44, 0x58, 
    0x44, 0x58, 0x44, 0x58, 0x44, 0x58, 0x24, 0x58, 0x44, 0x58, 0x44, 0x58, 
    0x24, 0x58, 0x24, 0x58, 0x44, 0x58, 0x44, 0x58, 0x24, 0x58, 0x44, 0x58, 
    0x44, 0x60, 0x44, 0x58, 0x24, 0x58, 0x24, 0x60, 0x44, 0x58, 0x44, 0x58, 
    0x24, 0x58, 0x44, 0x58, 0x44, 0x58, 0x24, 0x58, 0x24, 0x58, 0x24, 0x58, 
    0x24, 0x58, 0x24, 0x58, 0x24, 0x58, 0x24, 0x58, 0x24, 0x58, 0x24, 0x58, 
    0x24, 0x58, 0x44, 0x58, 0x24, 0x58, 0x24, 0x58, 0x44, 0x58, 0x24, 0x58, 
    0x24, 0x58, 0x24, 0x58, 0x44, 0x58, 0x24, 0x58, 0x24, 0x58, 0x23, 0x50, 
    0x23, 0x48, 0x23, 0x48, 0x23, 0x48, 0x23, 0x48, 0x23, 0x48, 0x23, 0x48, 
    0x23, 0x50, 0x23, 0x48, 0x23, 0x50, 0x23, 0x50, 0x23, 0x50, 0x23, 0x50, 
    0x23, 0x50, 0x23, 0x50, 0x23, 0x50, 0x23, 0x50, 0x23, 0x50, 0x23, 0x50, 
    0x24, 0x50, 0x23, 0x50, 0x23, 0x50, 0x23, 0x50, 0x23, 0x58, 0x24, 0x58, 
    0x23, 0x50, 0x23, 0x50, 0x23, 0x50, 0x24, 0x50, 0x24, 0x50, 0x24, 0x58, 
    0x24, 0x50, 0x23, 0x50, 0x24, 0x58, 0x24, 0x58, 0x23, 0x58, 0x24, 0x58, 
    0x24, 0x58, 0x24, 0x50, 0x24, 0x50, 0x24, 0x50, 0x24, 0x50, 0x24, 0x50, 
    0x24, 0x50, 0x44, 0x50, 0x24, 0x50, 0x24, 0x50, 0x24, 0x50, 0x24, 0x50, 
    0x23, 0x50, 0x44, 0x50, 0x24, 0x50, 0x24, 0x50, 0x44, 0x58, 0x44, 0x58, 
    0x44, 0x58, 0x44, 0x58, 0x24, 0x58, 0x24, 0x58, 0x24, 0x58, 0x24, 0x58, 
    0x44, 0x58, 0x24, 0x58, 0x24, 0x58, 0x44, 0x58, 0x44, 0x58, 0x24, 0x58, 
    0x44, 0x58, 0x24, 0x58, 0x24, 0x58, 0x24, 0x58, 0x24, 0x58, 0x24, 0x50, 
    0x24, 0x50, 0x24, 0x50, 0x24, 0x50, 0x23, 0x50, 0x23, 0x50, 0x23, 0x50, 
    0x66, 0x70, 0x6d, 0xc9, 0xcf, 0xe9, 0xef, 0xe9, 0x6e, 0xd9, 0x6d, 0xd1, 
    0x4c, 0xc9, 0x2c, 0xb9, 0xc9, 0xa8, 0x67, 0xa0, 0x46, 0x98, 0x46, 0x98, 
    0x26, 0x90, 0x05, 0x88, 0x04, 0x80, 0x02, 0x70, 0x01, 0x70, 0x01, 0x70, 
    0x01, 0x68, 0x01, 0x68, 0x01, 0x60, 0x01, 0x60, 0x00, 0x60, 0x00, 0x60, 
    0x00, 0x60, 0x00, 0x60, 0x00, 0x60, 0x00, 0x60, 0x00, 0x60, 0x01, 0x70, 
    0x02, 0x78, 0x03, 0x80, 0x04, 0x88, 0x04, 0x88, 0x04, 0x88, 0x05, 0x90, 
    0x06, 0x90, 0x06, 0x90, 0x07, 0x98, 0x08, 0xa0, 0x08, 0xa0, 0x69, 0xa8, 
    0x69, 0xa8, 0x49, 0xa8, 0x69, 0xa8, 0x6a, 0xb0, 0x49, 0xb0, 0x4a, 0xb0, 
    0x4a, 0xb8, 0x29, 0xb0, 0x09, 0xb0, 0x29, 0xb0, 0x09, 0xb0, 0x09, 0xb0, 
    0x09, 0xb0, 0x08, 0xa8, 0x08, 0xa8, 0x07, 0xa0, 0x04, 0x90, 0x02, 0x80, 
    0x00, 0x70, 0x00, 0x78, 0x01, 0x78, 0x01, 0x80, 0x01, 0x80, 0x03, 0x88, 
    0x89, 0xc0, 0x04, 0x90, 0x03, 0x90, 0x03, 0x98, 0x04, 0xa0, 0x04, 0xa0, 
    0x87, 0xa8, 0xa5, 0x72, 0xa2, 0x5a, 0x02, 0x5b, 0xc2, 0x52, 0x40, 0x3a, 
    0x20, 0x42, 0xa0, 0x41, 0x02, 0x51, 0x63, 0x58, 0x44, 0x58, 0x44, 0x58, 
    0x44, 0x58, 0x44, 0x60, 0x44, 0x60, 0x44, 0x60, 0x44, 0x60, 0x44, 0x60, 
    0x44, 0x60, 0x44, 0x60, 0x44, 0x58, 0x44, 0x58, 0x44, 0x58, 0x44, 0x58, 
    0x24, 0x58, 0x44, 0x58, 0x44, 0x58, 0x44, 0x58, 0x44, 0x58, 0x24, 0x58, 
    0x44, 0x58, 0x44, 0x58, 0x44, 0x58, 0x44, 0x58, 0x44, 0x58, 0x44, 0x58, 
    0x44, 0x58, 0x44, 0x58, 0x44, 0x50, 0x44, 0x50, 0x44, 0x58, 0x44, 0x58, 
    0x44, 0x58, 0x44, 0x58, 0x44, 0x58, 0x24, 0x50, 0x44, 0x58, 0x44, 0x58, 
    0x44, 0x58, 0x44, 0x58, 0x44, 0x58, 0x44, 0x58, 0x44, 0x58, 0x44, 0x58, 
    0x24, 0x58, 0x44, 0x58, 0x44, 0x58, 0x24, 0x58, 0x24, 0x58, 0x24, 0x58, 
    0x44, 0x58, 0x24, 0x58, 0x44, 0x58, 0x44, 0x58, 0x24, 0x58, 0x44, 0x58, 
    0x24, 0x58, 0x24, 0x58, 0x24, 0x58, 0x44, 0x58, 0x24, 0x58, 0x24, 0x58, 
    0x24, 0x58, 0x24, 0x58, 0x24, 0x58, 0x24, 0x58, 0x24, 0x58, 0x24, 0x58, 
    0x24, 0x58, 0x24, 0x58, 0x24, 0x58, 0x24, 0x58, 0x24, 0x58, 0x44, 0x58, 
    0x44, 0x58, 0x44, 0x58, 0x24, 0x58, 0x24, 0x58, 0x24, 0x58, 0x44, 0x50, 
    0x23, 0x48, 0x23, 0x48, 0x23, 0x48, 0x23, 0x48, 0x23, 0x48, 0x23, 0x48, 
    0x23, 0x48, 0x23, 0x48, 0x23, 0x50, 0x23, 0x50, 0x23, 0x50, 0x23, 0x50, 
    0x23, 0x50, 0x23, 0x50, 0x23, 0x50, 0x23, 0x50, 0x23, 0x50, 0x23, 0x50, 
    0x23, 0x50, 0x23, 0x50, 0x23, 0x50, 0x23, 0x50, 0x23, 0x50, 0x24, 0x58, 
    0x24, 0x50, 0x24, 0x50, 0x24, 0x50, 0x24, 0x50, 0x24, 0x50, 0x24, 0x50, 
    0x24, 0x50, 0x23, 0x58, 0x23, 0x58, 0x24, 0x58, 0x24, 0x58, 0x24, 0x58, 
    0x24, 0x58, 0x23, 0x50, 0x44, 0x58, 0x23, 0x50, 0x43, 0x50, 0x23, 0x50, 
    0x23, 0x50, 0x23, 0x50, 0x24, 0x50, 0x23, 0x50, 0x24, 0x50, 0x24, 0x50, 
    0x24, 0x50, 0x44, 0x50, 0x44, 0x50, 0x24, 0x50, 0x24, 0x50, 0x44, 0x58, 
    0x24, 0x58, 0x44, 0x58, 0x24, 0x58, 0x24, 0x58, 0x24, 0x58, 0x24, 0x58, 
    0x24, 0x58, 0x24, 0x58, 0x24, 0x58, 0x24, 0x58, 0x24, 0x58, 0x24, 0x58, 
    0x24, 0x58, 0x24, 0x58, 0x24, 0x58, 0x24, 0x58, 0x24, 0x58, 0x24, 0x58, 
    0x24, 0x58, 0x24, 0x50, 0x24, 0x50, 0x44, 0x50, 0x23, 0x50, 0x04, 0x58, 
    0x2c, 0xb1, 0xaf, 0xe1, 0x10, 0xea, 0xcf, 0xe1, 0x8e, 0xd1, 0x0c, 0xc1, 
    0xeb, 0xb8, 0xc9, 0xa8, 0x67, 0x98, 0x26, 0x90, 0x25, 0x90, 0x45, 0x90, 
    0x25, 0x88, 0x04, 0x80, 0x02, 0x70, 0x01, 0x70, 0x01, 0x68, 0x01, 0x68, 
    0x01, 0x68, 0x01, 0x68, 0x00, 0x60, 0x00, 0x60, 0x00, 0x60, 0x00, 0x60, 
    0x00, 0x60, 0x00, 0x60, 0x00, 0x68, 0x02, 0x70, 0x03, 0x78, 0x03, 0x78, 
    0x03, 0x80, 0x04, 0x88, 0x04, 0x88, 0x04, 0x88, 0x05, 0x90, 0x05, 0x90, 
    0x06, 0x98, 0x06, 0x90, 0x07, 0x98, 0x28, 0xa0, 0x08, 0xa0, 0x28, 0xa0, 
    0x49, 0xa8, 0x49, 0xa8, 0x29, 0xa8, 0x49, 0xb0, 0x4a, 0xb0, 0x29, 0xb0, 
    0x29, 0xb8, 0x29, 0xb8, 0x09, 0xb0, 0x09, 0xb0, 0x29, 0xb0, 0x29, 0xb0, 
    0x09, 0xb0, 0x08, 0xa8, 0x07, 0xa0, 0x05, 0x98, 0x03, 0x88, 0x01, 0x80, 
    0x00, 0x78, 0x01, 0x78, 0x01, 0x80, 0x01, 0x80, 0x01, 0x80, 0x04, 0x90, 
    0xcb, 0xc8, 0x04, 0x90, 0x02, 0x88, 0x03, 0x98, 0x04, 0xa0, 0x04, 0xa0, 
    0xa7, 0xa8, 0x05, 0x62, 0x86, 0x6a, 0x28, 0x7b, 0xeb, 0x8b, 0x6d, 0x94, 
    0xe4, 0x51, 0x60, 0x41, 0x80, 0x41, 0x60, 0x41, 0x01, 0x51, 0x82, 0x50, 
    0x44, 0x58, 0x44, 0x58, 0x44, 0x60, 0x24, 0x60, 0x24, 0x58, 0x44, 0x58, 
    0x44, 0x60, 0x44, 0x60, 0x24, 0x58, 0x44, 0x58, 0x44, 0x58, 0x44, 0x58, 
    0x24, 0x58, 0x44, 0x58, 0x44, 0x58, 0x44, 0x58, 0x44, 0x58, 0x44, 0x58, 
    0x44, 0x58, 0x44, 0x58, 0x44, 0x58, 0x44, 0x58, 0x44, 0x58, 0x44, 0x58, 
    0x44, 0x58, 0x44, 0x58, 0x44, 0x50, 0x44, 0x50, 0x44, 0x58, 0x44, 0x58, 
    0x44, 0x58, 0x24, 0x58, 0x24, 0x58, 0x44, 0x58, 0x44, 0x58, 0x44, 0x50, 
    0x44, 0x58, 0x44, 0x58, 0x24, 0x58, 0x24, 0x50, 0x24, 0x50, 0x24, 0x58, 
    0x23, 0x50, 0x24, 0x58, 0x44, 0x58, 0x44, 0x58, 0x24, 0x58, 0x44, 0x58, 
    0x44, 0x58, 0x44, 0x58, 0x44, 0x58, 0x44, 0x58, 0x24, 0x58, 0x44, 0x58, 
    0x24, 0x58, 0x24, 0x58, 0x24, 0x58, 0x44, 0x58, 0x24, 0x58, 0x24, 0x58, 
    0x24, 0x58, 0x24, 0x58, 0x44, 0x58, 0x24, 0x58, 0x24, 0x58, 0x24, 0x58, 
    0x24, 0x58, 0x44, 0x58, 0x24, 0x58, 0x24, 0x58, 0x44, 0x58, 0x24, 0x58, 
    0x24, 0x58, 0x24, 0x58, 0x24, 0x58, 0x24, 0x58, 0x44, 0x58, 0x44, 0x58, 
    0x23, 0x48, 0x23, 0x48, 0x03, 0x48, 0x23, 0x48, 0x23, 0x50, 0x23, 0x50, 
    0x23, 0x50, 0x23, 0x50, 0x23, 0x50, 0x23, 0x50, 0x23, 0x50, 0x23, 0x50, 
    0x23, 0x50, 0x23, 0x50, 0x23, 0x50, 0x23, 0x50, 0x23, 0x50, 0x23, 0x50, 
    0x23, 0x50, 0x23, 0x50, 0x23, 0x50, 0x23, 0x50, 0x23, 0x50, 0x03, 0x50, 
    0x23, 0x50, 0x23, 0x58, 0x23, 0x50, 0x23, 0x50, 0x24, 0x50, 0x24, 0x50, 
    0x24, 0x50, 0x44, 0x58, 0x23, 0x50, 0x23, 0x58, 0x24, 0x58, 0x24, 0x58, 
    0x23, 0x58, 0x23, 0x50, 0x24, 0x50, 0x24, 0x50, 0x24, 0x50, 0x44, 0x50, 
    0x24, 0x50, 0x24, 0x50, 0x23, 0x50, 0x24, 0x50, 0x24, 0x58, 0x24, 0x50, 
    0x24, 0x50, 0x24, 0x50, 0x24, 0x50, 0x44, 0x58, 0x24, 0x58, 0x44, 0x58, 
    0x24, 0x58, 0x24, 0x58, 0x24, 0x58, 0x24, 0x58, 0x24, 0x58, 0x44, 0x58, 
    0x24, 0x58, 0x24, 0x58, 0x24, 0x58, 0x24, 0x58, 0x24, 0x58, 0x24, 0x58, 
    0x24, 0x58, 0x24, 0x58, 0x24, 0x58, 0x24, 0x58, 0x24, 0x58, 0x24, 0x58, 
    0x23, 0x50, 0x24, 0x50, 0x24, 0x50, 0x23, 0x50, 0x24, 0x58, 0x88, 0x88, 
    0xaf, 0xe1, 0xf0, 0xe9, 0xaf, 0xe1, 0x6e, 0xd1, 0x2c, 0xc1, 0xca, 0xb0, 
    0xa9, 0xa8, 0x67, 0xa0, 0x25, 0x90, 0x25, 0x88, 0x25, 0x90, 0x25, 0x88, 
    0x04, 0x80, 0x03, 0x78, 0x02, 0x70, 0x01, 0x68, 0x01, 0x68, 0x00, 0x68, 
    0x00, 0x68, 0x00, 0x60, 0x00, 0x60, 0x00, 0x60, 0x00, 0x60, 0x00, 0x58, 
    0x00, 0x68, 0x01, 0x70, 0x02, 0x78, 0x03, 0x80, 0x04, 0x80, 0x04, 0x88, 
    0x04, 0x88, 0x04, 0x88, 0x05, 0x88, 0x05, 0x90, 0x05, 0x90, 0x06, 0x90, 
    0x05, 0x90, 0x06, 0x90, 0x07, 0x98, 0x07, 0x98, 0x07, 0x98, 0x08, 0xa0, 
    0x28, 0xa8, 0x08, 0xa8, 0x08, 0xa8, 0x29, 0xa8, 0x29, 0xa8, 0x09, 0xb0, 
    0x09, 0xb0, 0x29, 0xb0, 0x09, 0xb0, 0x29, 0xb0, 0x09, 0xb0, 0x09, 0xb0, 
    0x29, 0xb0, 0x08, 0xa8, 0x06, 0xa0, 0x05, 0x90, 0x03, 0x88, 0x01, 0x78, 
    0x00, 0x78, 0x00, 0x78, 0x01, 0x78, 0x01, 0x78, 0x01, 0x78, 0x05, 0xa0, 
    0xec, 0xd0, 0x24, 0x88, 0x02, 0x80, 0x03, 0x90, 0x04, 0x98, 0x04, 0xa0, 
    0xa7, 0xa0, 0xa4, 0x59, 0x05, 0x62, 0x87, 0x72, 0x8c, 0x8b, 0xf2, 0xb4, 
    0x50, 0xa4, 0xe5, 0x58, 0x82, 0x50, 0xe1, 0x48, 0x80, 0x41, 0xa0, 0x49, 
    0x01, 0x51, 0x83, 0x58, 0x24, 0x58, 0x44, 0x58, 0x44, 0x60, 0x44, 0x60, 
    0x44, 0x60, 0x44, 0x58, 0x44, 0x60, 0x24, 0x60, 0x44, 0x58, 0x44, 0x60, 
    0x44, 0x58, 0x44, 0x58, 0x44, 0x58, 0x44, 0x58, 0x44, 0x58, 0x44, 0x58, 
    0x44, 0x58, 0x44, 0x58, 0x44, 0x58, 0x44, 0x58, 0x44, 0x58, 0x44, 0x58, 
    0x44, 0x58, 0x44, 0x58, 0x24, 0x50, 0x44, 0x58, 0x44, 0x58, 0x44, 0x58, 
    0x44, 0x58, 0x44, 0x58, 0x24, 0x58, 0x24, 0x58, 0x44, 0x58, 0x44, 0x50, 
    0x24, 0x58, 0x44, 0x58, 0x24, 0x50, 0x44, 0x50, 0x44, 0x58, 0x24, 0x58, 
    0x44, 0x50, 0x24, 0x50, 0x24, 0x58, 0x44, 0x58, 0x44, 0x58, 0x44, 0x58, 
    0x24, 0x58, 0x24, 0x58, 0x24, 0x58, 0x24, 0x58, 0x24, 0x58, 0x44, 0x58, 
    0x24, 0x58, 0x24, 0x58, 0x24, 0x58, 0x44, 0x58, 0x24, 0x58, 0x24, 0x58, 
    0x24, 0x58, 0x44, 0x58, 0x24, 0x58, 0x44, 0x58, 0x44, 0x58, 0x44, 0x58, 
    0x24, 0x58, 0x24, 0x58, 0x24, 0x58, 0x24, 0x58, 0x44, 0x58, 0x24, 0x58, 
    0x44, 0x58, 0x44, 0x58, 0x24, 0x50, 0x44, 0x58, 0x24, 0x58, 0x24, 0x58, 
    0x23, 0x48, 0x23, 0x48, 0x23, 0x50, 0x23, 0x50, 0x23, 0x50, 0x23, 0x50, 
    0x23, 0x50, 0x23, 0x50, 0x23, 0x50, 0x23, 0x50, 0x23, 0x50, 0x23, 0x50, 
    0x23, 0x50, 0x23, 0x50, 0x23, 0x50, 0x23, 0x50, 0x23, 0x50, 0x23, 0x50, 
    0x23, 0x50, 0x23, 0x50, 0x23, 0x50, 0x23, 0x50, 0x23, 0x50, 0x23, 0x50, 
    0x23, 0x50, 0x23, 0x50, 0x24, 0x58, 0x23, 0x50, 0x23, 0x50, 0x24, 0x50, 
    0x24, 0x58, 0x24, 0x58, 0x24, 0x50, 0x23, 0x50, 0x23, 0x50, 0x23, 0x58, 
    0x24, 0x58, 0x23, 0x50, 0x23, 0x50, 0x23, 0x50, 0x23, 0x50, 0x24, 0x50, 
    0x24, 0x50, 0x24, 0x50, 0x24, 0x50, 0x24, 0x50, 0x44, 0x50, 0x24, 0x50, 
    0x24, 0x58, 0x44, 0x58, 0x24, 0x50, 0x24, 0x58, 0x23, 0x58, 0x24, 0x58, 
    0x44, 0x58, 0x24, 0x58, 0x24, 0x58, 0x24, 0x58, 0x24, 0x58, 0x24, 0x58, 
    0x24, 0x58, 0x24, 0x58, 0x44, 0x58, 0x63, 0x58, 0x43, 0x58, 0x24, 0x58, 
    0x24, 0x58, 0x24, 0x58, 0x24, 0x58, 0x24, 0x58, 0x24, 0x58, 0x24, 0x50, 
    0x23, 0x50, 0x24, 0x50, 0x24, 0x50, 0x23, 0x50, 0x66, 0x70, 0x6e, 0xd1, 
    0xd0, 0xe9, 0x8f, 0xe1, 0x6e, 0xd9, 0x6d, 0xc9, 0xeb, 0xb0, 0xa9, 0xa8, 
    0x67, 0xa0, 0x25, 0x90, 0x04, 0x88, 0x04, 0x88, 0x04, 0x88, 0x04, 0x80, 
    0x03, 0x78, 0x02, 0x70, 0x01, 0x68, 0x01, 0x68, 0x01, 0x68, 0x00, 0x68, 
    0x00, 0x68, 0x00, 0x60, 0x00, 0x60, 0x00, 0x60, 0x00, 0x60, 0x01, 0x68, 
    0x02, 0x70, 0x03, 0x78, 0x03, 0x80, 0x04, 0x88, 0x04, 0x88, 0x05, 0x88, 
    0x05, 0x90, 0x05, 0x90, 0x05, 0x90, 0x05, 0x90, 0x05, 0x90, 0x05, 0x90, 
    0x05, 0x88, 0x05, 0x90, 0x06, 0x98, 0x07, 0x98, 0x07, 0x98, 0x07, 0x98, 
    0x07, 0xa0, 0x07, 0xa0, 0x08, 0xa0, 0x08, 0xa0, 0x08, 0xa8, 0x08, 0xa8, 
    0x08, 0xa8, 0x09, 0xb0, 0x29, 0xb0, 0x08, 0xb0, 0x08, 0xa8, 0x08, 0xa8, 
    0x08, 0xa8, 0x07, 0xa0, 0x06, 0x98, 0x05, 0x90, 0x03, 0x88, 0x02, 0x80, 
    0x01, 0x78, 0x01, 0x78, 0x01, 0x78, 0x00, 0x78, 0x01, 0x78, 0x27, 0xb0, 
    0xec, 0xd8, 0x24, 0x90, 0x01, 0x80, 0x02, 0x88, 0x03, 0x98, 0x04, 0xa0, 
    0x86, 0xa0, 0x42, 0x51, 0x83, 0x51, 0xe5, 0x59, 0x67, 0x6a, 0xee, 0x93, 
    0xb2, 0xac, 0xcc, 0x8a, 0x64, 0x58, 0x43, 0x58, 0x83, 0x58, 0xc1, 0x48, 
    0x80, 0x41, 0xa0, 0x49, 0x02, 0x51, 0x63, 0x58, 0x44, 0x60, 0x44, 0x60, 
    0x24, 0x58, 0x44, 0x60, 0x44, 0x58, 0x24, 0x58, 0x24, 0x58, 0x44, 0x58, 
    0x44, 0x58, 0x24, 0x58, 0x44, 0x58, 0x44, 0x58, 0x44, 0x58, 0x44, 0x58, 
    0x44, 0x58, 0x44, 0x58, 0x44, 0x58, 0x44, 0x58, 0x44, 0x58, 0x44, 0x58, 
    0x44, 0x58, 0x44, 0x50, 0x24, 0x58, 0x44, 0x50, 0x44, 0x50, 0x44, 0x58, 
    0x44, 0x58, 0x44, 0x58, 0x44, 0x58, 0x44, 0x58, 0x44, 0x58, 0x44, 0x58, 
    0x44, 0x58, 0x44, 0x50, 0x44, 0x50, 0x24, 0x58, 0x44, 0x58, 0x44, 0x58, 
    0x44, 0x58, 0x24, 0x58, 0x24, 0x58, 0x44, 0x58, 0x44, 0x58, 0x24, 0x58, 
    0x24, 0x58, 0x24, 0x58, 0x24, 0x58, 0x44, 0x58, 0x24, 0x58, 0x24, 0x58, 
    0x44, 0x58, 0x24, 0x58, 0x24, 0x58, 0x24, 0x58, 0x24, 0x58, 0x24, 0x58, 
    0x24, 0x58, 0x24, 0x58, 0x44, 0x58, 0x44, 0x58, 0x24, 0x58, 0x44, 0x58, 
    0x44, 0x58, 0x24, 0x58, 0x44, 0x58, 0x24, 0x58, 0x24, 0x58, 0x24, 0x58, 
    0x24, 0x58, 0x44, 0x58, 0x24, 0x58, 0x44, 0x58, 0x24, 0x58, 0x24, 0x58, 
    0x23, 0x48, 0x23, 0x48, 0x23, 0x50, 0x23, 0x48, 0x23, 0x48, 0x23, 0x50, 
    0x23, 0x50, 0x23, 0x50, 0x23, 0x50, 0x23, 0x50, 0x23, 0x50, 0x23, 0x50, 
    0x23, 0x50, 0x03, 0x50, 0x23, 0x50, 0x23, 0x50, 0x23, 0x50, 0x23, 0x50, 
    0x23, 0x50, 0x23, 0x50, 0x23, 0x50, 0x23, 0x50, 0x23, 0x50, 0x23, 0x58, 
    0x23, 0x58, 0x23, 0x58, 0x24, 0x50, 0x24, 0x50, 0x23, 0x58, 0x24, 0x50, 
    0x24, 0x58, 0x24, 0x58, 0x24, 0x58, 0x44, 0x58, 0x24, 0x58, 0x23, 0x50, 
    0x44, 0x58, 0x23, 0x50, 0x23, 0x50, 0x23, 0x50, 0x23, 0x50, 0x24, 0x50, 
    0x24, 0x50, 0x24, 0x50, 0x24, 0x50, 0x44, 0x50, 0x24, 0x50, 0x24, 0x50, 
    0x24, 0x50, 0x24, 0x50, 0x24, 0x50, 0x24, 0x58, 0x24, 0x58, 0x44, 0x58, 
    0x44, 0x58, 0x24, 0x58, 0x24, 0x58, 0x24, 0x58, 0x24, 0x58, 0x24, 0x58, 
    0x24, 0x58, 0x24, 0x58, 0x23, 0x58, 0xa2, 0x58, 0xa1, 0x50, 0x63, 0x50, 
    0x44, 0x58, 0x44, 0x58, 0x44, 0x58, 0x24, 0x50, 0x24, 0x58, 0x24, 0x58, 
    0x23, 0x50, 0x23, 0x50, 0x24, 0x50, 0x24, 0x58, 0x2c, 0xb9, 0xf0, 0xe9, 
    0xf0, 0xe1, 0x4d, 0xd1, 0x2c, 0xc9, 0xeb, 0xb8, 0xa9, 0xa8, 0x47, 0x98, 
    0x05, 0x90, 0x04, 0x88, 0x04, 0x88, 0x04, 0x88, 0x04, 0x80, 0x03, 0x80, 
    0x02, 0x78, 0x01, 0x70, 0x01, 0x68, 0x01, 0x68, 0x01, 0x68, 0x00, 0x68, 
    0x00, 0x60, 0x00, 0x60, 0x00, 0x60, 0x00, 0x60, 0x01, 0x68, 0x02, 0x78, 
    0x03, 0x80, 0x04, 0x80, 0x04, 0x88, 0x05, 0x88, 0x05, 0x88, 0x05, 0x88, 
    0x05, 0x88, 0x05, 0x88, 0x05, 0x90, 0x05, 0x88, 0x05, 0x88, 0x05, 0x88, 
    0x04, 0x88, 0x04, 0x88, 0x05, 0x90, 0x05, 0x90, 0x05, 0x90, 0x05, 0x98, 
    0x05, 0x98, 0x05, 0x98, 0x06, 0x98, 0x07, 0xa0, 0x07, 0xa0, 0x07, 0xa0, 
    0x08, 0xa8, 0x08, 0xa8, 0x08, 0xa8, 0x08, 0xa8, 0x08, 0xa8, 0x07, 0xa0, 
    0x07, 0xa0, 0x06, 0x98, 0x06, 0x98, 0x05, 0x90, 0x04, 0x88, 0x02, 0x88, 
    0x01, 0x78, 0x01, 0x70, 0x00, 0x70, 0x00, 0x70, 0x00, 0x78, 0x06, 0xb0, 
    0x0d, 0xd9, 0x47, 0xa0, 0x01, 0x78, 0x02, 0x88, 0x03, 0x90, 0x03, 0x90, 
    0x24, 0x90, 0xc2, 0x58, 0x21, 0x41, 0x83, 0x51, 0xe5, 0x61, 0xcb, 0x92, 
    0xcf, 0xb3, 0x4e, 0xa3, 0xa6, 0x60, 0x44, 0x58, 0x44, 0x58, 0x44, 0x58, 
    0x63, 0x58, 0x00, 0x41, 0xa0, 0x41, 0x80, 0x49, 0xa2, 0x58, 0x44, 0x60, 
    0x44, 0x60, 0x44, 0x58, 0x44, 0x58, 0x24, 0x58, 0x44, 0x58, 0x44, 0x58, 
    0x44, 0x58, 0x44, 0x58, 0x24, 0x58, 0x24, 0x58, 0x44, 0x58, 0x44, 0x58, 
    0x44, 0x58, 0x44, 0x58, 0x44, 0x58, 0x44, 0x58, 0x44, 0x58, 0x44, 0x58, 
    0x44, 0x58, 0x44, 0x50, 0x44, 0x58, 0x44, 0x58, 0x44, 0x58, 0x44, 0x50, 
    0x44, 0x58, 0x24, 0x50, 0x44, 0x58, 0x44, 0x58, 0x24, 0x50, 0x24, 0x58, 
    0x24, 0x50, 0x44, 0x58, 0x44, 0x58, 0x24, 0x50, 0x24, 0x58, 0x43, 0x50, 
    0x44, 0x50, 0x24, 0x50, 0x44, 0x58, 0x44, 0x58, 0x24, 0x58, 0x44, 0x58, 
    0x24, 0x58, 0x44, 0x58, 0x44, 0x58, 0x24, 0x58, 0x44, 0x58, 0x44, 0x58, 
    0x44, 0x58, 0x24, 0x58, 0x24, 0x58, 0x24, 0x58, 0x24, 0x58, 0x24, 0x58, 
    0x24, 0x58, 0x44, 0x58, 0x24, 0x58, 0x44, 0x58, 0x24, 0x58, 0x24, 0x58, 
    0x24, 0x58, 0x24, 0x58, 0x24, 0x58, 0x44, 0x58, 0x24, 0x58, 0x23, 0x58, 
    0x24, 0x58, 0x24, 0x58, 0x44, 0x58, 0x44, 0x58, 0x24, 0x58, 0x44, 0x58, 
    0x23, 0x48, 0x23, 0x48, 0x23, 0x48, 0x23, 0x48, 0x23, 0x50, 0x23, 0x50, 
    0x23, 0x48, 0x23, 0x50, 0x23, 0x50, 0x23, 0x50, 0x23, 0x50, 0x24, 0x50, 
    0x23, 0x50, 0x23, 0x50, 0x24, 0x50, 0x23, 0x50, 0x23, 0x50, 0x23, 0x50, 
    0x23, 0x50, 0x23, 0x50, 0x23, 0x50, 0x23, 0x58, 0x23, 0x50, 0x23, 0x50, 
    0x23, 0x50, 0x23, 0x50, 0x23, 0x50, 0x24, 0x50, 0x24, 0x50, 0x23, 0x58, 
    0x24, 0x50, 0x24, 0x58, 0x24, 0x50, 0x23, 0x58, 0x24, 0x58, 0x23, 0x58, 
    0x23, 0x58, 0x24, 0x58, 0x24, 0x50, 0x23, 0x50, 0x24, 0x50, 0x24, 0x50, 
    0x24, 0x50, 0x24, 0x58, 0x24, 0x50, 0x24, 0x50, 0x44, 0x58, 0x24, 0x50, 
    0x24, 0x50, 0x44, 0x58, 0x24, 0x58, 0x24, 0x58, 0x24, 0x58, 0x24, 0x58, 
    0x24, 0x58, 0x24, 0x58, 0x24, 0x58, 0x24, 0x58, 0x24, 0x58, 0x44, 0x58, 
    0x24, 0x58, 0x24, 0x58, 0x44, 0x58, 0x63, 0x58, 0xc1, 0x48, 0xe0, 0x40, 
    0x82, 0x48, 0x43, 0x58, 0x24, 0x58, 0x24, 0x58, 0x24, 0x58, 0x24, 0x58, 
    0x23, 0x58, 0x23, 0x50, 0x24, 0x50, 0x87, 0x88, 0xaf, 0xe1, 0xcf, 0xe1, 
    0x6e, 0xd9, 0x0c, 0xc9, 0xaa, 0xb8, 0x88, 0xa8, 0x46, 0x98, 0x25, 0x90, 
    0x04, 0x88, 0x04, 0x88, 0x04, 0x88, 0x04, 0x80, 0x03, 0x80, 0x02, 0x78, 
    0x01, 0x70, 0x01, 0x70, 0x01, 0x68, 0x01, 0x68, 0x01, 0x68, 0x00, 0x68, 
    0x00, 0x60, 0x00, 0x60, 0x00, 0x60, 0x01, 0x68, 0x03, 0x78, 0x04, 0x80, 
    0x04, 0x80, 0x04, 0x80, 0x04, 0x80, 0x05, 0x88, 0x05, 0x88, 0x05, 0x88, 
    0x05, 0x88, 0x05, 0x88, 0x05, 0x88, 0x05, 0x88, 0x05, 0x88, 0x04, 0x88, 
    0x04, 0x80, 0x03, 0x80, 0x04, 0x80, 0x04, 0x88, 0x04, 0x88, 0x04, 0x90, 
    0x04, 0x90, 0x04, 0x90, 0x05, 0x90, 0x05, 0x98, 0x06, 0x98, 0x06, 0x98, 
    0x07, 0xa0, 0x07, 0xa0, 0x07, 0xa0, 0x07, 0xa0, 0x07, 0xa0, 0x07, 0xa0, 
    0x06, 0x98, 0x67, 0xa0, 0x46, 0x98, 0x04, 0x88, 0x03, 0x88, 0x03, 0x80, 
    0x01, 0x78, 0x01, 0x78, 0x00, 0x70, 0x00, 0x70, 0x00, 0x70, 0x26, 0xa8, 
    0x8e, 0xe1, 0xaa, 0xb8, 0x02, 0x80, 0x01, 0x80, 0x02, 0x88, 0x02, 0x88, 
    0x03, 0x90, 0x44, 0x88, 0xa2, 0x60, 0xe4, 0x70, 0xe8, 0x98, 0x0b, 0xc1, 
    0xeb, 0xd0, 0xcb, 0xc0, 0xeb, 0xb8, 0xca, 0xa8, 0x26, 0x78, 0x24, 0x60, 
    0x44, 0x58, 0x63, 0x58, 0x82, 0x50, 0xe0, 0x40, 0x20, 0x49, 0x01, 0x51, 
    0xe1, 0x50, 0x41, 0x50, 0x22, 0x58, 0x44, 0x58, 0x44, 0x58, 0x44, 0x58, 
    0x44, 0x58, 0x44, 0x58, 0x44, 0x58, 0x44, 0x58, 0x44, 0x58, 0x44, 0x58, 
    0x44, 0x58, 0x24, 0x58, 0x44, 0x58, 0x44, 0x58, 0x24, 0x58, 0x44, 0x58, 
    0x44, 0x58, 0x24, 0x50, 0x44, 0x58, 0x44, 0x58, 0x44, 0x58, 0x44, 0x58, 
    0x44, 0x58, 0x44, 0x58, 0x44, 0x58, 0x44, 0x58, 0x44, 0x50, 0x44, 0x58, 
    0x44, 0x58, 0x24, 0x50, 0x24, 0x50, 0x44, 0x58, 0x24, 0x50, 0x44, 0x58, 
    0x44, 0x50, 0x44, 0x58, 0x44, 0x58, 0x44, 0x58, 0x44, 0x58, 0x44, 0x58, 
    0x24, 0x58, 0x24, 0x58, 0x44, 0x58, 0x44, 0x58, 0x44, 0x58, 0x24, 0x58, 
    0x24, 0x58, 0x44, 0x58, 0x44, 0x58, 0x44, 0x58, 0x24, 0x58, 0x44, 0x58, 
    0x44, 0x58, 0x44, 0x58, 0x44, 0x58, 0x24, 0x58, 0x24, 0x58, 0x44, 0x58, 
    0x24, 0x58, 0x24, 0x58, 0x24, 0x58, 0x24, 0x58, 0x24, 0x58, 0x44, 0x58, 
    0x24, 0x58, 0x24, 0x58, 0x24, 0x58, 0x24, 0x58, 0x24, 0x58, 0x24, 0x58, 
    0x23, 0x48, 0x23, 0x48, 0x23, 0x48, 0x23, 0x48, 0x23, 0x50, 0x23, 0x50, 
    0x23, 0x50, 0x23, 0x50, 0x23, 0x50, 0x23, 0x50, 0x23, 0x50, 0x23, 0x50, 
    0x23, 0x50, 0x23, 0x50, 0x23, 0x50, 0x23, 0x50, 0x23, 0x50, 0x23, 0x50, 
    0x23, 0x50, 0x23, 0x50, 0x23, 0x50, 0x23, 0x50, 0x24, 0x50, 0x24, 0x58, 
    0x23, 0x58, 0x24, 0x50, 0x23, 0x50, 0x23, 0x50, 0x24, 0x58, 0x24, 0x58, 
    0x23, 0x58, 0x23, 0x58, 0x23, 0x50, 0x24, 0x58, 0x24, 0x58, 0x24, 0x58, 
    0x24, 0x58, 0x24, 0x50, 0x24, 0x50, 0x24, 0x50, 0x23, 0x50, 0x23, 0x50, 
    0x44, 0x58, 0x24, 0x58, 0x44, 0x58, 0x24, 0x50, 0x24, 0x50, 0x24, 0x50, 
    0x44, 0x58, 0x44, 0x58, 0x24, 0x58, 0x24, 0x58, 0x44, 0x58, 0x24, 0x58, 
    0x24, 0x58, 0x24, 0x58, 0x24, 0x58, 0x24, 0x58, 0x24, 0x58, 0x24, 0x58, 
    0x24, 0x58, 0x24, 0x58, 0x24, 0x58, 0x44, 0x58, 0x63, 0x58, 0xe0, 0x40, 
    0x00, 0x31, 0xa1, 0x38, 0x63, 0x50, 0x24, 0x58, 0x24, 0x50, 0x24, 0x58, 
    0x24, 0x58, 0x24, 0x50, 0x45, 0x60, 0x4d, 0xc9, 0x6f, 0xe1, 0x6e, 0xd9, 
    0x0c, 0xc9, 0xca, 0xb8, 0x88, 0xa8, 0x47, 0x98, 0x25, 0x90, 0x25, 0x90, 
    0x04, 0x88, 0x04, 0x88, 0x04, 0x80, 0x03, 0x80, 0x02, 0x78, 0x01, 0x70, 
    0x01, 0x70, 0x01, 0x70, 0x01, 0x68, 0x01, 0x68, 0x01, 0x68, 0x00, 0x60, 
    0x00, 0x60, 0x00, 0x60, 0x00, 0x60, 0x02, 0x70, 0x04, 0x80, 0x04, 0x80, 
    0x05, 0x80, 0x05, 0x80, 0x05, 0x88, 0x05, 0x88, 0x05, 0x88, 0x05, 0x88, 
    0x05, 0x88, 0x05, 0x88, 0x05, 0x88, 0x05, 0x88, 0x04, 0x88, 0x04, 0x88, 
    0x03, 0x80, 0x03, 0x78, 0x03, 0x78, 0x02, 0x80, 0x03, 0x80, 0x03, 0x80, 
    0x03, 0x80, 0x04, 0x88, 0x04, 0x90, 0x05, 0x90, 0x05, 0x98, 0x06, 0x98, 
    0x06, 0x98, 0x07, 0x98, 0x07, 0xa0, 0x07, 0xa0, 0x07, 0x98, 0x06, 0x98, 
    0xa9, 0xa8, 0x70, 0xda, 0x6c, 0xc9, 0x67, 0x98, 0x03, 0x80, 0x02, 0x80, 
    0x01, 0x78, 0x01, 0x78, 0x00, 0x78, 0x00, 0x70, 0x00, 0x70, 0x26, 0xa8, 
    0x8e, 0xd9, 0x4d, 0xc9, 0x05, 0x90, 0x02, 0x88, 0x02, 0x88, 0x02, 0x90, 
    0x03, 0x90, 0x05, 0x98, 0x68, 0xa8, 0xcb, 0xb8, 0x2d, 0xd1, 0x2d, 0xd9, 
    0x0c, 0xd1, 0xec, 0xd0, 0xec, 0xd0, 0xcb, 0xc8, 0x69, 0xb0, 0x26, 0x80, 
    0x45, 0x60, 0x44, 0x58, 0x24, 0x58, 0x43, 0x58, 0x63, 0x50, 0xa2, 0x50, 
    0xa2, 0x58, 0x63, 0x60, 0x44, 0x60, 0x44, 0x60, 0x44, 0x58, 0x24, 0x58, 
    0x44, 0x58, 0x24, 0x58, 0x44, 0x58, 0x44, 0x58, 0x44, 0x58, 0x44, 0x58, 
    0x44, 0x58, 0x44, 0x58, 0x44, 0x58, 0x44, 0x58, 0x44, 0x58, 0x44, 0x58, 
    0x44, 0x58, 0x44, 0x58, 0x44, 0x58, 0x44, 0x58, 0x44, 0x58, 0x44, 0x58, 
    0x44, 0x58, 0x44, 0x58, 0x44, 0x58, 0x44, 0x50, 0x44, 0x50, 0x44, 0x58, 
    0x44, 0x58, 0x44, 0x50, 0x44, 0x58, 0x44, 0x50, 0x44, 0x50, 0x44, 0x50, 
    0x44, 0x50, 0x44, 0x58, 0x44, 0x58, 0x24, 0x58, 0x24, 0x58, 0x24, 0x58, 
    0x44, 0x58, 0x24, 0x58, 0x24, 0x58, 0x44, 0x58, 0x44, 0x58, 0x44, 0x58, 
    0x24, 0x58, 0x24, 0x58, 0x44, 0x58, 0x44, 0x58, 0x24, 0x58, 0x24, 0x58, 
    0x44, 0x58, 0x44, 0x58, 0x24, 0x58, 0x24, 0x58, 0x24, 0x58, 0x24, 0x58, 
    0x24, 0x58, 0x24, 0x58, 0x24, 0x58, 0x44, 0x58, 0x24, 0x58, 0x24, 0x58, 
    0x24, 0x58, 0x24, 0x58, 0x24, 0x58, 0x24, 0x58, 0x24, 0x58, 0x24, 0x58, 
    0x23, 0x50, 0x23, 0x50, 0x23, 0x48, 0x23, 0x48, 0x23, 0x50, 0x23, 0x50, 
    0x23, 0x50, 0x23, 0x50, 0x23, 0x50, 0x23, 0x50, 0x23, 0x50, 0x23, 0x50, 
    0x23, 0x50, 0x23, 0x50, 0x23, 0x50, 0x03, 0x50, 0x23, 0x50, 0x23, 0x50, 
    0x23, 0x50, 0x23, 0x50, 0x23, 0x50, 0x24, 0x50, 0x24, 0x50, 0x23, 0x50, 
    0x23, 0x50, 0x23, 0x50, 0x43, 0x58, 0x23, 0x58, 0x23, 0x58, 0x24, 0x58, 
    0x24, 0x58, 0x24, 0x58, 0x24, 0x50, 0x24, 0x58, 0x24, 0x58, 0x24, 0x58, 
    0x24, 0x58, 0x44, 0x50, 0x24, 0x50, 0x23, 0x50, 0x24, 0x50, 0x24, 0x58, 
    0x24, 0x58, 0x24, 0x58, 0x23, 0x58, 0x24, 0x50, 0x24, 0x50, 0x24, 0x50, 
    0x44, 0x58, 0x23, 0x58, 0x24, 0x50, 0x24, 0x58, 0x24, 0x58, 0x24, 0x58, 
    0x24, 0x58, 0x24, 0x58, 0x24, 0x58, 0x24, 0x58, 0x44, 0x58, 0x44, 0x58, 
    0x44, 0x58, 0x24, 0x58, 0x24, 0x58, 0x24, 0x58, 0x24, 0x58, 0x63, 0x58, 
    0x00, 0x39, 0x20, 0x21, 0xc0, 0x30, 0x63, 0x50, 0x24, 0x58, 0x24, 0x58, 
    0x24, 0x50, 0x24, 0x58, 0xa8, 0x88, 0x0d, 0xd9, 0x6e, 0xd9, 0x2c, 0xd1, 
    0xaa, 0xb8, 0x88, 0xa8, 0x47, 0xa0, 0x25, 0x90, 0x05, 0x90, 0x04, 0x90, 
    0x04, 0x88, 0x04, 0x88, 0x03, 0x80, 0x03, 0x80, 0x02, 0x78, 0x02, 0x70, 
    0x02, 0x70, 0x01, 0x68, 0x01, 0x68, 0x01, 0x68, 0x01, 0x60, 0x00, 0x60, 
    0x00, 0x60, 0x00, 0x60, 0x01, 0x70, 0x02, 0x78, 0x04, 0x80, 0x05, 0x88, 
    0x05, 0x80, 0x05, 0x88, 0x05, 0x88, 0x05, 0x88, 0x05, 0x80, 0x05, 0x80, 
    0x05, 0x80, 0x04, 0x88, 0x04, 0x80, 0x04, 0x80, 0x04, 0x80, 0x03, 0x80, 
    0x03, 0x78, 0x02, 0x78, 0x02, 0x78, 0x01, 0x70, 0x01, 0x70, 0x01, 0x78, 
    0x01, 0x78, 0x02, 0x78, 0x02, 0x78, 0x02, 0x78, 0x03, 0x80, 0x04, 0x80, 
    0x04, 0x88, 0x05, 0x90, 0x06, 0x90, 0x06, 0x98, 0x06, 0x90, 0x47, 0xa0, 
    0x50, 0xda, 0x0f, 0xe2, 0x6e, 0xe1, 0x2d, 0xd9, 0xa9, 0xb0, 0x02, 0x78, 
    0x00, 0x70, 0x00, 0x70, 0x00, 0x70, 0x00, 0x70, 0x01, 0x78, 0x68, 0xb8, 
    0x4d, 0xd9, 0x2d, 0xc9, 0x48, 0xb0, 0x04, 0x90, 0x04, 0x98, 0x05, 0xa0, 
    0x06, 0xa8, 0x48, 0xb0, 0xab, 0xc0, 0xec, 0xd0, 0xec, 0xd0, 0x0d, 0xd1, 
    0xcc, 0xd0, 0x8b, 0xc8, 0xec, 0xd0, 0xcb, 0xb8, 0x68, 0xa0, 0x46, 0x70, 
    0x25, 0x58, 0x44, 0x60, 0x24, 0x58, 0x24, 0x58, 0x44, 0x58, 0x23, 0x58, 
    0x23, 0x58, 0x44, 0x58, 0x44, 0x60, 0x44, 0x60, 0x24, 0x60, 0x44, 0x58, 
    0x24, 0x58, 0x24, 0x58, 0x24, 0x58, 0x44, 0x58, 0x44, 0x58, 0x44, 0x58, 
    0x24, 0x58, 0x44, 0x58, 0x24, 0x58, 0x44, 0x58, 0x44, 0x58, 0x44, 0x58, 
    0x44, 0x58, 0x44, 0x58, 0x44, 0x58, 0x44, 0x58, 0x44, 0x58, 0x24, 0x58, 
    0x24, 0x58, 0x44, 0x50, 0x44, 0x50, 0x44, 0x50, 0x24, 0x50, 0x24, 0x50, 
    0x44, 0x50, 0x44, 0x50, 0x44, 0x58, 0x24, 0x50, 0x44, 0x50, 0x44, 0x50, 
    0x24, 0x50, 0x24, 0x58, 0x44, 0x58, 0x44, 0x58, 0x44, 0x58, 0x24, 0x58, 
    0x44, 0x58, 0x24, 0x58, 0x44, 0x58, 0x44, 0x58, 0x24, 0x58, 0x44, 0x58, 
    0x24, 0x58, 0x24, 0x58, 0x23, 0x58, 0x44, 0x58, 0x44, 0x58, 0x24, 0x58, 
    0x24, 0x58, 0x44, 0x58, 0x44, 0x58, 0x44, 0x58, 0x24, 0x58, 0x24, 0x58, 
    0x24, 0x58, 0x24, 0x58, 0x24, 0x58, 0x24, 0x58, 0x24, 0x58, 0x24, 0x58, 
    0x24, 0x58, 0x24, 0x58, 0x24, 0x58, 0x43, 0x58, 0x24, 0x58, 0x24, 0x58, 
    0x23, 0x50, 0x23, 0x50, 0x23, 0x50, 0x23, 0x50, 0x23, 0x50, 0x23, 0x48, 
    0x23, 0x50, 0x23, 0x50, 0x23, 0x50, 0x23, 0x50, 0x23, 0x50, 0x23, 0x50, 
    0x23, 0x50, 0x23, 0x50, 0x23, 0x50, 0x23, 0x50, 0x23, 0x50, 0x23, 0x50, 
    0x24, 0x50, 0x23, 0x50, 0x23, 0x50, 0x23, 0x50, 0x24, 0x58, 0x23, 0x50, 
    0x23, 0x50, 0x23, 0x50, 0x44, 0x58, 0x23, 0x50, 0x23, 0x50, 0x23, 0x50, 
    0x23, 0x58, 0x23, 0x50, 0x23, 0x50, 0x24, 0x50, 0x24, 0x58, 0x24, 0x58, 
    0x24, 0x58, 0x24, 0x50, 0x24, 0x50, 0x24, 0x50, 0x24, 0x58, 0x24, 0x50, 
    0x24, 0x58, 0x24, 0x58, 0x24, 0x50, 0x23, 0x50, 0x44, 0x58, 0x44, 0x50, 
    0x24, 0x58, 0x24, 0x58, 0x24, 0x58, 0x24, 0x58, 0x24, 0x58, 0x24, 0x58, 
    0x44, 0x58, 0x44, 0x58, 0x44, 0x58, 0x24, 0x58, 0x24, 0x58, 0x24, 0x58, 
    0x24, 0x58, 0x24, 0x58, 0x44, 0x58, 0x24, 0x58, 0x24, 0x58, 0x43, 0x58, 
    0xa2, 0x50, 0x20, 0x29, 0xe0, 0x18, 0x80, 0x28, 0x62, 0x40, 0x23, 0x50, 
    0x24, 0x50, 0x24, 0x58, 0xca, 0xa0, 0x2e, 0xd9, 0x2d, 0xd1, 0xab, 0xc0, 
    0x68, 0xb0, 0x47, 0xa0, 0x06, 0x98, 0x05, 0x90, 0x04, 0x88, 0x04, 0x88, 
    0x04, 0x88, 0x03, 0x80, 0x03, 0x80, 0x03, 0x80, 0x02, 0x78, 0x02, 0x70, 
    0x02, 0x70, 0x01, 0x68, 0x01, 0x68, 0x00, 0x68, 0x00, 0x60, 0x00, 0x60, 
    0x00, 0x60, 0x01, 0x68, 0x02, 0x78, 0x03, 0x80, 0x04, 0x80, 0x04, 0x80, 
    0x04, 0x80, 0x05, 0x80, 0x04, 0x80, 0x04, 0x80, 0x04, 0x80, 0x04, 0x80, 
    0x04, 0x80, 0x03, 0x80, 0x03, 0x78, 0x03, 0x78, 0x03, 0x78, 0x02, 0x78, 
    0x02, 0x78, 0x01, 0x70, 0x01, 0x70, 0x00, 0x68, 0x00, 0x68, 0x00, 0x68, 
    0x00, 0x68, 0x00, 0x68, 0x00, 0x68, 0x00, 0x68, 0x00, 0x68, 0x01, 0x68, 
    0x01, 0x68, 0x01, 0x68, 0x02, 0x70, 0x03, 0x80, 0x04, 0x88, 0x2b, 0xc1, 
    0x91, 0xea, 0xcf, 0xe1, 0x6d, 0xd9, 0x4d, 0xd9, 0xec, 0xc8, 0x47, 0xa8, 
    0x02, 0x78, 0x00, 0x68, 0x00, 0x70, 0x00, 0x70, 0x01, 0x80, 0x48, 0xb8, 
    0x6e, 0xd9, 0x2d, 0xd1, 0xcb, 0xc0, 0x26, 0xa0, 0x05, 0xa0, 0x06, 0xa8, 
    0x48, 0xb0, 0xeb, 0xc8, 0xec, 0xc8, 0xcc, 0xd0, 0xec, 0xd0, 0xec, 0xd0, 
    0xec, 0xd0, 0xab, 0xc8, 0xab, 0xc8, 0x28, 0x98, 0x05, 0x78, 0x04, 0x68, 
    0x04, 0x70, 0x26, 0x80, 0x45, 0x70, 0x24, 0x60, 0x24, 0x58, 0x24, 0x58, 
    0x24, 0x60, 0x44, 0x58, 0x44, 0x60, 0x24, 0x58, 0x24, 0x58, 0x24, 0x58, 
    0x24, 0x58, 0x44, 0x58, 0x24, 0x58, 0x44, 0x58, 0x24, 0x58, 0x24, 0x58, 
    0x44, 0x58, 0x44, 0x58, 0x24, 0x58, 0x24, 0x58, 0x44, 0x58, 0x44, 0x58, 
    0x44, 0x58, 0x44, 0x58, 0x44, 0x58, 0x24, 0x58, 0x24, 0x58, 0x24, 0x58, 
    0x44, 0x58, 0x44, 0x58, 0x44, 0x50, 0x44, 0x50, 0x24, 0x50, 0x24, 0x50, 
    0x44, 0x50, 0x44, 0x50, 0x24, 0x58, 0x24, 0x50, 0x44, 0x50, 0x44, 0x50, 
    0x44, 0x50, 0x44, 0x58, 0x44, 0x58, 0x24, 0x58, 0x44, 0x58, 0x24, 0x58, 
    0x44, 0x58, 0x24, 0x58, 0x24, 0x58, 0x44, 0x58, 0x24, 0x58, 0x24, 0x58, 
    0x44, 0x58, 0x24, 0x58, 0x44, 0x58, 0x44, 0x58, 0x24, 0x58, 0x24, 0x58, 
    0x24, 0x58, 0x24, 0x58, 0x24, 0x58, 0x24, 0x58, 0x24, 0x58, 0x24, 0x58, 
    0x24, 0x58, 0x24, 0x58, 0x44, 0x58, 0x44, 0x58, 0x24, 0x58, 0x24, 0x58, 
    0x24, 0x58, 0x24, 0x58, 0x24, 0x58, 0x24, 0x58, 0x24, 0x58, 0x24, 0x58, 
    0x23, 0x48, 0x23, 0x50, 0x23, 0x50, 0x23, 0x50, 0x23, 0x48, 0x23, 0x48, 
    0x23, 0x48, 0x23, 0x50, 0x23, 0x50, 0x23, 0x50, 0x23, 0x50, 0x23, 0x50, 
    0x23, 0x50, 0x44, 0x50, 0x23, 0x50, 0x23, 0x50, 0x23, 0x50, 0x23, 0x50, 
    0x23, 0x50, 0x23, 0x50, 0x23, 0x50, 0x23, 0x50, 0x24, 0x50, 0x23, 0x50, 
    0x24, 0x50, 0x24, 0x50, 0x23, 0x50, 0x23, 0x50, 0x23, 0x50, 0x23, 0x58, 
    0x24, 0x58, 0x24, 0x50, 0x24, 0x50, 0x23, 0x50, 0x23, 0x50, 0x23, 0x50, 
    0x23, 0x58, 0x23, 0x58, 0x24, 0x58, 0x23, 0x50, 0x23, 0x50, 0x24, 0x50, 
    0x23, 0x58, 0x23, 0x50, 0x44, 0x58, 0x24, 0x58, 0x24, 0x50, 0x24, 0x58, 
    0x24, 0x50, 0x24, 0x50, 0x24, 0x58, 0x44, 0x58, 0x23, 0x58, 0x44, 0x58, 
    0x44, 0x58, 0x43, 0x58, 0x44, 0x58, 0x44, 0x58, 0x24, 0x58, 0x44, 0x58, 
    0x44, 0x58, 0x24, 0x58, 0x44, 0x58, 0x24, 0x58, 0x44, 0x58, 0x23, 0x58, 
    0x43, 0x58, 0xc1, 0x48, 0x00, 0x21, 0xc0, 0x10, 0x80, 0x18, 0x41, 0x38, 
    0x24, 0x50, 0x45, 0x60, 0x2c, 0xc1, 0x4e, 0xd9, 0xcb, 0xc0, 0x89, 0xb0, 
    0x26, 0xa0, 0x06, 0x98, 0x26, 0x98, 0x05, 0x90, 0x04, 0x88, 0x03, 0x88, 
    0x04, 0x88, 0x03, 0x80, 0x03, 0x80, 0x03, 0x80, 0x02, 0x78, 0x02, 0x70, 
    0x01, 0x70, 0x01, 0x68, 0x01, 0x68, 0x00, 0x60, 0x00, 0x60, 0x00, 0x60, 
    0x00, 0x60, 0x02, 0x70, 0x03, 0x78, 0x03, 0x78, 0x04, 0x80, 0x04, 0x80, 
    0x04, 0x80, 0x04, 0x80, 0x04, 0x80, 0x03, 0x80, 0x03, 0x78, 0x02, 0x78, 
    0x02, 0x78, 0x02, 0x70, 0x02, 0x78, 0x02, 0x70, 0x01, 0x70, 0x02, 0x70, 
    0x01, 0x70, 0x01, 0x70, 0x00, 0x68, 0x00, 0x60, 0x00, 0x60, 0x00, 0x60, 
    0x00, 0x60, 0x00, 0x60, 0x00, 0x60, 0x00, 0x58, 0x00, 0x58, 0x00, 0x58, 
    0x00, 0x58, 0x00, 0x58, 0x00, 0x58, 0x00, 0x60, 0x04, 0x88, 0x70, 0xea, 
    0x91, 0xea, 0xaf, 0xe1, 0x6e, 0xd9, 0x6e, 0xd9, 0x2d, 0xd9, 0xcb, 0xc8, 
    0x47, 0xa8, 0x02, 0x78, 0x00, 0x68, 0x00, 0x70, 0x01, 0x80, 0x27, 0xb8, 
    0x0c, 0xd1, 0x0d, 0xd1, 0x0d, 0xc9, 0xaa, 0xb8, 0x05, 0xa0, 0x07, 0xa8, 
    0x89, 0xb8, 0x8a, 0xb8, 0x6a, 0xc0, 0x6a, 0xc0, 0x49, 0xc0, 0x8a, 0xc0, 
    0x6b, 0xc0, 0x6a, 0xc0, 0x49, 0xb8, 0x08, 0xa8, 0x06, 0xa0, 0x26, 0xa0, 
    0x27, 0xa0, 0x06, 0xa0, 0x26, 0x98, 0x46, 0x78, 0x44, 0x58, 0x24, 0x58, 
    0x24, 0x60, 0x24, 0x58, 0x24, 0x58, 0x24, 0x60, 0x24, 0x58, 0x44, 0x58, 
    0x24, 0x58, 0x44, 0x58, 0x24, 0x58, 0x44, 0x58, 0x44, 0x58, 0x44, 0x58, 
    0x44, 0x58, 0x44, 0x58, 0x24, 0x58, 0x44, 0x58, 0x44, 0x58, 0x44, 0x58, 
    0x44, 0x58, 0x44, 0x58, 0x24, 0x58, 0x44, 0x58, 0x44, 0x58, 0x24, 0x58, 
    0x24, 0x58, 0x44, 0x58, 0x44, 0x58, 0x24, 0x50, 0x44, 0x50, 0x44, 0x50, 
    0x44, 0x50, 0x44, 0x50, 0x44, 0x50, 0x44, 0x50, 0x44, 0x50, 0x24, 0x50, 
    0x44, 0x50, 0x24, 0x58, 0x24, 0x58, 0x24, 0x58, 0x24, 0x58, 0x44, 0x58, 
    0x24, 0x58, 0x44, 0x58, 0x24, 0x58, 0x44, 0x58, 0x24, 0x58, 0x24, 0x58, 
    0x24, 0x58, 0x24, 0x58, 0x44, 0x58, 0x24, 0x58, 0x24, 0x58, 0x24, 0x58, 
    0x24, 0x58, 0x44, 0x58, 0x44, 0x58, 0x44, 0x58, 0x24, 0x58, 0x24, 0x58, 
    0x24, 0x58, 0x44, 0x58, 0x44, 0x58, 0x44, 0x58, 0x24, 0x58, 0x24, 0x58, 
    0x24, 0x58, 0x24, 0x58, 0x24, 0x58, 0x24, 0x58, 0x24, 0x58, 0x24, 0x58, 
    0x23, 0x48, 0x23, 0x48, 0x23, 0x50, 0x23, 0x50, 0x23, 0x48, 0x23, 0x48, 
    0x23, 0x50, 0x23, 0x50, 0x24, 0x50, 0x23, 0x50, 0x23, 0x50, 0x23, 0x50, 
    0x23, 0x50, 0x23, 0x50, 0x23, 0x50, 0x23, 0x50, 0x23, 0x50, 0x23, 0x50, 
    0x23, 0x50, 0x23, 0x50, 0x24, 0x50, 0x24, 0x50, 0x24, 0x50, 0x23, 0x58, 
    0x24, 0x50, 0x24, 0x50, 0x24, 0x50, 0x23, 0x50, 0x24, 0x58, 0x23, 0x50, 
    0x24, 0x58, 0x24, 0x50, 0x23, 0x50, 0x23, 0x58, 0x24, 0x50, 0x24, 0x58, 
    0x24, 0x58, 0x24, 0x58, 0x24, 0x58, 0x24, 0x58, 0x24, 0x58, 0x24, 0x58, 
    0x23, 0x58, 0x24, 0x58, 0x24, 0x58, 0x44, 0x50, 0x24, 0x50, 0x44, 0x58, 
    0x44, 0x58, 0x44, 0x50, 0x24, 0x58, 0x24, 0x58, 0x24, 0x58, 0x24, 0x58, 
    0x24, 0x58, 0x24, 0x58, 0x24, 0x58, 0x44, 0x58, 0x24, 0x58, 0x44, 0x58, 
    0x44, 0x58, 0x24, 0x58, 0x24, 0x58, 0x44, 0x58, 0x44, 0x58, 0xc2, 0x58, 
    0xa2, 0x50, 0x62, 0x50, 0xc1, 0x40, 0xe0, 0x10, 0x80, 0x00, 0x40, 0x20, 
    0x42, 0x48, 0x46, 0x70, 0x6d, 0xc9, 0x2c, 0xc9, 0xa9, 0xb0, 0x47, 0xa0, 
    0x05, 0x98, 0x05, 0x90, 0x05, 0x90, 0x04, 0x90, 0x04, 0x88, 0x04, 0x88, 
    0x03, 0x88, 0x03, 0x80, 0x03, 0x80, 0x02, 0x78, 0x02, 0x78, 0x01, 0x70, 
    0x01, 0x68, 0x01, 0x68, 0x01, 0x60, 0x00, 0x60, 0x00, 0x60, 0x00, 0x60, 
    0x00, 0x58, 0x01, 0x68, 0x02, 0x78, 0x03, 0x78, 0x04, 0x78, 0x04, 0x80, 
    0x04, 0x78, 0x03, 0x78, 0x03, 0x78, 0x03, 0x78, 0x02, 0x70, 0x02, 0x70, 
    0x01, 0x70, 0x01, 0x70, 0x02, 0x78, 0x02, 0x78, 0x03, 0x88, 0x03, 0x88, 
    0x03, 0x90, 0x03, 0x90, 0x03, 0x90, 0x03, 0x80, 0x02, 0x78, 0x01, 0x70, 
    0x01, 0x68, 0x01, 0x68, 0x01, 0x60, 0x00, 0x58, 0x00, 0x50, 0x00, 0x48, 
    0x00, 0x48, 0x00, 0x48, 0x00, 0x48, 0x00, 0x58, 0x0b, 0xc1, 0xb2, 0xfa, 
    0xf0, 0xe9, 0x2e, 0xe1, 0x4e, 0xd9, 0x8f, 0xe1, 0x2e, 0xd9, 0x0c, 0xd1, 
    0x0c, 0xd1, 0xa9, 0xb8, 0x24, 0x88, 0x01, 0x70, 0x01, 0x78, 0x26, 0xb0, 
    0x89, 0xb8, 0xcb, 0xc0, 0x2d, 0xd1, 0x4d, 0xc9, 0x48, 0xa0, 0x05, 0xa0, 
    0x07, 0xa0, 0x07, 0xa8, 0x28, 0xb0, 0x48, 0xb0, 0x49, 0xb0, 0x49, 0xb8, 
    0x29, 0xb0, 0x28, 0xb0, 0x28, 0xb0, 0x07, 0xa8, 0x07, 0xa8, 0x07, 0xa8, 
    0x27, 0xa8, 0x27, 0xa8, 0x06, 0xa0, 0x27, 0x98, 0x45, 0x68, 0x24, 0x58, 
    0x24, 0x58, 0x24, 0x58, 0x44, 0x58, 0x24, 0x58, 0x24, 0x58, 0x24, 0x58, 
    0x44, 0x58, 0x44, 0x58, 0x44, 0x58, 0x24, 0x58, 0x44, 0x58, 0x24, 0x58, 
    0x44, 0x58, 0x44, 0x58, 0x24, 0x58, 0x44, 0x58, 0x44, 0x58, 0x44, 0x58, 
    0x24, 0x58, 0x24, 0x58, 0x24, 0x58, 0x24, 0x58, 0x24, 0x58, 0x24, 0x58, 
    0x24, 0x58, 0x24, 0x58, 0x24, 0x58, 0x44, 0x50, 0x24, 0x58, 0x44, 0x58, 
    0x44, 0x50, 0x24, 0x50, 0x23, 0x50, 0x44, 0x50, 0x24, 0x50, 0x44, 0x58, 
    0x44, 0x50, 0x24, 0x50, 0x24, 0x58, 0x44, 0x58, 0x24, 0x58, 0x44, 0x58, 
    0x24, 0x58, 0x44, 0x58, 0x44, 0x58, 0x44, 0x58, 0x24, 0x58, 0x44, 0x58, 
    0x24, 0x58, 0x24, 0x58, 0x24, 0x58, 0x44, 0x58, 0x44, 0x58, 0x24, 0x58, 
    0x24, 0x58, 0x24, 0x58, 0x24, 0x58, 0x44, 0x58, 0x24, 0x58, 0x24, 0x58, 
    0x24, 0x58, 0x44, 0x58, 0x24, 0x58, 0x24, 0x58, 0x44, 0x58, 0x24, 0x58, 
    0x44, 0x58, 0x24, 0x58, 0x24, 0x58, 0x24, 0x58, 0x24, 0x58, 0x24, 0x58, 
    0x23, 0x50, 0x23, 0x50, 0x23, 0x50, 0x23, 0x50, 0x23, 0x48, 0x23, 0x50, 
    0x23, 0x50, 0x23, 0x50, 0x23, 0x50, 0x23, 0x50, 0x23, 0x50, 0x43, 0x50, 
    0x23, 0x50, 0x23, 0x50, 0x23, 0x50, 0x23, 0x50, 0x23, 0x50, 0x23, 0x50, 
    0x24, 0x50, 0x23, 0x50, 0x23, 0x50, 0x23, 0x50, 0x23, 0x50, 0x23, 0x58, 
    0x23, 0x50, 0x23, 0x50, 0x23, 0x50, 0x23, 0x50, 0x23, 0x50, 0x24, 0x58, 
    0x24, 0x58, 0x43, 0x58, 0x23, 0x50, 0x24, 0x50, 0x24, 0x58, 0x24, 0x58, 
    0x24, 0x50, 0x24, 0x50, 0x24, 0x58, 0x23, 0x58, 0x24, 0x58, 0x24, 0x58, 
    0x24, 0x58, 0x24, 0x58, 0x24, 0x58, 0x23, 0x50, 0x24, 0x50, 0x24, 0x50, 
    0x24, 0x50, 0x24, 0x58, 0x24, 0x58, 0x24, 0x58, 0x44, 0x58, 0x24, 0x58, 
    0x44, 0x58, 0x24, 0x58, 0x44, 0x58, 0x24, 0x58, 0x24, 0x58, 0x24, 0x58, 
    0x24, 0x58, 0x24, 0x58, 0x24, 0x58, 0x24, 0x58, 0x44, 0x50, 0x83, 0x58, 
    0x01, 0x49, 0xc1, 0x40, 0xa1, 0x40, 0xe0, 0x28, 0xa0, 0x08, 0x60, 0x08, 
    0x41, 0x28, 0x87, 0x78, 0x4c, 0xc9, 0xca, 0xb8, 0x68, 0xa8, 0x26, 0x98, 
    0x05, 0x98, 0x05, 0x90, 0x05, 0x90, 0x04, 0x90, 0x04, 0x90, 0x04, 0x88, 
    0x04, 0x88, 0x03, 0x80, 0x02, 0x78, 0x02, 0x78, 0x02, 0x70, 0x01, 0x70, 
    0x01, 0x68, 0x01, 0x68, 0x01, 0x60, 0x00, 0x60, 0x00, 0x60, 0x00, 0x58, 
    0x00, 0x58, 0x01, 0x68, 0x02, 0x70, 0x03, 0x78, 0x03, 0x78, 0x04, 0x78, 
    0x03, 0x78, 0x03, 0x78, 0x02, 0x78, 0x02, 0x78, 0x02, 0x78, 0x02, 0x78, 
    0x02, 0x78, 0x02, 0x80, 0x03, 0x88, 0x03, 0x88, 0x03, 0x90, 0x03, 0x90, 
    0x04, 0x90, 0x04, 0x90, 0x04, 0x98, 0x05, 0xa0, 0x06, 0xa0, 0x06, 0xa0, 
    0x06, 0xa0, 0x06, 0xa0, 0x05, 0x98, 0x04, 0x88, 0x02, 0x78, 0x01, 0x60, 
    0x00, 0x40, 0x00, 0x38, 0x00, 0x48, 0x04, 0x80, 0xf0, 0xe9, 0x52, 0xfa, 
    0x4e, 0xe1, 0xed, 0xd8, 0x2e, 0xd9, 0x6f, 0xe1, 0x4e, 0xd9, 0x2d, 0xd9, 
    0x4d, 0xd9, 0x2c, 0xd1, 0xcb, 0xc0, 0x68, 0xa8, 0x25, 0x90, 0x26, 0xa0, 
    0x67, 0xa8, 0x48, 0xb0, 0xcb, 0xc0, 0xca, 0xb8, 0xaa, 0xb8, 0x26, 0xa0, 
    0x05, 0xa0, 0x06, 0xa8, 0x07, 0xa8, 0x07, 0xa8, 0x28, 0xb0, 0x28, 0xb0, 
    0x28, 0xb0, 0x27, 0xa8, 0x07, 0xa8, 0x07, 0xa8, 0x07, 0xa8, 0x07, 0xa8, 
    0x07, 0xa8, 0x27, 0xb0, 0x48, 0xa8, 0x27, 0xa0, 0x67, 0x90, 0x24, 0x58, 
    0x24, 0x58, 0x44, 0x58, 0x24, 0x58, 0x24, 0x58, 0x44, 0x58, 0x44, 0x58, 
    0x44, 0x58, 0x24, 0x58, 0x24, 0x58, 0x24, 0x58, 0x44, 0x58, 0x24, 0x58, 
    0x24, 0x58, 0x44, 0x58, 0x44, 0x58, 0x24, 0x58, 0x44, 0x58, 0x44, 0x58, 
    0x24, 0x58, 0x24, 0x58, 0x44, 0x58, 0x24, 0x58, 0x44, 0x58, 0x44, 0x58, 
    0x24, 0x58, 0x24, 0x50, 0x44, 0x50, 0x24, 0x50, 0x44, 0x58, 0x44, 0x50, 
    0x24, 0x50, 0x44, 0x50, 0x44, 0x50, 0x24, 0x50, 0x24, 0x50, 0x24, 0x50, 
    0x24, 0x50, 0x24, 0x58, 0x24, 0x58, 0x24, 0x58, 0x44, 0x58, 0x24, 0x58, 
    0x24, 0x58, 0x24, 0x58, 0x24, 0x58, 0x44, 0x58, 0x44, 0x58, 0x44, 0x58, 
    0x24, 0x58, 0x24, 0x58, 0x44, 0x58, 0x24, 0x58, 0x44, 0x58, 0x44, 0x58, 
    0x44, 0x58, 0x24, 0x58, 0x24, 0x58, 0x24, 0x58, 0x24, 0x58, 0x24, 0x58, 
    0x24, 0x58, 0x44, 0x58, 0x24, 0x58, 0x24, 0x58, 0x24, 0x58, 0x24, 0x58, 
    0x24, 0x58, 0x24, 0x58, 0x24, 0x58, 0x24, 0x58, 0x24, 0x58, 0x24, 0x58, 
    0x23, 0x50, 0x23, 0x50, 0x23, 0x48, 0x23, 0x50, 0x23, 0x48, 0x23, 0x50, 
    0x23, 0x50, 0x23, 0x50, 0x23, 0x50, 0x23, 0x50, 0x23, 0x50, 0x23, 0x50, 
    0x24, 0x50, 0x24, 0x50, 0x23, 0x50, 0x23, 0x50, 0x23, 0x50, 0x03, 0x50, 
    0x23, 0x50, 0x23, 0x50, 0x23, 0x50, 0x23, 0x50, 0x24, 0x50, 0x23, 0x50, 
    0x23, 0x50, 0x23, 0x58, 0x23, 0x50, 0x23, 0x50, 0x23, 0x58, 0x24, 0x50, 
    0x23, 0x50, 0x24, 0x58, 0x23, 0x50, 0x24, 0x50, 0x23, 0x50, 0x23, 0x50, 
    0x24, 0x58, 0x24, 0x58, 0x24, 0x50, 0x23, 0x50, 0x23, 0x50, 0x23, 0x58, 
    0x24, 0x58, 0x24, 0x58, 0x23, 0x58, 0x24, 0x50, 0x24, 0x50, 0x24, 0x50, 
    0x24, 0x50, 0x24, 0x58, 0x24, 0x58, 0x24, 0x58, 0x24, 0x50, 0x24, 0x58, 
    0x24, 0x58, 0x24, 0x58, 0x44, 0x58, 0x44, 0x58, 0x24, 0x58, 0x24, 0x58, 
    0x44, 0x58, 0x44, 0x58, 0x24, 0x58, 0x24, 0x58, 0x44, 0x58, 0x44, 0x58, 
    0xa2, 0x50, 0x20, 0x39, 0xe0, 0x20, 0xc0, 0x28, 0xc0, 0x18, 0x60, 0x00, 
    0x40, 0x10, 0xa7, 0x78, 0xeb, 0xc0, 0x89, 0xb0, 0x26, 0xa0, 0x25, 0x98, 
    0x05, 0x98, 0x05, 0x98, 0x04, 0x90, 0x05, 0x90, 0x04, 0x90, 0x04, 0x88, 
    0x04, 0x88, 0x03, 0x80, 0x02, 0x78, 0x02, 0x78, 0x02, 0x70, 0x02, 0x68, 
    0x01, 0x68, 0x01, 0x68, 0x01, 0x60, 0x00, 0x60, 0x00, 0x58, 0x00, 0x58, 
    0x00, 0x60, 0x01, 0x68, 0x01, 0x70, 0x02, 0x70, 0x02, 0x70, 0x02, 0x70, 
    0x02, 0x78, 0x02, 0x80, 0x02, 0x88, 0x02, 0x88, 0x02, 0x80, 0x02, 0x88, 
    0x03, 0x88, 0x02, 0x88, 0x03, 0x88, 0x03, 0x90, 0x04, 0x90, 0x04, 0x90, 
    0x04, 0x90, 0x04, 0x98, 0x04, 0x98, 0x05, 0xa0, 0x06, 0xa8, 0x07, 0xa8, 
    0x07, 0xa8, 0x07, 0xa8, 0x06, 0xa0, 0x06, 0xa0, 0x05, 0xa0, 0x04, 0x90, 
    0x01, 0x60, 0x00, 0x40, 0x03, 0x80, 0xcb, 0xc8, 0x72, 0xfa, 0x11, 0xfa, 
    0x2e, 0xe1, 0xed, 0xd8, 0xed, 0xd8, 0x0d, 0xd9, 0x2d, 0xd9, 0x0d, 0xd9, 
    0x0d, 0xd9, 0x2d, 0xd1, 0x2c, 0xd1, 0x2c, 0xd1, 0xca, 0xc0, 0x89, 0xb8, 
    0x46, 0xa8, 0x03, 0x98, 0x04, 0x98, 0x05, 0xa0, 0x05, 0xa8, 0x06, 0xa8, 
    0x06, 0xa8, 0x07, 0xa8, 0x07, 0xa8, 0x06, 0xa8, 0x06, 0xa8, 0x07, 0xa8, 
    0x07, 0xa8, 0x07, 0xa8, 0x07, 0xa8, 0x06, 0xa8, 0x06, 0xa8, 0x07, 0xa8, 
    0x07, 0xa8, 0x07, 0xa8, 0x27, 0xa8, 0x28, 0xa8, 0x07, 0xa0, 0x45, 0x68, 
    0x24, 0x58, 0x24, 0x58, 0x24, 0x58, 0x24, 0x58, 0x44, 0x58, 0x24, 0x58, 
    0x24, 0x58, 0x44, 0x58, 0x24, 0x58, 0x24, 0x58, 0x24, 0x58, 0x44, 0x58, 
    0x24, 0x58, 0x24, 0x58, 0x24, 0x58, 0x44, 0x58, 0x44, 0x58, 0x24, 0x58, 
    0x24, 0x58, 0x24, 0x58, 0x24, 0x58, 0x24, 0x58, 0x24, 0x58, 0x24, 0x58, 
    0x44, 0x50, 0x44, 0x58, 0x44, 0x50, 0x44, 0x58, 0x24, 0x50, 0x44, 0x50, 
    0x44, 0x50, 0x23, 0x50, 0x24, 0x50, 0x24, 0x50, 0x44, 0x58, 0x23, 0x50, 
    0x24, 0x58, 0x44, 0x50, 0x23, 0x50, 0x24, 0x58, 0x44, 0x58, 0x24, 0x58, 
    0x24, 0x58, 0x24, 0x58, 0x44, 0x58, 0x24, 0x58, 0x44, 0x58, 0x24, 0x58, 
    0x44, 0x58, 0x44, 0x58, 0x44, 0x58, 0x44, 0x58, 0x24, 0x58, 0x24, 0x58, 
    0x44, 0x58, 0x24, 0x58, 0x24, 0x58, 0x24, 0x58, 0x24, 0x58, 0x44, 0x58, 
    0x44, 0x58, 0x24, 0x58, 0x24, 0x58, 0x24, 0x58, 0x24, 0x58, 0x24, 0x58, 
    0x24, 0x58, 0x44, 0x58, 0x24, 0x58, 0x24, 0x58, 0x24, 0x58, 0x24, 0x58, 
    0x03, 0x48, 0x23, 0x50, 0x23, 0x50, 0x23, 0x50, 0x23, 0x50, 0x23, 0x50, 
    0x23, 0x50, 0x23, 0x50, 0x23, 0x50, 0x23, 0x50, 0x23, 0x50, 0x23, 0x50, 
    0x23, 0x50, 0x23, 0x50, 0x23, 0x50, 0x23, 0x50, 0x23, 0x50, 0x23, 0x50, 
    0x23, 0x50, 0x23, 0x50, 0x23, 0x50, 0x23, 0x50, 0x23, 0x50, 0x23, 0x50, 
    0x23, 0x50, 0x23, 0x50, 0x23, 0x50, 0x23, 0x50, 0x23, 0x50, 0x03, 0x50, 
    0x24, 0x58, 0x24, 0x50, 0x24, 0x58, 0x24, 0x50, 0x23, 0x50, 0x24, 0x58, 
    0x24, 0x58, 0x24, 0x58, 0x24, 0x58, 0x23, 0x58, 0x23, 0x50, 0x23, 0x50, 
    0x24, 0x58, 0x24, 0x50, 0x23, 0x50, 0x24, 0x50, 0x24, 0x50, 0x24, 0x50, 
    0x24, 0x50, 0x24, 0x58, 0x24, 0x58, 0x24, 0x58, 0x24, 0x58, 0x24, 0x58, 
    0x44, 0x58, 0x24, 0x58, 0x24, 0x58, 0x24, 0x58, 0x44, 0x58, 0x24, 0x58, 
    0x24, 0x58, 0x24, 0x58, 0x24, 0x58, 0x44, 0x58, 0x44, 0x58, 0x44, 0x58, 
    0x44, 0x58, 0xa2, 0x50, 0x00, 0x29, 0xc0, 0x10, 0xa0, 0x18, 0x80, 0x10, 
    0x60, 0x08, 0x86, 0x68, 0x69, 0xb0, 0x47, 0xa8, 0x05, 0x98, 0x04, 0x90, 
    0x04, 0x90, 0x04, 0x90, 0x05, 0x90, 0x04, 0x90, 0x04, 0x88, 0x03, 0x88, 
    0x04, 0x88, 0x03, 0x80, 0x03, 0x78, 0x02, 0x78, 0x02, 0x70, 0x02, 0x68, 
    0x01, 0x68, 0x01, 0x68, 0x00, 0x60, 0x00, 0x58, 0x00, 0x58, 0x00, 0x58, 
    0x00, 0x60, 0x01, 0x70, 0x02, 0x78, 0x02, 0x80, 0x02, 0x80, 0x02, 0x80, 
    0x02, 0x88, 0x02, 0x88, 0x02, 0x88, 0x02, 0x88, 0x03, 0x88, 0x03, 0x90, 
    0x03, 0x90, 0x03, 0x90, 0x03, 0x90, 0x03, 0x90, 0x04, 0x90, 0x04, 0x90, 
    0x04, 0x90, 0x04, 0x90, 0x04, 0x98, 0x05, 0x98, 0x06, 0xa0, 0x07, 0xa8, 
    0x07, 0xa8, 0x06, 0xa0, 0x06, 0xa0, 0x06, 0xa0, 0x05, 0xa0, 0x04, 0x98, 
    0x04, 0x98, 0x25, 0xa0, 0x89, 0xb0, 0xcf, 0xe1, 0x72, 0xfa, 0xf0, 0xf1, 
    0x2e, 0xe1, 0xac, 0xd0, 0xac, 0xd8, 0xac, 0xd8, 0xcc, 0xd0, 0x8c, 0xd0, 
    0xcc, 0xd0, 0xcc, 0xd0, 0x2d, 0xd1, 0x0c, 0xc9, 0xeb, 0xc8, 0xaa, 0xc0, 
    0x89, 0xc0, 0x27, 0xa8, 0x04, 0x98, 0x03, 0x98, 0x04, 0xa0, 0x05, 0xb0, 
    0x06, 0xb0, 0x06, 0xb0, 0x06, 0xb0, 0x05, 0xb0, 0x05, 0xa8, 0x06, 0xa8, 
    0x28, 0xb0, 0x48, 0xb0, 0x28, 0xb0, 0x48, 0xb0, 0x48, 0xa8, 0x27, 0xa8, 
    0x06, 0xa0, 0x07, 0xa8, 0x48, 0xb0, 0x28, 0xb0, 0x07, 0xa8, 0x88, 0x88, 
    0x24, 0x58, 0x24, 0x58, 0x24, 0x58, 0x24, 0x58, 0x24, 0x58, 0x24, 0x58, 
    0x24, 0x58, 0x24, 0x58, 0x24, 0x58, 0x24, 0x58, 0x24, 0x58, 0x44, 0x58, 
    0x44, 0x58, 0x24, 0x58, 0x44, 0x58, 0x44, 0x58, 0x24, 0x58, 0x24, 0x58, 
    0x24, 0x58, 0x24, 0x50, 0x24, 0x58, 0x24, 0x58, 0x44, 0x58, 0x24, 0x58, 
    0x44, 0x50, 0x44, 0x58, 0x44, 0x50, 0x44, 0x50, 0x44, 0x50, 0x44, 0x50, 
    0x24, 0x50, 0x24, 0x50, 0x44, 0x58, 0x24, 0x50, 0x24, 0x50, 0x24, 0x58, 
    0x44, 0x58, 0x24, 0x50, 0x24, 0x50, 0x44, 0x58, 0x24, 0x58, 0x24, 0x58, 
    0x24, 0x58, 0x24, 0x58, 0x24, 0x58, 0x24, 0x58, 0x44, 0x58, 0x44, 0x58, 
    0x24, 0x58, 0x44, 0x58, 0x24, 0x58, 0x24, 0x58, 0x44, 0x58, 0x24, 0x58, 
    0x24, 0x58, 0x24, 0x58, 0x24, 0x58, 0x24, 0x58, 0x24, 0x58, 0x24, 0x58, 
    0x24, 0x58, 0x24, 0x58, 0x24, 0x58, 0x24, 0x58, 0x24, 0x58, 0x44, 0x58, 
    0x24, 0x58, 0x24, 0x58, 0x24, 0x58, 0x24, 0x58, 0x24, 0x58, 0x24, 0x58, 
    0x23, 0x50, 0x23, 0x48, 0x23, 0x48, 0x23, 0x48, 0x23, 0x50, 0x23, 0x50, 
    0x23, 0x50, 0x23, 0x50, 0x23, 0x50, 0x23, 0x50, 0x23, 0x50, 0x24, 0x50, 
    0x23, 0x50, 0x23, 0x50, 0x23, 0x50, 0x23, 0x50, 0x23, 0x50, 0x23, 0x50, 
    0x23, 0x50, 0x23, 0x50, 0x23, 0x50, 0x44, 0x58, 0x23, 0x50, 0x23, 0x50, 
    0x23, 0x50, 0x24, 0x50, 0x23, 0x50, 0x24, 0x50, 0x24, 0x50, 0x23, 0x50, 
    0x23, 0x50, 0x23, 0x50, 0x23, 0x58, 0x23, 0x50, 0x23, 0x50, 0x24, 0x58, 
    0x24, 0x58, 0x24, 0x58, 0x23, 0x58, 0x24, 0x58, 0x23, 0x58, 0x23, 0x58, 
    0x24, 0x58, 0x24, 0x50, 0x24, 0x50, 0x24, 0x50, 0x24, 0x50, 0x24, 0x50, 
    0x24, 0x50, 0x24, 0x50, 0x44, 0x58, 0x24, 0x50, 0x24, 0x50, 0x44, 0x58, 
    0x24, 0x50, 0x44, 0x58, 0x44, 0x58, 0x24, 0x58, 0x24, 0x58, 0x44, 0x58, 
    0x24, 0x58, 0x24, 0x58, 0x43, 0x58, 0xa3, 0x58, 0xe1, 0x50, 0x82, 0x50, 
    0x62, 0x50, 0x63, 0x50, 0x82, 0x48, 0xc0, 0x20, 0x80, 0x08, 0x80, 0x10, 
    0x80, 0x18, 0x64, 0x58, 0x47, 0xa0, 0x06, 0xa0, 0x05, 0x98, 0x04, 0x90, 
    0x04, 0x90, 0x04, 0x90, 0x04, 0x90, 0x04, 0x90, 0x04, 0x88, 0x03, 0x88, 
    0x04, 0x88, 0x03, 0x80, 0x03, 0x78, 0x02, 0x70, 0x02, 0x70, 0x01, 0x68, 
    0x01, 0x60, 0x00, 0x60, 0x00, 0x58, 0x00, 0x50, 0x00, 0x58, 0x00, 0x60, 
    0x02, 0x78, 0x03, 0x80, 0x02, 0x88, 0x03, 0x88, 0x03, 0x88, 0x03, 0x88, 
    0x03, 0x88, 0x03, 0x88, 0x03, 0x90, 0x03, 0x90, 0x03, 0x90, 0x03, 0x90, 
    0x04, 0x90, 0x04, 0x90, 0x03, 0x90, 0x03, 0x90, 0x03, 0x90, 0x03, 0x90, 
    0x04, 0x90, 0x03, 0x90, 0x03, 0x90, 0x04, 0x90, 0x04, 0x98, 0x06, 0xa0, 
    0x06, 0xa8, 0x06, 0xa8, 0x06, 0xa8, 0x06, 0xa8, 0x06, 0xa8, 0x27, 0xa8, 
    0xca, 0xc0, 0x6e, 0xd9, 0xaf, 0xe1, 0xf0, 0xf1, 0xb0, 0xf1, 0x4e, 0xe1, 
    0xed, 0xd0, 0xac, 0xd0, 0x6b, 0xd0, 0x8c, 0xd8, 0x8b, 0xd0, 0x4b, 0xc8, 
    0x6b, 0xd0, 0x8b, 0xc8, 0xcc, 0xc8, 0xcb, 0xc8, 0xcb, 0xc0, 0xca, 0xc0, 
    0xaa, 0xc0, 0x69, 0xb8, 0x48, 0xb8, 0x05, 0xa0, 0x03, 0x98, 0x04, 0xa8, 
    0x05, 0xb0, 0x05, 0xb0, 0x05, 0xa8, 0x05, 0xa8, 0x05, 0xa0, 0x05, 0xa0, 
    0x05, 0x98, 0x05, 0xa0, 0x06, 0xa0, 0x06, 0xa0, 0x27, 0xa8, 0x48, 0xb0, 
    0x48, 0xa8, 0x28, 0xa8, 0x28, 0xb0, 0x48, 0xb0, 0x28, 0xb0, 0x47, 0x98, 
    0x25, 0x60, 0x24, 0x58, 0x24, 0x58, 0x24, 0x58, 0x24, 0x58, 0x24, 0x58, 
    0x44, 0x58, 0x24, 0x58, 0x24, 0x58, 0x24, 0x58, 0x24, 0x58, 0x24, 0x58, 
    0x24, 0x58, 0x24, 0x58, 0x24, 0x58, 0x24, 0x58, 0x24, 0x58, 0x24, 0x58, 
    0x24, 0x58, 0x23, 0x50, 0x24, 0x58, 0x44, 0x58, 0x24, 0x58, 0x24, 0x58, 
    0x24, 0x50, 0x24, 0x58, 0x44, 0x50, 0x44, 0x50, 0x24, 0x50, 0x44, 0x50, 
    0x23, 0x50, 0x23, 0x50, 0x44, 0x50, 0x24, 0x58, 0x24, 0x50, 0x44, 0x58, 
    0x24, 0x50, 0x24, 0x50, 0x24, 0x50, 0x24, 0x58, 0x24, 0x58, 0x24, 0x50, 
    0x44, 0x58, 0x44, 0x58, 0x24, 0x58, 0x44, 0x58, 0x24, 0x58, 0x44, 0x58, 
    0x44, 0x58, 0x24, 0x58, 0x24, 0x58, 0x24, 0x58, 0x24, 0x58, 0x24, 0x58, 
    0x24, 0x58, 0x24, 0x58, 0x44, 0x58, 0x24, 0x58, 0x44, 0x58, 0x24, 0x58, 
    0x24, 0x58, 0x24, 0x58, 0x44, 0x58, 0x44, 0x58, 0x24, 0x58, 0x24, 0x58, 
    0x24, 0x58, 0x24, 0x58, 0x24, 0x58, 0x24, 0x58, 0x24, 0x58, 0x24, 0x58, 
    0x23, 0x50, 0x23, 0x48, 0x23, 0x50, 0x23, 0x50, 0x23, 0x50, 0x23, 0x50, 
    0x23, 0x50, 0x23, 0x50, 0x23, 0x50, 0x23, 0x50, 0x23, 0x50, 0x23, 0x50, 
    0x23, 0x50, 0x23, 0x50, 0x23, 0x50, 0x23, 0x50, 0x23, 0x50, 0x23, 0x50, 
    0x23, 0x50, 0x23, 0x50, 0x23, 0x50, 0x23, 0x50, 0x24, 0x58, 0x23, 0x50, 
    0x23, 0x50, 0x24, 0x58, 0x24, 0x50, 0x24, 0x58, 0x03, 0x50, 0x23, 0x50, 
    0x24, 0x58, 0x24, 0x58, 0x24, 0x58, 0x23, 0x58, 0x24, 0x58, 0x24, 0x58, 
    0x24, 0x58, 0x24, 0x58, 0x24, 0x58, 0x23, 0x50, 0x23, 0x50, 0x23, 0x58, 
    0x44, 0x50, 0x23, 0x50, 0x23, 0x50, 0x24, 0x50, 0x24, 0x58, 0x24, 0x50, 
    0x24, 0x50, 0x24, 0x50, 0x44, 0x58, 0x24, 0x50, 0x44, 0x58, 0x24, 0x50, 
    0x44, 0x58, 0x24, 0x58, 0x44, 0x58, 0x44, 0x58, 0x24, 0x58, 0x24, 0x50, 
    0x24, 0x58, 0x24, 0x58, 0x24, 0x58, 0x63, 0x58, 0xe1, 0x48, 0x20, 0x31, 
    0x00, 0x21, 0xa0, 0x20, 0x80, 0x30, 0xc0, 0x30, 0xa0, 0x10, 0x60, 0x08, 
    0x60, 0x20, 0x23, 0x50, 0x26, 0x98, 0x05, 0x98, 0x04, 0x90, 0x04, 0x90, 
    0x04, 0x90, 0x04, 0x90, 0x04, 0x90, 0x04, 0x88, 0x03, 0x88, 0x04, 0x88, 
    0x03, 0x88, 0x03, 0x80, 0x03, 0x78, 0x02, 0x70, 0x01, 0x68, 0x01, 0x68, 
    0x01, 0x60, 0x00, 0x58, 0x00, 0x50, 0x00, 0x50, 0x00, 0x60, 0x02, 0x78, 
    0x03, 0x88, 0x03, 0x88, 0x03, 0x88, 0x03, 0x88, 0x03, 0x88, 0x03, 0x90, 
    0x03, 0x90, 0x03, 0x90, 0x03, 0x90, 0x03, 0x90, 0x03, 0x90, 0x03, 0x90, 
    0x03, 0x98, 0x03, 0x98, 0x03, 0x90, 0x03, 0x90, 0x03, 0x90, 0x03, 0x90, 
    0x03, 0x90, 0x03, 0x90, 0x03, 0x90, 0x03, 0x90, 0x06, 0xa8, 0x28, 0xb8, 
    0x08, 0xb8, 0x28, 0xc0, 0x8a, 0xc0, 0xec, 0xd0, 0x0d, 0xd9, 0x8f, 0xe9, 
    0xd0, 0xe9, 0xd0, 0xf1, 0xf0, 0xf1, 0x6f, 0xe9, 0xed, 0xe0, 0xac, 0xc8, 
    0x6b, 0xc8, 0x6b, 0xc0, 0x2a, 0xc0, 0x2b, 0xc8, 0x4b, 0xc8, 0x4a, 0xc8, 
    0x6b, 0xc8, 0x6b, 0xc8, 0x6b, 0xc0, 0xab, 0xc0, 0xaa, 0xc0, 0xeb, 0xc0, 
    0xcb, 0xc0, 0x69, 0xb8, 0x69, 0xb8, 0x08, 0xb8, 0x06, 0xa8, 0x05, 0xa0, 
    0x05, 0xa8, 0x05, 0xa8, 0x05, 0xa8, 0x05, 0xa8, 0x04, 0xa0, 0x04, 0x98, 
    0x04, 0x98, 0x04, 0x98, 0x04, 0x98, 0x04, 0x98, 0x05, 0xa0, 0x27, 0xa8, 
    0x48, 0xa8, 0xaa, 0xb8, 0x48, 0xa8, 0x69, 0xb8, 0x69, 0xc0, 0x28, 0xb0, 
    0x66, 0x70, 0x24, 0x58, 0x24, 0x58, 0x24, 0x58, 0x23, 0x58, 0x24, 0x58, 
    0x24, 0x58, 0x24, 0x58, 0x23, 0x58, 0x24, 0x58, 0x24, 0x58, 0x24, 0x58, 
    0x24, 0x58, 0x24, 0x58, 0x24, 0x58, 0x24, 0x58, 0x24, 0x50, 0x24, 0x58, 
    0x24, 0x58, 0x24, 0x58, 0x23, 0x58, 0x44, 0x58, 0x44, 0x58, 0x24, 0x58, 
    0x24, 0x50, 0x24, 0x50, 0x24, 0x50, 0x23, 0x50, 0x24, 0x50, 0x24, 0x50, 
    0x24, 0x50, 0x24, 0x50, 0x24, 0x50, 0x23, 0x50, 0x24, 0x50, 0x44, 0x58, 
    0x23, 0x50, 0x24, 0x50, 0x44, 0x58, 0x24, 0x58, 0x44, 0x58, 0x44, 0x58, 
    0x44, 0x58, 0x24, 0x58, 0x24, 0x58, 0x24, 0x58, 0x44, 0x58, 0x24, 0x58, 
    0x24, 0x58, 0x44, 0x58, 0x24, 0x58, 0x24, 0x58, 0x24, 0x58, 0x24, 0x58, 
    0x24, 0x58, 0x44, 0x58, 0x24, 0x58, 0x24, 0x58, 0x44, 0x58, 0x24, 0x58, 
    0x24, 0x58, 0x24, 0x58, 0x24, 0x58, 0x44, 0x58, 0x44, 0x58, 0x24, 0x58, 
    0x24, 0x58, 0x24, 0x58, 0x24, 0x58, 0x24, 0x50, 0x24, 0x58, 0x24, 0x58, 
    0x23, 0x48, 0x23, 0x50, 0x23, 0x50, 0x23, 0x48, 0x23, 0x50, 0x23, 0x50, 
    0x23, 0x50, 0x23, 0x50, 0x23, 0x50, 0x23, 0x50, 0x03, 0x50, 0x23, 0x50, 
    0x23, 0x50, 0x23, 0x50, 0x23, 0x50, 0x23, 0x50, 0x23, 0x50, 0x23, 0x50, 
    0x23, 0x50, 0x23, 0x50, 0x23, 0x50, 0x23, 0x50, 0x23, 0x50, 0x24, 0x50, 
    0x23, 0x50, 0x24, 0x50, 0x24, 0x50, 0x23, 0x50, 0x23, 0x58, 0x23, 0x50, 
    0x24, 0x58, 0x23, 0x50, 0x23, 0x58, 0x24, 0x58, 0x23, 0x50, 0x23, 0x58, 
    0x24, 0x58, 0x24, 0x58, 0x23, 0x58, 0x24, 0x58, 0x23, 0x58, 0x24, 0x58, 
    0x23, 0x58, 0x23, 0x58, 0x23, 0x50, 0x23, 0x58, 0x24, 0x50, 0x24, 0x50, 
    0x44, 0x58, 0x24, 0x50, 0x24, 0x50, 0x24, 0x50, 0x44, 0x58, 0x24, 0x50, 
    0x24, 0x58, 0x24, 0x58, 0x24, 0x58, 0x24, 0x58, 0x44, 0x58, 0x24, 0x50, 
    0x44, 0x50, 0x24, 0x58, 0x24, 0x58, 0x24, 0x58, 0x44, 0x58, 0x83, 0x50, 
    0xe1, 0x38, 0x00, 0x19, 0xa0, 0x08, 0x80, 0x08, 0x80, 0x08, 0xa0, 0x10, 
    0xa0, 0x20, 0x42, 0x48, 0x05, 0x90, 0x04, 0x90, 0x04, 0x90, 0x04, 0x90, 
    0x04, 0x90, 0x04, 0x90, 0x04, 0x90, 0x04, 0x90, 0x03, 0x88, 0x04, 0x88, 
    0x04, 0x88, 0x03, 0x80, 0x03, 0x78, 0x02, 0x70, 0x01, 0x68, 0x00, 0x60, 
    0x00, 0x58, 0x01, 0x58, 0x03, 0x78, 0x03, 0x88, 0x03, 0x90, 0x03, 0x90, 
    0x03, 0x88, 0x03, 0x88, 0x03, 0x90, 0x03, 0x90, 0x04, 0x90, 0x03, 0x90, 
    0x03, 0x90, 0x03, 0x90, 0x03, 0x90, 0x03, 0x90, 0x03, 0x90, 0x03, 0x90, 
    0x03, 0x90, 0x03, 0x90, 0x03, 0x90, 0x03, 0x88, 0x02, 0x88, 0x02, 0x88, 
    0x03, 0x90, 0x04, 0x98, 0x68, 0xb8, 0xab, 0xd0, 0x0d, 0xe1, 0x4e, 0xe9, 
    0x6f, 0xe9, 0x4f, 0xe9, 0x4e, 0xe1, 0x4e, 0xe1, 0x4f, 0xe1, 0x2e, 0xe9, 
    0x8f, 0xe9, 0xd0, 0xf1, 0x8f, 0xe9, 0xcc, 0xd0, 0x4b, 0xc0, 0x49, 0xb8, 
    0x29, 0xb8, 0x08, 0xb8, 0x08, 0xb8, 0x2a, 0xc0, 0x29, 0xb8, 0x09, 0xb8, 
    0x4a, 0xc0, 0x4a, 0xc0, 0x8b, 0xc0, 0x4a, 0xc0, 0x4a, 0xc0, 0xaa, 0xb8, 
    0x89, 0xb8, 0x69, 0xb8, 0x69, 0xb8, 0x29, 0xb8, 0x28, 0xb0, 0x27, 0xb0, 
    0x05, 0xa8, 0x05, 0xa8, 0x05, 0xa8, 0x05, 0xa8, 0x05, 0xa0, 0x05, 0xa0, 
    0x05, 0xa0, 0x04, 0x98, 0x04, 0x98, 0x04, 0x98, 0x04, 0x98, 0x05, 0xa0, 
    0x26, 0xa0, 0x27, 0xa0, 0xca, 0xb8, 0xeb, 0xc0, 0xcb, 0xc8, 0x6a, 0xc0, 
    0x68, 0x90, 0x24, 0x58, 0x24, 0x58, 0x24, 0x58, 0x24, 0x58, 0x24, 0x58, 
    0x24, 0x58, 0x24, 0x58, 0x24, 0x58, 0x24, 0x58, 0x24, 0x58, 0x24, 0x58, 
    0x24, 0x58, 0x24, 0x58, 0x24, 0x58, 0x24, 0x58, 0x24, 0x58, 0x44, 0x58, 
    0x44, 0x58, 0x24, 0x58, 0x44, 0x58, 0x24, 0x58, 0x24, 0x58, 0x24, 0x58, 
    0x24, 0x58, 0x24, 0x58, 0x24, 0x50, 0x24, 0x50, 0x24, 0x50, 0x24, 0x50, 
    0x44, 0x58, 0x24, 0x50, 0x23, 0x50, 0x44, 0x50, 0x24, 0x58, 0x44, 0x58, 
    0x44, 0x58, 0x24, 0x58, 0x24, 0x58, 0x24, 0x58, 0x44, 0x58, 0x44, 0x58, 
    0x44, 0x58, 0x24, 0x58, 0x24, 0x58, 0x24, 0x58, 0x24, 0x58, 0x24, 0x58, 
    0x24, 0x58, 0x24, 0x58, 0x24, 0x58, 0x44, 0x58, 0x24, 0x58, 0x24, 0x58, 
    0x24, 0x58, 0x24, 0x58, 0x24, 0x58, 0x24, 0x58, 0x24, 0x58, 0x44, 0x58, 
    0x24, 0x58, 0x24, 0x58, 0x24, 0x58, 0x24, 0x58, 0x24, 0x58, 0x24, 0x58, 
    0x24, 0x58, 0x24, 0x58, 0x24, 0x58, 0x44, 0x58, 0x24, 0x58, 0x24, 0x58, 
    0x23, 0x50, 0x23, 0x50, 0x23, 0x50, 0x23, 0x50, 0x23, 0x50, 0x23, 0x50, 
    0x23, 0x50, 0x23, 0x50, 0x23, 0x50, 0x23, 0x50, 0x03, 0x50, 0x24, 0x50, 
    0x23, 0x50, 0x23, 0x50, 0x23, 0x50, 0x23, 0x50, 0x23, 0x50, 0x23, 0x50, 
    0x23, 0x50, 0x23, 0x50, 0x23, 0x50, 0x23, 0x50, 0x23, 0x50, 0x23, 0x50, 
    0x24, 0x50, 0x23, 0x50, 0x23, 0x50, 0x23, 0x50, 0x23, 0x50, 0x23, 0x58, 
    0x23, 0x58, 0x23, 0x50, 0x24, 0x58, 0x23, 0x58, 0x23, 0x50, 0x23, 0x50, 
    0x23, 0x50, 0x24, 0x58, 0x24, 0x58, 0x24, 0x58, 0x24, 0x58, 0x23, 0x50, 
    0x23, 0x58, 0x24, 0x50, 0x23, 0x58, 0x44, 0x58, 0x44, 0x50, 0x24, 0x50, 
    0x24, 0x50, 0x44, 0x50, 0x23, 0x50, 0x24, 0x50, 0x44, 0x50, 0x24, 0x50, 
    0x24, 0x50, 0x44, 0x58, 0x24, 0x58, 0x24, 0x50, 0x24, 0x50, 0x24, 0x50, 
    0x44, 0x58, 0x44, 0x58, 0x44, 0x58, 0x44, 0x58, 0x44, 0x58, 0x23, 0x50, 
    0x43, 0x50, 0xa1, 0x48, 0xe0, 0x20, 0xa0, 0x08, 0x60, 0x00, 0x80, 0x08, 
    0xa0, 0x10, 0x61, 0x38, 0x04, 0x88, 0x04, 0x88, 0x04, 0x88, 0x03, 0x88, 
    0x04, 0x90, 0x04, 0x90, 0x04, 0x90, 0x04, 0x88, 0x04, 0x88, 0x03, 0x88, 
    0x04, 0x88, 0x03, 0x80, 0x02, 0x78, 0x02, 0x68, 0x01, 0x60, 0x00, 0x58, 
    0x24, 0x80, 0x48, 0xb0, 0x07, 0xb0, 0x06, 0xa0, 0x04, 0x90, 0x03, 0x90, 
    0x03, 0x90, 0x03, 0x90, 0x03, 0x90, 0x03, 0x90, 0x03, 0x90, 0x04, 0x90, 
    0x03, 0x90, 0x03, 0x90, 0x02, 0x90, 0x03, 0x90, 0x03, 0x90, 0x03, 0x88, 
    0x03, 0x90, 0x03, 0x90, 0x02, 0x88, 0x02, 0x88, 0x02, 0x88, 0x04, 0x98, 
    0x8a, 0xc8, 0x2e, 0xe9, 0x6f, 0xf1, 0x90, 0xf1, 0x70, 0xf9, 0xb0, 0xf9, 
    0x8f, 0xf1, 0x8f, 0xe9, 0x6f, 0xe9, 0x4f, 0xe1, 0x4f, 0xe1, 0x8f, 0xe9, 
    0xb0, 0xe9, 0x0d, 0xd9, 0x6a, 0xc0, 0x29, 0xb8, 0x07, 0xb0, 0x06, 0xa8, 
    0x06, 0xa8, 0x06, 0xa8, 0x07, 0xb0, 0x07, 0xb0, 0x07, 0xb0, 0x08, 0xb8, 
    0x29, 0xc0, 0x29, 0xb8, 0x6a, 0xc0, 0x4a, 0xc0, 0x4a, 0xc0, 0x49, 0xb8, 
    0x49, 0xb8, 0x28, 0xb8, 0x28, 0xb0, 0x28, 0xb8, 0x28, 0xb8, 0x08, 0xb0, 
    0x07, 0xa8, 0x05, 0xa8, 0x05, 0xa8, 0x05, 0xa8, 0x05, 0xa8, 0x05, 0xa8, 
    0x05, 0xa8, 0x05, 0xa0, 0x05, 0xa0, 0x04, 0x98, 0x04, 0x98, 0x04, 0x98, 
    0x04, 0x98, 0x05, 0xa0, 0x47, 0xa8, 0xeb, 0xc0, 0xcb, 0xc8, 0xab, 0xc8, 
    0x6a, 0xb0, 0x25, 0x60, 0x24, 0x58, 0x24, 0x50, 0x23, 0x50, 0x24, 0x58, 
    0x23, 0x58, 0x24, 0x58, 0x24, 0x58, 0x44, 0x60, 0x44, 0x58, 0x24, 0x58, 
    0x24, 0x58, 0x24, 0x58, 0x23, 0x50, 0x24, 0x58, 0x24, 0x58, 0x24, 0x58, 
    0x24, 0x58, 0x24, 0x58, 0x24, 0x58, 0x24, 0x58, 0x23, 0x58, 0x24, 0x58, 
    0x24, 0x58, 0x24, 0x58, 0x24, 0x58, 0x24, 0x50, 0x24, 0x50, 0x24, 0x50, 
    0x44, 0x58, 0x24, 0x50, 0x44, 0x50, 0x24, 0x58, 0x24, 0x58, 0x24, 0x58, 
    0x24, 0x58, 0x24, 0x58, 0x44, 0x58, 0x24, 0x58, 0x24, 0x58, 0x44, 0x58, 
    0x44, 0x58, 0x24, 0x58, 0x24, 0x58, 0x24, 0x58, 0x24, 0x58, 0x44, 0x58, 
    0x24, 0x58, 0x44, 0x58, 0x24, 0x58, 0x24, 0x58, 0x24, 0x58, 0x24, 0x58, 
    0x24, 0x58, 0x24, 0x58, 0x44, 0x58, 0x24, 0x58, 0x44, 0x58, 0x24, 0x58, 
    0x24, 0x58, 0x44, 0x58, 0x24, 0x58, 0x44, 0x58, 0x24, 0x58, 0x44, 0x58, 
    0x24, 0x58, 0x24, 0x58, 0x24, 0x58, 0x24, 0x58, 0x24, 0x58, 0x24, 0x58, 
    0x23, 0x50, 0x23, 0x50, 0x23, 0x50, 0x23, 0x50, 0x23, 0x50, 0x23, 0x50, 
    0x23, 0x50, 0x23, 0x50, 0x23, 0x50, 0x03, 0x50, 0x23, 0x50, 0x23, 0x50, 
    0x23, 0x50, 0x23, 0x50, 0x23, 0x50, 0x23, 0x50, 0x23, 0x50, 0x23, 0x50, 
    0x23, 0x50, 0x23, 0x50, 0x23, 0x50, 0x23, 0x50, 0x23, 0x50, 0x23, 0x50, 
    0x23, 0x50, 0x23, 0x50, 0x24, 0x50, 0x24, 0x50, 0x23, 0x50, 0x23, 0x58, 
    0x23, 0x50, 0x24, 0x58, 0x24, 0x50, 0x23, 0x50, 0x24, 0x58, 0x23, 0x58, 
    0x23, 0x50, 0x24, 0x58, 0x24, 0x58, 0x24, 0x58, 0x24, 0x58, 0x23, 0x50, 
    0x24, 0x50, 0x24, 0x50, 0x24, 0x58, 0x23, 0x50, 0x44, 0x58, 0x24, 0x58, 
    0x24, 0x50, 0x24, 0x50, 0x44, 0x50, 0x24, 0x50, 0x24, 0x50, 0x44, 0x50, 
    0x23, 0x50, 0x43, 0x58, 0x44, 0x58, 0x44, 0x58, 0x44, 0x58, 0x44, 0x58, 
    0x24, 0x58, 0x44, 0x58, 0x24, 0x58, 0x24, 0x50, 0x44, 0x58, 0x44, 0x58, 
    0x23, 0x50, 0x43, 0x50, 0x82, 0x48, 0xc0, 0x28, 0xc0, 0x10, 0xa0, 0x08, 
    0xa0, 0x08, 0x41, 0x28, 0x03, 0x80, 0x03, 0x80, 0x03, 0x88, 0x03, 0x88, 
    0x03, 0x88, 0x03, 0x88, 0x03, 0x90, 0x03, 0x88, 0x03, 0x88, 0x03, 0x88, 
    0x03, 0x80, 0x02, 0x80, 0x02, 0x70, 0x01, 0x68, 0x00, 0x58, 0x47, 0x98, 
    0x6b, 0xc8, 0x29, 0xc0, 0x07, 0xb0, 0x06, 0xa0, 0x04, 0x98, 0x03, 0x90, 
    0x03, 0x90, 0x03, 0x90, 0x03, 0x90, 0x03, 0x90, 0x03, 0x90, 0x03, 0x90, 
    0x03, 0x90, 0x03, 0x90, 0x03, 0x90, 0x02, 0x90, 0x02, 0x90, 0x02, 0x88, 
    0x02, 0x88, 0x02, 0x88, 0x02, 0x88, 0x04, 0x98, 0x48, 0xb8, 0x0e, 0xe9, 
    0x90, 0xf1, 0x90, 0xf9, 0x4f, 0xf1, 0x0e, 0xe9, 0x2e, 0xe9, 0x0e, 0xe1, 
    0x2e, 0xe1, 0x0d, 0xd9, 0xac, 0xd0, 0xcc, 0xd0, 0xac, 0xd0, 0xcc, 0xd0, 
    0xab, 0xc8, 0x29, 0xb0, 0x07, 0xa8, 0x06, 0xa0, 0x05, 0xa0, 0x04, 0x98, 
    0x04, 0x98, 0x05, 0xa0, 0x06, 0xa0, 0x06, 0xa8, 0x06, 0xa8, 0x08, 0xb0, 
    0x08, 0xb8, 0x08, 0xb8, 0x29, 0xb8, 0x4a, 0xb8, 0x4a, 0xb8, 0x49, 0xb8, 
    0x29, 0xb8, 0x28, 0xb8, 0x48, 0xb8, 0x48, 0xb8, 0x69, 0xb8, 0x28, 0xb0, 
    0x07, 0xa8, 0x05, 0xa0, 0x05, 0xa8, 0x05, 0xa8, 0x05, 0xa8, 0x06, 0xa8, 
    0x06, 0xa8, 0x06, 0xa8, 0x05, 0xa8, 0x05, 0xa0, 0x05, 0xa0, 0x04, 0x98, 
    0x04, 0x98, 0x25, 0xa0, 0x26, 0xa8, 0xaa, 0xb8, 0xcb, 0xc0, 0xec, 0xd0, 
    0x6a, 0xb8, 0xc8, 0x90, 0x24, 0x58, 0x24, 0x58, 0x24, 0x58, 0x24, 0x58, 
    0x44, 0x58, 0x44, 0x60, 0xc6, 0x78, 0x48, 0x91, 0x08, 0x81, 0x65, 0x60, 
    0x24, 0x58, 0x24, 0x58, 0x24, 0x50, 0x24, 0x58, 0x24, 0x58, 0x23, 0x58, 
    0x24, 0x58, 0x24, 0x58, 0x24, 0x58, 0x24, 0x58, 0x24, 0x58, 0x24, 0x58, 
    0x24, 0x50, 0x24, 0x50, 0x24, 0x50, 0x24, 0x50, 0x24, 0x50, 0x44, 0x58, 
    0x24, 0x50, 0x24, 0x50, 0x44, 0x50, 0x23, 0x50, 0x24, 0x50, 0x44, 0x58, 
    0x24, 0x58, 0x24, 0x58, 0x44, 0x58, 0x24, 0x58, 0x24, 0x58, 0x44, 0x58, 
    0x44, 0x58, 0x24, 0x58, 0x24, 0x58, 0x44, 0x58, 0x24, 0x58, 0x24, 0x58, 
    0x24, 0x58, 0x24, 0x58, 0x24, 0x58, 0x24, 0x58, 0x24, 0x58, 0x24, 0x58, 
    0x44, 0x58, 0x44, 0x58, 0x24, 0x58, 0x44, 0x58, 0x24, 0x58, 0x24, 0x58, 
    0x44, 0x58, 0x24, 0x58, 0x44, 0x58, 0x24, 0x58, 0x24, 0x58, 0x24, 0x58, 
    0x24, 0x58, 0x24, 0x58, 0x24, 0x58, 0x24, 0x58, 0x24, 0x58, 0x24, 0x58, 
    0x23, 0x50, 0x23, 0x48, 0x23, 0x50, 0x23, 0x50, 0x23, 0x50, 0x23, 0x50, 
    0x23, 0x50, 0x23, 0x50, 0x23, 0x50, 0x23, 0x50, 0x24, 0x50, 0x23, 0x50, 
    0x23, 0x50, 0x23, 0x50, 0x23, 0x50, 0x23, 0x50, 0x23, 0x50, 0x23, 0x50, 
    0x23, 0x50, 0x23, 0x50, 0x23, 0x50, 0x23, 0x50, 0x23, 0x50, 0x23, 0x50, 
    0x24, 0x50, 0x23, 0x50, 0x23, 0x50, 0x23, 0x58, 0x23, 0x58, 0x23, 0x50, 
    0x23, 0x58, 0x24, 0x50, 0x24, 0x50, 0x23, 0x50, 0x24, 0x58, 0x23, 0x58, 
    0x23, 0x58, 0x24, 0x58, 0x24, 0x58, 0x24, 0x58, 0x24, 0x50, 0x44, 0x58, 
    0x24, 0x50, 0x23, 0x50, 0x23, 0x58, 0x23, 0x50, 0x24, 0x50, 0x24, 0x50, 
    0x44, 0x50, 0x24, 0x50, 0x23, 0x50, 0x44, 0x50, 0x24, 0x50, 0x24, 0x50, 
    0x23, 0x50, 0x44, 0x50, 0x24, 0x58, 0x24, 0x50, 0x24, 0x58, 0x44, 0x58, 
    0x24, 0x58, 0x24, 0x58, 0x44, 0x58, 0x24, 0x58, 0x43, 0x58, 0x62, 0x50, 
    0x82, 0x50, 0xa2, 0x50, 0xe1, 0x48, 0x00, 0x39, 0x40, 0x31, 0x60, 0x29, 
    0x80, 0x21, 0xc0, 0x30, 0x23, 0x78, 0x03, 0x80, 0x03, 0x80, 0x03, 0x88, 
    0x03, 0x88, 0x03, 0x88, 0x03, 0x88, 0x03, 0x88, 0x03, 0x88, 0x03, 0x88, 
    0x03, 0x80, 0x02, 0x78, 0x01, 0x70, 0x00, 0x58, 0x46, 0x88, 0xcc, 0xd0, 
    0xac, 0xc8, 0x6a, 0xc0, 0x07, 0xb0, 0x06, 0xa0, 0x04, 0x98, 0x03, 0x90, 
    0x03, 0x90, 0x03, 0x90, 0x03, 0x90, 0x03, 0x90, 0x03, 0x90, 0x03, 0x90, 
    0x03, 0x88, 0x03, 0x88, 0x02, 0x88, 0x02, 0x88, 0x02, 0x88, 0x02, 0x80, 
    0x02, 0x80, 0x01, 0x78, 0x25, 0xa0, 0xcc, 0xe0, 0x70, 0xf9, 0xb0, 0xf9, 
    0x70, 0xf1, 0x0e, 0xe9, 0xcd, 0xe0, 0xac, 0xd8, 0x8c, 0xd0, 0x6b, 0xc8, 
    0x6a, 0xc0, 0x4a, 0xb8, 0x29, 0xb8, 0x08, 0xb0, 0x07, 0xb0, 0x07, 0xa8, 
    0x06, 0xa0, 0x05, 0xa0, 0x05, 0xa0, 0x04, 0x98, 0x04, 0x98, 0x03, 0x98, 
    0x03, 0x98, 0x04, 0x98, 0x05, 0xa0, 0x04, 0xa0, 0x05, 0xa0, 0x06, 0xa8, 
    0x07, 0xb0, 0x08, 0xb8, 0x09, 0xb8, 0x49, 0xb8, 0x49, 0xb8, 0x29, 0xb8, 
    0x49, 0xb8, 0x49, 0xb8, 0x69, 0xb8, 0x69, 0xb8, 0x69, 0xb8, 0x28, 0xb0, 
    0x08, 0xb0, 0x06, 0xa8, 0x06, 0xa8, 0x06, 0xa8, 0x06, 0xa8, 0x06, 0xa8, 
    0x06, 0xb0, 0x06, 0xa8, 0x06, 0xa8, 0x05, 0xa8, 0x05, 0xa8, 0x05, 0xa0, 
    0x05, 0xa0, 0x25, 0xa8, 0x26, 0xa8, 0xaa, 0xb8, 0x8a, 0xc0, 0x8a, 0xc0, 
    0x49, 0xb8, 0x88, 0x98, 0x24, 0x58, 0x23, 0x50, 0x23, 0x58, 0x45, 0x70, 
    0x44, 0x68, 0x07, 0x99, 0xaa, 0xb9, 0xab, 0xb9, 0x2a, 0xa1, 0x65, 0x68, 
    0x24, 0x58, 0x24, 0x58, 0x24, 0x50, 0x24, 0x58, 0x23, 0x58, 0x24, 0x58, 
    0x24, 0x58, 0x23, 0x58, 0x24, 0x58, 0x24, 0x58, 0x24, 0x58, 0x24, 0x58, 
    0x23, 0x58, 0x24, 0x50, 0x44, 0x50, 0x24, 0x50, 0x44, 0x50, 0x44, 0x58, 
    0x24, 0x58, 0x24, 0x50, 0x24, 0x50, 0x23, 0x50, 0x24, 0x58, 0x44, 0x58, 
    0x24, 0x58, 0x24, 0x58, 0x24, 0x58, 0x44, 0x58, 0x24, 0x58, 0x24, 0x58, 
    0x24, 0x58, 0x24, 0x58, 0x24, 0x58, 0x44, 0x58, 0x44, 0x58, 0x24, 0x58, 
    0x44, 0x58, 0x44, 0x58, 0x24, 0x58, 0x24, 0x58, 0x24, 0x58, 0x24, 0x58, 
    0x24, 0x58, 0x44, 0x58, 0x24, 0x58, 0x24, 0x58, 0x24, 0x58, 0x24, 0x58, 
    0x44, 0x58, 0x24, 0x58, 0x24, 0x58, 0x24, 0x58, 0x24, 0x58, 0x24, 0x58, 
    0x24, 0x58, 0x24, 0x58, 0x24, 0x58, 0x24, 0x58, 0x24, 0x58, 0x24, 0x58, 
    0x03, 0x48, 0x23, 0x48, 0x23, 0x50, 0x23, 0x50, 0x23, 0x50, 0x23, 0x50, 
    0x23, 0x50, 0x23, 0x50, 0x23, 0x50, 0x23, 0x50, 0x23, 0x50, 0x23, 0x50, 
    0x23, 0x50, 0x23, 0x50, 0x23, 0x50, 0x03, 0x50, 0x24, 0x50, 0x23, 0x50, 
    0x23, 0x50, 0x23, 0x50, 0x24, 0x50, 0x24, 0x50, 0x23, 0x50, 0x23, 0x50, 
    0x23, 0x50, 0x23, 0x50, 0x44, 0x50, 0x23, 0x50, 0x23, 0x50, 0x23, 0x50, 
    0x23, 0x50, 0x24, 0x50, 0x23, 0x50, 0x23, 0x50, 0x24, 0x58, 0x24, 0x58, 
    0x23, 0x50, 0x23, 0x58, 0x23, 0x58, 0x23, 0x50, 0x24, 0x50, 0x23, 0x50, 
    0x24, 0x50, 0x23, 0x50, 0x23, 0x50, 0x23, 0x50, 0x23, 0x50, 0x24, 0x50, 
    0x24, 0x50, 0x24, 0x50, 0x24, 0x50, 0x44, 0x50, 0x43, 0x50, 0x23, 0x50, 
    0x44, 0x50, 0x44, 0x50, 0x24, 0x50, 0x44, 0x58, 0x44, 0x50, 0x23, 0x50, 
    0x44, 0x50, 0x24, 0x58, 0x24, 0x50, 0x83, 0x50, 0x40, 0x49, 0xc0, 0x41, 
    0x40, 0x31, 0xc0, 0x30, 0x80, 0x39, 0x80, 0x31, 0x80, 0x29, 0xa0, 0x29, 
    0xc0, 0x29, 0x81, 0x41, 0x42, 0x78, 0x03, 0x80, 0x03, 0x80, 0x03, 0x80, 
    0x03, 0x88, 0x03, 0x88, 0x03, 0x88, 0x03, 0x88, 0x03, 0x88, 0x03, 0x80, 
    0x03, 0x78, 0x02, 0x78, 0x01, 0x58, 0x03, 0x68, 0x8c, 0xc8, 0xac, 0xd0, 
    0xec, 0xd0, 0x49, 0xb8, 0x07, 0xb0, 0x05, 0xa0, 0x03, 0x90, 0x03, 0x90, 
    0x03, 0x90, 0x03, 0x90, 0x03, 0x90, 0x03, 0x90, 0x02, 0x88, 0x02, 0x88, 
    0x02, 0x88, 0x02, 0x88, 0x01, 0x80, 0x01, 0x80, 0x01, 0x80, 0x01, 0x78, 
    0x01, 0x78, 0x06, 0xa0, 0x0f, 0xf1, 0x70, 0xf9, 0x90, 0xf9, 0xcd, 0xe8, 
    0x6c, 0xd0, 0x8c, 0xd0, 0x4b, 0xc8, 0x29, 0xb8, 0x09, 0xb0, 0x08, 0xa8, 
    0x08, 0xa8, 0x07, 0xa0, 0x06, 0xa0, 0x05, 0xa0, 0x04, 0x98, 0x04, 0x98, 
    0x04, 0x98, 0x03, 0x90, 0x04, 0x90, 0x03, 0x90, 0x03, 0x90, 0x03, 0x90, 
    0x03, 0x88, 0x03, 0x90, 0x03, 0x90, 0x04, 0x98, 0x04, 0x98, 0x05, 0xa0, 
    0x06, 0xa8, 0x07, 0xb0, 0x08, 0xb0, 0x08, 0xb0, 0x29, 0xb8, 0x29, 0xb8, 
    0x49, 0xb8, 0x49, 0xb8, 0x49, 0xb8, 0x69, 0xb8, 0x49, 0xb0, 0x49, 0xb8, 
    0x08, 0xb8, 0x08, 0xb8, 0x07, 0xa8, 0x06, 0xa8, 0x06, 0xb0, 0x06, 0xb0, 
    0x06, 0xa8, 0x06, 0xb0, 0x06, 0xb0, 0x07, 0xa8, 0x26, 0xa8, 0x05, 0xa8, 
    0x05, 0xa8, 0x25, 0xa8, 0x67, 0xb0, 0xa9, 0xb8, 0x28, 0xb0, 0x49, 0xb8, 
    0x08, 0xb0, 0x89, 0xa8, 0x24, 0x58, 0x24, 0x58, 0x25, 0x78, 0x09, 0xb1, 
    0xac, 0xc1, 0xed, 0xc9, 0x4e, 0xd2, 0x2d, 0xd2, 0x8b, 0xb1, 0x86, 0x68, 
    0x24, 0x58, 0x24, 0x50, 0x24, 0x50, 0x24, 0x58, 0x24, 0x58, 0x24, 0x58, 
    0x24, 0x50, 0x24, 0x58, 0x24, 0x58, 0x24, 0x58, 0x24, 0x58, 0x24, 0x58, 
    0x23, 0x58, 0x23, 0x50, 0x24, 0x50, 0x24, 0x50, 0x24, 0x50, 0x24, 0x58, 
    0x23, 0x50, 0x24, 0x50, 0x24, 0x50, 0x44, 0x50, 0x24, 0x58, 0x24, 0x58, 
    0x24, 0x58, 0x24, 0x58, 0x44, 0x58, 0x44, 0x58, 0x24, 0x58, 0x24, 0x58, 
    0x24, 0x58, 0x24, 0x58, 0x24, 0x58, 0x44, 0x58, 0x24, 0x58, 0x24, 0x58, 
    0x23, 0x58, 0x24, 0x58, 0x24, 0x58, 0x24, 0x58, 0x24, 0x58, 0x24, 0x58, 
    0x24, 0x58, 0x24, 0x58, 0x24, 0x58, 0x24, 0x58, 0x24, 0x58, 0x24, 0x58, 
    0x44, 0x58, 0x44, 0x58, 0x24, 0x58, 0x24, 0x58, 0x24, 0x58, 0x24, 0x58, 
    0x24, 0x58, 0x23, 0x58, 0x24, 0x58, 0x43, 0x58, 0x24, 0x58, 0x23, 0x58, 
    0x23, 0x50, 0x23, 0x50, 0x23, 0x50, 0x23, 0x50, 0x23, 0x50, 0x23, 0x50, 
    0x23, 0x50, 0x23, 0x50, 0x23, 0x50, 0x23, 0x50, 0x23, 0x50, 0x23, 0x50, 
    0x23, 0x50, 0x23, 0x50, 0x23, 0x50, 0x03, 0x50, 0x23, 0x50, 0x23, 0x50, 
    0x23, 0x50, 0x23, 0x50, 0x03, 0x50, 0x23, 0x50, 0x23, 0x50, 0x23, 0x50, 
    0x23, 0x50, 0x23, 0x50, 0x24, 0x58, 0x24, 0x50, 0x23, 0x50, 0x23, 0x50, 
    0x23, 0x58, 0x23, 0x50, 0x24, 0x50, 0x23, 0x50, 0x23, 0x50, 0x23, 0x58, 
    0x23, 0x50, 0x23, 0x50, 0x23, 0x58, 0x24, 0x58, 0x24, 0x58, 0x24, 0x58, 
    0x23, 0x50, 0x23, 0x50, 0x23, 0x50, 0x23, 0x50, 0x24, 0x50, 0x24, 0x50, 
    0x24, 0x50, 0x24, 0x50, 0x23, 0x50, 0x23, 0x50, 0x23, 0x50, 0x23, 0x50, 
    0x23, 0x50, 0x24, 0x50, 0x24, 0x50, 0x44, 0x50, 0x24, 0x50, 0x24, 0x50, 
    0x44, 0x50, 0x23, 0x50, 0x83, 0x58, 0xa1, 0x51, 0x40, 0x4a, 0x60, 0x4a, 
    0x20, 0x42, 0x20, 0x39, 0xe0, 0x30, 0x60, 0x29, 0x80, 0x29, 0xa0, 0x29, 
    0xc0, 0x29, 0x60, 0x39, 0x62, 0x70, 0x02, 0x80, 0x03, 0x80, 0x03, 0x88, 
    0x03, 0x88, 0x03, 0x88, 0x03, 0x88, 0x03, 0x88, 0x03, 0x88, 0x03, 0x80, 
    0x03, 0x78, 0x01, 0x68, 0x02, 0x60, 0x8b, 0xc0, 0xac, 0xd8, 0xcc, 0xd0, 
    0xcc, 0xd0, 0x29, 0xc0, 0x06, 0xa8, 0x04, 0x98, 0x03, 0x90, 0x03, 0x90, 
    0x02, 0x90, 0x02, 0x88, 0x02, 0x88, 0x02, 0x88, 0x02, 0x88, 0x02, 0x80, 
    0x01, 0x80, 0x01, 0x80, 0x01, 0x78, 0x01, 0x78, 0x01, 0x70, 0x02, 0x80, 
    0x48, 0xb0, 0x2f, 0xf9, 0x70, 0xf9, 0x4f, 0xf1, 0xcd, 0xd8, 0x4a, 0xc8, 
    0x2a, 0xc0, 0x2a, 0xb8, 0x28, 0xb0, 0x07, 0xa8, 0x06, 0xa0, 0x06, 0x98, 
    0x05, 0x98, 0x05, 0x98, 0x04, 0x98, 0x04, 0x90, 0x03, 0x90, 0x03, 0x88, 
    0x03, 0x88, 0x03, 0x88, 0x02, 0x88, 0x02, 0x88, 0x02, 0x88, 0x02, 0x88, 
    0x02, 0x88, 0x02, 0x88, 0x03, 0x90, 0x03, 0x90, 0x04, 0x98, 0x04, 0xa0, 
    0x04, 0xa0, 0x06, 0xa8, 0x07, 0xb0, 0x07, 0xb0, 0x08, 0xb8, 0x49, 0xc0, 
    0x49, 0xb8, 0x49, 0xb8, 0x49, 0xb8, 0x8a, 0xb8, 0x89, 0xc0, 0x28, 0xb8, 
    0x08, 0xb8, 0x08, 0xb0, 0x07, 0xa8, 0x06, 0xa8, 0x06, 0xb0, 0x06, 0xb0, 
    0x06, 0xb0, 0x06, 0xb0, 0x06, 0xb0, 0x26, 0xb0, 0x46, 0xb0, 0x26, 0xa8, 
    0x06, 0xa8, 0x25, 0xb0, 0x25, 0xa0, 0x48, 0xa8, 0x07, 0xb0, 0x28, 0xb0, 
    0x28, 0xb0, 0x89, 0xa8, 0x25, 0x68, 0x86, 0x78, 0x6b, 0xb9, 0x4f, 0xda, 
    0x6f, 0xda, 0x4f, 0xda, 0x8f, 0xda, 0x4e, 0xd2, 0x6b, 0xa1, 0x44, 0x60, 
    0x24, 0x50, 0x24, 0x50, 0x24, 0x58, 0x24, 0x50, 0x24, 0x50, 0x24, 0x50, 
    0x24, 0x50, 0x23, 0x50, 0x23, 0x50, 0x23, 0x50, 0x24, 0x50, 0x24, 0x58, 
    0x23, 0x50, 0x24, 0x50, 0x24, 0x50, 0x24, 0x50, 0x24, 0x50, 0x24, 0x50, 
    0x44, 0x58, 0x23, 0x50, 0x24, 0x50, 0x24, 0x50, 0x24, 0x58, 0x24, 0x58, 
    0x24, 0x58, 0x44, 0x58, 0x44, 0x58, 0x24, 0x58, 0x44, 0x58, 0x44, 0x58, 
    0x24, 0x58, 0x44, 0x58, 0x24, 0x58, 0x24, 0x58, 0x24, 0x58, 0x44, 0x58, 
    0x24, 0x58, 0x44, 0x58, 0x24, 0x58, 0x24, 0x58, 0x44, 0x58, 0x24, 0x58, 
    0x24, 0x58, 0x24, 0x58, 0x24, 0x58, 0x24, 0x58, 0x44, 0x58, 0x24, 0x58, 
    0x24, 0x58, 0x24, 0x58, 0x23, 0x58, 0x24, 0x58, 0x24, 0x58, 0x24, 0x58, 
    0x24, 0x58, 0x24, 0x58, 0x24, 0x58, 0x23, 0x58, 0x23, 0x58, 0x23, 0x58, 
    0x23, 0x50, 0x23, 0x50, 0x23, 0x50, 0x23, 0x50, 0x23, 0x50, 0x23, 0x50, 
    0x23, 0x50, 0x23, 0x50, 0x23, 0x50, 0x23, 0x50, 0x23, 0x50, 0x23, 0x50, 
    0x23, 0x50, 0x23, 0x50, 0x23, 0x50, 0x23, 0x50, 0x23, 0x50, 0x23, 0x50, 
    0x23, 0x50, 0x23, 0x50, 0x23, 0x50, 0x23, 0x50, 0x23, 0x50, 0x23, 0x50, 
    0x23, 0x50, 0x23, 0x58, 0x23, 0x50, 0x23, 0x50, 0x23, 0x58, 0x23, 0x50, 
    0x23, 0x50, 0x23, 0x50, 0x23, 0x50, 0x24, 0x58, 0x24, 0x58, 0x23, 0x50, 
    0x23, 0x50, 0x23, 0x50, 0x23, 0x50, 0x23, 0x58, 0x23, 0x58, 0x24, 0x58, 
    0x24, 0x58, 0x23, 0x50, 0x24, 0x50, 0x23, 0x50, 0x24, 0x50, 0x44, 0x50, 
    0x44, 0x50, 0x24, 0x50, 0x23, 0x50, 0x24, 0x50, 0x44, 0x50, 0x44, 0x50, 
    0x23, 0x50, 0x23, 0x50, 0x23, 0x50, 0x44, 0x50, 0x24, 0x50, 0x24, 0x50, 
    0x44, 0x50, 0x43, 0x50, 0x22, 0x59, 0x80, 0x4a, 0xa0, 0x4a, 0xa0, 0x42, 
    0xa0, 0x4a, 0x60, 0x4a, 0xa0, 0x31, 0x60, 0x21, 0x40, 0x21, 0x60, 0x29, 
    0xa0, 0x29, 0xa0, 0x31, 0xa2, 0x68, 0x02, 0x80, 0x03, 0x80, 0x03, 0x88, 
    0x03, 0x88, 0x03, 0x88, 0x03, 0x88, 0x03, 0x88, 0x03, 0x88, 0x04, 0x80, 
    0x02, 0x70, 0x00, 0x58, 0x69, 0xb0, 0xed, 0xd8, 0x0d, 0xd9, 0xed, 0xd8, 
    0xac, 0xd0, 0x08, 0xb8, 0x05, 0xa0, 0x03, 0x90, 0x02, 0x88, 0x02, 0x88, 
    0x02, 0x88, 0x02, 0x88, 0x02, 0x88, 0x01, 0x80, 0x01, 0x80, 0x00, 0x78, 
    0x00, 0x70, 0x00, 0x70, 0x00, 0x68, 0x00, 0x68, 0x01, 0x70, 0x8a, 0xc0, 
    0x30, 0xf1, 0x70, 0xf9, 0x0e, 0xe9, 0x4b, 0xc8, 0x09, 0xb8, 0x29, 0xb8, 
    0x08, 0xb0, 0x07, 0xa8, 0x06, 0xa0, 0x04, 0x90, 0x04, 0x88, 0x03, 0x88, 
    0x03, 0x80, 0x03, 0x80, 0x03, 0x80, 0x03, 0x80, 0x02, 0x80, 0x02, 0x80, 
    0x02, 0x80, 0x02, 0x80, 0x01, 0x80, 0x01, 0x80, 0x01, 0x80, 0x01, 0x80, 
    0x01, 0x80, 0x02, 0x80, 0x02, 0x88, 0x02, 0x88, 0x03, 0x90, 0x03, 0x98, 
    0x04, 0x98, 0x04, 0xa0, 0x05, 0xa8, 0x06, 0xb0, 0x08, 0xb8, 0x08, 0xb8, 
    0x29, 0xb8, 0x49, 0xb8, 0x49, 0xb8, 0x6a, 0xb8, 0x69, 0xb8, 0x08, 0xb8, 
    0x08, 0xb8, 0x08, 0xb8, 0x07, 0xb0, 0x06, 0xa8, 0x06, 0xa8, 0x06, 0xb0, 
    0x06, 0xb0, 0x06, 0xb0, 0x06, 0xb0, 0x26, 0xb0, 0x06, 0xa8, 0x46, 0xb0, 
    0x25, 0xb0, 0x25, 0xb0, 0x25, 0xa0, 0x48, 0xa8, 0x07, 0xa8, 0x48, 0xb8, 
    0x48, 0xb8, 0x69, 0xb0, 0x6c, 0xa9, 0x0d, 0xc2, 0xb0, 0xda, 0xf2, 0xea, 
    0xb1, 0xe2, 0x90, 0xe2, 0x70, 0xda, 0x0d, 0xca, 0xe8, 0x88, 0x24, 0x58, 
    0x24, 0x50, 0x24, 0x50, 0x24, 0x58, 0x23, 0x50, 0x24, 0x50, 0x24, 0x50, 
    0x24, 0x50, 0x23, 0x58, 0x23, 0x58, 0x23, 0x50, 0x24, 0x58, 0x23, 0x58, 
    0x24, 0x58, 0x24, 0x50, 0x24, 0x50, 0x24, 0x50, 0x24, 0x50, 0x24, 0x50, 
    0x24, 0x58, 0x24, 0x58, 0x24, 0x50, 0x24, 0x58, 0x24, 0x58, 0x44, 0x58, 
    0x24, 0x58, 0x24, 0x58, 0x44, 0x58, 0x24, 0x58, 0x24, 0x58, 0x44, 0x58, 
    0x24, 0x58, 0x24, 0x58, 0x24, 0x58, 0x44, 0x58, 0x24, 0x58, 0x24, 0x58, 
    0x24, 0x58, 0x24, 0x58, 0x24, 0x58, 0x24, 0x58, 0x24, 0x58, 0x24, 0x58, 
    0x24, 0x58, 0x24, 0x58, 0x24, 0x58, 0x24, 0x58, 0x24, 0x58, 0x24, 0x58, 
    0x44, 0x58, 0x24, 0x58, 0x24, 0x58, 0x24, 0x58, 0x24, 0x58, 0x24, 0x58, 
    0x24, 0x58, 0x24, 0x58, 0x24, 0x58, 0x24, 0x50, 0x24, 0x58, 0x24, 0x58, 
    0x23, 0x48, 0x23, 0x48, 0x23, 0x50, 0x23, 0x48, 0x23, 0x50, 0x03, 0x50, 
    0x23, 0x50, 0x23, 0x50, 0x23, 0x50, 0x23, 0x50, 0x23, 0x50, 0x23, 0x50, 
    0x23, 0x50, 0x23, 0x50, 0x23, 0x50, 0x23, 0x50, 0x23, 0x50, 0x23, 0x50, 
    0x23, 0x50, 0x23, 0x50, 0x23, 0x50, 0x23, 0x50, 0x23, 0x50, 0x23, 0x50, 
    0x24, 0x50, 0x23, 0x50, 0x23, 0x50, 0x23, 0x50, 0x23, 0x50, 0x23, 0x58, 
    0x23, 0x50, 0x23, 0x58, 0x23, 0x50, 0x23, 0x50, 0x23, 0x50, 0x24, 0x58, 
    0x23, 0x50, 0x24, 0x50, 0x23, 0x58, 0x24, 0x58, 0x24, 0x58, 0x24, 0x58, 
    0x24, 0x50, 0x24, 0x50, 0x24, 0x50, 0x23, 0x50, 0x24, 0x50, 0x44, 0x50, 
    0x23, 0x50, 0x23, 0x50, 0x23, 0x50, 0x44, 0x50, 0x44, 0x50, 0x23, 0x50, 
    0x23, 0x50, 0x44, 0x50, 0x23, 0x50, 0x44, 0x50, 0x44, 0x50, 0x44, 0x50, 
    0x44, 0x58, 0x43, 0x50, 0xe1, 0x51, 0xc0, 0x4a, 0xc0, 0x42, 0xa0, 0x42, 
    0xe0, 0x4a, 0xe0, 0x52, 0x60, 0x42, 0x80, 0x21, 0x20, 0x19, 0x00, 0x19, 
    0x40, 0x21, 0xa0, 0x31, 0x21, 0x51, 0x02, 0x78, 0x02, 0x80, 0x03, 0x80, 
    0x03, 0x88, 0x03, 0x88, 0x03, 0x88, 0x03, 0x88, 0x03, 0x80, 0x03, 0x80, 
    0x01, 0x68, 0x25, 0x80, 0xcd, 0xd8, 0x2e, 0xe1, 0x4e, 0xe1, 0xcc, 0xd0, 
    0x49, 0xc0, 0x06, 0xa8, 0x03, 0x90, 0x02, 0x88, 0x02, 0x88, 0x01, 0x88, 
    0x01, 0x80, 0x01, 0x80, 0x01, 0x80, 0x01, 0x78, 0x00, 0x70, 0x00, 0x70, 
    0x00, 0x68, 0x00, 0x60, 0x00, 0x58, 0x02, 0x68, 0x6a, 0xc0, 0x71, 0xf9, 
    0x70, 0xf9, 0xcd, 0xe8, 0x09, 0xb8, 0x08, 0xb0, 0x08, 0xa8, 0x07, 0xa8, 
    0x06, 0x98, 0x04, 0x90, 0x02, 0x80, 0x02, 0x70, 0x01, 0x70, 0x00, 0x68, 
    0x00, 0x68, 0x00, 0x68, 0x00, 0x68, 0x00, 0x68, 0x01, 0x70, 0x00, 0x68, 
    0x00, 0x70, 0x00, 0x70, 0x00, 0x70, 0x01, 0x78, 0x01, 0x78, 0x01, 0x78, 
    0x01, 0x78, 0x01, 0x80, 0x01, 0x80, 0x02, 0x88, 0x02, 0x88, 0x03, 0x90, 
    0x03, 0x98, 0x04, 0xa0, 0x05, 0xa0, 0x06, 0xa8, 0x07, 0xb0, 0x08, 0xb0, 
    0x08, 0xb8, 0x29, 0xb8, 0x08, 0xb8, 0x49, 0xb8, 0x29, 0xb8, 0x29, 0xb8, 
    0x29, 0xb8, 0x08, 0xb8, 0x08, 0xb8, 0x07, 0xb0, 0x06, 0xa8, 0x06, 0xa8, 
    0x06, 0xa8, 0x06, 0xa8, 0x05, 0xa8, 0x05, 0xa8, 0x06, 0xa8, 0x46, 0xb0, 
    0x46, 0xb0, 0x45, 0xb0, 0x66, 0xb0, 0x47, 0xa8, 0x07, 0xa8, 0x28, 0xb0, 
    0x28, 0xb0, 0x69, 0xb0, 0xcf, 0xd2, 0x11, 0xe3, 0x12, 0xe3, 0x32, 0xeb, 
    0xb1, 0xe2, 0xb1, 0xe2, 0x90, 0xda, 0x0d, 0xc2, 0xa7, 0x78, 0x24, 0x58, 
    0x24, 0x58, 0x24, 0x58, 0x23, 0x50, 0x24, 0x58, 0x24, 0x50, 0x24, 0x50, 
    0x24, 0x58, 0x24, 0x50, 0x24, 0x58, 0x44, 0x58, 0x24, 0x58, 0x24, 0x58, 
    0x24, 0x58, 0x23, 0x58, 0x24, 0x50, 0x24, 0x50, 0x24, 0x50, 0x24, 0x58, 
    0x24, 0x50, 0x24, 0x58, 0x24, 0x58, 0x24, 0x58, 0x24, 0x58, 0x24, 0x58, 
    0x24, 0x58, 0x24, 0x58, 0x24, 0x58, 0x44, 0x58, 0x24, 0x58, 0x24, 0x58, 
    0x44, 0x58, 0x24, 0x58, 0x24, 0x58, 0x24, 0x58, 0x24, 0x58, 0x24, 0x58, 
    0x44, 0x58, 0x44, 0x58, 0x24, 0x58, 0x24, 0x58, 0x24, 0x58, 0x24, 0x58, 
    0x24, 0x58, 0x24, 0x58, 0x24, 0x58, 0x24, 0x58, 0x24, 0x58, 0x24, 0x58, 
    0x24, 0x58, 0x44, 0x58, 0x24, 0x58, 0x24, 0x58, 0x24, 0x58, 0x24, 0x58, 
    0x24, 0x58, 0x24, 0x50, 0x24, 0x58, 0x24, 0x58, 0x24, 0x58, 0x24, 0x58, 
    0x23, 0x48, 0x23, 0x48, 0x23, 0x48, 0x23, 0x48, 0x23, 0x50, 0x23, 0x50, 
    0x23, 0x50, 0x23, 0x50, 0x23, 0x50, 0x23, 0x50, 0x23, 0x50, 0x23, 0x50, 
    0x23, 0x50, 0x23, 0x50, 0x23, 0x50, 0x23, 0x50, 0x23, 0x50, 0x23, 0x50, 
    0x23, 0x50, 0x23, 0x50, 0x23, 0x50, 0x23, 0x50, 0x23, 0x50, 0x23, 0x50, 
    0x23, 0x50, 0x23, 0x50, 0x23, 0x50, 0x23, 0x50, 0x23, 0x50, 0x23, 0x58, 
    0x23, 0x58, 0x24, 0x50, 0x24, 0x50, 0x23, 0x50, 0x23, 0x50, 0x24, 0x58, 
    0x24, 0x50, 0x24, 0x50, 0x23, 0x50, 0x24, 0x58, 0x24, 0x58, 0x24, 0x58, 
    0x24, 0x58, 0x24, 0x50, 0x23, 0x50, 0x23, 0x50, 0x24, 0x50, 0x24, 0x50, 
    0x24, 0x50, 0x23, 0x50, 0x43, 0x50, 0x23, 0x50, 0x24, 0x50, 0x24, 0x50, 
    0x24, 0x50, 0x23, 0x50, 0x43, 0x50, 0x44, 0x50, 0x43, 0x50, 0x43, 0x50, 
    0x43, 0x50, 0x82, 0x50, 0x20, 0x4a, 0xc0, 0x4a, 0xc0, 0x42, 0x80, 0x42, 
    0xc0, 0x4a, 0xe0, 0x4a, 0xe0, 0x4a, 0x00, 0x32, 0x00, 0x11, 0xe0, 0x10, 
    0xe0, 0x10, 0xe0, 0x18, 0x20, 0x31, 0x83, 0x68, 0x02, 0x78, 0x02, 0x80, 
    0x03, 0x80, 0x03, 0x88, 0x03, 0x88, 0x03, 0x88, 0x03, 0x80, 0x03, 0x80, 
    0x03, 0x70, 0xcc, 0xc0, 0x0e, 0xe9, 0x6f, 0xe9, 0x0e, 0xe1, 0xab, 0xd0, 
    0x28, 0xb8, 0x04, 0x98, 0x02, 0x88, 0x01, 0x88, 0x01, 0x80, 0x01, 0x80, 
    0x01, 0x78, 0x01, 0x78, 0x00, 0x70, 0x00, 0x68, 0x00, 0x68, 0x00, 0x60, 
    0x00, 0x50, 0x00, 0x40, 0x01, 0x50, 0xab, 0xc0, 0x50, 0xf9, 0x70, 0xf9, 
    0xab, 0xd0, 0x07, 0xa8, 0x06, 0xa0, 0x05, 0x98, 0x04, 0x88, 0x03, 0x78, 
    0x02, 0x68, 0x01, 0x50, 0x00, 0x48, 0x00, 0x40, 0x00, 0x40, 0x00, 0x38, 
    0x00, 0x38, 0x00, 0x38, 0x00, 0x38, 0x00, 0x40, 0x00, 0x38, 0x00, 0x40, 
    0x00, 0x48, 0x00, 0x50, 0x00, 0x60, 0x00, 0x68, 0x00, 0x68, 0x01, 0x70, 
    0x01, 0x78, 0x01, 0x78, 0x01, 0x78, 0x01, 0x80, 0x02, 0x88, 0x02, 0x88, 
    0x02, 0x90, 0x03, 0x98, 0x04, 0xa0, 0x05, 0xa0, 0x06, 0xb0, 0x07, 0xb0, 
    0x07, 0xb0, 0x07, 0xb0, 0x08, 0xb8, 0x09, 0xb8, 0x08, 0xb8, 0x29, 0xb8, 
    0x49, 0xb8, 0x29, 0xb8, 0x08, 0xb8, 0x08, 0xb0, 0x07, 0xb0, 0x06, 0xa8, 
    0x05, 0xa8, 0x05, 0xa8, 0x05, 0xa8, 0x05, 0xa8, 0x06, 0xb0, 0x47, 0xb8, 
    0x87, 0xb8, 0xa7, 0xc0, 0x2a, 0xc1, 0x05, 0xa0, 0x06, 0xa0, 0x06, 0xa8, 
    0x07, 0xa8, 0xea, 0xb8, 0xcf, 0xd2, 0xcc, 0xb9, 0xcd, 0xc1, 0x11, 0xe3, 
    0xd2, 0xea, 0xd2, 0xea, 0xb1, 0xe2, 0x2e, 0xca, 0xc7, 0x78, 0x24, 0x58, 
    0x24, 0x58, 0x24, 0x58, 0x24, 0x50, 0x24, 0x58, 0x24, 0x58, 0x24, 0x50, 
    0x24, 0x58, 0x24, 0x50, 0x23, 0x58, 0x23, 0x50, 0x24, 0x58, 0x24, 0x58, 
    0x24, 0x58, 0x24, 0x58, 0x24, 0x58, 0x23, 0x50, 0x23, 0x50, 0x24, 0x58, 
    0x24, 0x58, 0x24, 0x58, 0x24, 0x58, 0x23, 0x58, 0x24, 0x58, 0x24, 0x58, 
    0x24, 0x58, 0x24, 0x58, 0x24, 0x58, 0x24, 0x58, 0x24, 0x58, 0x24, 0x58, 
    0x24, 0x58, 0x24, 0x58, 0x24, 0x58, 0x24, 0x58, 0x24, 0x58, 0x44, 0x58, 
    0x24, 0x58, 0x44, 0x58, 0x24, 0x58, 0x24, 0x58, 0x24, 0x58, 0x24, 0x58, 
    0x24, 0x58, 0x24, 0x58, 0x24, 0x58, 0x24, 0x58, 0x24, 0x58, 0x23, 0x58, 
    0x24, 0x58, 0x44, 0x58, 0x24, 0x58, 0x24, 0x58, 0x24, 0x58, 0x24, 0x58, 
    0x24, 0x58, 0x24, 0x58, 0x24, 0x58, 0x24, 0x58, 0x24, 0x58, 0x24, 0x58, 
    0x23, 0x48, 0x03, 0x48, 0x23, 0x48, 0x23, 0x50, 0x23, 0x50, 0x23, 0x50, 
    0x23, 0x50, 0x23, 0x50, 0x23, 0x50, 0x23, 0x50, 0x23, 0x50, 0x23, 0x50, 
    0x23, 0x50, 0x23, 0x50, 0x23, 0x50, 0x23, 0x50, 0x23, 0x50, 0x23, 0x50, 
    0x23, 0x50, 0x23, 0x50, 0x23, 0x50, 0x23, 0x50, 0x23, 0x58, 0x23, 0x58, 
    0x23, 0x50, 0x23, 0x50, 0x23, 0x50, 0x23, 0x50, 0x23, 0x50, 0x23, 0x50, 
    0x23, 0x58, 0x23, 0x50, 0x24, 0x50, 0x23, 0x50, 0x23, 0x50, 0x23, 0x50, 
    0x23, 0x50, 0x23, 0x50, 0x23, 0x50, 0x24, 0x50, 0x23, 0x50, 0x23, 0x50, 
    0x23, 0x50, 0x23, 0x50, 0x23, 0x50, 0x23, 0x50, 0x23, 0x50, 0x23, 0x50, 
    0x23, 0x50, 0x23, 0x50, 0x44, 0x50, 0x23, 0x50, 0x23, 0x50, 0x23, 0x50, 
    0x44, 0x50, 0x44, 0x50, 0x44, 0x50, 0x43, 0x50, 0x82, 0x50, 0xa1, 0x40, 
    0x81, 0x40, 0xe0, 0x38, 0x40, 0x42, 0xe0, 0x4a, 0xc0, 0x4a, 0xa0, 0x42, 
    0xc0, 0x4a, 0xa0, 0x42, 0xe0, 0x4a, 0x80, 0x42, 0x80, 0x21, 0xe0, 0x10, 
    0xe0, 0x10, 0x80, 0x10, 0x60, 0x10, 0x20, 0x28, 0x02, 0x70, 0x02, 0x78, 
    0x02, 0x80, 0x03, 0x80, 0x03, 0x80, 0x03, 0x88, 0x03, 0x88, 0x03, 0x78, 
    0xaa, 0xb8, 0x6f, 0xe9, 0xd0, 0xf1, 0x8f, 0xe9, 0xed, 0xd8, 0x4a, 0xc0, 
    0x06, 0xa8, 0x02, 0x90, 0x02, 0x88, 0x01, 0x80, 0x01, 0x80, 0x01, 0x78, 
    0x00, 0x70, 0x00, 0x70, 0x00, 0x68, 0x00, 0x68, 0x00, 0x58, 0x00, 0x40, 
    0x00, 0x28, 0x01, 0x40, 0x8b, 0xc8, 0x50, 0xf9, 0x50, 0xf9, 0x6a, 0xc8, 
    0x05, 0x98, 0x03, 0x90, 0x03, 0x80, 0x01, 0x68, 0x00, 0x48, 0x00, 0x38, 
    0x00, 0x28, 0x00, 0x18, 0x00, 0x18, 0x00, 0x18, 0x00, 0x18, 0x00, 0x20, 
    0x00, 0x20, 0x00, 0x18, 0x00, 0x20, 0x00, 0x20, 0x00, 0x20, 0x00, 0x20, 
    0x00, 0x28, 0x00, 0x28, 0x00, 0x30, 0x00, 0x40, 0x00, 0x58, 0x00, 0x68, 
    0x01, 0x70, 0x00, 0x78, 0x00, 0x78, 0x01, 0x78, 0x02, 0x80, 0x02, 0x88, 
    0x02, 0x88, 0x03, 0x98, 0x03, 0x98, 0x04, 0xa0, 0x05, 0xa8, 0x06, 0xa8, 
    0x06, 0xb0, 0x07, 0xb0, 0x07, 0xb0, 0x08, 0xb8, 0x08, 0xb8, 0x09, 0xb8, 
    0x4a, 0xb8, 0x4a, 0xc0, 0x29, 0xb8, 0x08, 0xb8, 0x08, 0xb0, 0x05, 0xa8, 
    0x04, 0xa0, 0x04, 0xa0, 0x05, 0xa0, 0x05, 0xa8, 0x26, 0xb0, 0x66, 0xb8, 
    0xa8, 0xc0, 0x4b, 0xc9, 0x26, 0x98, 0x05, 0x98, 0x06, 0xa8, 0x06, 0xa8, 
    0x06, 0xa8, 0x46, 0x98, 0x23, 0x80, 0x02, 0x80, 0x04, 0x90, 0xa8, 0xa8, 
    0xb0, 0xe2, 0xd1, 0xe2, 0x70, 0xda, 0x0e, 0xc2, 0xa6, 0x70, 0x24, 0x58, 
    0x24, 0x50, 0x24, 0x58, 0x24, 0x58, 0x24, 0x50, 0x24, 0x58, 0x24, 0x50, 
    0x24, 0x58, 0x24, 0x58, 0x24, 0x58, 0x23, 0x58, 0x24, 0x58, 0x24, 0x58, 
    0x24, 0x58, 0x24, 0x58, 0x24, 0x58, 0x24, 0x58, 0x24, 0x58, 0x24, 0x58, 
    0x24, 0x58, 0x24, 0x58, 0x23, 0x58, 0x24, 0x58, 0x24, 0x58, 0x24, 0x58, 
    0x24, 0x58, 0x44, 0x58, 0x24, 0x58, 0x24, 0x58, 0x24, 0x58, 0x24, 0x58, 
    0x24, 0x58, 0x24, 0x58, 0x24, 0x58, 0x24, 0x58, 0x24, 0x58, 0x24, 0x58, 
    0x44, 0x58, 0x24, 0x58, 0x24, 0x58, 0x24, 0x58, 0x24, 0x58, 0x24, 0x58, 
    0x24, 0x58, 0x43, 0x58, 0x44, 0x58, 0x24, 0x58, 0x24, 0x58, 0x24, 0x58, 
    0x44, 0x58, 0x44, 0x58, 0x24, 0x58, 0x24, 0x58, 0x24, 0x58, 0x24, 0x58, 
    0x44, 0x58, 0x24, 0x58, 0x24, 0x58, 0x24, 0x58, 0x44, 0x58, 0x23, 0x50, 
    0x23, 0x50, 0x23, 0x50, 0x23, 0x50, 0x23, 0x50, 0x23, 0x50, 0x23, 0x50, 
    0x23, 0x50, 0x23, 0x50, 0x23, 0x50, 0x23, 0x50, 0x03, 0x48, 0x23, 0x50, 
    0x23, 0x50, 0x23, 0x50, 0x23, 0x50, 0x03, 0x50, 0x23, 0x50, 0x23, 0x50, 
    0x23, 0x50, 0x23, 0x50, 0x23, 0x50, 0x23, 0x50, 0x23, 0x50, 0x23, 0x50, 
    0x23, 0x50, 0x23, 0x50, 0x23, 0x50, 0x23, 0x50, 0x23, 0x50, 0x24, 0x50, 
    0x23, 0x50, 0x23, 0x50, 0x23, 0x58, 0x23, 0x50, 0x23, 0x58, 0x23, 0x50, 
    0x23, 0x58, 0x24, 0x58, 0x24, 0x50, 0x24, 0x58, 0x23, 0x50, 0x23, 0x50, 
    0x23, 0x50, 0x23, 0x50, 0x24, 0x50, 0x24, 0x50, 0x44, 0x50, 0x23, 0x50, 
    0x23, 0x50, 0x24, 0x50, 0x24, 0x50, 0x23, 0x50, 0x23, 0x50, 0x23, 0x50, 
    0x44, 0x50, 0x44, 0x50, 0x23, 0x50, 0x44, 0x50, 0x62, 0x50, 0xa1, 0x40, 
    0xc0, 0x28, 0xc0, 0x10, 0xe0, 0x10, 0x80, 0x21, 0x60, 0x3a, 0x40, 0x3a, 
    0x60, 0x42, 0xa0, 0x42, 0x60, 0x3a, 0x20, 0x3a, 0x00, 0x32, 0x00, 0x11, 
    0xa0, 0x10, 0xa0, 0x10, 0x40, 0x10, 0x20, 0x18, 0x01, 0x50, 0x01, 0x78, 
    0x02, 0x78, 0x02, 0x80, 0x02, 0x80, 0x02, 0x80, 0x03, 0x80, 0xaa, 0xb8, 
    0x6f, 0xe9, 0x90, 0xf1, 0xf0, 0xf1, 0x4f, 0xe1, 0xac, 0xd0, 0x28, 0xb8, 
    0x04, 0x98, 0x02, 0x88, 0x01, 0x80, 0x01, 0x80, 0x00, 0x78, 0x00, 0x70, 
    0x00, 0x68, 0x00, 0x68, 0x00, 0x60, 0x00, 0x48, 0x00, 0x30, 0x00, 0x28, 
    0x00, 0x30, 0x48, 0xa0, 0x30, 0xf9, 0x70, 0xf1, 0x89, 0xc0, 0x03, 0x88, 
    0x01, 0x70, 0x01, 0x60, 0x00, 0x48, 0x00, 0x40, 0x00, 0x30, 0x00, 0x28, 
    0x00, 0x30, 0x02, 0x50, 0x45, 0x80, 0x67, 0xb8, 0x89, 0xd0, 0x26, 0xa8, 
    0x01, 0x58, 0x01, 0x50, 0x01, 0x50, 0x00, 0x50, 0x00, 0x48, 0x00, 0x40, 
    0x00, 0x40, 0x00, 0x48, 0x00, 0x48, 0x01, 0x40, 0x00, 0x40, 0x00, 0x50, 
    0x00, 0x60, 0x00, 0x68, 0x00, 0x70, 0x00, 0x78, 0x01, 0x78, 0x01, 0x80, 
    0x02, 0x88, 0x02, 0x90, 0x03, 0x98, 0x03, 0x98, 0x04, 0xa0, 0x05, 0xa8, 
    0x05, 0xa8, 0x05, 0xb0, 0x06, 0xa8, 0x07, 0xb0, 0x07, 0xb0, 0x08, 0xb8, 
    0x29, 0xb8, 0x4a, 0xc0, 0x49, 0xb8, 0x08, 0xb8, 0x29, 0xb8, 0x06, 0xa8, 
    0x04, 0xa0, 0x04, 0x98, 0x04, 0x98, 0x04, 0xa0, 0x05, 0xb0, 0x46, 0xb8, 
    0xc9, 0xc8, 0x88, 0xa8, 0x04, 0x98, 0x05, 0x98, 0x05, 0xa0, 0x05, 0xa0, 
    0x06, 0xa8, 0x04, 0x88, 0x02, 0x80, 0x02, 0x88, 0x03, 0x90, 0x03, 0x90, 
    0x26, 0xa0, 0xcd, 0xd1, 0x50, 0xda, 0xcd, 0xb1, 0x65, 0x60, 0x24, 0x50, 
    0x24, 0x58, 0x24, 0x58, 0x23, 0x58, 0x23, 0x50, 0x24, 0x50, 0x24, 0x58, 
    0x24, 0x58, 0x23, 0x50, 0x24, 0x50, 0x24, 0x58, 0x24, 0x58, 0x23, 0x58, 
    0x24, 0x58, 0x24, 0x58, 0x24, 0x58, 0x23, 0x50, 0x24, 0x58, 0x24, 0x58, 
    0x24, 0x58, 0x24, 0x58, 0x24, 0x58, 0x44, 0x58, 0x24, 0x58, 0x24, 0x58, 
    0x24, 0x58, 0x24, 0x58, 0x24, 0x58, 0x24, 0x58, 0x24, 0x58, 0x24, 0x58, 
    0x24, 0x58, 0x24, 0x58, 0x24, 0x58, 0x44, 0x58, 0x24, 0x58, 0x24, 0x58, 
    0x24, 0x58, 0x24, 0x58, 0x24, 0x58, 0x23, 0x58, 0x23, 0x58, 0x24, 0x58, 
    0x24, 0x58, 0x24, 0x58, 0x44, 0x58, 0x44, 0x58, 0x24, 0x58, 0x44, 0x58, 
    0x44, 0x58, 0x24, 0x58, 0x24, 0x58, 0x24, 0x58, 0x24, 0x58, 0x24, 0x58, 
    0x24, 0x58, 0x24, 0x58, 0x24, 0x58, 0x23, 0x58, 0x24, 0x58, 0x24, 0x58, 
    0x23, 0x50, 0x23, 0x50, 0x23, 0x50, 0x23, 0x50, 0x23, 0x48, 0x23, 0x50, 
    0x23, 0x48, 0x23, 0x50, 0x03, 0x50, 0x23, 0x48, 0x23, 0x48, 0x23, 0x48, 
    0x23, 0x50, 0x23, 0x50, 0x23, 0x50, 0x23, 0x50, 0x23, 0x48, 0x23, 0x50, 
    0x23, 0x50, 0x23, 0x50, 0x23, 0x50, 0x23, 0x50, 0x23, 0x50, 0x23, 0x50, 
    0x23, 0x50, 0x23, 0x50, 0x23, 0x50, 0x23, 0x50, 0x23, 0x50, 0x24, 0x50, 
    0x23, 0x50, 0x23, 0x50, 0x23, 0x50, 0x23, 0x50, 0x23, 0x58, 0x24, 0x58, 
    0x24, 0x58, 0x24, 0x50, 0x23, 0x50, 0x23, 0x50, 0x23, 0x50, 0x23, 0x50, 
    0x23, 0x50, 0x23, 0x50, 0x24, 0x50, 0x24, 0x50, 0x24, 0x50, 0x23, 0x50, 
    0x23, 0x50, 0x23, 0x50, 0x44, 0x50, 0x23, 0x50, 0x44, 0x50, 0x44, 0x50, 
    0x24, 0x50, 0x44, 0x50, 0x23, 0x50, 0x23, 0x50, 0x43, 0x50, 0x43, 0x50, 
    0x62, 0x48, 0xc1, 0x30, 0xc0, 0x10, 0xc0, 0x08, 0x80, 0x21, 0xc0, 0x29, 
    0x80, 0x21, 0xe0, 0x31, 0xe0, 0x31, 0xa0, 0x29, 0x00, 0x3a, 0x40, 0x21, 
    0xc0, 0x10, 0x80, 0x10, 0x60, 0x10, 0x20, 0x18, 0x20, 0x40, 0x01, 0x70, 
    0x01, 0x78, 0x02, 0x78, 0x02, 0x78, 0x02, 0x78, 0x46, 0x98, 0x8f, 0xe9, 
    0x11, 0xf2, 0x11, 0xfa, 0xb0, 0xe9, 0xed, 0xe0, 0xab, 0xd0, 0x06, 0xb0, 
    0x03, 0x90, 0x01, 0x80, 0x01, 0x78, 0x00, 0x78, 0x00, 0x70, 0x00, 0x68, 
    0x00, 0x60, 0x00, 0x58, 0x00, 0x40, 0x00, 0x28, 0x00, 0x28, 0x00, 0x28, 
    0x04, 0x68, 0xee, 0xe8, 0x50, 0xf9, 0x88, 0xc0, 0x22, 0x78, 0x00, 0x48, 
    0x00, 0x40, 0x00, 0x50, 0x00, 0x40, 0x00, 0x28, 0x00, 0x28, 0x86, 0x80, 
    0xea, 0xc0, 0xec, 0xe0, 0x0e, 0xf1, 0x0e, 0xf9, 0xad, 0xf0, 0x8b, 0xe0, 
    0x6a, 0xd8, 0x68, 0xd0, 0x28, 0xc8, 0x26, 0xc0, 0x24, 0xa8, 0x02, 0x98, 
    0x02, 0x90, 0x02, 0x90, 0x02, 0x90, 0x03, 0x98, 0x03, 0x98, 0x03, 0x98, 
    0x03, 0x88, 0x02, 0x80, 0x01, 0x70, 0x00, 0x70, 0x00, 0x78, 0x01, 0x78, 
    0x01, 0x80, 0x01, 0x88, 0x02, 0x90, 0x03, 0x98, 0x04, 0xa0, 0x04, 0xa0, 
    0x05, 0xa8, 0x05, 0xb0, 0x05, 0xb0, 0x06, 0xb0, 0x07, 0xb0, 0x08, 0xb0, 
    0x08, 0xb8, 0x4a, 0xc0, 0x49, 0xb8, 0x29, 0xc0, 0x29, 0xb8, 0x26, 0xa0, 
    0x03, 0x98, 0x03, 0x98, 0x03, 0x98, 0x03, 0xa0, 0x05, 0xb0, 0x46, 0xb8, 
    0xca, 0xc0, 0x25, 0x98, 0x04, 0x98, 0x05, 0xa0, 0x06, 0xa0, 0x06, 0xa8, 
    0x26, 0xa8, 0x03, 0x88, 0x02, 0x88, 0x02, 0x90, 0x23, 0x90, 0x03, 0x98, 
    0x04, 0x98, 0x26, 0xa0, 0xea, 0xb0, 0x09, 0x89, 0x44, 0x58, 0x24, 0x58, 
    0x24, 0x58, 0x23, 0x58, 0x24, 0x58, 0x23, 0x50, 0x24, 0x50, 0x24, 0x58, 
    0x24, 0x58, 0x24, 0x50, 0x24, 0x58, 0x24, 0x58, 0x24, 0x58, 0x24, 0x58, 
    0x24, 0x58, 0x23, 0x58, 0x23, 0x58, 0x24, 0x58, 0x24, 0x58, 0x24, 0x58, 
    0x24, 0x58, 0x24, 0x58, 0x24, 0x58, 0x24, 0x58, 0x44, 0x58, 0x24, 0x58, 
    0x24, 0x58, 0x24, 0x58, 0x24, 0x58, 0x24, 0x58, 0x24, 0x58, 0x24, 0x58, 
    0x24, 0x58, 0x24, 0x58, 0x24, 0x58, 0x24, 0x58, 0x24, 0x58, 0x24, 0x58, 
    0x44, 0x58, 0x24, 0x58, 0x24, 0x58, 0x44, 0x58, 0x24, 0x58, 0x44, 0x58, 
    0x24, 0x58, 0x24, 0x58, 0x24, 0x58, 0x24, 0x58, 0x24, 0x58, 0x44, 0x58, 
    0x24, 0x58, 0x24, 0x58, 0x44, 0x58, 0x24, 0x58, 0x24, 0x58, 0x24, 0x58, 
    0x24, 0x58, 0x24, 0x58, 0x24, 0x58, 0x24, 0x50, 0x24, 0x58, 0x24, 0x58, 
    0x23, 0x50, 0x23, 0x50, 0x23, 0x48, 0x23, 0x50, 0x23, 0x50, 0x23, 0x48, 
    0x23, 0x50, 0x23, 0x48, 0x23, 0x48, 0x23, 0x50, 0x23, 0x48, 0x23, 0x50, 
    0x23, 0x48, 0x23, 0x50, 0x23, 0x50, 0x23, 0x48, 0x23, 0x50, 0x23, 0x50, 
    0x23, 0x50, 0x23, 0x50, 0x23, 0x50, 0x23, 0x50, 0x23, 0x50, 0x24, 0x50, 
    0x23, 0x50, 0x23, 0x50, 0x23, 0x50, 0x23, 0x50, 0x24, 0x50, 0x23, 0x58, 
    0x23, 0x50, 0x23, 0x50, 0x24, 0x50, 0x24, 0x58, 0x23, 0x50, 0x24, 0x50, 
    0x23, 0x50, 0x23, 0x50, 0x24, 0x58, 0x23, 0x50, 0x24, 0x58, 0x23, 0x50, 
    0x23, 0x50, 0x23, 0x50, 0x24, 0x50, 0x44, 0x50, 0x44, 0x50, 0x23, 0x50, 
    0x43, 0x50, 0x43, 0x50, 0x44, 0x50, 0x24, 0x50, 0x24, 0x50, 0x24, 0x50, 
    0x43, 0x50, 0x43, 0x50, 0x43, 0x50, 0x44, 0x50, 0x43, 0x50, 0x43, 0x50, 
    0x43, 0x50, 0xc2, 0x48, 0xc1, 0x39, 0x60, 0x21, 0x40, 0x21, 0x40, 0x21, 
    0x00, 0x19, 0xc0, 0x10, 0x40, 0x21, 0x00, 0x19, 0x40, 0x21, 0x40, 0x29, 
    0xc0, 0x10, 0xa0, 0x10, 0x40, 0x10, 0xc1, 0x28, 0x80, 0x28, 0x21, 0x60, 
    0x01, 0x78, 0x01, 0x78, 0x01, 0x78, 0x02, 0x80, 0xeb, 0xc0, 0xb0, 0xf1, 
    0x72, 0xfa, 0x31, 0xf2, 0xaf, 0xe9, 0xec, 0xd8, 0x8a, 0xc0, 0x05, 0xa0, 
    0x02, 0x88, 0x01, 0x80, 0x00, 0x78, 0x00, 0x70, 0x00, 0x68, 0x00, 0x60, 
    0x00, 0x58, 0x00, 0x38, 0x00, 0x28, 0x00, 0x28, 0x00, 0x30, 0x00, 0x38, 
    0x6a, 0xc0, 0x30, 0xf9, 0x6a, 0xc8, 0x01, 0x70, 0x00, 0x28, 0x00, 0x30, 
    0x00, 0x50, 0x00, 0x40, 0x00, 0x28, 0x00, 0x20, 0x25, 0x78, 0x10, 0xfa, 
    0xb0, 0xf9, 0x2f, 0xf9, 0x0f, 0xf9, 0xce, 0xf0, 0x8d, 0xe8, 0x2a, 0xd8, 
    0x2a, 0xd8, 0x4a, 0xd8, 0x2a, 0xd0, 0x4a, 0xd0, 0x49, 0xd0, 0x28, 0xc8, 
    0x05, 0xb0, 0x02, 0xa0, 0x02, 0x98, 0x03, 0xa0, 0x04, 0xa8, 0x05, 0xb0, 
    0x06, 0xb0, 0x05, 0xb0, 0x05, 0xb0, 0x03, 0x90, 0x00, 0x70, 0x00, 0x70, 
    0x00, 0x78, 0x01, 0x80, 0x01, 0x88, 0x02, 0x90, 0x03, 0x98, 0x04, 0xa0, 
    0x05, 0xa8, 0x06, 0xa8, 0x05, 0xa8, 0x05, 0xb0, 0x06, 0xb0, 0x07, 0xb8, 
    0x08, 0xb8, 0x09, 0xb8, 0x29, 0xb8, 0x29, 0xb8, 0x29, 0xb8, 0x25, 0xa0, 
    0x03, 0x98, 0x02, 0x90, 0x02, 0x98, 0x03, 0xa0, 0x04, 0xb0, 0xa8, 0xc0, 
    0x87, 0xa0, 0x05, 0x98, 0x26, 0xa8, 0x0a, 0xc1, 0x0b, 0xc9, 0x89, 0xb0, 
    0x26, 0xa0, 0x03, 0x90, 0x02, 0x88, 0x03, 0x90, 0x03, 0x90, 0x04, 0x98, 
    0x04, 0x98, 0x04, 0x98, 0x04, 0x98, 0x66, 0x90, 0x63, 0x58, 0x44, 0x58, 
    0x24, 0x58, 0x24, 0x58, 0x24, 0x58, 0x24, 0x50, 0x24, 0x58, 0x24, 0x50, 
    0x24, 0x50, 0x24, 0x58, 0x24, 0x58, 0x23, 0x58, 0x24, 0x58, 0x24, 0x58, 
    0x24, 0x58, 0x24, 0x58, 0x23, 0x58, 0x44, 0x58, 0x23, 0x58, 0x23, 0x58, 
    0x24, 0x58, 0x24, 0x58, 0x24, 0x58, 0x24, 0x58, 0x24, 0x58, 0x24, 0x58, 
    0x24, 0x58, 0x24, 0x58, 0x24, 0x58, 0x24, 0x58, 0x24, 0x58, 0x24, 0x58, 
    0x24, 0x58, 0x24, 0x58, 0x24, 0x58, 0x44, 0x58, 0x23, 0x58, 0x24, 0x58, 
    0x24, 0x58, 0x23, 0x58, 0x24, 0x58, 0x24, 0x58, 0x24, 0x58, 0x23, 0x58, 
    0x24, 0x58, 0x44, 0x58, 0x24, 0x58, 0x24, 0x58, 0x24, 0x58, 0x24, 0x58, 
    0x24, 0x58, 0x24, 0x50, 0x24, 0x58, 0x23, 0x58, 0x24, 0x58, 0x24, 0x58, 
    0x24, 0x58, 0x24, 0x58, 0x24, 0x58, 0x24, 0x58, 0x24, 0x58, 0x44, 0x58, 
    0x23, 0x50, 0x23, 0x48, 0x23, 0x48, 0x23, 0x48, 0x23, 0x50, 0x23, 0x48, 
    0x23, 0x48, 0x23, 0x48, 0x23, 0x48, 0x23, 0x48, 0x23, 0x48, 0x23, 0x48, 
    0x23, 0x48, 0x23, 0x48, 0x23, 0x48, 0x23, 0x50, 0x23, 0x50, 0x23, 0x48, 
    0x23, 0x50, 0x23, 0x50, 0x23, 0x50, 0x23, 0x50, 0x23, 0x50, 0x23, 0x50, 
    0x23, 0x50, 0x23, 0x50, 0x23, 0x50, 0x23, 0x50, 0x23, 0x50, 0x23, 0x50, 
    0x23, 0x50, 0x24, 0x50, 0x23, 0x50, 0x23, 0x58, 0x23, 0x58, 0x23, 0x50, 
    0x24, 0x50, 0x23, 0x58, 0x23, 0x50, 0x23, 0x50, 0x23, 0x50, 0x24, 0x50, 
    0x23, 0x50, 0x23, 0x50, 0x44, 0x50, 0x24, 0x50, 0x23, 0x50, 0x43, 0x50, 
    0x43, 0x50, 0x62, 0x48, 0x62, 0x48, 0x62, 0x40, 0x81, 0x40, 0x80, 0x30, 
    0x80, 0x28, 0x81, 0x38, 0x62, 0x38, 0x43, 0x48, 0x43, 0x50, 0x43, 0x50, 
    0x43, 0x50, 0xe1, 0x48, 0x60, 0x29, 0x40, 0x21, 0x20, 0x29, 0x20, 0x29, 
    0x20, 0x29, 0x00, 0x21, 0x00, 0x21, 0x20, 0x21, 0x00, 0x21, 0x40, 0x29, 
    0x00, 0x21, 0xa0, 0x18, 0x60, 0x20, 0xa0, 0x28, 0xe0, 0x30, 0xc3, 0x58, 
    0x02, 0x78, 0x01, 0x78, 0x01, 0x78, 0x24, 0x88, 0x4d, 0xd1, 0x31, 0xfa, 
    0x52, 0xfa, 0xd0, 0xf1, 0x6f, 0xe9, 0xec, 0xd0, 0x27, 0xa8, 0x03, 0x88, 
    0x01, 0x80, 0x01, 0x78, 0x00, 0x70, 0x00, 0x68, 0x00, 0x60, 0x00, 0x58, 
    0x00, 0x38, 0x00, 0x28, 0x00, 0x30, 0x00, 0x30, 0x00, 0x38, 0x47, 0x98, 
    0x0f, 0xf9, 0xac, 0xd8, 0x23, 0x80, 0x00, 0x28, 0x00, 0x40, 0x00, 0x58, 
    0x00, 0x48, 0x00, 0x28, 0x00, 0x28, 0x02, 0x60, 0x4d, 0xe1, 0xd0, 0xf9, 
    0x50, 0xf9, 0x2f, 0xf9, 0xce, 0xf0, 0x8c, 0xe0, 0x4b, 0xd8, 0x08, 0xc8, 
    0x07, 0xc0, 0x07, 0xc0, 0x07, 0xc0, 0x08, 0xc0, 0x08, 0xc0, 0x28, 0xc0, 
    0x28, 0xc0, 0x06, 0xb8, 0x04, 0xb0, 0x03, 0xa0, 0x03, 0xa0, 0x05, 0xb0, 
    0x06, 0xb8, 0x07, 0xb8, 0x06, 0xb8, 0x06, 0xb8, 0x04, 0xa8, 0x03, 0x90, 
    0x02, 0x88, 0x01, 0x80, 0x01, 0x88, 0x01, 0x88, 0x02, 0x90, 0x03, 0x98, 
    0x04, 0xa0, 0x05, 0xa8, 0x05, 0xb0, 0x04, 0xa8, 0x05, 0xb0, 0x05, 0xb0, 
    0x07, 0xb0, 0x08, 0xb8, 0x09, 0xb8, 0x08, 0xb8, 0x08, 0xb8, 0x05, 0xa0, 
    0x02, 0x90, 0x01, 0x90, 0x02, 0x90, 0x02, 0xa0, 0x45, 0xb0, 0xca, 0xb8, 
    0x66, 0xb0, 0xc8, 0xc8, 0xaa, 0xc0, 0x68, 0xb8, 0x68, 0xb8, 0x68, 0xb0, 
    0x67, 0xa8, 0x46, 0x98, 0x04, 0x90, 0x03, 0x90, 0x03, 0x98, 0x04, 0x98, 
    0x04, 0x98, 0x03, 0x98, 0x04, 0xa0, 0x05, 0x98, 0x86, 0x78, 0x63, 0x58, 
    0x23, 0x50, 0x24, 0x58, 0x24, 0x58, 0x24, 0x58, 0x24, 0x58, 0x24, 0x58, 
    0x24, 0x58, 0x23, 0x58, 0x24, 0x58, 0x24, 0x58, 0x24, 0x58, 0x24, 0x58, 
    0x23, 0x58, 0x24, 0x58, 0x24, 0x58, 0x24, 0x58, 0x23, 0x58, 0x24, 0x58, 
    0x44, 0x58, 0x24, 0x58, 0x24, 0x58, 0x24, 0x58, 0x24, 0x58, 0x24, 0x58, 
    0x24, 0x58, 0x24, 0x58, 0x44, 0x58, 0x24, 0x58, 0x24, 0x58, 0x24, 0x58, 
    0x24, 0x58, 0x24, 0x58, 0x24, 0x58, 0x24, 0x58, 0x44, 0x58, 0x24, 0x58, 
    0x23, 0x58, 0x44, 0x58, 0x24, 0x58, 0x44, 0x58, 0x43, 0x58, 0x24, 0x58, 
    0x24, 0x58, 0x24, 0x58, 0x24, 0x58, 0x24, 0x58, 0x24, 0x58, 0x24, 0x58, 
    0x24, 0x58, 0x24, 0x58, 0x24, 0x58, 0x24, 0x58, 0x24, 0x58, 0x44, 0x58, 
    0x24, 0x58, 0x24, 0x58, 0x24, 0x58, 0x24, 0x58, 0x24, 0x58, 0x24, 0x58, 
    0x23, 0x48, 0x23, 0x48, 0x23, 0x48, 0x23, 0x48, 0x23, 0x48, 0x23, 0x48, 
    0x23, 0x48, 0x23, 0x48, 0x23, 0x48, 0x23, 0x48, 0x23, 0x50, 0x23, 0x48, 
    0x23, 0x48, 0x23, 0x48, 0x23, 0x48, 0x23, 0x48, 0x43, 0x50, 0x23, 0x48, 
    0x23, 0x48, 0x23, 0x48, 0x23, 0x50, 0x23, 0x50, 0x23, 0x50, 0x23, 0x50, 
    0x23, 0x50, 0x23, 0x50, 0x23, 0x50, 0x23, 0x50, 0x23, 0x50, 0x23, 0x50, 
    0x23, 0x50, 0x23, 0x58, 0x23, 0x50, 0x24, 0x58, 0x24, 0x50, 0x23, 0x50, 
    0x24, 0x58, 0x23, 0x50, 0x23, 0x50, 0x23, 0x50, 0x23, 0x50, 0x23, 0x50, 
    0x23, 0x50, 0x23, 0x50, 0x42, 0x50, 0x62, 0x48, 0xa1, 0x48, 0xc0, 0x40, 
    0xe0, 0x38, 0x20, 0x31, 0xe0, 0x20, 0xe0, 0x18, 0xe0, 0x18, 0xc0, 0x10, 
    0xa0, 0x08, 0xa0, 0x08, 0x80, 0x10, 0x80, 0x18, 0x41, 0x38, 0x43, 0x50, 
    0x63, 0x50, 0xa0, 0x30, 0xc0, 0x18, 0xe0, 0x20, 0x00, 0x29, 0x20, 0x29, 
    0x20, 0x29, 0x20, 0x29, 0x20, 0x29, 0x00, 0x21, 0x00, 0x21, 0x20, 0x29, 
    0x20, 0x29, 0xa0, 0x20, 0xa0, 0x28, 0xc0, 0x30, 0x02, 0x41, 0x44, 0x59, 
    0x64, 0x78, 0x01, 0x78, 0x01, 0x78, 0x46, 0x90, 0xaf, 0xe1, 0x52, 0xfa, 
    0x11, 0xf2, 0x90, 0xe9, 0x0d, 0xd9, 0x8a, 0xc0, 0x05, 0x98, 0x02, 0x80, 
    0x01, 0x78, 0x00, 0x70, 0x00, 0x68, 0x00, 0x60, 0x00, 0x58, 0x00, 0x38, 
    0x00, 0x28, 0x00, 0x30, 0x00, 0x30, 0x00, 0x38, 0x03, 0x68, 0x0e, 0xe9, 
    0x0e, 0xe9, 0x26, 0xb0, 0x00, 0x38, 0x00, 0x48, 0x00, 0x70, 0x00, 0x60, 
    0x00, 0x30, 0x00, 0x28, 0x00, 0x48, 0xa9, 0xc0, 0x6f, 0xf9, 0x2f, 0xf9, 
    0xee, 0xf0, 0xce, 0xf0, 0x6c, 0xe0, 0x09, 0xc8, 0x08, 0xc0, 0x06, 0xb0, 
    0x05, 0xa8, 0x04, 0xa8, 0x05, 0xa8, 0x04, 0xa8, 0x05, 0xa8, 0x05, 0xa8, 
    0x06, 0xb0, 0x06, 0xb0, 0x06, 0xb8, 0x06, 0xb8, 0x04, 0xb0, 0x03, 0xa8, 
    0x05, 0xb0, 0x07, 0xb8, 0x08, 0xc0, 0x08, 0xc0, 0x07, 0xc0, 0x06, 0xb8, 
    0x07, 0xb8, 0x07, 0xb8, 0x06, 0xb0, 0x04, 0x98, 0x02, 0x90, 0x03, 0x98, 
    0x04, 0xa0, 0x04, 0xa8, 0x04, 0xa8, 0x04, 0xa8, 0x04, 0xa8, 0x05, 0xb0, 
    0x06, 0xb0, 0x07, 0xb0, 0x08, 0xb8, 0x09, 0xb8, 0x08, 0xb8, 0x05, 0x98, 
    0x01, 0x88, 0x01, 0x90, 0x02, 0x98, 0x03, 0xa0, 0xa8, 0xc0, 0x88, 0xc0, 
    0x09, 0xd1, 0xea, 0xc0, 0x06, 0xa8, 0x06, 0xa8, 0x06, 0xa8, 0x06, 0xa0, 
    0x06, 0xa8, 0x67, 0xa8, 0x67, 0xa0, 0x25, 0x98, 0x04, 0x90, 0x04, 0x98, 
    0x04, 0x90, 0x03, 0x98, 0x04, 0xa0, 0x25, 0xa0, 0x86, 0x88, 0x63, 0x50, 
    0x43, 0x50, 0x23, 0x50, 0x24, 0x58, 0x24, 0x58, 0x24, 0x50, 0x03, 0x50, 
    0x24, 0x58, 0x23, 0x58, 0x24, 0x58, 0x24, 0x58, 0x24, 0x58, 0x24, 0x58, 
    0x24, 0x58, 0x24, 0x58, 0x24, 0x58, 0x24, 0x58, 0x24, 0x58, 0x24, 0x58, 
    0x24, 0x58, 0x24, 0x58, 0x24, 0x58, 0x24, 0x58, 0x24, 0x58, 0x24, 0x58, 
    0x24, 0x58, 0x24, 0x58, 0x24, 0x58, 0x24, 0x58, 0x24, 0x58, 0x24, 0x58, 
    0x24, 0x58, 0x44, 0x58, 0x24, 0x58, 0x44, 0x58, 0x24, 0x58, 0x23, 0x58, 
    0x24, 0x58, 0x24, 0x58, 0x23, 0x58, 0x44, 0x58, 0x24, 0x58, 0x43, 0x58, 
    0x24, 0x58, 0x24, 0x58, 0x44, 0x58, 0x24, 0x58, 0x44, 0x58, 0x24, 0x58, 
    0x24, 0x58, 0x24, 0x58, 0x24, 0x58, 0x23, 0x50, 0x24, 0x58, 0x24, 0x58, 
    0x44, 0x58, 0x23, 0x58, 0x44, 0x58, 0x24, 0x58, 0x24, 0x58, 0x44, 0x58, 
    0x23, 0x48, 0x23, 0x48, 0x23, 0x50, 0x23, 0x48, 0x23, 0x48, 0x23, 0x48, 
    0x03, 0x48, 0x23, 0x48, 0x23, 0x48, 0x23, 0x48, 0x23, 0x48, 0x23, 0x48, 
    0x23, 0x48, 0x23, 0x48, 0x23, 0x48, 0x23, 0x48, 0x23, 0x48, 0x23, 0x48, 
    0x23, 0x48, 0x23, 0x48, 0x23, 0x50, 0x23, 0x50, 0x23, 0x50, 0x23, 0x50, 
    0x23, 0x50, 0x23, 0x50, 0x24, 0x50, 0x23, 0x50, 0x23, 0x50, 0x23, 0x50, 
    0x23, 0x50, 0x23, 0x50, 0x24, 0x58, 0x23, 0x58, 0x23, 0x50, 0x23, 0x58, 
    0x24, 0x58, 0x24, 0x58, 0x24, 0x58, 0x23, 0x50, 0x23, 0x50, 0x23, 0x50, 
    0x23, 0x50, 0x81, 0x48, 0x20, 0x41, 0x40, 0x39, 0x80, 0x31, 0x80, 0x29, 
    0x60, 0x21, 0x40, 0x19, 0x00, 0x11, 0xe0, 0x10, 0xc0, 0x08, 0xa0, 0x08, 
    0xa0, 0x08, 0x80, 0x00, 0x80, 0x00, 0x80, 0x08, 0x60, 0x18, 0x62, 0x40, 
    0x62, 0x48, 0xa0, 0x20, 0xc0, 0x10, 0xe0, 0x18, 0x20, 0x21, 0x20, 0x29, 
    0x00, 0x29, 0x00, 0x21, 0x20, 0x29, 0x00, 0x21, 0x00, 0x29, 0x00, 0x21, 
    0x00, 0x29, 0x20, 0x31, 0x00, 0x31, 0x01, 0x41, 0x64, 0x51, 0x86, 0x69, 
    0x67, 0x81, 0x02, 0x78, 0x02, 0x70, 0xaa, 0xb8, 0x11, 0xf2, 0x31, 0xfa, 
    0xd0, 0xf1, 0x6f, 0xe1, 0xec, 0xd0, 0x48, 0xb0, 0x03, 0x88, 0x01, 0x78, 
    0x01, 0x78, 0x00, 0x70, 0x00, 0x68, 0x00, 0x58, 0x00, 0x40, 0x00, 0x28, 
    0x00, 0x30, 0x00, 0x30, 0x00, 0x38, 0x01, 0x50, 0x6a, 0xc0, 0xce, 0xf0, 
    0x29, 0xc8, 0x02, 0x88, 0x00, 0x40, 0x00, 0x78, 0x00, 0x78, 0x00, 0x48, 
    0x00, 0x28, 0x00, 0x30, 0x67, 0xa8, 0x6f, 0xf9, 0x4f, 0xf9, 0x2f, 0xf9, 
    0xad, 0xe8, 0x4b, 0xd8, 0x29, 0xc8, 0x07, 0xb8, 0x05, 0xa8, 0x04, 0x98, 
    0x03, 0x98, 0x02, 0x90, 0x03, 0x90, 0x02, 0x90, 0x03, 0x90, 0x03, 0x90, 
    0x04, 0x98, 0x04, 0xa0, 0x05, 0xa8, 0x06, 0xb0, 0x06, 0xb8, 0x05, 0xb8, 
    0x04, 0xa8, 0x05, 0xb0, 0x07, 0xc0, 0x09, 0xc8, 0x08, 0xc8, 0x08, 0xc8, 
    0x07, 0xc0, 0x07, 0xc0, 0x08, 0xc0, 0x08, 0xc0, 0x06, 0xb0, 0x04, 0x98, 
    0x03, 0x98, 0x03, 0xa0, 0x04, 0xa8, 0x04, 0xa8, 0x04, 0xa8, 0x05, 0xb0, 
    0x05, 0xb0, 0x06, 0xb0, 0x07, 0xb0, 0x08, 0xb8, 0x09, 0xc0, 0x25, 0xa0, 
    0x01, 0x88, 0x01, 0x90, 0x01, 0x90, 0x24, 0xb0, 0xc9, 0xc8, 0x09, 0xd1, 
    0x6b, 0xd1, 0x88, 0xb0, 0x05, 0xa0, 0x05, 0xa0, 0x05, 0xa0, 0x05, 0xa0, 
    0x05, 0xa0, 0x06, 0xa0, 0x47, 0xa8, 0x47, 0xa8, 0x88, 0xb0, 0xc8, 0xb0, 
    0x46, 0xa0, 0x04, 0x98, 0x24, 0xa0, 0x45, 0xb0, 0x86, 0x90, 0xc3, 0x50, 
    0x82, 0x48, 0x63, 0x50, 0x43, 0x50, 0x23, 0x58, 0x24, 0x58, 0x24, 0x50, 
    0x24, 0x58, 0x23, 0x58, 0x24, 0x58, 0x24, 0x58, 0x24, 0x58, 0x24, 0x58, 
    0x44, 0x58, 0x24, 0x58, 0x24, 0x58, 0x24, 0x58, 0x24, 0x58, 0x24, 0x58, 
    0x24, 0x58, 0x24, 0x58, 0x24, 0x58, 0x24, 0x58, 0x24, 0x58, 0x24, 0x58, 
    0x44, 0x58, 0x44, 0x58, 0x24, 0x58, 0x24, 0x58, 0x24, 0x58, 0x24, 0x58, 
    0x24, 0x58, 0x24, 0x58, 0x24, 0x58, 0x23, 0x58, 0x24, 0x58, 0x24, 0x58, 
    0x24, 0x58, 0x24, 0x58, 0x24, 0x58, 0x23, 0x58, 0x24, 0x58, 0x23, 0x58, 
    0x24, 0x58, 0x24, 0x58, 0x24, 0x58, 0x24, 0x58, 0x24, 0x50, 0x24, 0x58, 
    0x44, 0x58, 0x24, 0x58, 0x24, 0x58, 0x24, 0x58, 0x23, 0x58, 0x24, 0x50, 
    0x23, 0x58, 0x24, 0x58, 0x23, 0x58, 0x24, 0x58, 0x44, 0x58, 0x23, 0x58, 
    0x23, 0x48, 0x23, 0x48, 0x23, 0x50, 0x23, 0x48, 0x23, 0x48, 0x23, 0x48, 
    0x23, 0x48, 0x23, 0x48, 0x23, 0x48, 0x23, 0x48, 0x23, 0x48, 0x23, 0x48, 
    0x23, 0x48, 0x23, 0x48, 0x23, 0x48, 0x23, 0x48, 0x23, 0x48, 0x23, 0x48, 
    0x23, 0x48, 0x23, 0x48, 0x23, 0x50, 0x23, 0x50, 0x23, 0x50, 0x23, 0x50, 
    0x24, 0x50, 0x24, 0x50, 0x23, 0x50, 0x23, 0x50, 0x23, 0x50, 0x24, 0x50, 
    0x23, 0x50, 0x24, 0x50, 0x24, 0x50, 0x23, 0x50, 0x23, 0x50, 0x23, 0x50, 
    0x23, 0x50, 0x24, 0x58, 0x24, 0x58, 0x23, 0x50, 0x23, 0x50, 0x23, 0x50, 
    0x43, 0x50, 0x62, 0x50, 0xc1, 0x48, 0x20, 0x41, 0x60, 0x39, 0x60, 0x31, 
    0x60, 0x21, 0x20, 0x19, 0x00, 0x11, 0xe0, 0x10, 0xc0, 0x08, 0xa0, 0x08, 
    0x80, 0x08, 0x80, 0x00, 0x80, 0x00, 0x60, 0x00, 0x60, 0x00, 0x80, 0x18, 
    0xe0, 0x38, 0xc0, 0x20, 0xc0, 0x10, 0x00, 0x19, 0x20, 0x21, 0x00, 0x21, 
    0x00, 0x21, 0x00, 0x21, 0x00, 0x21, 0x00, 0x21, 0x00, 0x21, 0x00, 0x21, 
    0x00, 0x21, 0x00, 0x29, 0x01, 0x39, 0x44, 0x51, 0xa6, 0x69, 0xc7, 0x79, 
    0xc8, 0x81, 0x64, 0x78, 0x04, 0x88, 0x6f, 0xe1, 0x31, 0xfa, 0x32, 0xfa, 
    0xb0, 0xe9, 0x4e, 0xd9, 0xaa, 0xc0, 0x26, 0xa0, 0x02, 0x80, 0x01, 0x78, 
    0x00, 0x70, 0x00, 0x68, 0x00, 0x60, 0x00, 0x40, 0x00, 0x28, 0x00, 0x28, 
    0x00, 0x30, 0x00, 0x38, 0x00, 0x48, 0x48, 0xb0, 0xad, 0xf0, 0x2a, 0xd8, 
    0x04, 0xb0, 0x01, 0x78, 0x00, 0x80, 0x00, 0x88, 0x00, 0x70, 0x00, 0x20, 
    0x00, 0x18, 0x03, 0x68, 0x2e, 0xe9, 0x4f, 0xf9, 0x0e, 0xf1, 0xee, 0xe8, 
    0x8c, 0xd8, 0x08, 0xb8, 0x06, 0xa8, 0x04, 0x98, 0x02, 0x90, 0x01, 0x88, 
    0x01, 0x80, 0x01, 0x80, 0x01, 0x78, 0x01, 0x78, 0x01, 0x78, 0x01, 0x78, 
    0x01, 0x78, 0x02, 0x88, 0x03, 0x88, 0x04, 0x98, 0x04, 0xa0, 0x05, 0xb0, 
    0x06, 0xb0, 0x05, 0xb0, 0x05, 0xb8, 0x07, 0xc8, 0x08, 0xc8, 0x08, 0xc8, 
    0x07, 0xc0, 0x07, 0xc0, 0x08, 0xc8, 0x08, 0xc0, 0x08, 0xc0, 0x07, 0xb8, 
    0x05, 0xb0, 0x04, 0xa8, 0x04, 0xa8, 0x04, 0xa8, 0x04, 0xb0, 0x04, 0xb0, 
    0x04, 0xb0, 0x05, 0xb0, 0x06, 0xb0, 0x08, 0xb8, 0x29, 0xc0, 0x26, 0xa8, 
    0x01, 0x88, 0x01, 0x90, 0x01, 0x90, 0x25, 0xb0, 0x87, 0xb8, 0x28, 0xc9, 
    0xab, 0xc9, 0x45, 0xa0, 0x04, 0x98, 0x04, 0x98, 0x04, 0x98, 0x04, 0x98, 
    0x04, 0xa0, 0x05, 0xa0, 0x05, 0xa0, 0x06, 0xa0, 0x47, 0xa8, 0x67, 0xa8, 
    0x88, 0xb0, 0x67, 0xa8, 0x26, 0xa8, 0x67, 0xb0, 0x87, 0x98, 0xe2, 0x40, 
    0xc2, 0x38, 0xa2, 0x48, 0x62, 0x50, 0x43, 0x58, 0x24, 0x58, 0x24, 0x58, 
    0x24, 0x58, 0x23, 0x58, 0x24, 0x58, 0x24, 0x58, 0x24, 0x58, 0x24, 0x58, 
    0x24, 0x58, 0x24, 0x58, 0x24, 0x58, 0x24, 0x58, 0x24, 0x58, 0x24, 0x58, 
    0x24, 0x58, 0x24, 0x58, 0x24, 0x58, 0x24, 0x58, 0x24, 0x58, 0x44, 0x58, 
    0x24, 0x58, 0x24, 0x58, 0x24, 0x58, 0x24, 0x58, 0x44, 0x58, 0x44, 0x58, 
    0x24, 0x58, 0x44, 0x58, 0x24, 0x58, 0x44, 0x58, 0x24, 0x58, 0x24, 0x58, 
    0x24, 0x58, 0x24, 0x58, 0x24, 0x58, 0x24, 0x58, 0x24, 0x58, 0x24, 0x58, 
    0x24, 0x58, 0x24, 0x58, 0x24, 0x58, 0x24, 0x58, 0x23, 0x58, 0x24, 0x58, 
    0x24, 0x58, 0x23, 0x58, 0x24, 0x58, 0x24, 0x58, 0x23, 0x58, 0x23, 0x58, 
    0x24, 0x58, 0x44, 0x58, 0x24, 0x58, 0x24, 0x58, 0x44, 0x58, 0x24, 0x58, 
    0x23, 0x48, 0x23, 0x48, 0x23, 0x48, 0x23, 0x48, 0x23, 0x48, 0x03, 0x48, 
    0x23, 0x48, 0x23, 0x48, 0x23, 0x48, 0x23, 0x48, 0x23, 0x48, 0x23, 0x48, 
    0x23, 0x48, 0x23, 0x48, 0x23, 0x48, 0x23, 0x48, 0x23, 0x48, 0x23, 0x48, 
    0x23, 0x50, 0x23, 0x50, 0x23, 0x50, 0x23, 0x50, 0x23, 0x50, 0x23, 0x50, 
    0x24, 0x50, 0x23, 0x50, 0x23, 0x50, 0x23, 0x50, 0x23, 0x58, 0x23, 0x50, 
    0x23, 0x58, 0x23, 0x50, 0x23, 0x50, 0x23, 0x50, 0x23, 0x58, 0x23, 0x58, 
    0x23, 0x50, 0x24, 0x50, 0x24, 0x50, 0x44, 0x58, 0x24, 0x50, 0x23, 0x50, 
    0x44, 0x50, 0x43, 0x50, 0x24, 0x50, 0x43, 0x50, 0x42, 0x50, 0x81, 0x48, 
    0xe0, 0x40, 0x00, 0x29, 0x00, 0x19, 0xc0, 0x08, 0xc0, 0x08, 0xa0, 0x08, 
    0x80, 0x08, 0x80, 0x08, 0x80, 0x00, 0x80, 0x08, 0x80, 0x08, 0xa0, 0x10, 
    0x40, 0x29, 0x00, 0x19, 0xe0, 0x10, 0x20, 0x19, 0x20, 0x21, 0x00, 0x21, 
    0x00, 0x29, 0x00, 0x29, 0x00, 0x21, 0x00, 0x21, 0x00, 0x21, 0x20, 0x21, 
    0x20, 0x21, 0xe0, 0x30, 0x43, 0x49, 0x87, 0x69, 0xc8, 0x71, 0xc8, 0x79, 
    0x09, 0x82, 0xc6, 0x88, 0xaa, 0xb8, 0x11, 0xfa, 0x31, 0xfa, 0xf1, 0xf1, 
    0x8f, 0xe9, 0x0c, 0xd1, 0x48, 0xb0, 0x04, 0x90, 0x01, 0x80, 0x01, 0x78, 
    0x00, 0x68, 0x00, 0x60, 0x00, 0x50, 0x00, 0x30, 0x00, 0x28, 0x00, 0x30, 
    0x00, 0x38, 0x00, 0x40, 0x05, 0x80, 0xce, 0xf0, 0x6b, 0xd8, 0x06, 0xb8, 
    0x02, 0x98, 0x01, 0x88, 0x01, 0x90, 0x00, 0x88, 0x20, 0x50, 0x00, 0x18, 
    0x00, 0x28, 0x4a, 0xc8, 0x70, 0xf9, 0x2f, 0xf9, 0xee, 0xe8, 0xac, 0xd0, 
    0x08, 0xb0, 0x05, 0x98, 0x03, 0x88, 0x01, 0x80, 0x00, 0x78, 0x00, 0x70, 
    0x00, 0x68, 0x00, 0x60, 0x00, 0x58, 0x00, 0x58, 0x00, 0x48, 0x00, 0x40, 
    0x00, 0x40, 0x00, 0x48, 0x00, 0x58, 0x01, 0x70, 0x02, 0x80, 0x03, 0x90, 
    0x04, 0xa0, 0x05, 0xb0, 0x06, 0xc0, 0x05, 0xb8, 0x07, 0xc0, 0x08, 0xc8, 
    0x07, 0xc8, 0x07, 0xc0, 0x08, 0xc0, 0x07, 0xc0, 0x07, 0xc0, 0x08, 0xc0, 
    0x08, 0xc8, 0x28, 0xc8, 0x06, 0xb0, 0x04, 0xa8, 0x04, 0xa8, 0x04, 0xb0, 
    0x04, 0xb0, 0x04, 0xb0, 0x05, 0xb0, 0x07, 0xb8, 0x08, 0xc0, 0x28, 0xb8, 
    0x01, 0x90, 0x01, 0x90, 0x01, 0x90, 0x23, 0x98, 0x66, 0xb8, 0x65, 0xb8, 
    0x09, 0xc1, 0x04, 0x90, 0x03, 0x98, 0x03, 0x98, 0x04, 0x98, 0x04, 0x98, 
    0x04, 0x98, 0x04, 0x98, 0x04, 0x98, 0x04, 0x98, 0x05, 0x98, 0x26, 0xa0, 
    0x66, 0xa8, 0x68, 0xb0, 0x68, 0xb0, 0x68, 0xb0, 0xa7, 0x98, 0x22, 0x39, 
    0x00, 0x29, 0xe1, 0x38, 0xc2, 0x40, 0x83, 0x50, 0x43, 0x58, 0x23, 0x58, 
    0x23, 0x58, 0x23, 0x58, 0x23, 0x58, 0x24, 0x58, 0x24, 0x58, 0x24, 0x58, 
    0x24, 0x58, 0x24, 0x58, 0x24, 0x58, 0x24, 0x58, 0x24, 0x58, 0x24, 0x58, 
    0x24, 0x58, 0x24, 0x58, 0x44, 0x58, 0x24, 0x58, 0x24, 0x58, 0x24, 0x58, 
    0x24, 0x58, 0x24, 0x58, 0x24, 0x58, 0x24, 0x58, 0x24, 0x58, 0x44, 0x58, 
    0x24, 0x58, 0x44, 0x58, 0x24, 0x58, 0x44, 0x58, 0x24, 0x58, 0x24, 0x58, 
    0x24, 0x58, 0x44, 0x58, 0x24, 0x58, 0x24, 0x58, 0x23, 0x58, 0x24, 0x58, 
    0x24, 0x58, 0x24, 0x58, 0x24, 0x58, 0x44, 0x58, 0x23, 0x58, 0x24, 0x58, 
    0x24, 0x58, 0x24, 0x58, 0x24, 0x58, 0x24, 0x58, 0x23, 0x58, 0x23, 0x58, 
    0x24, 0x58, 0x44, 0x58, 0x24, 0x58, 0x24, 0x58, 0x24, 0x58, 0x23, 0x58, 
    0x23, 0x48, 0x23, 0x48, 0x23, 0x48, 0x23, 0x48, 0x23, 0x48, 0x23, 0x48, 
    0x23, 0x48, 0x23, 0x48, 0x23, 0x48, 0x23, 0x48, 0x23, 0x48, 0x23, 0x48, 
    0x23, 0x48, 0x23, 0x48, 0x23, 0x48, 0x03, 0x48, 0x23, 0x48, 0x23, 0x48, 
    0x23, 0x50, 0x23, 0x50, 0x23, 0x50, 0x23, 0x50, 0x23, 0x50, 0x23, 0x50, 
    0x23, 0x50, 0x23, 0x50, 0x23, 0x50, 0x23, 0x50, 0x23, 0x50, 0x23, 0x50, 
    0x23, 0x50, 0x24, 0x50, 0x23, 0x50, 0x23, 0x50, 0x23, 0x58, 0x23, 0x50, 
    0x23, 0x50, 0x23, 0x50, 0x23, 0x50, 0x23, 0x58, 0x23, 0x50, 0x23, 0x50, 
    0x23, 0x50, 0x24, 0x50, 0x23, 0x50, 0x23, 0x50, 0x43, 0x50, 0x43, 0x50, 
    0x42, 0x50, 0xa1, 0x48, 0xe0, 0x30, 0xc0, 0x20, 0xc0, 0x18, 0xa0, 0x10, 
    0xa0, 0x08, 0x80, 0x08, 0x60, 0x08, 0x80, 0x10, 0x80, 0x18, 0x81, 0x30, 
    0xe1, 0x40, 0x00, 0x29, 0xe0, 0x10, 0x00, 0x19, 0x20, 0x21, 0x20, 0x21, 
    0x00, 0x21, 0x00, 0x21, 0x00, 0x21, 0x00, 0x21, 0x00, 0x21, 0x00, 0x21, 
    0x00, 0x31, 0x02, 0x41, 0x85, 0x61, 0xa7, 0x71, 0xc8, 0x79, 0x09, 0x82, 
    0x2a, 0x8a, 0x09, 0x91, 0x8f, 0xe1, 0x32, 0xfa, 0x11, 0xfa, 0xf0, 0xf1, 
    0x8f, 0xe1, 0xeb, 0xc8, 0x26, 0xa0, 0x03, 0x88, 0x01, 0x80, 0x00, 0x70, 
    0x00, 0x68, 0x00, 0x58, 0x00, 0x38, 0x00, 0x28, 0x00, 0x28, 0x00, 0x30, 
    0x00, 0x40, 0x01, 0x58, 0x4a, 0xc0, 0x6c, 0xe0, 0x08, 0xc8, 0x04, 0xa8, 
    0x01, 0x80, 0x01, 0x90, 0x01, 0x90, 0x00, 0x80, 0x00, 0x30, 0x00, 0x18, 
    0x03, 0x68, 0xad, 0xe8, 0x2f, 0xf9, 0x8d, 0xe8, 0x6b, 0xd0, 0x27, 0xb0, 
    0x03, 0x90, 0x01, 0x78, 0x00, 0x70, 0x00, 0x70, 0x00, 0x60, 0x00, 0x58, 
    0x00, 0x40, 0x00, 0x30, 0x00, 0x28, 0x00, 0x28, 0x00, 0x28, 0x00, 0x28, 
    0x00, 0x28, 0x00, 0x28, 0x00, 0x28, 0x00, 0x28, 0x00, 0x38, 0x00, 0x50, 
    0x01, 0x68, 0x03, 0x88, 0x04, 0xa0, 0x06, 0xb8, 0x06, 0xb8, 0x06, 0xc0, 
    0x07, 0xc0, 0x07, 0xc0, 0x06, 0xc0, 0x06, 0xc8, 0x08, 0xc8, 0x08, 0xc0, 
    0x09, 0xc8, 0x29, 0xc8, 0x4a, 0xd0, 0x28, 0xc8, 0x05, 0xb8, 0x04, 0xb0, 
    0x04, 0xb0, 0x04, 0xb0, 0x06, 0xb8, 0x07, 0xb8, 0x08, 0xc0, 0x28, 0xb8, 
    0x02, 0x88, 0x01, 0x90, 0x00, 0x90, 0x00, 0x88, 0x01, 0x90, 0x45, 0xb8, 
    0xc9, 0xb8, 0x03, 0x98, 0x03, 0x98, 0x03, 0x98, 0x04, 0x98, 0x04, 0x98, 
    0x03, 0x98, 0x03, 0x98, 0x04, 0x98, 0x04, 0x98, 0x04, 0x98, 0x05, 0xa0, 
    0x26, 0xa8, 0x46, 0xa8, 0x47, 0xa8, 0x48, 0xa8, 0xc7, 0x98, 0x01, 0x39, 
    0x20, 0x21, 0x00, 0x31, 0xe1, 0x38, 0xc2, 0x48, 0x63, 0x50, 0x43, 0x58, 
    0x23, 0x58, 0x23, 0x58, 0x23, 0x58, 0x24, 0x58, 0x24, 0x58, 0x24, 0x58, 
    0x24, 0x58, 0x24, 0x58, 0x24, 0x58, 0x24, 0x58, 0x24, 0x58, 0x24, 0x58, 
    0x24, 0x58, 0x24, 0x58, 0x24, 0x58, 0x24, 0x58, 0x24, 0x58, 0x24, 0x58, 
    0x24, 0x58, 0x24, 0x58, 0x24, 0x58, 0x24, 0x58, 0x24, 0x58, 0x24, 0x58, 
    0x24, 0x58, 0x24, 0x58, 0x24, 0x58, 0x44, 0x58, 0x24, 0x58, 0x24, 0x58, 
    0x44, 0x58, 0x24, 0x58, 0x24, 0x58, 0x24, 0x58, 0x24, 0x58, 0x24, 0x58, 
    0x24, 0x58, 0x44, 0x58, 0x24, 0x58, 0x23, 0x58, 0x23, 0x58, 0x24, 0x58, 
    0x24, 0x58, 0x24, 0x58, 0x24, 0x58, 0x23, 0x58, 0x24, 0x58, 0x23, 0x58, 
    0x24, 0x58, 0x24, 0x58, 0x24, 0x58, 0x24, 0x50, 0x24, 0x58, 0x23, 0x58, 
    0x23, 0x48, 0x23, 0x48, 0x23, 0x48, 0x23, 0x48, 0x23, 0x48, 0x23, 0x48, 
    0x23, 0x48, 0x23, 0x48, 0x23, 0x48, 0x23, 0x48, 0x23, 0x48, 0x23, 0x48, 
    0x23, 0x48, 0x23, 0x48, 0x23, 0x48, 0x23, 0x48, 0x23, 0x48, 0x23, 0x48, 
    0x23, 0x48, 0x23, 0x48, 0x23, 0x50, 0x43, 0x50, 0x23, 0x50, 0x23, 0x50, 
    0x23, 0x50, 0x23, 0x50, 0x23, 0x50, 0x23, 0x50, 0x23, 0x50, 0x23, 0x50, 
    0x23, 0x50, 0x24, 0x50, 0x23, 0x50, 0x23, 0x50, 0x23, 0x50, 0x23, 0x50, 
    0x23, 0x50, 0x23, 0x50, 0x23, 0x58, 0x23, 0x58, 0x23, 0x50, 0x23, 0x50, 
    0x23, 0x50, 0x24, 0x50, 0x24, 0x50, 0x44, 0x50, 0x24, 0x50, 0x24, 0x50, 
    0x43, 0x50, 0x43, 0x50, 0x62, 0x50, 0x62, 0x48, 0x81, 0x40, 0xa0, 0x30, 
    0x80, 0x28, 0x60, 0x30, 0x61, 0x38, 0x61, 0x40, 0x62, 0x40, 0x43, 0x50, 
    0x83, 0x50, 0xe1, 0x40, 0x00, 0x19, 0x00, 0x11, 0x00, 0x19, 0x20, 0x21, 
    0x00, 0x21, 0xe0, 0x20, 0x00, 0x21, 0x00, 0x21, 0xe0, 0x20, 0x00, 0x29, 
    0x01, 0x41, 0x64, 0x59, 0xe8, 0x71, 0xe9, 0x79, 0x0a, 0x82, 0x0a, 0x82, 
    0x0a, 0x8a, 0xac, 0xa9, 0x10, 0xea, 0x11, 0xfa, 0xf1, 0xf9, 0xd0, 0xf1, 
    0x6e, 0xd9, 0x8a, 0xb8, 0x05, 0x98, 0x03, 0x88, 0x01, 0x78, 0x00, 0x70, 
    0x00, 0x60, 0x00, 0x48, 0x00, 0x28, 0x00, 0x28, 0x00, 0x30, 0x00, 0x38, 
    0x00, 0x40, 0x25, 0x88, 0x4c, 0xe0, 0x0a, 0xd8, 0x05, 0xb8, 0x01, 0x88, 
    0x00, 0x70, 0x01, 0x98, 0x01, 0x90, 0x00, 0x68, 0x00, 0x28, 0x00, 0x20, 
    0x05, 0x90, 0xac, 0xe8, 0xad, 0xe8, 0x4b, 0xd0, 0x26, 0xa8, 0x02, 0x88, 
    0x00, 0x70, 0x00, 0x68, 0x00, 0x58, 0x20, 0x50, 0x00, 0x38, 0x00, 0x28, 
    0x00, 0x20, 0x00, 0x20, 0x00, 0x20, 0x00, 0x28, 0x00, 0x28, 0x00, 0x28, 
    0x00, 0x30, 0x00, 0x38, 0x00, 0x38, 0x00, 0x30, 0x00, 0x30, 0x00, 0x30, 
    0x00, 0x30, 0x00, 0x38, 0x01, 0x60, 0x03, 0x98, 0x05, 0xb0, 0x06, 0xc0, 
    0x06, 0xb8, 0x07, 0xc0, 0x06, 0xc0, 0x06, 0xc0, 0x07, 0xc8, 0x08, 0xd0, 
    0x08, 0xc8, 0x0a, 0xc8, 0x6b, 0xd0, 0x6b, 0xd0, 0x29, 0xd0, 0x27, 0xc0, 
    0x05, 0xb0, 0x05, 0xb8, 0x05, 0xb8, 0x07, 0xb8, 0x07, 0xc0, 0x07, 0xb8, 
    0x02, 0x90, 0x00, 0x90, 0x01, 0x90, 0x00, 0x90, 0x01, 0x98, 0x46, 0xc0, 
    0x46, 0xa8, 0x03, 0x98, 0x03, 0x98, 0x03, 0x98, 0x03, 0x98, 0x03, 0x98, 
    0x04, 0x98, 0x03, 0x98, 0x04, 0x98, 0x04, 0x98, 0x05, 0xa0, 0x05, 0xa0, 
    0x06, 0xa8, 0x26, 0xa8, 0x67, 0xb0, 0x67, 0xb0, 0x67, 0xa8, 0x06, 0x79, 
    0x00, 0x21, 0x20, 0x21, 0x20, 0x31, 0xe1, 0x38, 0xa2, 0x48, 0x63, 0x58, 
    0x43, 0x58, 0x23, 0x58, 0x23, 0x58, 0x24, 0x58, 0x24, 0x58, 0x24, 0x58, 
    0x24, 0x58, 0x24, 0x58, 0x24, 0x58, 0x24, 0x58, 0x24, 0x58, 0x24, 0x58, 
    0x24, 0x58, 0x24, 0x58, 0x24, 0x58, 0x24, 0x58, 0x24, 0x58, 0x24, 0x58, 
    0x24, 0x58, 0x24, 0x58, 0x24, 0x58, 0x24, 0x58, 0x24, 0x58, 0x24, 0x58, 
    0x24, 0x58, 0x24, 0x58, 0x24, 0x58, 0x44, 0x58, 0x24, 0x58, 0x44, 0x58, 
    0x44, 0x58, 0x24, 0x58, 0x23, 0x58, 0x24, 0x58, 0x24, 0x58, 0x24, 0x58, 
    0x44, 0x58, 0x24, 0x58, 0x23, 0x50, 0x24, 0x58, 0x23, 0x58, 0x23, 0x58, 
    0x23, 0x58, 0x24, 0x58, 0x24, 0x58, 0x24, 0x58, 0x23, 0x58, 0x24, 0x58, 
    0x23, 0x58, 0x23, 0x58, 0x23, 0x58, 0x24, 0x58, 0x24, 0x58, 0x23, 0x58, 
    0x23, 0x48, 0x23, 0x48, 0x23, 0x48, 0x23, 0x48, 0x23, 0x48, 0x23, 0x48, 
    0x23, 0x48, 0x23, 0x48, 0x23, 0x48, 0x23, 0x48, 0x23, 0x48, 0x23, 0x48, 
    0x23, 0x48, 0x23, 0x48, 0x23, 0x48, 0x23, 0x48, 0x23, 0x48, 0x23, 0x48, 
    0x23, 0x48, 0x43, 0x50, 0x23, 0x48, 0x23, 0x50, 0x23, 0x50, 0x23, 0x50, 
    0x23, 0x50, 0x23, 0x50, 0x23, 0x50, 0x23, 0x50, 0x23, 0x50, 0x23, 0x58, 
    0x23, 0x50, 0x23, 0x50, 0x23, 0x50, 0x23, 0x50, 0x23, 0x50, 0x23, 0x58, 
    0x23, 0x58, 0x23, 0x58, 0x24, 0x58, 0x23, 0x58, 0x24, 0x58, 0x23, 0x50, 
    0x23, 0x50, 0x24, 0x50, 0x24, 0x50, 0x44, 0x50, 0x23, 0x50, 0x23, 0x50, 
    0x44, 0x50, 0x23, 0x50, 0x23, 0x50, 0x23, 0x50, 0x43, 0x50, 0x43, 0x50, 
    0x43, 0x50, 0x43, 0x50, 0x43, 0x50, 0x43, 0x50, 0x23, 0x50, 0x43, 0x50, 
    0x44, 0x50, 0x82, 0x48, 0x00, 0x29, 0xe0, 0x18, 0x00, 0x19, 0x20, 0x21, 
    0x20, 0x21, 0x00, 0x21, 0x00, 0x21, 0x00, 0x21, 0xe0, 0x20, 0x01, 0x39, 
    0x24, 0x51, 0x86, 0x69, 0xe8, 0x79, 0x09, 0x82, 0x2a, 0x8a, 0x0b, 0x8a, 
    0x0b, 0x8a, 0xcd, 0xb9, 0x31, 0xf2, 0x31, 0xfa, 0xf1, 0xf1, 0xb0, 0xe9, 
    0x4d, 0xd1, 0x48, 0xb0, 0x05, 0x90, 0x02, 0x80, 0x01, 0x70, 0x00, 0x68, 
    0x00, 0x58, 0x00, 0x38, 0x00, 0x28, 0x00, 0x30, 0x00, 0x38, 0x00, 0x40, 
    0x02, 0x60, 0x4a, 0xc8, 0x4c, 0xd8, 0x07, 0xc0, 0x02, 0x98, 0x00, 0x70, 
    0x02, 0x98, 0x01, 0x98, 0x01, 0x88, 0x00, 0x58, 0x00, 0x20, 0x00, 0x30, 
    0x27, 0xb8, 0xcd, 0xf0, 0x2a, 0xd0, 0x06, 0xa8, 0x01, 0x80, 0x00, 0x70, 
    0x00, 0x60, 0x00, 0x48, 0x00, 0x38, 0x00, 0x28, 0x00, 0x28, 0x00, 0x28, 
    0x00, 0x28, 0x00, 0x28, 0x00, 0x30, 0x00, 0x40, 0x00, 0x50, 0x00, 0x58, 
    0x00, 0x50, 0x00, 0x40, 0x00, 0x30, 0x00, 0x20, 0x00, 0x18, 0x00, 0x18, 
    0x00, 0x18, 0x00, 0x40, 0x04, 0x98, 0x06, 0xb8, 0x06, 0xc0, 0x07, 0xc0, 
    0x06, 0xb8, 0x05, 0xa8, 0x05, 0xb0, 0x06, 0xb8, 0x06, 0xc0, 0x07, 0xc8, 
    0x08, 0xc8, 0x09, 0xd0, 0x4b, 0xd8, 0x8c, 0xd8, 0x8c, 0xd8, 0x4b, 0xd0, 
    0x28, 0xc0, 0x05, 0xb0, 0x05, 0xb0, 0x06, 0xb8, 0x07, 0xb8, 0x07, 0xb8, 
    0x04, 0xa0, 0x02, 0xa0, 0x25, 0xb0, 0xe8, 0xc0, 0x25, 0xb8, 0x67, 0xb8, 
    0x03, 0x90, 0x03, 0x98, 0x03, 0x98, 0x03, 0x98, 0x03, 0x98, 0x03, 0x90, 
    0x03, 0x90, 0x03, 0x98, 0x03, 0x98, 0x04, 0x98, 0x05, 0xa8, 0x06, 0xa8, 
    0x26, 0xa8, 0x47, 0xb0, 0x87, 0xb0, 0x87, 0xb8, 0x87, 0xb0, 0xe9, 0xb8, 
    0x06, 0x79, 0x00, 0x29, 0x20, 0x21, 0x20, 0x31, 0xe1, 0x38, 0xa2, 0x48, 
    0x82, 0x50, 0x63, 0x58, 0x43, 0x58, 0x44, 0x58, 0x23, 0x58, 0x24, 0x58, 
    0x24, 0x58, 0x03, 0x58, 0x24, 0x58, 0x24, 0x58, 0x24, 0x58, 0x24, 0x58, 
    0x24, 0x58, 0x24, 0x58, 0x24, 0x58, 0x24, 0x58, 0x24, 0x58, 0x24, 0x58, 
    0x24, 0x58, 0x24, 0x58, 0x24, 0x58, 0x24, 0x58, 0x24, 0x58, 0x24, 0x58, 
    0x24, 0x58, 0x44, 0x58, 0x24, 0x58, 0x24, 0x58, 0x44, 0x58, 0x24, 0x58, 
    0x24, 0x58, 0x24, 0x58, 0x24, 0x58, 0x24, 0x58, 0x24, 0x58, 0x24, 0x58, 
    0x23, 0x58, 0x23, 0x58, 0x44, 0x58, 0x24, 0x58, 0x24, 0x58, 0x23, 0x58, 
    0x24, 0x58, 0x23, 0x58, 0x24, 0x58, 0x24, 0x58, 0x23, 0x58, 0x24, 0x58, 
    0x24, 0x58, 0x24, 0x58, 0x24, 0x58, 0x24, 0x58, 0x24, 0x58, 0x24, 0x50, 
    0x23, 0x48, 0x23, 0x48, 0x23, 0x48, 0x23, 0x48, 0x23, 0x48, 0x23, 0x48, 
    0x23, 0x48, 0x23, 0x48, 0x23, 0x48, 0x23, 0x48, 0x23, 0x48, 0x23, 0x48, 
    0x23, 0x48, 0x23, 0x48, 0x23, 0x48, 0x23, 0x48, 0x23, 0x48, 0x23, 0x48, 
    0x43, 0x50, 0x23, 0x48, 0x23, 0x50, 0x23, 0x50, 0x23, 0x50, 0x23, 0x50, 
    0x23, 0x50, 0x23, 0x50, 0x23, 0x50, 0x24, 0x50, 0x23, 0x50, 0x23, 0x50, 
    0x24, 0x50, 0x23, 0x50, 0x23, 0x50, 0x23, 0x50, 0x23, 0x50, 0x23, 0x50, 
    0x24, 0x58, 0x24, 0x58, 0x23, 0x50, 0x23, 0x50, 0x24, 0x58, 0x23, 0x50, 
    0x23, 0x50, 0x24, 0x50, 0x23, 0x50, 0x23, 0x50, 0x23, 0x50, 0x23, 0x50, 
    0x24, 0x50, 0x23, 0x50, 0x23, 0x50, 0x44, 0x50, 0x23, 0x50, 0x43, 0x50, 
    0x43, 0x50, 0x43, 0x50, 0x23, 0x50, 0x23, 0x50, 0x24, 0x50, 0x24, 0x58, 
    0x24, 0x58, 0x43, 0x50, 0xa0, 0x40, 0x00, 0x21, 0x00, 0x19, 0x20, 0x19, 
    0x00, 0x21, 0x00, 0x21, 0x00, 0x21, 0xe0, 0x28, 0x01, 0x41, 0x44, 0x59, 
    0x66, 0x69, 0xc8, 0x79, 0xe9, 0x81, 0x0a, 0x82, 0x2a, 0x8a, 0x2b, 0x8a, 
    0x0b, 0x92, 0xce, 0xc1, 0xf0, 0xf1, 0x31, 0xfa, 0x11, 0xf2, 0xf0, 0xe9, 
    0x2d, 0xc9, 0x48, 0xa8, 0x04, 0x90, 0x02, 0x80, 0x01, 0x70, 0x00, 0x60, 
    0x00, 0x50, 0x00, 0x28, 0x00, 0x28, 0x00, 0x30, 0x00, 0x38, 0x01, 0x50, 
    0x29, 0xb8, 0x2a, 0xd0, 0x28, 0xb8, 0x03, 0xa0, 0x01, 0x88, 0x01, 0x88, 
    0x02, 0xa0, 0x01, 0x98, 0x01, 0x80, 0x00, 0x38, 0x00, 0x20, 0x01, 0x48, 
    0xab, 0xd0, 0x8b, 0xe0, 0x06, 0xb0, 0x02, 0x88, 0x00, 0x68, 0x00, 0x50, 
    0x00, 0x30, 0x00, 0x28, 0x00, 0x28, 0x00, 0x28, 0x00, 0x30, 0x00, 0x30, 
    0x00, 0x40, 0x00, 0x50, 0x00, 0x58, 0x00, 0x50, 0x00, 0x40, 0x00, 0x30, 
    0x00, 0x20, 0x00, 0x18, 0x00, 0x18, 0x00, 0x18, 0x00, 0x18, 0x00, 0x40, 
    0x02, 0x78, 0x05, 0xb8, 0x06, 0xc0, 0x04, 0xb0, 0x05, 0xb8, 0x07, 0xc0, 
    0x49, 0xd0, 0x66, 0xb0, 0x03, 0x90, 0x03, 0xa0, 0x04, 0xb0, 0x05, 0xb8, 
    0x07, 0xc8, 0x08, 0xc8, 0x2a, 0xd0, 0x6c, 0xd8, 0x8c, 0xd8, 0x6b, 0xd0, 
    0x2a, 0xc8, 0x07, 0xc0, 0x05, 0xb8, 0x05, 0xb8, 0x05, 0xb8, 0x06, 0xb8, 
    0x06, 0xb8, 0x04, 0xa8, 0x46, 0xb8, 0x04, 0xb0, 0x26, 0xb8, 0x04, 0x98, 
    0x02, 0x90, 0x03, 0x90, 0x03, 0x98, 0x03, 0x98, 0x03, 0x98, 0x03, 0x98, 
    0x03, 0x98, 0x03, 0x98, 0x04, 0xa0, 0x05, 0xa0, 0x26, 0xb0, 0x27, 0xb0, 
    0x27, 0xb0, 0x67, 0xb8, 0x87, 0xb8, 0xc8, 0xc0, 0xc8, 0xb8, 0xe8, 0xb8, 
    0x6b, 0xb9, 0xa5, 0x80, 0xe1, 0x40, 0x20, 0x29, 0x00, 0x31, 0x01, 0x39, 
    0xe1, 0x40, 0xc2, 0x48, 0xa3, 0x50, 0x83, 0x58, 0x64, 0x58, 0x44, 0x58, 
    0x44, 0x58, 0x24, 0x58, 0x24, 0x58, 0x24, 0x58, 0x24, 0x58, 0x24, 0x58, 
    0x24, 0x58, 0x24, 0x58, 0x24, 0x58, 0x24, 0x58, 0x24, 0x58, 0x24, 0x58, 
    0x24, 0x58, 0x24, 0x58, 0x24, 0x58, 0x24, 0x58, 0x24, 0x58, 0x24, 0x58, 
    0x24, 0x58, 0x24, 0x58, 0x24, 0x58, 0x24, 0x58, 0x24, 0x58, 0x23, 0x58, 
    0x24, 0x58, 0x24, 0x58, 0x24, 0x58, 0x24, 0x58, 0x23, 0x58, 0x24, 0x58, 
    0x23, 0x58, 0x23, 0x58, 0x24, 0x58, 0x24, 0x58, 0x23, 0x58, 0x23, 0x58, 
    0x23, 0x58, 0x23, 0x50, 0x24, 0x58, 0x23, 0x58, 0x24, 0x50, 0x24, 0x58, 
    0x23, 0x50, 0x24, 0x58, 0x24, 0x58, 0x23, 0x58, 0x24, 0x58, 0x24, 0x50, 
    0x23, 0x48, 0x23, 0x48, 0x23, 0x48, 0x23, 0x48, 0x23, 0x48, 0x23, 0x48, 
    0x23, 0x48, 0x23, 0x48, 0x23, 0x48, 0x23, 0x48, 0x23, 0x48, 0x23, 0x48, 
    0x23, 0x48, 0x23, 0x48, 0x23, 0x48, 0x23, 0x48, 0x03, 0x48, 0x23, 0x48, 
    0x44, 0x50, 0x23, 0x48, 0x23, 0x50, 0x23, 0x50, 0x23, 0x50, 0x23, 0x50, 
    0x23, 0x50, 0x23, 0x50, 0x23, 0x50, 0x23, 0x50, 0x23, 0x50, 0x23, 0x50, 
    0x23, 0x50, 0x23, 0x58, 0x23, 0x50, 0x23, 0x50, 0x23, 0x50, 0x24, 0x58, 
    0x44, 0x50, 0x23, 0x50, 0x23, 0x50, 0x24, 0x50, 0x24, 0x58, 0x23, 0x50, 
    0x44, 0x58, 0x24, 0x50, 0x23, 0x50, 0x24, 0x50, 0x24, 0x50, 0x23, 0x50, 
    0x44, 0x50, 0x24, 0x58, 0x24, 0x50, 0x23, 0x50, 0x24, 0x50, 0x44, 0x50, 
    0x24, 0x50, 0x43, 0x50, 0x24, 0x50, 0x24, 0x50, 0x24, 0x58, 0x44, 0x58, 
    0x44, 0x58, 0x43, 0x58, 0x82, 0x50, 0x00, 0x39, 0x20, 0x19, 0x00, 0x19, 
    0x00, 0x21, 0x00, 0x21, 0xe0, 0x20, 0xe0, 0x38, 0x64, 0x59, 0x85, 0x69, 
    0x87, 0x71, 0xe9, 0x81, 0xea, 0x89, 0x0a, 0x8a, 0x0a, 0x8a, 0x2b, 0x8a, 
    0x0c, 0x92, 0xcd, 0xb9, 0xd0, 0xe9, 0xd0, 0xe9, 0xf0, 0xe9, 0x10, 0xea, 
    0x4d, 0xc9, 0x47, 0xa8, 0x05, 0x90, 0x03, 0x80, 0x00, 0x70, 0x00, 0x60, 
    0x00, 0x40, 0x00, 0x28, 0x00, 0x28, 0x00, 0x30, 0x00, 0x38, 0x04, 0x80, 
    0x08, 0xb8, 0x06, 0xa8, 0x03, 0x98, 0x01, 0x90, 0x00, 0x78, 0x02, 0x98, 
    0x03, 0xa8, 0x02, 0x98, 0x00, 0x78, 0x00, 0x28, 0x00, 0x20, 0x24, 0x70, 
    0x0d, 0xe9, 0x27, 0xb8, 0x02, 0x88, 0x00, 0x70, 0x00, 0x50, 0x00, 0x28, 
    0x00, 0x20, 0x00, 0x28, 0x00, 0x30, 0x00, 0x38, 0x00, 0x38, 0x00, 0x50, 
    0x00, 0x70, 0x00, 0x68, 0x00, 0x30, 0x00, 0x28, 0x00, 0x20, 0x00, 0x18, 
    0x00, 0x18, 0x00, 0x18, 0x00, 0x20, 0x00, 0x28, 0x01, 0x68, 0x05, 0xb8, 
    0x06, 0xc0, 0x06, 0xc0, 0x03, 0xa0, 0x02, 0x98, 0x03, 0xa8, 0x06, 0xc0, 
    0x29, 0xd0, 0xaa, 0xd0, 0x01, 0x80, 0x01, 0x80, 0x02, 0x90, 0x03, 0xa0, 
    0x05, 0xb8, 0x07, 0xc8, 0x08, 0xd0, 0x2a, 0xd0, 0x4b, 0xd8, 0x6c, 0xd8, 
    0x4b, 0xd0, 0x4a, 0xd0, 0x27, 0xc0, 0x05, 0xb8, 0x05, 0xb8, 0x06, 0xb8, 
    0x08, 0xc0, 0x04, 0x90, 0x26, 0xb8, 0x05, 0xb0, 0x25, 0x98, 0x02, 0x80, 
    0x02, 0x88, 0x02, 0x90, 0x02, 0x98, 0x03, 0x98, 0x03, 0x98, 0x03, 0x98, 
    0x04, 0xa0, 0x04, 0xa0, 0x05, 0xa0, 0x06, 0xa8, 0x26, 0xb0, 0x47, 0xb0, 
    0x67, 0xb8, 0x88, 0xb8, 0x88, 0xb8, 0xc8, 0xc0, 0xc8, 0xc0, 0xe9, 0xc0, 
    0x2b, 0xc1, 0x68, 0xb0, 0x26, 0x98, 0xc3, 0x58, 0x20, 0x29, 0x20, 0x29, 
    0x20, 0x39, 0x21, 0x41, 0xe2, 0x48, 0xe3, 0x50, 0x83, 0x58, 0x64, 0x58, 
    0x44, 0x58, 0x24, 0x58, 0x24, 0x58, 0x24, 0x58, 0x24, 0x58, 0x24, 0x58, 
    0x24, 0x58, 0x24, 0x58, 0x24, 0x58, 0x24, 0x58, 0x24, 0x58, 0x24, 0x58, 
    0x24, 0x58, 0x44, 0x58, 0x24, 0x58, 0x24, 0x58, 0x23, 0x58, 0x24, 0x58, 
    0x24, 0x58, 0x44, 0x58, 0x23, 0x58, 0x23, 0x58, 0x23, 0x58, 0x43, 0x58, 
    0x44, 0x58, 0x24, 0x58, 0x24, 0x58, 0x24, 0x58, 0x23, 0x58, 0x24, 0x58, 
    0x24, 0x58, 0x24, 0x58, 0x43, 0x58, 0x23, 0x58, 0x23, 0x58, 0x24, 0x58, 
    0x23, 0x58, 0x23, 0x50, 0x24, 0x58, 0x24, 0x58, 0x23, 0x50, 0x23, 0x58, 
    0x24, 0x58, 0x24, 0x58, 0x24, 0x58, 0x23, 0x58, 0x24, 0x50, 0x24, 0x50, 
    0x23, 0x48, 0x23, 0x48, 0x23, 0x48, 0x23, 0x48, 0x23, 0x48, 0x23, 0x48, 
    0x23, 0x48, 0x23, 0x48, 0x23, 0x48, 0x23, 0x48, 0x23, 0x48, 0x23, 0x48, 
    0x23, 0x48, 0x23, 0x48, 0x23, 0x48, 0x23, 0x48, 0x23, 0x48, 0x23, 0x48, 
    0x43, 0x48, 0x23, 0x50, 0x23, 0x50, 0x23, 0x50, 0x23, 0x50, 0x23, 0x50, 
    0x23, 0x50, 0x23, 0x50, 0x23, 0x50, 0x23, 0x50, 0x23, 0x50, 0x23, 0x50, 
    0x24, 0x58, 0x23, 0x50, 0x23, 0x50, 0x23, 0x50, 0x23, 0x50, 0x23, 0x58, 
    0x23, 0x50, 0x23, 0x50, 0x24, 0x58, 0x24, 0x58, 0x24, 0x58, 0x23, 0x58, 
    0x24, 0x58, 0x24, 0x50, 0x23, 0x50, 0x23, 0x50, 0x43, 0x50, 0x23, 0x50, 
    0x23, 0x50, 0x23, 0x50, 0x24, 0x50, 0x23, 0x50, 0x44, 0x50, 0x24, 0x50, 
    0x44, 0x50, 0x23, 0x50, 0x44, 0x58, 0x24, 0x58, 0x24, 0x58, 0x24, 0x58, 
    0x44, 0x58, 0x24, 0x58, 0x43, 0x50, 0xa1, 0x48, 0x00, 0x21, 0x00, 0x19, 
    0x00, 0x19, 0xe0, 0x20, 0xe1, 0x38, 0x23, 0x59, 0xa7, 0x71, 0xa7, 0x79, 
    0xc9, 0x81, 0xe9, 0x89, 0x0a, 0x8a, 0xeb, 0x89, 0x0b, 0x92, 0x2b, 0x92, 
    0x2b, 0x9a, 0xed, 0xb1, 0xf0, 0xe9, 0xd0, 0xe9, 0xf0, 0xe9, 0x10, 0xe2, 
    0x6d, 0xc9, 0x27, 0xa0, 0x04, 0x90, 0x03, 0x80, 0x00, 0x68, 0x00, 0x50, 
    0x00, 0x30, 0x00, 0x28, 0x00, 0x30, 0x00, 0x38, 0x01, 0x58, 0x05, 0x98, 
    0x04, 0xa0, 0x04, 0xa0, 0x02, 0x98, 0x01, 0x88, 0x01, 0x80, 0x04, 0xb0, 
    0x03, 0xa8, 0x01, 0x98, 0x20, 0x58, 0x00, 0x20, 0x00, 0x20, 0x05, 0x88, 
    0xab, 0xd0, 0x02, 0x90, 0x00, 0x70, 0x00, 0x50, 0x00, 0x30, 0x00, 0x20, 
    0x00, 0x28, 0x00, 0x30, 0x00, 0x40, 0x00, 0x50, 0x00, 0x68, 0x01, 0x80, 
    0x21, 0x58, 0x00, 0x28, 0x00, 0x20, 0x00, 0x18, 0x00, 0x20, 0x00, 0x20, 
    0x00, 0x28, 0x00, 0x28, 0x01, 0x50, 0x05, 0xa8, 0x08, 0xd0, 0x07, 0xc8, 
    0x05, 0xb0, 0x02, 0x90, 0x01, 0x88, 0x01, 0x80, 0x02, 0x90, 0x04, 0xb0, 
    0x09, 0xd0, 0x2a, 0xd0, 0x26, 0xb0, 0x00, 0x60, 0x00, 0x70, 0x00, 0x88, 
    0x02, 0xa0, 0x04, 0xb0, 0x06, 0xc0, 0x08, 0xc8, 0x2a, 0xd0, 0x2b, 0xd8, 
    0x4b, 0xd8, 0x0a, 0xc8, 0x08, 0xc8, 0x06, 0xc0, 0x06, 0xb8, 0x06, 0xc0, 
    0x07, 0xc0, 0x01, 0x30, 0x00, 0x30, 0x01, 0x48, 0x00, 0x58, 0x00, 0x70, 
    0x01, 0x80, 0x02, 0x90, 0x02, 0x90, 0x03, 0x98, 0x03, 0x98, 0x04, 0xa0, 
    0x04, 0xa0, 0x05, 0xa8, 0x05, 0xb0, 0x06, 0xb0, 0x47, 0xb8, 0x48, 0xb8, 
    0x88, 0xc0, 0xa8, 0xc0, 0xc9, 0xc0, 0x09, 0xc9, 0x09, 0xc9, 0x29, 0xc9, 
    0x2a, 0xc1, 0xa9, 0xb0, 0x06, 0xa0, 0x27, 0xa0, 0xa5, 0x70, 0x22, 0x49, 
    0x40, 0x39, 0x40, 0x39, 0x21, 0x41, 0x03, 0x49, 0xc3, 0x50, 0xa4, 0x58, 
    0x44, 0x58, 0x44, 0x58, 0x44, 0x58, 0x23, 0x58, 0x24, 0x58, 0x24, 0x58, 
    0x24, 0x58, 0x24, 0x58, 0x24, 0x58, 0x24, 0x58, 0x24, 0x58, 0x24, 0x58, 
    0x24, 0x58, 0x24, 0x58, 0x24, 0x58, 0x24, 0x58, 0x24, 0x58, 0x24, 0x58, 
    0x24, 0x58, 0x24, 0x58, 0x24, 0x58, 0x24, 0x58, 0x24, 0x58, 0x24, 0x58, 
    0x24, 0x58, 0x24, 0x58, 0x24, 0x58, 0x24, 0x58, 0x24, 0x58, 0x24, 0x58, 
    0x24, 0x58, 0x23, 0x50, 0x24, 0x58, 0x24, 0x58, 0x23, 0x58, 0x23, 0x50, 
    0x23, 0x58, 0x23, 0x58, 0x24, 0x58, 0x24, 0x58, 0x24, 0x58, 0x24, 0x58, 
    0x23, 0x58, 0x23, 0x58, 0x24, 0x58, 0x24, 0x50, 0x24, 0x58, 0x24, 0x50, 
    0x23, 0x48, 0x23, 0x48, 0x23, 0x48, 0x23, 0x48, 0x23, 0x48, 0x23, 0x48, 
    0x23, 0x48, 0x23, 0x48, 0x23, 0x48, 0x23, 0x48, 0x23, 0x48, 0x23, 0x48, 
    0x23, 0x48, 0x23, 0x48, 0x23, 0x48, 0x23, 0x48, 0x23, 0x48, 0x23, 0x48, 
    0x23, 0x48, 0x23, 0x50, 0x23, 0x50, 0x23, 0x50, 0x23, 0x50, 0x23, 0x50, 
    0x23, 0x50, 0x23, 0x50, 0x23, 0x50, 0x23, 0x50, 0x23, 0x50, 0x23, 0x50, 
    0x23, 0x50, 0x23, 0x50, 0x24, 0x50, 0x23, 0x50, 0x23, 0x50, 0x23, 0x58, 
    0x23, 0x50, 0x23, 0x50, 0x24, 0x58, 0x24, 0x58, 0x24, 0x58, 0x23, 0x50, 
    0x24, 0x58, 0x24, 0x50, 0x23, 0x50, 0x24, 0x50, 0x24, 0x50, 0x44, 0x50, 
    0x24, 0x50, 0x24, 0x50, 0x23, 0x50, 0x24, 0x50, 0x44, 0x50, 0x24, 0x50, 
    0x23, 0x50, 0x24, 0x58, 0x24, 0x50, 0x23, 0x50, 0x44, 0x58, 0x23, 0x50, 
    0x23, 0x50, 0x44, 0x58, 0x43, 0x58, 0x62, 0x50, 0x00, 0x39, 0x20, 0x19, 
    0x00, 0x19, 0xc0, 0x30, 0xe3, 0x58, 0x87, 0x71, 0xa8, 0x79, 0xa8, 0x79, 
    0xc9, 0x81, 0x0a, 0x8a, 0x0b, 0x92, 0xeb, 0x91, 0xcb, 0x89, 0xeb, 0x91, 
    0x0c, 0x9a, 0xcd, 0xb1, 0xf0, 0xe1, 0xf0, 0xf1, 0xf0, 0xe9, 0xf0, 0xe1, 
    0x4d, 0xc9, 0x47, 0xa0, 0x05, 0x90, 0x03, 0x80, 0x00, 0x68, 0x00, 0x40, 
    0x00, 0x28, 0x00, 0x28, 0x00, 0x30, 0x00, 0x40, 0x03, 0x80, 0x04, 0x98, 
    0x03, 0x98, 0x03, 0x98, 0x01, 0x90, 0x00, 0x80, 0x03, 0xa0, 0x05, 0xc0, 
    0x03, 0xa8, 0x01, 0x90, 0x00, 0x38, 0x00, 0x28, 0x00, 0x28, 0x05, 0x90, 
    0x47, 0xb8, 0x00, 0x70, 0x00, 0x58, 0x00, 0x30, 0x00, 0x30, 0x00, 0x20, 
    0x00, 0x30, 0x00, 0x40, 0x00, 0x58, 0x00, 0x70, 0x02, 0x80, 0x20, 0x40, 
    0x00, 0x20, 0x00, 0x18, 0x00, 0x20, 0x00, 0x20, 0x00, 0x28, 0x00, 0x30, 
    0x00, 0x40, 0x02, 0x78, 0x28, 0xc8, 0x09, 0xd8, 0x08, 0xd0, 0x24, 0x80, 
    0x01, 0x58, 0x00, 0x50, 0x00, 0x58, 0x00, 0x60, 0x00, 0x68, 0x01, 0x88, 
    0x07, 0xc8, 0x29, 0xd8, 0x06, 0xb8, 0x04, 0x98, 0x00, 0x58, 0x00, 0x70, 
    0x00, 0x80, 0x01, 0x98, 0x03, 0xb0, 0x06, 0xc0, 0x08, 0xd0, 0x0a, 0xd0, 
    0x4b, 0xd8, 0x09, 0xd0, 0x09, 0xd0, 0x08, 0xc8, 0x06, 0xc0, 0x06, 0xc0, 
    0x27, 0xb8, 0x00, 0x30, 0x00, 0x18, 0x00, 0x20, 0x00, 0x38, 0x00, 0x60, 
    0x01, 0x80, 0x02, 0x90, 0x03, 0x98, 0x03, 0x98, 0x03, 0xa0, 0x04, 0xa8, 
    0x05, 0xa8, 0x06, 0xb0, 0x26, 0xb0, 0x27, 0xb8, 0x48, 0xb8, 0x68, 0xc0, 
    0x89, 0xc0, 0xa9, 0xc0, 0xe9, 0xc8, 0x0a, 0xd1, 0x2a, 0xd1, 0x29, 0xc9, 
    0x09, 0xc1, 0xe9, 0xb8, 0x26, 0xa8, 0x68, 0xb0, 0x89, 0xb0, 0x88, 0x98, 
    0xc5, 0x78, 0x01, 0x49, 0x42, 0x41, 0x03, 0x49, 0xe3, 0x58, 0x83, 0x58, 
    0x64, 0x58, 0x24, 0x58, 0x24, 0x58, 0x24, 0x58, 0x44, 0x58, 0x24, 0x58, 
    0x24, 0x58, 0x24, 0x58, 0x24, 0x58, 0x24, 0x58, 0x24, 0x58, 0x24, 0x58, 
    0x24, 0x58, 0x24, 0x58, 0x24, 0x58, 0x24, 0x58, 0x24, 0x58, 0x44, 0x58, 
    0x24, 0x58, 0x24, 0x58, 0x44, 0x58, 0x24, 0x58, 0x24, 0x58, 0x24, 0x58, 
    0x24, 0x58, 0x24, 0x58, 0x23, 0x58, 0x24, 0x58, 0x23, 0x58, 0x24, 0x58, 
    0x24, 0x58, 0x24, 0x58, 0x24, 0x58, 0x24, 0x58, 0x24, 0x58, 0x23, 0x58, 
    0x23, 0x58, 0x24, 0x58, 0x23, 0x58, 0x23, 0x58, 0x24, 0x58, 0x24, 0x58, 
    0x23, 0x50, 0x24, 0x58, 0x23, 0x58, 0x24, 0x58, 0x24, 0x50, 0x24, 0x50, 
    0x23, 0x48, 0x23, 0x48, 0x23, 0x48, 0x23, 0x48, 0x23, 0x48, 0x23, 0x48, 
    0x23, 0x48, 0x23, 0x48, 0x23, 0x48, 0x23, 0x48, 0x23, 0x48, 0x23, 0x48, 
    0x23, 0x48, 0x23, 0x48, 0x23, 0x48, 0x23, 0x48, 0x23, 0x48, 0x23, 0x48, 
    0x23, 0x48, 0x23, 0x50, 0x23, 0x50, 0x23, 0x50, 0x23, 0x50, 0x23, 0x50, 
    0x23, 0x50, 0x23, 0x48, 0x23, 0x50, 0x23, 0x50, 0x23, 0x50, 0x23, 0x50, 
    0x23, 0x50, 0x23, 0x58, 0x03, 0x50, 0x23, 0x50, 0x24, 0x50, 0x23, 0x50, 
    0x24, 0x50, 0x23, 0x50, 0x23, 0x50, 0x44, 0x50, 0x23, 0x50, 0x24, 0x58, 
    0x23, 0x58, 0x24, 0x58, 0x44, 0x50, 0x23, 0x50, 0x23, 0x50, 0x23, 0x50, 
    0x24, 0x58, 0x24, 0x58, 0x24, 0x58, 0x24, 0x58, 0x23, 0x50, 0x24, 0x50, 
    0x43, 0x50, 0x24, 0x50, 0x23, 0x58, 0x23, 0x58, 0x23, 0x50, 0x24, 0x58, 
    0x24, 0x58, 0x44, 0x58, 0x44, 0x58, 0x43, 0x58, 0xc1, 0x48, 0x20, 0x29, 
    0xe0, 0x28, 0xa2, 0x48, 0x46, 0x71, 0x88, 0x79, 0xc9, 0x79, 0xa9, 0x81, 
    0xaa, 0x89, 0xea, 0x89, 0x0b, 0x92, 0xcb, 0x89, 0x8b, 0x91, 0xab, 0x91, 
    0xab, 0x91, 0xac, 0xa9, 0xf0, 0xe9, 0xf0, 0xf1, 0xd0, 0xe9, 0x10, 0xea, 
    0x4c, 0xc9, 0x47, 0xa0, 0x05, 0x90, 0x03, 0x80, 0x00, 0x68, 0x00, 0x38, 
    0x00, 0x28, 0x00, 0x28, 0x00, 0x30, 0x02, 0x68, 0x03, 0x90, 0x03, 0x98, 
    0x03, 0x98, 0x02, 0x98, 0x01, 0x88, 0x00, 0x80, 0x06, 0xc0, 0x06, 0xc8, 
    0x03, 0xa8, 0x01, 0x80, 0x00, 0x28, 0x00, 0x28, 0x00, 0x28, 0x05, 0x90, 
    0x24, 0xa0, 0x00, 0x68, 0x00, 0x38, 0x00, 0x28, 0x00, 0x38, 0x00, 0x28, 
    0x00, 0x40, 0x00, 0x58, 0x00, 0x70, 0x03, 0x98, 0x21, 0x48, 0x00, 0x18, 
    0x00, 0x18, 0x00, 0x20, 0x00, 0x20, 0x00, 0x30, 0x00, 0x40, 0x00, 0x68, 
    0x04, 0xa8, 0x29, 0xd8, 0x09, 0xe0, 0x09, 0xd8, 0x25, 0x98, 0x00, 0x40, 
    0x00, 0x28, 0x00, 0x20, 0x00, 0x18, 0x00, 0x28, 0x00, 0x40, 0x00, 0x60, 
    0x04, 0xa8, 0x29, 0xd8, 0x05, 0xa8, 0x03, 0xa0, 0x22, 0x60, 0x00, 0x60, 
    0x00, 0x70, 0x00, 0x88, 0x02, 0xa0, 0x04, 0xb0, 0x07, 0xc0, 0x09, 0xd0, 
    0x2a, 0xd8, 0x0a, 0xd0, 0x29, 0xd0, 0x08, 0xc8, 0x06, 0xc0, 0x05, 0xb8, 
    0x07, 0xb8, 0x01, 0x38, 0x00, 0x20, 0x00, 0x20, 0x00, 0x28, 0x00, 0x48, 
    0x00, 0x70, 0x02, 0x88, 0x03, 0x98, 0x03, 0x98, 0x03, 0xa0, 0x05, 0xa8, 
    0x05, 0xb0, 0x06, 0xb0, 0x06, 0xb8, 0x27, 0xb8, 0x89, 0xc0, 0x89, 0xc0, 
    0x89, 0xc8, 0xea, 0xc8, 0x2a, 0xd1, 0x2a, 0xd1, 0x09, 0xd1, 0x09, 0xc9, 
    0xe8, 0xb8, 0x0a, 0xc1, 0x67, 0xa8, 0x68, 0xb0, 0x47, 0xa8, 0x47, 0xa8, 
    0x27, 0xa0, 0x65, 0x80, 0xe2, 0x50, 0xe3, 0x50, 0xa3, 0x58, 0x63, 0x58, 
    0x43, 0x58, 0x24, 0x58, 0x24, 0x58, 0x24, 0x58, 0x24, 0x58, 0x24, 0x58, 
    0x44, 0x58, 0x24, 0x58, 0x24, 0x58, 0x24, 0x58, 0x44, 0x58, 0x24, 0x58, 
    0x24, 0x58, 0x24, 0x58, 0x24, 0x58, 0x24, 0x58, 0x24, 0x58, 0x23, 0x58, 
    0x44, 0x58, 0x24, 0x58, 0x24, 0x58, 0x44, 0x58, 0x23, 0x58, 0x44, 0x58, 
    0x23, 0x50, 0x24, 0x58, 0x24, 0x58, 0x24, 0x58, 0x24, 0x58, 0x24, 0x58, 
    0x24, 0x58, 0x24, 0x58, 0x24, 0x50, 0x24, 0x58, 0x24, 0x58, 0x24, 0x58, 
    0x24, 0x58, 0x24, 0x58, 0x23, 0x50, 0x23, 0x58, 0x24, 0x58, 0x23, 0x50, 
    0x23, 0x58, 0x24, 0x58, 0x03, 0x58, 0x24, 0x58, 0x24, 0x58, 0x24, 0x58, 
    0x23, 0x48, 0x23, 0x48, 0x23, 0x48, 0x23, 0x48, 0x23, 0x48, 0x23, 0x48, 
    0x23, 0x48, 0x23, 0x48, 0x23, 0x48, 0x23, 0x48, 0x23, 0x48, 0x23, 0x48, 
    0x23, 0x48, 0x23, 0x48, 0x23, 0x48, 0x23, 0x48, 0x23, 0x48, 0x23, 0x48, 
    0x23, 0x50, 0x23, 0x48, 0x23, 0x50, 0x23, 0x50, 0x23, 0x50, 0x23, 0x50, 
    0x23, 0x50, 0x23, 0x50, 0x23, 0x50, 0x23, 0x50, 0x23, 0x50, 0x23, 0x50, 
    0x23, 0x50, 0x23, 0x50, 0x23, 0x50, 0x23, 0x50, 0x23, 0x50, 0x24, 0x50, 
    0x23, 0x58, 0x23, 0x50, 0x44, 0x58, 0x23, 0x50, 0x23, 0x58, 0x24, 0x58, 
    0x23, 0x50, 0x24, 0x50, 0x23, 0x50, 0x24, 0x50, 0x23, 0x58, 0x24, 0x58, 
    0x23, 0x58, 0x24, 0x58, 0x23, 0x58, 0x24, 0x50, 0x23, 0x58, 0x24, 0x58, 
    0x44, 0x58, 0x24, 0x58, 0x24, 0x58, 0x44, 0x58, 0x24, 0x58, 0x24, 0x58, 
    0x24, 0x58, 0x24, 0x58, 0x44, 0x58, 0x44, 0x58, 0xa2, 0x50, 0x20, 0x39, 
    0xc1, 0x48, 0xc5, 0x68, 0x68, 0x79, 0x89, 0x81, 0xc9, 0x81, 0xa9, 0x81, 
    0x89, 0x81, 0xca, 0x89, 0x0b, 0x92, 0xcb, 0x91, 0x8b, 0x91, 0x8a, 0x91, 
    0xab, 0x91, 0x8c, 0xa1, 0xf0, 0xe9, 0x51, 0xf2, 0x31, 0xf2, 0x10, 0xea, 
    0x8d, 0xd1, 0x88, 0xa8, 0x05, 0x90, 0x03, 0x80, 0x00, 0x58, 0x00, 0x28, 
    0x00, 0x28, 0x00, 0x28, 0x00, 0x40, 0x02, 0x80, 0x03, 0x90, 0x03, 0x98, 
    0x03, 0x98, 0x02, 0x90, 0x00, 0x80, 0x02, 0x90, 0x08, 0xd0, 0x08, 0xd0, 
    0x03, 0xa8, 0x00, 0x60, 0x00, 0x28, 0x00, 0x28, 0x00, 0x28, 0x05, 0xa0, 
    0x04, 0x98, 0x00, 0x38, 0x00, 0x20, 0x00, 0x30, 0x00, 0x30, 0x00, 0x38, 
    0x00, 0x50, 0x00, 0x70, 0x03, 0xa0, 0x22, 0x60, 0x00, 0x20, 0x00, 0x20, 
    0x00, 0x20, 0x00, 0x28, 0x00, 0x38, 0x00, 0x58, 0x02, 0x90, 0x06, 0xc0, 
    0x08, 0xd0, 0x09, 0xd8, 0x09, 0xd0, 0x47, 0xa0, 0x03, 0x78, 0x02, 0x78, 
    0x02, 0x80, 0x00, 0x48, 0x00, 0x20, 0x00, 0x18, 0x00, 0x18, 0x00, 0x30, 
    0x01, 0x70, 0x08, 0xc8, 0x27, 0xb0, 0x00, 0x70, 0x03, 0x90, 0x00, 0x40, 
    0x00, 0x60, 0x00, 0x78, 0x01, 0x90, 0x03, 0xa8, 0x06, 0xc0, 0x08, 0xc8, 
    0x09, 0xd0, 0x09, 0xd0, 0x09, 0xd0, 0x08, 0xc8, 0x08, 0xc8, 0x06, 0xc0, 
    0x07, 0xc0, 0x22, 0x58, 0x00, 0x20, 0x00, 0x20, 0x00, 0x20, 0x00, 0x30, 
    0x00, 0x60, 0x01, 0x80, 0x02, 0x90, 0x03, 0xa0, 0x03, 0xa0, 0x04, 0xa8, 
    0x05, 0xb0, 0x06, 0xb8, 0x06, 0xb8, 0x07, 0xb8, 0x48, 0xc0, 0x88, 0xc0, 
    0xc9, 0xc8, 0x0a, 0xd1, 0x2a, 0xd1, 0x4a, 0xd1, 0x0a, 0xd1, 0xc9, 0xc0, 
    0xa7, 0xb8, 0x0a, 0xc1, 0x48, 0xb0, 0x47, 0xa8, 0x46, 0xa8, 0x46, 0xa0, 
    0x05, 0xa0, 0x06, 0xa0, 0x46, 0x80, 0x64, 0x60, 0x44, 0x58, 0x24, 0x58, 
    0x24, 0x58, 0x24, 0x58, 0x24, 0x58, 0x24, 0x58, 0x24, 0x58, 0x24, 0x58, 
    0x24, 0x58, 0x24, 0x58, 0x44, 0x58, 0x24, 0x58, 0x24, 0x58, 0x24, 0x58, 
    0x44, 0x58, 0x24, 0x58, 0x24, 0x58, 0x24, 0x58, 0x24, 0x58, 0x24, 0x58, 
    0x24, 0x58, 0x24, 0x58, 0x24, 0x58, 0x24, 0x58, 0x23, 0x58, 0x23, 0x58, 
    0x24, 0x58, 0x24, 0x58, 0x24, 0x58, 0x24, 0x58, 0x24, 0x58, 0x24, 0x58, 
    0x24, 0x58, 0x24, 0x58, 0x24, 0x58, 0x24, 0x58, 0x23, 0x58, 0x24, 0x58, 
    0x24, 0x58, 0x24, 0x58, 0x23, 0x50, 0x23, 0x58, 0x24, 0x58, 0x24, 0x58, 
    0x23, 0x50, 0x23, 0x58, 0x24, 0x50, 0x24, 0x58, 0x24, 0x50, 0x23, 0x50, 
    0x23, 0x48, 0x23, 0x48, 0x23, 0x48, 0x23, 0x48, 0x23, 0x48, 0x23, 0x48, 
    0x23, 0x48, 0x23, 0x48, 0x23, 0x48, 0x23, 0x48, 0x23, 0x48, 0x23, 0x48, 
    0x23, 0x48, 0x23, 0x48, 0x23, 0x48, 0x23, 0x48, 0x23, 0x48, 0x23, 0x48, 
    0x23, 0x48, 0x23, 0x48, 0x23, 0x48, 0x23, 0x50, 0x23, 0x48, 0x24, 0x50, 
    0x24, 0x50, 0x23, 0x50, 0x24, 0x50, 0x23, 0x50, 0x24, 0x50, 0x23, 0x50, 
    0x23, 0x50, 0x24, 0x50, 0x23, 0x50, 0x23, 0x50, 0x23, 0x50, 0x23, 0x50, 
    0x23, 0x50, 0x23, 0x50, 0x24, 0x58, 0x23, 0x50, 0x23, 0x58, 0x24, 0x58, 
    0x24, 0x58, 0x23, 0x50, 0x24, 0x50, 0x24, 0x58, 0x23, 0x58, 0x24, 0x50, 
    0x23, 0x50, 0x44, 0x58, 0x24, 0x58, 0x24, 0x58, 0x24, 0x58, 0x23, 0x58, 
    0x44, 0x58, 0x24, 0x58, 0x44, 0x50, 0x24, 0x50, 0x24, 0x58, 0x44, 0x58, 
    0x44, 0x58, 0x44, 0x58, 0x43, 0x50, 0x42, 0x48, 0xa1, 0x40, 0xe0, 0x40, 
    0xc4, 0x60, 0x27, 0x79, 0x88, 0x81, 0x89, 0x81, 0xc9, 0x89, 0xaa, 0x89, 
    0xaa, 0x89, 0xcb, 0x91, 0xeb, 0x91, 0xab, 0x91, 0x8b, 0x91, 0x6a, 0x89, 
    0x6a, 0x89, 0x8b, 0xa1, 0x10, 0xea, 0xd3, 0xfa, 0xd2, 0xf2, 0x51, 0xea, 
    0xce, 0xd9, 0xa9, 0xb0, 0x05, 0x90, 0x03, 0x80, 0x00, 0x40, 0x00, 0x28, 
    0x00, 0x28, 0x00, 0x28, 0x01, 0x58, 0x02, 0x88, 0x03, 0x90, 0x03, 0x98, 
    0x03, 0x98, 0x01, 0x88, 0x00, 0x80, 0x04, 0x98, 0x4b, 0xe0, 0x08, 0xd0, 
    0x03, 0xa8, 0x00, 0x48, 0x00, 0x28, 0x00, 0x28, 0x00, 0x30, 0x05, 0xa0, 
    0x06, 0xa8, 0x00, 0x28, 0x00, 0x28, 0x00, 0x38, 0x00, 0x30, 0x00, 0x40, 
    0x00, 0x60, 0x03, 0xa0, 0x23, 0x78, 0x00, 0x18, 0x00, 0x20, 0x00, 0x20, 
    0x00, 0x30, 0x00, 0x40, 0x00, 0x60, 0x03, 0x98, 0x07, 0xc8, 0x08, 0xd0, 
    0x09, 0xd8, 0x09, 0xd8, 0x27, 0xc0, 0x01, 0x78, 0x00, 0x40, 0x00, 0x28, 
    0x00, 0x30, 0x01, 0x78, 0x00, 0x50, 0x00, 0x20, 0x00, 0x18, 0x00, 0x20, 
    0x00, 0x38, 0x05, 0xa8, 0x48, 0xb8, 0x00, 0x48, 0x01, 0x80, 0x22, 0x80, 
    0x00, 0x48, 0x00, 0x70, 0x00, 0x88, 0x02, 0xa0, 0x04, 0xb8, 0x06, 0xc0, 
    0x08, 0xc8, 0x08, 0xc8, 0x08, 0xc8, 0x09, 0xc8, 0x08, 0xc8, 0x07, 0xc0, 
    0x07, 0xc0, 0x03, 0x78, 0x00, 0x28, 0x00, 0x20, 0x00, 0x20, 0x00, 0x28, 
    0x00, 0x48, 0x00, 0x70, 0x02, 0x88, 0x03, 0x98, 0x04, 0xa0, 0x05, 0xa8, 
    0x05, 0xb0, 0x06, 0xb0, 0x06, 0xb0, 0x27, 0xb8, 0x68, 0xc0, 0xc9, 0xc8, 
    0xe9, 0xc8, 0xea, 0xd0, 0x2a, 0xd1, 0x2a, 0xd1, 0xc9, 0xc8, 0x88, 0xc0, 
    0x87, 0xb8, 0xc9, 0xb8, 0x68, 0xb0, 0x06, 0xa8, 0x06, 0xa0, 0x26, 0xa0, 
    0x26, 0xa0, 0x06, 0xa0, 0x05, 0x98, 0x46, 0x88, 0x24, 0x60, 0x24, 0x58, 
    0x24, 0x58, 0x24, 0x58, 0x24, 0x58, 0x24, 0x58, 0x24, 0x58, 0x44, 0x58, 
    0x24, 0x58, 0x24, 0x58, 0x24, 0x58, 0x24, 0x58, 0x24, 0x58, 0x44, 0x58, 
    0x24, 0x58, 0x24, 0x58, 0x24, 0x58, 0x24, 0x58, 0x24, 0x58, 0x24, 0x58, 
    0x24, 0x58, 0x24, 0x58, 0x24, 0x58, 0x24, 0x58, 0x24, 0x58, 0x44, 0x58, 
    0x24, 0x58, 0x24, 0x58, 0x24, 0x58, 0x24, 0x58, 0x24, 0x58, 0x23, 0x50, 
    0x24, 0x58, 0x24, 0x58, 0x24, 0x58, 0x24, 0x58, 0x23, 0x58, 0x24, 0x58, 
    0x24, 0x58, 0x24, 0x58, 0x23, 0x58, 0x23, 0x50, 0x23, 0x50, 0x23, 0x58, 
    0x24, 0x50, 0x23, 0x50, 0x24, 0x50, 0x23, 0x50, 0x24, 0x58, 0x23, 0x58, 
    0x23, 0x48, 0x23, 0x48, 0x23, 0x48, 0x23, 0x48, 0x23, 0x48, 0x23, 0x48, 
    0x23, 0x48, 0x23, 0x48, 0x23, 0x48, 0x23, 0x48, 0x23, 0x48, 0x23, 0x48, 
    0x23, 0x48, 0x23, 0x48, 0x23, 0x48, 0x23, 0x48, 0x23, 0x48, 0x23, 0x48, 
    0x23, 0x48, 0x23, 0x48, 0x23, 0x48, 0x23, 0x50, 0x23, 0x50, 0x23, 0x48, 
    0x23, 0x50, 0x23, 0x50, 0x23, 0x50, 0x23, 0x50, 0x23, 0x50, 0x23, 0x50, 
    0x23, 0x50, 0x23, 0x50, 0x23, 0x50, 0x23, 0x50, 0x23, 0x50, 0x23, 0x50, 
    0x23, 0x58, 0x24, 0x58, 0x23, 0x50, 0x44, 0x58, 0x24, 0x58, 0x24, 0x58, 
    0x24, 0x58, 0x24, 0x50, 0x24, 0x58, 0x24, 0x58, 0x24, 0x58, 0x24, 0x58, 
    0x24, 0x58, 0x24, 0x58, 0x23, 0x58, 0x24, 0x58, 0x24, 0x58, 0x24, 0x58, 
    0x23, 0x58, 0x44, 0x58, 0x24, 0x58, 0x24, 0x58, 0x24, 0x58, 0x44, 0x58, 
    0x43, 0x50, 0x42, 0x48, 0x61, 0x38, 0x40, 0x20, 0x40, 0x20, 0x81, 0x48, 
    0xc6, 0x70, 0x68, 0x81, 0x89, 0x81, 0x89, 0x89, 0xca, 0x89, 0x89, 0x89, 
    0x8a, 0x89, 0xab, 0x89, 0xab, 0x89, 0x8a, 0x89, 0x6a, 0x91, 0x29, 0x89, 
    0x6a, 0x91, 0x6b, 0xa1, 0xf0, 0xe9, 0xd3, 0xfa, 0xd3, 0xfa, 0x71, 0xf2, 
    0x10, 0xe2, 0xea, 0xb8, 0x06, 0x90, 0x03, 0x80, 0x00, 0x30, 0x00, 0x20, 
    0x00, 0x28, 0x00, 0x28, 0x01, 0x68, 0x02, 0x88, 0x03, 0x90, 0x02, 0x90, 
    0x02, 0x90, 0x01, 0x88, 0x00, 0x78, 0x06, 0xa8, 0x2b, 0xe0, 0x08, 0xd0, 
    0x03, 0xa0, 0x00, 0x40, 0x00, 0x28, 0x00, 0x28, 0x00, 0x38, 0x05, 0xa8, 
    0x28, 0xd0, 0x00, 0x38, 0x00, 0x30, 0x00, 0x40, 0x00, 0x30, 0x00, 0x50, 
    0x03, 0x98, 0x25, 0xa8, 0x01, 0x38, 0x00, 0x18, 0x00, 0x20, 0x00, 0x30, 
    0x00, 0x40, 0x00, 0x60, 0x02, 0x90, 0x06, 0xc0, 0x09, 0xd0, 0x08, 0xd0, 
    0x08, 0xd0, 0x07, 0xb8, 0x02, 0x78, 0x00, 0x70, 0x00, 0x80, 0x00, 0x58, 
    0x00, 0x28, 0x00, 0x40, 0x02, 0x80, 0x00, 0x28, 0x00, 0x18, 0x00, 0x18, 
    0x00, 0x20, 0x03, 0x70, 0x28, 0xc0, 0x00, 0x40, 0x00, 0x68, 0x02, 0x90, 
    0x00, 0x40, 0x00, 0x60, 0x00, 0x80, 0x01, 0x90, 0x03, 0xa8, 0x04, 0xb0, 
    0x06, 0xc0, 0x07, 0xc0, 0x07, 0xc8, 0x08, 0xc8, 0x08, 0xc8, 0x07, 0xc0, 
    0x07, 0xc0, 0x03, 0xa0, 0x01, 0x80, 0x00, 0x38, 0x00, 0x20, 0x00, 0x20, 
    0x00, 0x38, 0x00, 0x58, 0x01, 0x80, 0x03, 0x98, 0x04, 0xa0, 0x04, 0xa8, 
    0x05, 0xb0, 0x06, 0xb0, 0x07, 0xb8, 0x48, 0xc0, 0xa9, 0xc8, 0xea, 0xd0, 
    0xe9, 0xc8, 0x0a, 0xc9, 0x0a, 0xd1, 0x0a, 0xd1, 0x89, 0xc8, 0x88, 0xc0, 
    0xa8, 0xb8, 0xc9, 0xc0, 0xaa, 0xb8, 0x05, 0xa0, 0x05, 0xa0, 0x05, 0xa8, 
    0x26, 0xa0, 0x05, 0xa0, 0x05, 0xa0, 0x46, 0xa0, 0x87, 0x88, 0x24, 0x58, 
    0x24, 0x58, 0x23, 0x58, 0x24, 0x58, 0x24, 0x58, 0x24, 0x58, 0x24, 0x58, 
    0x24, 0x58, 0x24, 0x58, 0x24, 0x58, 0x24, 0x58, 0x24, 0x58, 0x24, 0x58, 
    0x24, 0x58, 0x24, 0x58, 0x24, 0x58, 0x24, 0x58, 0x24, 0x58, 0x24, 0x58, 
    0x24, 0x58, 0x24, 0x58, 0x44, 0x58, 0x24, 0x58, 0x24, 0x58, 0x24, 0x58, 
    0x24, 0x58, 0x24, 0x58, 0x24, 0x58, 0x24, 0x58, 0x24, 0x58, 0x23, 0x58, 
    0x24, 0x58, 0x24, 0x58, 0x23, 0x50, 0x24, 0x58, 0x24, 0x58, 0x23, 0x58, 
    0x23, 0x58, 0x23, 0x58, 0x23, 0x50, 0x23, 0x50, 0x23, 0x58, 0x23, 0x50, 
    0x24, 0x58, 0x24, 0x58, 0x23, 0x50, 0x23, 0x50, 0x23, 0x50, 0x23, 0x50, 
    0x23, 0x48, 0x23, 0x48, 0x23, 0x48, 0x23, 0x48, 0x23, 0x48, 0x23, 0x48, 
    0x23, 0x48, 0x23, 0x48, 0x23, 0x48, 0x23, 0x48, 0x23, 0x48, 0x23, 0x48, 
    0x23, 0x48, 0x23, 0x48, 0x23, 0x48, 0x23, 0x48, 0x23, 0x48, 0x23, 0x48, 
    0x23, 0x48, 0x23, 0x48, 0x23, 0x48, 0x23, 0x50, 0x23, 0x50, 0x23, 0x50, 
    0x23, 0x50, 0x23, 0x50, 0x23, 0x50, 0x23, 0x50, 0x23, 0x50, 0x23, 0x50, 
    0x23, 0x50, 0x23, 0x50, 0x23, 0x50, 0x23, 0x58, 0x23, 0x50, 0x23, 0x50, 
    0x23, 0x58, 0x23, 0x50, 0x24, 0x58, 0x44, 0x50, 0x24, 0x50, 0x23, 0x50, 
    0x24, 0x58, 0x23, 0x50, 0x24, 0x58, 0x24, 0x58, 0x44, 0x58, 0x24, 0x58, 
    0x24, 0x58, 0x23, 0x58, 0x24, 0x58, 0x24, 0x58, 0x44, 0x58, 0x44, 0x58, 
    0x24, 0x58, 0x24, 0x58, 0x24, 0x58, 0x44, 0x58, 0x43, 0x58, 0x63, 0x50, 
    0xa1, 0x38, 0xa0, 0x28, 0x60, 0x10, 0x40, 0x08, 0x20, 0x28, 0x64, 0x60, 
    0x07, 0x79, 0x89, 0x81, 0x89, 0x89, 0xaa, 0x89, 0xeb, 0x91, 0x6a, 0x89, 
    0x4a, 0x89, 0x6a, 0x91, 0x8b, 0x91, 0x6a, 0x89, 0x29, 0x89, 0x29, 0x89, 
    0x2a, 0x89, 0x4b, 0xa1, 0x30, 0xea, 0xd3, 0xfa, 0xb2, 0xfa, 0x51, 0xf2, 
    0xcf, 0xe1, 0xeb, 0xb8, 0x26, 0x98, 0x03, 0x80, 0x00, 0x30, 0x00, 0x20, 
    0x00, 0x28, 0x00, 0x28, 0x01, 0x68, 0x01, 0x88, 0x02, 0x90, 0x02, 0x90, 
    0x01, 0x88, 0x00, 0x80, 0x00, 0x70, 0x07, 0xb0, 0x2b, 0xe0, 0x08, 0xd0, 
    0x03, 0x90, 0x00, 0x30, 0x00, 0x28, 0x00, 0x28, 0x00, 0x50, 0x05, 0xb0, 
    0x08, 0xd8, 0x22, 0x78, 0x00, 0x30, 0x00, 0x50, 0x00, 0x40, 0x01, 0x78, 
    0x48, 0xc8, 0x22, 0x58, 0x00, 0x20, 0x00, 0x20, 0x00, 0x28, 0x00, 0x40, 
    0x00, 0x58, 0x01, 0x80, 0x04, 0xa8, 0x07, 0xc0, 0x0a, 0xd0, 0x09, 0xd0, 
    0x08, 0xc8, 0x02, 0x60, 0x00, 0x28, 0x00, 0x30, 0x00, 0x50, 0x01, 0x88, 
    0x00, 0x50, 0x00, 0x40, 0x02, 0x90, 0x00, 0x38, 0x00, 0x20, 0x00, 0x18, 
    0x00, 0x20, 0x01, 0x40, 0x48, 0xc0, 0x01, 0x48, 0x00, 0x50, 0x00, 0x88, 
    0x00, 0x58, 0x00, 0x48, 0x00, 0x70, 0x00, 0x88, 0x01, 0x98, 0x03, 0xa8, 
    0x04, 0xb0, 0x06, 0xc0, 0x06, 0xc0, 0x07, 0xc0, 0x08, 0xc0, 0x08, 0xc8, 
    0x07, 0xc0, 0x04, 0xa8, 0x02, 0xa0, 0x02, 0x88, 0x00, 0x40, 0x00, 0x20, 
    0x00, 0x28, 0x00, 0x48, 0x00, 0x70, 0x02, 0x90, 0x04, 0xa0, 0x04, 0xa8, 
    0x05, 0xb0, 0x06, 0xb8, 0x27, 0xb8, 0x68, 0xc0, 0xa9, 0xc8, 0xca, 0xc8, 
    0xea, 0xc8, 0x0a, 0xd1, 0xeb, 0xd0, 0xea, 0xd0, 0xc9, 0xc8, 0xc8, 0xc0, 
    0xc9, 0xc0, 0xc9, 0xc0, 0xaa, 0xb8, 0x05, 0xa0, 0x06, 0xa0, 0x05, 0xa0, 
    0x05, 0xa0, 0x05, 0xa0, 0x25, 0xa0, 0x25, 0xa0, 0x67, 0x98, 0x25, 0x60, 
    0x24, 0x58, 0x24, 0x58, 0x24, 0x58, 0x24, 0x58, 0x24, 0x58, 0x24, 0x58, 
    0x24, 0x58, 0x24, 0x58, 0x24, 0x58, 0x24, 0x58, 0x24, 0x58, 0x24, 0x58, 
    0x24, 0x58, 0x24, 0x58, 0x24, 0x58, 0x24, 0x58, 0x24, 0x58, 0x24, 0x58, 
    0x24, 0x58, 0x24, 0x58, 0x24, 0x58, 0x24, 0x58, 0x24, 0x58, 0x24, 0x58, 
    0x24, 0x58, 0x24, 0x58, 0x24, 0x58, 0x24, 0x58, 0x24, 0x58, 0x24, 0x58, 
    0x24, 0x58, 0x24, 0x58, 0x23, 0x58, 0x23, 0x58, 0x23, 0x58, 0x23, 0x50, 
    0x23, 0x50, 0x23, 0x50, 0x23, 0x58, 0x23, 0x50, 0x23, 0x58, 0x23, 0x50, 
    0x23, 0x50, 0x24, 0x50, 0x24, 0x50, 0x23, 0x50, 0x23, 0x50, 0x23, 0x50, 
    0x23, 0x48, 0x23, 0x48, 0x23, 0x48, 0x23, 0x48, 0x23, 0x48, 0x23, 0x48, 
    0x23, 0x48, 0x23, 0x48, 0x23, 0x50, 0x23, 0x48, 0x23, 0x48, 0x23, 0x48, 
    0x23, 0x48, 0x23, 0x48, 0x23, 0x48, 0x23, 0x48, 0x23, 0x48, 0x23, 0x48, 
    0x23, 0x48, 0x23, 0x48, 0x23, 0x50, 0x23, 0x50, 0x24, 0x50, 0x23, 0x50, 
    0x23, 0x50, 0x23, 0x50, 0x23, 0x50, 0x23, 0x50, 0x03, 0x50, 0x23, 0x50, 
    0x23, 0x50, 0x23, 0x50, 0x23, 0x50, 0x23, 0x58, 0x23, 0x50, 0x23, 0x50, 
    0x23, 0x58, 0x23, 0x58, 0x23, 0x50, 0x23, 0x50, 0x24, 0x58, 0x44, 0x58, 
    0x24, 0x58, 0x44, 0x58, 0x24, 0x58, 0x23, 0x58, 0x23, 0x58, 0x23, 0x58, 
    0x23, 0x58, 0x43, 0x58, 0x44, 0x58, 0x43, 0x58, 0x44, 0x58, 0x44, 0x58, 
    0x43, 0x50, 0x44, 0x58, 0x43, 0x50, 0x43, 0x50, 0x83, 0x50, 0xe0, 0x30, 
    0x00, 0x19, 0xe0, 0x10, 0x80, 0x08, 0x60, 0x10, 0x62, 0x48, 0xc6, 0x78, 
    0x68, 0x81, 0x89, 0x89, 0x69, 0x89, 0x8a, 0x89, 0x8a, 0x91, 0x29, 0x89, 
    0x2a, 0x91, 0x29, 0x89, 0x4a, 0x89, 0x49, 0x89, 0x09, 0x89, 0x29, 0x89, 
    0x09, 0x89, 0x2a, 0x99, 0x10, 0xe2, 0x72, 0xf2, 0x92, 0xf2, 0x11, 0xf2, 
    0xcf, 0xe1, 0x2c, 0xc1, 0x47, 0xa0, 0x03, 0x78, 0x00, 0x28, 0x00, 0x20, 
    0x00, 0x28, 0x00, 0x28, 0x00, 0x60, 0x01, 0x88, 0x01, 0x88, 0x01, 0x90, 
    0x00, 0x88, 0x00, 0x80, 0x00, 0x60, 0x28, 0xc0, 0x6b, 0xe8, 0x09, 0xd8, 
    0x03, 0x88, 0x00, 0x28, 0x00, 0x28, 0x00, 0x30, 0x00, 0x68, 0x05, 0xb0, 
    0x09, 0xd8, 0x24, 0xa0, 0x00, 0x38, 0x00, 0x58, 0x00, 0x50, 0x04, 0xa0, 
    0x24, 0x80, 0x00, 0x18, 0x00, 0x20, 0x00, 0x28, 0x00, 0x38, 0x00, 0x50, 
    0x00, 0x68, 0x02, 0x90, 0x05, 0xb8, 0x07, 0xc0, 0x09, 0xd0, 0x09, 0xd0, 
    0x27, 0xb8, 0x00, 0x48, 0x00, 0x10, 0x00, 0x18, 0x00, 0x30, 0x01, 0x78, 
    0x02, 0x90, 0x00, 0x58, 0x02, 0x98, 0x00, 0x40, 0x00, 0x20, 0x00, 0x20, 
    0x00, 0x28, 0x00, 0x20, 0x26, 0xa8, 0x23, 0x60, 0x00, 0x48, 0x00, 0x70, 
    0x00, 0x68, 0x00, 0x38, 0x00, 0x60, 0x00, 0x80, 0x00, 0x90, 0x01, 0xa0, 
    0x03, 0xb0, 0x04, 0xb8, 0x06, 0xc0, 0x06, 0xc0, 0x06, 0xc0, 0x07, 0xc8, 
    0x08, 0xc8, 0x04, 0xa8, 0x03, 0xa0, 0x02, 0x98, 0x01, 0x80, 0x00, 0x30, 
    0x00, 0x28, 0x00, 0x38, 0x00, 0x58, 0x01, 0x80, 0x03, 0x98, 0x04, 0xa8, 
    0x05, 0xb0, 0x06, 0xb8, 0x47, 0xc0, 0x48, 0xc0, 0x68, 0xc8, 0x88, 0xc8, 
    0xe9, 0xd0, 0xea, 0xd0, 0xeb, 0xd0, 0xca, 0xd0, 0x09, 0xd1, 0xe8, 0xc8, 
    0xc8, 0xc0, 0x0a, 0xc9, 0x48, 0xa8, 0x05, 0xa0, 0x05, 0xa0, 0x05, 0xa0, 
    0x26, 0xa8, 0x05, 0xa0, 0x05, 0xa0, 0x25, 0xa0, 0x25, 0xa0, 0x46, 0x80, 
    0x24, 0x58, 0x24, 0x58, 0x24, 0x58, 0x24, 0x58, 0x24, 0x58, 0x23, 0x58, 
    0x24, 0x58, 0x24, 0x58, 0x24, 0x58, 0x24, 0x58, 0x24, 0x58, 0x24, 0x58, 
    0x44, 0x58, 0x44, 0x58, 0x44, 0x58, 0x24, 0x58, 0x24, 0x58, 0x24, 0x58, 
    0x44, 0x58, 0x24, 0x58, 0x44, 0x58, 0x24, 0x58, 0x44, 0x58, 0x23, 0x58, 
    0x24, 0x58, 0x24, 0x58, 0x24, 0x58, 0x24, 0x58, 0x24, 0x58, 0x24, 0x58, 
    0x24, 0x58, 0x24, 0x58, 0x23, 0x58, 0x24, 0x58, 0x24, 0x58, 0x23, 0x50, 
    0x23, 0x50, 0x23, 0x58, 0x23, 0x50, 0x23, 0x50, 0x23, 0x58, 0x23, 0x58, 
    0x24, 0x50, 0x23, 0x50, 0x24, 0x50, 0x23, 0x50, 0x23, 0x50, 0x24, 0x50, 
    0x23, 0x48, 0x23, 0x48, 0x23, 0x48, 0x23, 0x48, 0x23, 0x48, 0x23, 0x48, 
    0x23, 0x48, 0x23, 0x48, 0x23, 0x48, 0x23, 0x48, 0x23, 0x48, 0x23, 0x48, 
    0x23, 0x48, 0x23, 0x48, 0x23, 0x50, 0x23, 0x48, 0x23, 0x48, 0x23, 0x48, 
    0x23, 0x48, 0x23, 0x50, 0x23, 0x50, 0x23, 0x50, 0x23, 0x50, 0x23, 0x50, 
    0x23, 0x50, 0x23, 0x50, 0x23, 0x50, 0x23, 0x50, 0x23, 0x50, 0x23, 0x50, 
    0x23, 0x50, 0x23, 0x50, 0x23, 0x50, 0x03, 0x50, 0x23, 0x50, 0x23, 0x50, 
    0x23, 0x50, 0x23, 0x58, 0x23, 0x50, 0x23, 0x50, 0x24, 0x58, 0x23, 0x50, 
    0x23, 0x50, 0x43, 0x50, 0x43, 0x58, 0x44, 0x50, 0x44, 0x50, 0x44, 0x58, 
    0x63, 0x58, 0x63, 0x58, 0x64, 0x58, 0x63, 0x58, 0x83, 0x58, 0x63, 0x58, 
    0x63, 0x58, 0x63, 0x58, 0x63, 0x50, 0x62, 0x50, 0x00, 0x39, 0x20, 0x21, 
    0x00, 0x11, 0xc0, 0x08, 0x80, 0x08, 0x60, 0x28, 0x64, 0x60, 0xc7, 0x78, 
    0x68, 0x89, 0x69, 0x89, 0x69, 0x89, 0x8a, 0x91, 0x69, 0x89, 0x29, 0x89, 
    0x29, 0x89, 0x29, 0x89, 0x29, 0x89, 0x29, 0x91, 0x09, 0x89, 0x09, 0x89, 
    0x09, 0x89, 0xe9, 0x90, 0xae, 0xc9, 0x51, 0xea, 0x71, 0xea, 0x10, 0xea, 
    0xcf, 0xe1, 0x2c, 0xc9, 0x68, 0xa8, 0x03, 0x70, 0x00, 0x28, 0x00, 0x20, 
    0x00, 0x20, 0x00, 0x28, 0x00, 0x68, 0x01, 0x88, 0x01, 0x88, 0x01, 0x88, 
    0x00, 0x80, 0x00, 0x78, 0x00, 0x50, 0x08, 0xc0, 0x6b, 0xe8, 0x29, 0xd8, 
    0x22, 0x78, 0x00, 0x28, 0x00, 0x28, 0x00, 0x40, 0x01, 0x78, 0x06, 0xb8, 
    0x2a, 0xe0, 0x26, 0xb0, 0x00, 0x40, 0x00, 0x60, 0x00, 0x68, 0x05, 0xa8, 
    0x00, 0x30, 0x00, 0x20, 0x00, 0x20, 0x00, 0x30, 0x00, 0x40, 0x00, 0x50, 
    0x00, 0x70, 0x03, 0xa0, 0x05, 0xb0, 0x07, 0xc8, 0x08, 0xd0, 0x08, 0xd0, 
    0x04, 0xa8, 0x04, 0x90, 0x00, 0x20, 0x00, 0x10, 0x00, 0x20, 0x02, 0x70, 
    0x04, 0xb0, 0x01, 0x88, 0x01, 0x90, 0x00, 0x40, 0x00, 0x20, 0x00, 0x28, 
    0x00, 0x30, 0x00, 0x18, 0x05, 0x98, 0x44, 0x80, 0x00, 0x40, 0x00, 0x68, 
    0x00, 0x70, 0x00, 0x38, 0x00, 0x50, 0x00, 0x78, 0x00, 0x90, 0x01, 0x98, 
    0x02, 0xa8, 0x04, 0xb8, 0x05, 0xc0, 0x05, 0xc0, 0x06, 0xc0, 0x06, 0xc0, 
    0x28, 0xc8, 0x04, 0xa8, 0x02, 0xa0, 0x02, 0xa0, 0x02, 0x98, 0x01, 0x68, 
    0x00, 0x28, 0x00, 0x30, 0x00, 0x48, 0x00, 0x70, 0x03, 0x90, 0x04, 0xa0, 
    0x05, 0xb0, 0x06, 0xb8, 0x28, 0xc0, 0x28, 0xc0, 0x68, 0xc8, 0xc9, 0xd0, 
    0x0a, 0xd1, 0x2a, 0xd9, 0x0a, 0xd1, 0x0a, 0xd1, 0xc9, 0xc8, 0xc9, 0xc0, 
    0xa8, 0xc0, 0xea, 0xc8, 0x27, 0xa0, 0x04, 0xa0, 0x05, 0xa0, 0x04, 0xa0, 
    0x05, 0xa0, 0x25, 0xa0, 0x45, 0xa8, 0x45, 0xa0, 0x05, 0xa0, 0x26, 0x98, 
    0x45, 0x70, 0x24, 0x58, 0x24, 0x58, 0x24, 0x58, 0x24, 0x58, 0x24, 0x58, 
    0x24, 0x58, 0x24, 0x58, 0x24, 0x58, 0x24, 0x58, 0x24, 0x58, 0x24, 0x58, 
    0x24, 0x58, 0x24, 0x58, 0x24, 0x58, 0x24, 0x58, 0x24, 0x58, 0x44, 0x58, 
    0x24, 0x58, 0x24, 0x58, 0x24, 0x58, 0x24, 0x58, 0x24, 0x58, 0x24, 0x58, 
    0x24, 0x58, 0x24, 0x58, 0x24, 0x58, 0x24, 0x58, 0x24, 0x58, 0x24, 0x58, 
    0x24, 0x58, 0x24, 0x58, 0x24, 0x58, 0x24, 0x58, 0x24, 0x50, 0x24, 0x50, 
    0x24, 0x58, 0x23, 0x58, 0x23, 0x50, 0x23, 0x58, 0x23, 0x58, 0x23, 0x50, 
    0x24, 0x58, 0x23, 0x50, 0x23, 0x50, 0x23, 0x50, 0x23, 0x50, 0x23, 0x50, 
    0x23, 0x48, 0x23, 0x48, 0x23, 0x48, 0x23, 0x48, 0x23, 0x48, 0x23, 0x48, 
    0x23, 0x48, 0x23, 0x48, 0x23, 0x50, 0x23, 0x48, 0x23, 0x48, 0x23, 0x48, 
    0x23, 0x48, 0x23, 0x48, 0x23, 0x48, 0x23, 0x50, 0x23, 0x50, 0x23, 0x50, 
    0x23, 0x50, 0x23, 0x50, 0x23, 0x50, 0x23, 0x50, 0x23, 0x50, 0x23, 0x50, 
    0x23, 0x50, 0x43, 0x50, 0x23, 0x50, 0x23, 0x50, 0x23, 0x50, 0x23, 0x50, 
    0x23, 0x50, 0x23, 0x50, 0x23, 0x58, 0x23, 0x50, 0x23, 0x50, 0x23, 0x50, 
    0x23, 0x50, 0x23, 0x50, 0x23, 0x50, 0x23, 0x50, 0x24, 0x50, 0x43, 0x50, 
    0x43, 0x58, 0x43, 0x58, 0x63, 0x58, 0x64, 0x58, 0x84, 0x58, 0x83, 0x58, 
    0x83, 0x58, 0xa3, 0x58, 0xa3, 0x58, 0xc3, 0x58, 0xc4, 0x58, 0xa3, 0x58, 
    0xa3, 0x58, 0xa3, 0x58, 0xa3, 0x50, 0xe1, 0x38, 0x40, 0x21, 0x40, 0x19, 
    0xe0, 0x10, 0xc0, 0x08, 0x80, 0x10, 0x82, 0x50, 0x65, 0x70, 0xe7, 0x80, 
    0x69, 0x89, 0x49, 0x89, 0x69, 0x89, 0x8a, 0x91, 0x49, 0x89, 0x4a, 0x91, 
    0x2a, 0x91, 0x09, 0x89, 0x09, 0x89, 0x29, 0x89, 0x29, 0x89, 0xe8, 0x88, 
    0x09, 0x89, 0xe9, 0x88, 0xea, 0xa0, 0x8e, 0xd1, 0x10, 0xea, 0xef, 0xe1, 
    0xce, 0xe1, 0x6d, 0xd1, 0x88, 0xb0, 0x02, 0x68, 0x00, 0x20, 0x00, 0x20, 
    0x00, 0x20, 0x00, 0x28, 0x01, 0x78, 0x01, 0x88, 0x01, 0x88, 0x01, 0x88, 
    0x00, 0x80, 0x00, 0x70, 0x00, 0x50, 0x4a, 0xd8, 0x6b, 0xe8, 0x29, 0xd0, 
    0x21, 0x60, 0x00, 0x28, 0x00, 0x30, 0x00, 0x50, 0x01, 0x88, 0x05, 0xb8, 
    0x09, 0xe0, 0x26, 0xc0, 0x00, 0x50, 0x00, 0x68, 0x01, 0x78, 0x04, 0x90, 
    0x00, 0x20, 0x00, 0x20, 0x00, 0x20, 0x00, 0x30, 0x00, 0x40, 0x00, 0x58, 
    0x01, 0x70, 0x04, 0xa0, 0x06, 0xb0, 0x07, 0xc0, 0x08, 0xd0, 0x25, 0x98, 
    0x02, 0x88, 0x05, 0xb0, 0x03, 0x68, 0x00, 0x28, 0x00, 0x40, 0x02, 0x80, 
    0x05, 0xb8, 0x03, 0xa0, 0x01, 0x88, 0x00, 0x40, 0x00, 0x30, 0x00, 0x40, 
    0x00, 0x30, 0x00, 0x20, 0x04, 0x88, 0x46, 0x98, 0x00, 0x30, 0x00, 0x60, 
    0x00, 0x78, 0x00, 0x48, 0x00, 0x38, 0x00, 0x70, 0x00, 0x88, 0x01, 0x98, 
    0x01, 0xa0, 0x03, 0xb0, 0x04, 0xb8, 0x05, 0xc0, 0x05, 0xb8, 0x06, 0xc0, 
    0x08, 0xc8, 0x04, 0xb0, 0x03, 0xa0, 0x03, 0xa0, 0x03, 0xa0, 0x03, 0x98, 
    0x00, 0x40, 0x00, 0x30, 0x00, 0x40, 0x00, 0x60, 0x01, 0x80, 0x04, 0xa0, 
    0x05, 0xb0, 0x06, 0xb8, 0x07, 0xb8, 0x07, 0xc0, 0x68, 0xc8, 0xc9, 0xd0, 
    0x0a, 0xd1, 0x0a, 0xd9, 0xea, 0xd0, 0xa9, 0xd0, 0xc8, 0xc8, 0xc8, 0xc8, 
    0xa8, 0xc0, 0xea, 0xc0, 0x06, 0xa0, 0x05, 0xa0, 0x05, 0xa8, 0x04, 0xa8, 
    0x05, 0xa0, 0x25, 0xa8, 0x25, 0xa8, 0x46, 0xa0, 0x25, 0xa0, 0x05, 0xa0, 
    0x46, 0x90, 0x24, 0x58, 0x24, 0x58, 0x24, 0x58, 0x44, 0x58, 0x24, 0x58, 
    0x44, 0x58, 0x24, 0x58, 0x24, 0x58, 0x24, 0x58, 0x24, 0x58, 0x24, 0x58, 
    0x24, 0x58, 0x24, 0x58, 0x24, 0x58, 0x24, 0x58, 0x24, 0x58, 0x24, 0x58, 
    0x24, 0x58, 0x24, 0x58, 0x23, 0x58, 0x24, 0x58, 0x24, 0x58, 0x24, 0x58, 
    0x24, 0x58, 0x24, 0x58, 0x24, 0x58, 0x24, 0x58, 0x24, 0x58, 0x24, 0x58, 
    0x24, 0x58, 0x24, 0x50, 0x23, 0x58, 0x24, 0x58, 0x24, 0x58, 0x23, 0x50, 
    0x23, 0x50, 0x24, 0x58, 0x23, 0x50, 0x23, 0x50, 0x23, 0x50, 0x44, 0x58, 
    0x24, 0x58, 0x23, 0x50, 0x23, 0x50, 0x23, 0x50, 0x23, 0x50, 0x23, 0x50, 
    0x23, 0x48, 0x23, 0x48, 0x23, 0x48, 0x23, 0x48, 0x22, 0x48, 0x23, 0x48, 
    0x23, 0x48, 0x23, 0x48, 0x23, 0x48, 0x23, 0x48, 0x23, 0x48, 0x23, 0x48, 
    0x23, 0x50, 0x23, 0x48, 0x23, 0x50, 0x23, 0x50, 0x23, 0x48, 0x23, 0x48, 
    0x23, 0x50, 0x23, 0x50, 0x23, 0x50, 0x23, 0x50, 0x23, 0x50, 0x23, 0x50, 
    0x23, 0x50, 0x23, 0x50, 0x23, 0x50, 0x23, 0x50, 0x23, 0x50, 0x23, 0x50, 
    0x23, 0x50, 0x23, 0x50, 0x23, 0x50, 0x23, 0x50, 0x23, 0x50, 0x23, 0x58, 
    0x23, 0x50, 0x23, 0x50, 0x43, 0x58, 0x43, 0x50, 0x43, 0x50, 0x63, 0x58, 
    0x83, 0x58, 0x83, 0x58, 0xa3, 0x58, 0xc3, 0x58, 0xc4, 0x58, 0xe3, 0x58, 
    0xe3, 0x58, 0x03, 0x59, 0x03, 0x51, 0x03, 0x51, 0x23, 0x51, 0x23, 0x51, 
    0x23, 0x59, 0x03, 0x49, 0x01, 0x39, 0x60, 0x29, 0x80, 0x19, 0x40, 0x11, 
    0x00, 0x11, 0xc0, 0x10, 0xa0, 0x30, 0x63, 0x68, 0x85, 0x78, 0x08, 0x89, 
    0x49, 0x89, 0x49, 0x89, 0x49, 0x91, 0x4a, 0x91, 0x4a, 0x91, 0x2a, 0x91, 
    0x09, 0x91, 0x29, 0x91, 0x09, 0x89, 0x09, 0x89, 0x29, 0x91, 0x09, 0x89, 
    0xc8, 0x88, 0xc8, 0x88, 0x88, 0x88, 0x89, 0xa8, 0x4d, 0xd1, 0x8e, 0xd9, 
    0x8e, 0xd9, 0x8d, 0xd9, 0xc9, 0xb8, 0x03, 0x78, 0x00, 0x28, 0x00, 0x20, 
    0x00, 0x20, 0x00, 0x28, 0x01, 0x78, 0x01, 0x88, 0x01, 0x80, 0x00, 0x80, 
    0x00, 0x80, 0x00, 0x68, 0x01, 0x58, 0x8d, 0xf0, 0x8c, 0xf0, 0x29, 0xd0, 
    0x00, 0x38, 0x00, 0x28, 0x00, 0x30, 0x00, 0x58, 0x02, 0x90, 0x05, 0xb8, 
    0x09, 0xd8, 0x28, 0xd0, 0x00, 0x68, 0x00, 0x68, 0x02, 0x90, 0x23, 0x70, 
    0x00, 0x20, 0x00, 0x20, 0x00, 0x28, 0x00, 0x30, 0x00, 0x40, 0x00, 0x50, 
    0x01, 0x78, 0x04, 0x98, 0x06, 0xb0, 0x07, 0xc0, 0x27, 0xb8, 0x00, 0x48, 
    0x01, 0x78, 0x05, 0xa8, 0x07, 0xc0, 0x05, 0xa8, 0x03, 0x90, 0x28, 0xc8, 
    0x05, 0xb8, 0x02, 0xa0, 0x00, 0x68, 0x00, 0x40, 0x00, 0x50, 0x00, 0x50, 
    0x00, 0x30, 0x00, 0x20, 0x05, 0x98, 0x25, 0x88, 0x00, 0x30, 0x00, 0x50, 
    0x00, 0x70, 0x00, 0x58, 0x00, 0x30, 0x00, 0x60, 0x00, 0x88, 0x01, 0x98, 
    0x01, 0xa0, 0x02, 0xa8, 0x03, 0xb8, 0x05, 0xb8, 0x05, 0xc0, 0x06, 0xc8, 
    0x09, 0xd0, 0x26, 0xb8, 0x03, 0xa0, 0x03, 0xa0, 0x03, 0xa0, 0x03, 0xa0, 
    0x22, 0x68, 0x00, 0x30, 0x00, 0x38, 0x00, 0x50, 0x00, 0x68, 0x02, 0x90, 
    0x04, 0xa8, 0x06, 0xb0, 0x07, 0xb8, 0x28, 0xc0, 0x68, 0xc8, 0x89, 0xc8, 
    0x89, 0xd0, 0xca, 0xd8, 0xaa, 0xd8, 0x89, 0xc8, 0xe8, 0xc8, 0xc8, 0xc0, 
    0x88, 0xb8, 0xa9, 0xb8, 0x05, 0xa0, 0x05, 0xa8, 0x05, 0xa8, 0x05, 0xa8, 
    0x05, 0xa0, 0x05, 0xa8, 0x05, 0xa8, 0x25, 0xa0, 0x25, 0xa0, 0x25, 0xa0, 
    0x05, 0xa0, 0x46, 0x88, 0x24, 0x58, 0x24, 0x58, 0x24, 0x58, 0x44, 0x58, 
    0x44, 0x58, 0x24, 0x58, 0x24, 0x58, 0x44, 0x58, 0x24, 0x58, 0x24, 0x58, 
    0x44, 0x58, 0x24, 0x58, 0x24, 0x58, 0x24, 0x58, 0x24, 0x58, 0x24, 0x58, 
    0x24, 0x58, 0x24, 0x58, 0x23, 0x58, 0x24, 0x58, 0x24, 0x58, 0x24, 0x58, 
    0x24, 0x58, 0x24, 0x58, 0x24, 0x58, 0x24, 0x58, 0x24, 0x50, 0x24, 0x58, 
    0x23, 0x50, 0x24, 0x58, 0x44, 0x58, 0x24, 0x58, 0x23, 0x50, 0x24, 0x58, 
    0x23, 0x50, 0x23, 0x50, 0x23, 0x50, 0x23, 0x50, 0x23, 0x50, 0x23, 0x50, 
    0x23, 0x50, 0x23, 0x50, 0x23, 0x50, 0x24, 0x50, 0x23, 0x50, 0x23, 0x50, 
    0x23, 0x48, 0x23, 0x48, 0x23, 0x48, 0x23, 0x48, 0x23, 0x48, 0x23, 0x48, 
    0x23, 0x48, 0x23, 0x48, 0x23, 0x48, 0x23, 0x48, 0x23, 0x50, 0x23, 0x48, 
    0x23, 0x48, 0x23, 0x48, 0x23, 0x48, 0x43, 0x50, 0x23, 0x50, 0x23, 0x48, 
    0x23, 0x48, 0x23, 0x50, 0x23, 0x50, 0x23, 0x50, 0x23, 0x50, 0x23, 0x50, 
    0x23, 0x50, 0x23, 0x50, 0x23, 0x50, 0x23, 0x50, 0x03, 0x50, 0x23, 0x50, 
    0x23, 0x50, 0x23, 0x50, 0x23, 0x50, 0x23, 0x50, 0x23, 0x50, 0x23, 0x50, 
    0x23, 0x50, 0x43, 0x58, 0x63, 0x58, 0x63, 0x50, 0x83, 0x58, 0xa3, 0x58, 
    0xc3, 0x58, 0xe3, 0x58, 0xe3, 0x58, 0x03, 0x51, 0x24, 0x59, 0x44, 0x51, 
    0x44, 0x51, 0x44, 0x51, 0x64, 0x51, 0x64, 0x51, 0x84, 0x51, 0x64, 0x51, 
    0x64, 0x51, 0x42, 0x49, 0x40, 0x31, 0x80, 0x19, 0xa0, 0x11, 0x60, 0x11, 
    0x20, 0x11, 0xe0, 0x18, 0x81, 0x48, 0x85, 0x70, 0xa7, 0x80, 0x08, 0x89, 
    0x09, 0x89, 0x29, 0x89, 0x29, 0x89, 0x2a, 0x91, 0x29, 0x89, 0x29, 0x91, 
    0xe9, 0x88, 0x09, 0x91, 0xe8, 0x88, 0xe9, 0x90, 0xe9, 0x90, 0xc8, 0x88, 
    0xc8, 0x88, 0x87, 0x88, 0xa8, 0x88, 0x05, 0x80, 0xa9, 0xa8, 0x2c, 0xd1, 
    0x8e, 0xd9, 0xae, 0xd9, 0x0a, 0xc1, 0x44, 0x80, 0x00, 0x28, 0x00, 0x20, 
    0x00, 0x20, 0x00, 0x38, 0x01, 0x78, 0x00, 0x80, 0x00, 0x80, 0x00, 0x80, 
    0x00, 0x78, 0x00, 0x60, 0x01, 0x58, 0xce, 0xf0, 0xac, 0xe8, 0x28, 0xc8, 
    0x00, 0x30, 0x00, 0x28, 0x00, 0x38, 0x00, 0x60, 0x03, 0x90, 0x05, 0xb8, 
    0x09, 0xd8, 0x49, 0xd8, 0x00, 0x80, 0x00, 0x70, 0x03, 0xa0, 0x22, 0x58, 
    0x00, 0x18, 0x00, 0x20, 0x00, 0x28, 0x00, 0x30, 0x00, 0x40, 0x00, 0x50, 
    0x00, 0x70, 0x03, 0x98, 0x06, 0xb0, 0x07, 0xb8, 0x03, 0x78, 0x00, 0x38, 
    0x00, 0x60, 0x04, 0x98, 0x07, 0xb8, 0x4a, 0xd0, 0x6a, 0xd8, 0x27, 0xc0, 
    0x03, 0xa0, 0x01, 0x80, 0x00, 0x58, 0x00, 0x68, 0x00, 0x60, 0x00, 0x48, 
    0x00, 0x30, 0x00, 0x30, 0x47, 0xb8, 0x22, 0x78, 0x00, 0x28, 0x00, 0x48, 
    0x00, 0x68, 0x00, 0x58, 0x00, 0x28, 0x00, 0x60, 0x00, 0x80, 0x00, 0x98, 
    0x01, 0xa0, 0x02, 0xa8, 0x03, 0xb8, 0x05, 0xc0, 0x06, 0xc8, 0x07, 0xc8, 
    0x28, 0xd0, 0x27, 0xc0, 0x04, 0xa0, 0x03, 0xa0, 0x03, 0xa0, 0x03, 0xa0, 
    0x22, 0x70, 0x00, 0x38, 0x00, 0x38, 0x00, 0x48, 0x00, 0x60, 0x01, 0x78, 
    0x03, 0x98, 0x05, 0xb0, 0x06, 0xb8, 0x28, 0xc0, 0x48, 0xc0, 0x89, 0xc8, 
    0xa9, 0xd0, 0xea, 0xd0, 0xc9, 0xd0, 0xc8, 0xc8, 0x87, 0xc0, 0x86, 0xb8, 
    0xa8, 0xc0, 0x88, 0xb0, 0x05, 0xa8, 0x05, 0xa8, 0x05, 0xa8, 0x05, 0xa0, 
    0x05, 0xa8, 0x05, 0xa8, 0x06, 0xa8, 0x26, 0xa8, 0x46, 0xa0, 0x25, 0xa0, 
    0x05, 0xa0, 0x26, 0xa0, 0x45, 0x70, 0x44, 0x58, 0x24, 0x58, 0x24, 0x58, 
    0x44, 0x58, 0x24, 0x58, 0x24, 0x58, 0x24, 0x58, 0x24, 0x58, 0x24, 0x58, 
    0x24, 0x58, 0x24, 0x58, 0x44, 0x58, 0x24, 0x58, 0x24, 0x58, 0x24, 0x58, 
    0x24, 0x58, 0x24, 0x58, 0x24, 0x58, 0x24, 0x58, 0x24, 0x58, 0x24, 0x58, 
    0x24, 0x58, 0x44, 0x58, 0x24, 0x58, 0x24, 0x58, 0x24, 0x50, 0x24, 0x58, 
    0x23, 0x58, 0x24, 0x58, 0x23, 0x58, 0x23, 0x58, 0x23, 0x58, 0x24, 0x58, 
    0x23, 0x50, 0x23, 0x50, 0x23, 0x58, 0x23, 0x58, 0x23, 0x50, 0x23, 0x50, 
    0x03, 0x50, 0x23, 0x50, 0x23, 0x50, 0x24, 0x50, 0x24, 0x50, 0x24, 0x50, 
    0x23, 0x48, 0x23, 0x48, 0x23, 0x48, 0x23, 0x48, 0x23, 0x48, 0x23, 0x48, 
    0x23, 0x48, 0x23, 0x50, 0x23, 0x50, 0x23, 0x48, 0x23, 0x50, 0x23, 0x48, 
    0x23, 0x50, 0x23, 0x50, 0x23, 0x50, 0x23, 0x50, 0x23, 0x48, 0x23, 0x50, 
    0x23, 0x50, 0x23, 0x50, 0x23, 0x50, 0x23, 0x50, 0x23, 0x50, 0x23, 0x50, 
    0x23, 0x50, 0x23, 0x50, 0x23, 0x50, 0x23, 0x50, 0x23, 0x50, 0x23, 0x50, 
    0x23, 0x50, 0x03, 0x50, 0x23, 0x50, 0x23, 0x50, 0x23, 0x50, 0x43, 0x50, 
    0x63, 0x58, 0x83, 0x58, 0xa3, 0x58, 0xc3, 0x58, 0xe3, 0x58, 0x03, 0x59, 
    0x03, 0x51, 0x44, 0x51, 0x64, 0x51, 0x64, 0x51, 0x84, 0x51, 0x84, 0x51, 
    0xc4, 0x59, 0xa4, 0x51, 0xc4, 0x59, 0xc4, 0x59, 0xc4, 0x51, 0xc3, 0x59, 
    0xc4, 0x51, 0x81, 0x41, 0x60, 0x29, 0xa0, 0x19, 0xa0, 0x11, 0x60, 0x11, 
    0x40, 0x11, 0x00, 0x29, 0x63, 0x60, 0x65, 0x78, 0xa7, 0x80, 0x09, 0x89, 
    0xe8, 0x88, 0x09, 0x89, 0xe9, 0x88, 0x09, 0x89, 0x29, 0x91, 0xe9, 0x90, 
    0x88, 0x88, 0xa8, 0x88, 0xa8, 0x90, 0xa8, 0x90, 0x87, 0x88, 0xa8, 0x88, 
    0x87, 0x88, 0x87, 0x80, 0x67, 0x88, 0x03, 0x70, 0x04, 0x78, 0xec, 0xc0, 
    0xaf, 0xe1, 0x10, 0xe2, 0x8c, 0xd1, 0x66, 0x98, 0x00, 0x28, 0x00, 0x20, 
    0x00, 0x20, 0x00, 0x38, 0x00, 0x78, 0x00, 0x78, 0x00, 0x80, 0x00, 0x78, 
    0x00, 0x78, 0x00, 0x58, 0x02, 0x58, 0xce, 0xe8, 0xed, 0xf0, 0x27, 0xb8, 
    0x00, 0x28, 0x00, 0x30, 0x00, 0x48, 0x00, 0x68, 0x02, 0x90, 0x05, 0xb8, 
    0x08, 0xd0, 0x29, 0xe0, 0x01, 0x90, 0x00, 0x88, 0x04, 0xb0, 0x22, 0x58, 
    0x00, 0x20, 0x00, 0x20, 0x00, 0x28, 0x00, 0x30, 0x00, 0x40, 0x00, 0x48, 
    0x00, 0x68, 0x03, 0x90, 0x05, 0xa8, 0x25, 0xb0, 0x01, 0x50, 0x00, 0x30, 
    0x00, 0x48, 0x02, 0x78, 0x05, 0x98, 0x07, 0xb0, 0x06, 0xb0, 0x03, 0x98, 
    0x01, 0x80, 0x00, 0x68, 0x00, 0x70, 0x00, 0x70, 0x00, 0x50, 0x00, 0x40, 
    0x00, 0x30, 0x00, 0x48, 0x47, 0xc0, 0x01, 0x68, 0x00, 0x30, 0x00, 0x38, 
    0x00, 0x58, 0x20, 0x60, 0x00, 0x28, 0x00, 0x58, 0x00, 0x80, 0x01, 0x90, 
    0x01, 0xa0, 0x02, 0xb0, 0x04, 0xc0, 0x06, 0xc8, 0x07, 0xc8, 0x07, 0xd0, 
    0x49, 0xd8, 0x68, 0xc8, 0x03, 0xa8, 0x03, 0xa0, 0x03, 0xa0, 0x03, 0xa0, 
    0x03, 0x88, 0x00, 0x40, 0x00, 0x40, 0x00, 0x48, 0x00, 0x58, 0x00, 0x70, 
    0x02, 0x80, 0x05, 0xa8, 0x06, 0xb8, 0x28, 0xc0, 0x68, 0xc8, 0xa9, 0xc8, 
    0xa9, 0xd0, 0xca, 0xd0, 0xa9, 0xc8, 0x87, 0xc0, 0x67, 0xb8, 0x67, 0xb8, 
    0xc9, 0xc0, 0x47, 0xa8, 0x05, 0xa8, 0x05, 0xa8, 0x05, 0xa8, 0x05, 0xa8, 
    0x05, 0xa8, 0x06, 0xa8, 0x26, 0xa8, 0x25, 0xa8, 0x26, 0xa8, 0x46, 0xa8, 
    0x25, 0xa0, 0x04, 0xa0, 0x46, 0x90, 0x44, 0x58, 0x24, 0x58, 0x23, 0x58, 
    0x44, 0x58, 0x24, 0x58, 0x24, 0x58, 0x24, 0x58, 0x24, 0x58, 0x24, 0x58, 
    0x24, 0x58, 0x24, 0x58, 0x24, 0x58, 0x24, 0x58, 0x24, 0x58, 0x24, 0x58, 
    0x24, 0x58, 0x24, 0x50, 0x44, 0x58, 0x24, 0x58, 0x24, 0x58, 0x24, 0x58, 
    0x24, 0x58, 0x24, 0x58, 0x24, 0x58, 0x23, 0x58, 0x24, 0x58, 0x24, 0x58, 
    0x23, 0x50, 0x24, 0x58, 0x24, 0x58, 0x23, 0x58, 0x23, 0x58, 0x23, 0x50, 
    0x24, 0x50, 0x23, 0x50, 0x24, 0x50, 0x23, 0x50, 0x23, 0x58, 0x24, 0x50, 
    0x23, 0x50, 0x03, 0x50, 0x23, 0x50, 0x23, 0x50, 0x24, 0x50, 0x24, 0x50, 
    0x23, 0x48, 0x23, 0x48, 0x23, 0x48, 0x23, 0x48, 0x23, 0x48, 0x23, 0x48, 
    0x23, 0x48, 0x23, 0x50, 0x23, 0x50, 0x23, 0x48, 0x23, 0x50, 0x23, 0x48, 
    0x23, 0x50, 0x23, 0x50, 0x23, 0x50, 0x23, 0x50, 0x23, 0x50, 0x23, 0x50, 
    0x23, 0x50, 0x23, 0x50, 0x23, 0x50, 0x23, 0x50, 0x23, 0x50, 0x23, 0x50, 
    0x23, 0x50, 0x23, 0x50, 0x23, 0x50, 0x23, 0x50, 0x23, 0x50, 0x23, 0x50, 
    0x23, 0x50, 0x23, 0x50, 0x43, 0x50, 0x43, 0x50, 0x63, 0x58, 0x83, 0x58, 
    0xa3, 0x58, 0xc3, 0x58, 0xe3, 0x58, 0x23, 0x51, 0x44, 0x51, 0x64, 0x51, 
    0x64, 0x51, 0x84, 0x51, 0xa4, 0x51, 0xc4, 0x59, 0xe4, 0x51, 0x04, 0x5a, 
    0x04, 0x5a, 0x04, 0x5a, 0x04, 0x52, 0x23, 0x52, 0x03, 0x52, 0x03, 0x52, 
    0x03, 0x52, 0x80, 0x31, 0x80, 0x21, 0xa0, 0x11, 0x80, 0x11, 0x40, 0x11, 
    0x40, 0x11, 0x01, 0x39, 0x64, 0x70, 0x45, 0x80, 0x87, 0x80, 0xe8, 0x88, 
    0xc8, 0x88, 0xe8, 0x88, 0xe8, 0x88, 0xe8, 0x88, 0xe9, 0x88, 0xa8, 0x88, 
    0x67, 0x88, 0x67, 0x88, 0xa8, 0x90, 0x88, 0x88, 0xa8, 0x90, 0x67, 0x88, 
    0x87, 0x80, 0x87, 0x80, 0x05, 0x80, 0x03, 0x78, 0x02, 0x70, 0x04, 0x80, 
    0x8e, 0xd9, 0x2f, 0xea, 0x8c, 0xd1, 0x87, 0xa8, 0x00, 0x40, 0x00, 0x20, 
    0x00, 0x20, 0x00, 0x38, 0x00, 0x78, 0x00, 0x78, 0x00, 0x78, 0x00, 0x78, 
    0x00, 0x70, 0x00, 0x50, 0x01, 0x58, 0xcd, 0xe8, 0xee, 0xf0, 0x68, 0xb0, 
    0x00, 0x28, 0x00, 0x38, 0x00, 0x50, 0x00, 0x68, 0x02, 0x90, 0x04, 0xa8, 
    0x08, 0xc8, 0x2a, 0xe0, 0x04, 0xa8, 0x00, 0x90, 0x04, 0xb8, 0x03, 0x80, 
    0x00, 0x20, 0x00, 0x20, 0x00, 0x20, 0x00, 0x28, 0x00, 0x38, 0x00, 0x40, 
    0x00, 0x58, 0x01, 0x78, 0x03, 0x98, 0x04, 0x98, 0x00, 0x40, 0x00, 0x28, 
    0x00, 0x38, 0x00, 0x50, 0x00, 0x60, 0x01, 0x70, 0x00, 0x70, 0x00, 0x78, 
    0x00, 0x78, 0x00, 0x80, 0x00, 0x78, 0x00, 0x68, 0x00, 0x50, 0x00, 0x40, 
    0x00, 0x38, 0x03, 0x80, 0x25, 0xa8, 0x00, 0x60, 0x00, 0x30, 0x00, 0x30, 
    0x00, 0x50, 0x00, 0x58, 0x00, 0x28, 0x00, 0x58, 0x00, 0x80, 0x01, 0x98, 
    0x02, 0xa0, 0x03, 0xb0, 0x06, 0xc8, 0x07, 0xd0, 0x08, 0xd8, 0x28, 0xd8, 
    0x8b, 0xe0, 0xea, 0xd0, 0x03, 0xa0, 0x03, 0xa0, 0x03, 0xa0, 0x03, 0xa0, 
    0x03, 0x98, 0x00, 0x48, 0x00, 0x40, 0x00, 0x48, 0x00, 0x50, 0x00, 0x68, 
    0x01, 0x78, 0x03, 0x98, 0x06, 0xb0, 0x07, 0xb8, 0x48, 0xc0, 0xa9, 0xd0, 
    0x89, 0xd0, 0xa9, 0xd0, 0x88, 0xc8, 0x67, 0xc0, 0x47, 0xb8, 0x89, 0xc0, 
    0x68, 0xb0, 0x05, 0xa0, 0x05, 0xa0, 0x06, 0xa8, 0x06, 0xa8, 0x25, 0xa8, 
    0x06, 0xa8, 0x46, 0xb0, 0x26, 0xb0, 0x46, 0xa8, 0x46, 0xa8, 0x46, 0xa8, 
    0x46, 0xa8, 0x25, 0xa0, 0x67, 0xa0, 0x45, 0x68, 0x24, 0x58, 0x24, 0x58, 
    0x44, 0x58, 0x24, 0x58, 0x24, 0x58, 0x24, 0x58, 0x24, 0x58, 0x44, 0x58, 
    0x24, 0x58, 0x24, 0x58, 0x24, 0x58, 0x24, 0x58, 0x24, 0x58, 0x24, 0x58, 
    0x24, 0x58, 0x44, 0x58, 0x24, 0x58, 0x24, 0x58, 0x24, 0x58, 0x24, 0x58, 
    0x44, 0x58, 0x24, 0x58, 0x24, 0x58, 0x24, 0x58, 0x24, 0x58, 0x24, 0x58, 
    0x23, 0x50, 0x24, 0x50, 0x23, 0x50, 0x24, 0x58, 0x23, 0x58, 0x23, 0x50, 
    0x23, 0x50, 0x23, 0x50, 0x23, 0x50, 0x24, 0x50, 0x23, 0x50, 0x23, 0x50, 
    0x23, 0x50, 0x23, 0x50, 0x23, 0x50, 0x23, 0x50, 0x23, 0x50, 0x23, 0x50, 
    0x23, 0x48, 0x23, 0x48, 0x23, 0x48, 0x23, 0x48, 0x23, 0x48, 0x23, 0x48, 
    0x23, 0x50, 0x23, 0x48, 0x23, 0x50, 0x23, 0x50, 0x23, 0x48, 0x23, 0x50, 
    0x23, 0x50, 0x23, 0x50, 0x23, 0x50, 0x23, 0x50, 0x23, 0x50, 0x23, 0x50, 
    0x23, 0x50, 0x23, 0x50, 0x23, 0x50, 0x23, 0x50, 0x03, 0x50, 0x23, 0x50, 
    0x23, 0x50, 0x23, 0x50, 0x23, 0x50, 0x23, 0x50, 0x23, 0x50, 0x23, 0x50, 
    0x23, 0x50, 0x43, 0x50, 0x43, 0x58, 0x83, 0x58, 0x83, 0x50, 0xc3, 0x58, 
    0xe3, 0x58, 0x24, 0x59, 0x44, 0x51, 0x84, 0x51, 0x84, 0x51, 0x84, 0x51, 
    0xc4, 0x59, 0xe4, 0x59, 0x04, 0x52, 0x24, 0x5a, 0x44, 0x52, 0x64, 0x5a, 
    0x64, 0x5a, 0x64, 0x52, 0x84, 0x52, 0x64, 0x52, 0x84, 0x5a, 0x64, 0x5a, 
    0x22, 0x4a, 0xa0, 0x29, 0xa0, 0x19, 0xa0, 0x11, 0x60, 0x11, 0x60, 0x11, 
    0x60, 0x21, 0xe1, 0x48, 0x65, 0x78, 0x45, 0x80, 0x87, 0x88, 0xc8, 0x88, 
    0xc8, 0x88, 0x08, 0x89, 0xc8, 0x88, 0xe8, 0x88, 0xc8, 0x88, 0xa8, 0x88, 
    0x67, 0x88, 0xa8, 0x90, 0xc8, 0x90, 0xc7, 0x90, 0x67, 0x88, 0x46, 0x80, 
    0x46, 0x80, 0x46, 0x80, 0x05, 0x80, 0x04, 0x78, 0x02, 0x78, 0x03, 0x80, 
    0xae, 0xd1, 0x4f, 0xea, 0x8c, 0xd1, 0xa8, 0xb8, 0x23, 0x78, 0x00, 0x20, 
    0x00, 0x20, 0x00, 0x30, 0x00, 0x70, 0x00, 0x78, 0x00, 0x78, 0x00, 0x70, 
    0x00, 0x68, 0x00, 0x48, 0x01, 0x58, 0xad, 0xe8, 0x0e, 0xf1, 0x46, 0xa8, 
    0x00, 0x30, 0x00, 0x38, 0x00, 0x58, 0x00, 0x68, 0x02, 0x88, 0x04, 0xa8, 
    0x07, 0xc0, 0x0a, 0xd8, 0x26, 0xb8, 0x00, 0x90, 0x03, 0xb0, 0x06, 0xb8, 
    0x02, 0x58, 0x00, 0x20, 0x00, 0x20, 0x00, 0x28, 0x00, 0x30, 0x00, 0x38, 
    0x00, 0x50, 0x00, 0x68, 0x01, 0x80, 0x02, 0x78, 0x00, 0x40, 0x00, 0x30, 
    0x00, 0x38, 0x00, 0x48, 0x00, 0x50, 0x00, 0x68, 0x01, 0x80, 0x00, 0x88, 
    0x00, 0x88, 0x00, 0x78, 0x00, 0x70, 0x00, 0x58, 0x00, 0x48, 0x00, 0x40, 
    0x00, 0x50, 0x05, 0xb0, 0x02, 0x90, 0x00, 0x58, 0x00, 0x30, 0x00, 0x28, 
    0x00, 0x48, 0x00, 0x58, 0x00, 0x28, 0x00, 0x58, 0x00, 0x88, 0x01, 0x98, 
    0x03, 0xb0, 0x05, 0xc0, 0x07, 0xd0, 0x29, 0xd8, 0x49, 0xe0, 0x49, 0xe0, 
    0xec, 0xe0, 0x68, 0xb8, 0x03, 0xa8, 0x02, 0xa0, 0x03, 0xa0, 0x03, 0xa0, 
    0x03, 0x98, 0x01, 0x50, 0x00, 0x40, 0x00, 0x48, 0x00, 0x50, 0x00, 0x60, 
    0x00, 0x70, 0x01, 0x80, 0x04, 0xa0, 0x07, 0xb8, 0x68, 0xc0, 0x89, 0xc8, 
    0x69, 0xd0, 0x89, 0xd0, 0x48, 0xc0, 0x26, 0xb8, 0x28, 0xc0, 0x68, 0xb0, 
    0x06, 0xa0, 0x05, 0xa8, 0x05, 0xa8, 0x06, 0xa8, 0x06, 0xb0, 0x06, 0xa8, 
    0x46, 0xb0, 0x47, 0xb0, 0x46, 0xb0, 0x46, 0xb0, 0x46, 0xb0, 0x46, 0xa8, 
    0x26, 0xa8, 0x45, 0xa0, 0x25, 0xa0, 0x87, 0x80, 0x24, 0x58, 0x24, 0x58, 
    0x44, 0x58, 0x24, 0x58, 0x24, 0x58, 0x24, 0x58, 0x24, 0x58, 0x44, 0x58, 
    0x24, 0x58, 0x24, 0x58, 0x24, 0x58, 0x24, 0x58, 0x24, 0x58, 0x23, 0x58, 
    0x24, 0x58, 0x44, 0x58, 0x23, 0x58, 0x24, 0x58, 0x24, 0x58, 0x24, 0x58, 
    0x23, 0x58, 0x24, 0x58, 0x24, 0x58, 0x24, 0x58, 0x24, 0x58, 0x24, 0x58, 
    0x23, 0x58, 0x23, 0x58, 0x24, 0x58, 0x23, 0x58, 0x23, 0x58, 0x23, 0x50, 
    0x23, 0x58, 0x03, 0x50, 0x23, 0x50, 0x23, 0x50, 0x23, 0x50, 0x23, 0x50, 
    0x23, 0x50, 0x23, 0x50, 0x23, 0x50, 0x23, 0x50, 0x23, 0x50, 0x23, 0x50, 
    0x23, 0x48, 0x23, 0x48, 0x23, 0x48, 0x23, 0x50, 0x23, 0x48, 0x43, 0x50, 
    0x23, 0x50, 0x23, 0x50, 0x23, 0x50, 0x23, 0x50, 0x23, 0x50, 0x23, 0x48, 
    0x23, 0x50, 0x23, 0x50, 0x23, 0x50, 0x23, 0x50, 0x23, 0x50, 0x23, 0x50, 
    0x23, 0x50, 0x23, 0x50, 0x23, 0x50, 0x23, 0x50, 0x23, 0x50, 0x23, 0x50, 
    0x23, 0x50, 0x23, 0x50, 0x23, 0x50, 0x23, 0x50, 0x23, 0x50, 0x23, 0x50, 
    0x44, 0x50, 0x43, 0x50, 0x83, 0x58, 0xa3, 0x58, 0xe3, 0x58, 0x04, 0x59, 
    0x44, 0x59, 0x64, 0x51, 0xa4, 0x51, 0xc4, 0x59, 0x04, 0x5a, 0x04, 0x5a, 
    0x24, 0x52, 0x23, 0x5a, 0x64, 0x5a, 0x64, 0x5a, 0xa5, 0x5a, 0xa4, 0x52, 
    0xc5, 0x52, 0xe5, 0x5a, 0xc5, 0x52, 0xc5, 0x5a, 0xc5, 0x52, 0xc5, 0x52, 
    0x63, 0x4a, 0xe0, 0x29, 0xa0, 0x19, 0xa0, 0x11, 0x80, 0x19, 0x80, 0x19, 
    0x80, 0x31, 0xc3, 0x60, 0x45, 0x78, 0x45, 0x80, 0xa7, 0x88, 0xc8, 0x80, 
    0xc8, 0x88, 0xe8, 0x88, 0xc8, 0x88, 0xc8, 0x88, 0xa7, 0x88, 0x87, 0x88, 
    0x47, 0x80, 0x87, 0x88, 0x67, 0x88, 0x46, 0x80, 0x25, 0x80, 0x25, 0x80, 
    0x05, 0x80, 0x06, 0x80, 0x05, 0x78, 0x04, 0x78, 0x03, 0x78, 0x03, 0x80, 
    0x2b, 0xb9, 0x50, 0xea, 0xad, 0xe1, 0xc9, 0xc0, 0x25, 0xa0, 0x00, 0x30, 
    0x00, 0x20, 0x00, 0x30, 0x00, 0x70, 0x00, 0x70, 0x00, 0x70, 0x00, 0x68, 
    0x00, 0x60, 0x00, 0x40, 0x01, 0x58, 0xad, 0xe0, 0x0e, 0xf1, 0x46, 0xa8, 
    0x00, 0x30, 0x00, 0x40, 0x00, 0x58, 0x00, 0x70, 0x02, 0x90, 0x03, 0xa0, 
    0x05, 0xb8, 0x08, 0xd0, 0x07, 0xc0, 0x01, 0x88, 0x02, 0xa0, 0x05, 0xc0, 
    0x27, 0xc0, 0x00, 0x48, 0x00, 0x38, 0x00, 0x40, 0x00, 0x48, 0x00, 0x40, 
    0x00, 0x48, 0x00, 0x58, 0x00, 0x70, 0x00, 0x58, 0x00, 0x38, 0x00, 0x38, 
    0x00, 0x58, 0x00, 0x68, 0x01, 0x80, 0x02, 0x98, 0x02, 0x98, 0x01, 0x90, 
    0x00, 0x80, 0x00, 0x70, 0x00, 0x68, 0x00, 0x58, 0x00, 0x48, 0x00, 0x40, 
    0x01, 0x88, 0x04, 0xb0, 0x01, 0x88, 0x00, 0x58, 0x00, 0x30, 0x00, 0x20, 
    0x00, 0x38, 0x00, 0x50, 0x00, 0x30, 0x00, 0x58, 0x01, 0x90, 0x02, 0xa0, 
    0x04, 0xb8, 0x07, 0xd0, 0x29, 0xd8, 0x29, 0xd8, 0x09, 0xd8, 0x4a, 0xe0, 
    0xec, 0xe0, 0x05, 0xb0, 0x03, 0xa8, 0x02, 0xa0, 0x03, 0xa0, 0x03, 0x90, 
    0x23, 0x80, 0x01, 0x48, 0x00, 0x40, 0x00, 0x48, 0x00, 0x50, 0x00, 0x58, 
    0x00, 0x68, 0x00, 0x78, 0x02, 0x90, 0x06, 0xb0, 0x47, 0xc0, 0x69, 0xc8, 
    0x89, 0xd0, 0x48, 0xc8, 0x27, 0xc0, 0x06, 0xb8, 0x68, 0xc0, 0x26, 0xa8, 
    0x05, 0xa8, 0x05, 0xa8, 0x06, 0xa8, 0x06, 0xa8, 0x06, 0xa8, 0x26, 0xb0, 
    0x67, 0xb0, 0x67, 0xb0, 0x26, 0xb0, 0x46, 0xb0, 0x87, 0xb0, 0x67, 0xa8, 
    0x46, 0xa0, 0x25, 0x98, 0x04, 0x98, 0x87, 0xa0, 0x25, 0x60, 0x24, 0x58, 
    0x44, 0x58, 0x24, 0x58, 0x24, 0x58, 0x24, 0x58, 0x44, 0x58, 0x24, 0x58, 
    0x24, 0x50, 0x24, 0x58, 0x23, 0x58, 0x44, 0x58, 0x24, 0x58, 0x24, 0x58, 
    0x24, 0x58, 0x24, 0x58, 0x24, 0x58, 0x44, 0x58, 0x24, 0x58, 0x24, 0x58, 
    0x44, 0x58, 0x24, 0x58, 0x23, 0x50, 0x24, 0x58, 0x24, 0x58, 0x23, 0x50, 
    0x23, 0x50, 0x24, 0x58, 0x24, 0x50, 0x23, 0x50, 0x23, 0x58, 0x23, 0x50, 
    0x24, 0x58, 0x23, 0x50, 0x23, 0x50, 0x23, 0x50, 0x23, 0x50, 0x23, 0x50, 
    0x24, 0x50, 0x23, 0x50, 0x23, 0x50, 0x23, 0x50, 0x23, 0x50, 0x23, 0x50, 
    0x23, 0x48, 0x23, 0x48, 0x03, 0x48, 0x23, 0x48, 0x23, 0x50, 0x23, 0x50, 
    0x23, 0x50, 0x23, 0x50, 0x23, 0x50, 0x23, 0x50, 0x23, 0x50, 0x23, 0x50, 
    0x23, 0x50, 0x23, 0x50, 0x23, 0x50, 0x23, 0x50, 0x23, 0x50, 0x23, 0x50, 
    0x23, 0x50, 0x23, 0x50, 0x23, 0x50, 0x23, 0x50, 0x23, 0x50, 0x23, 0x50, 
    0x23, 0x50, 0x23, 0x50, 0x23, 0x50, 0x23, 0x50, 0x23, 0x50, 0x43, 0x50, 
    0x63, 0x58, 0x83, 0x58, 0xc3, 0x58, 0x04, 0x59, 0x43, 0x51, 0x64, 0x51, 
    0xa4, 0x59, 0xc4, 0x59, 0xe4, 0x51, 0x23, 0x5a, 0x44, 0x5a, 0x43, 0x52, 
    0x84, 0x5a, 0xa4, 0x5a, 0xa5, 0x5a, 0xc5, 0x52, 0xe5, 0x52, 0x05, 0x5b, 
    0x05, 0x53, 0x06, 0x5b, 0x26, 0x5b, 0x06, 0x5b, 0x05, 0x53, 0x05, 0x5b, 
    0xa3, 0x4a, 0xe0, 0x29, 0xa0, 0x19, 0xc0, 0x19, 0x00, 0x2a, 0x21, 0x32, 
    0xe3, 0x51, 0xe5, 0x78, 0x45, 0x80, 0x45, 0x80, 0x66, 0x80, 0x86, 0x80, 
    0xa7, 0x80, 0xa7, 0x80, 0xa7, 0x80, 0x87, 0x88, 0x67, 0x88, 0x66, 0x88, 
    0x66, 0x80, 0x66, 0x80, 0x46, 0x80, 0x26, 0x88, 0x05, 0x88, 0x05, 0x80, 
    0x05, 0x80, 0x04, 0x78, 0x04, 0x78, 0x04, 0x78, 0x03, 0x80, 0x02, 0x78, 
    0xe9, 0xa8, 0x30, 0xea, 0xae, 0xe1, 0xea, 0xc0, 0x27, 0xa8, 0x02, 0x60, 
    0x00, 0x20, 0x00, 0x30, 0x00, 0x68, 0x00, 0x70, 0x00, 0x70, 0x00, 0x60, 
    0x00, 0x50, 0x00, 0x30, 0x01, 0x58, 0xcd, 0xe8, 0x2e, 0xf1, 0x68, 0xb8, 
    0x00, 0x38, 0x00, 0x40, 0x00, 0x58, 0x00, 0x70, 0x02, 0x88, 0x03, 0x98, 
    0x04, 0xb0, 0x07, 0xc8, 0x08, 0xd0, 0x02, 0x88, 0x01, 0x90, 0x03, 0xa8, 
    0x03, 0xa0, 0x03, 0x90, 0x02, 0x78, 0x00, 0x68, 0x00, 0x68, 0x00, 0x78, 
    0x00, 0x78, 0x00, 0x78, 0x01, 0x80, 0x02, 0x80, 0x03, 0x88, 0x04, 0xa8, 
    0x05, 0xb0, 0x04, 0xa8, 0x02, 0xa0, 0x01, 0x98, 0x01, 0x90, 0x00, 0x80, 
    0x00, 0x78, 0x00, 0x70, 0x00, 0x60, 0x00, 0x50, 0x00, 0x48, 0x00, 0x68, 
    0x04, 0xb0, 0x02, 0x98, 0x00, 0x78, 0x00, 0x50, 0x00, 0x30, 0x00, 0x28, 
    0x00, 0x30, 0x00, 0x48, 0x00, 0x40, 0x01, 0x80, 0x25, 0xb0, 0x67, 0xc8, 
    0x69, 0xd8, 0x4a, 0xe0, 0x09, 0xd8, 0x29, 0xe0, 0x8a, 0xe0, 0x8b, 0xe0, 
    0x4a, 0xd8, 0x04, 0xb8, 0x02, 0xa8, 0x02, 0xa0, 0x03, 0x98, 0x02, 0x70, 
    0x02, 0x60, 0x00, 0x40, 0x00, 0x40, 0x00, 0x48, 0x00, 0x50, 0x00, 0x58, 
    0x00, 0x68, 0x00, 0x78, 0x01, 0x80, 0x03, 0x98, 0x07, 0xb8, 0x48, 0xc8, 
    0x69, 0xc8, 0x48, 0xc8, 0x07, 0xc0, 0x69, 0xc0, 0x27, 0xa8, 0x06, 0xa8, 
    0x06, 0xa8, 0x26, 0xa8, 0x06, 0xa8, 0x06, 0xb0, 0x06, 0xa8, 0x46, 0xb0, 
    0x67, 0xb0, 0x47, 0xb0, 0x47, 0xb0, 0x46, 0xb0, 0x86, 0xb0, 0x66, 0xa8, 
    0x45, 0xa8, 0x24, 0xa0, 0x25, 0xa0, 0x26, 0xa0, 0x66, 0x78, 0x24, 0x58, 
    0x24, 0x58, 0x24, 0x58, 0x24, 0x58, 0x24, 0x58, 0x24, 0x58, 0x24, 0x58, 
    0x24, 0x58, 0x24, 0x58, 0x24, 0x58, 0x23, 0x58, 0x23, 0x58, 0x24, 0x58, 
    0x24, 0x58, 0x24, 0x58, 0x24, 0x58, 0x24, 0x58, 0x24, 0x58, 0x23, 0x58, 
    0x23, 0x58, 0x23, 0x58, 0x24, 0x58, 0x24, 0x58, 0x24, 0x58, 0x44, 0x58, 
    0x23, 0x58, 0x23, 0x58, 0x23, 0x50, 0x23, 0x50, 0x23, 0x50, 0x24, 0x58, 
    0x23, 0x50, 0x23, 0x50, 0x23, 0x50, 0x24, 0x50, 0x23, 0x50, 0x23, 0x50, 
    0x23, 0x50, 0x23, 0x50, 0x23, 0x50, 0x23, 0x50, 0x23, 0x50, 0x23, 0x50, 
    0x23, 0x48, 0x23, 0x48, 0x23, 0x50, 0x23, 0x48, 0x23, 0x50, 0x03, 0x50, 
    0x23, 0x50, 0x23, 0x50, 0x23, 0x50, 0x23, 0x50, 0x23, 0x50, 0x23, 0x50, 
    0x23, 0x50, 0x23, 0x50, 0x23, 0x50, 0x23, 0x50, 0x23, 0x50, 0x23, 0x50, 
    0x23, 0x50, 0x23, 0x50, 0x23, 0x50, 0x23, 0x50, 0x23, 0x50, 0x23, 0x50, 
    0x23, 0x50, 0x23, 0x50, 0x23, 0x50, 0x43, 0x50, 0x63, 0x50, 0x83, 0x50, 
    0xc3, 0x58, 0xe3, 0x50, 0x44, 0x51, 0x64, 0x51, 0xa4, 0x51, 0xc4, 0x51, 
    0x04, 0x5a, 0x24, 0x5a, 0x44, 0x5a, 0x84, 0x5a, 0xa5, 0x5a, 0xc5, 0x5a, 
    0xe5, 0x5a, 0x05, 0x5b, 0x05, 0x5b, 0x25, 0x53, 0x45, 0x5b, 0x46, 0x5b, 
    0x45, 0x53, 0x86, 0x5b, 0x45, 0x53, 0x65, 0x5b, 0x65, 0x53, 0x45, 0x53, 
    0xe3, 0x4a, 0xe0, 0x31, 0xc0, 0x21, 0x20, 0x2a, 0xe3, 0x42, 0x04, 0x4b, 
    0x44, 0x5a, 0x27, 0x81, 0x86, 0x80, 0x46, 0x80, 0x46, 0x80, 0x66, 0x80, 
    0x86, 0x80, 0xa7, 0x80, 0x87, 0x80, 0x66, 0x88, 0x46, 0x80, 0x46, 0x80, 
    0x25, 0x80, 0x04, 0x78, 0x05, 0x78, 0x04, 0x78, 0x04, 0x78, 0x04, 0x78, 
    0x04, 0x78, 0x04, 0x78, 0x04, 0x78, 0x05, 0x80, 0x03, 0x80, 0x02, 0x78, 
    0xa8, 0xa0, 0x0f, 0xe2, 0x8d, 0xd9, 0xea, 0xc8, 0x27, 0xb0, 0x03, 0x80, 
    0x00, 0x28, 0x00, 0x28, 0x00, 0x58, 0x00, 0x68, 0x00, 0x68, 0x00, 0x58, 
    0x00, 0x38, 0x00, 0x30, 0x01, 0x50, 0x8d, 0xe0, 0x2e, 0xf1, 0x68, 0xb8, 
    0x00, 0x30, 0x00, 0x40, 0x00, 0x58, 0x00, 0x68, 0x01, 0x80, 0x02, 0x90, 
    0x04, 0xa8, 0x06, 0xc0, 0x08, 0xd0, 0x04, 0xa0, 0x00, 0x70, 0x01, 0x98, 
    0x02, 0xa8, 0x02, 0x90, 0x01, 0x78, 0x01, 0x80, 0x02, 0x90, 0x03, 0xa0, 
    0x25, 0xb0, 0x47, 0xc0, 0x27, 0xc0, 0x06, 0xc0, 0x05, 0xb8, 0x04, 0xb0, 
    0x03, 0xa0, 0x02, 0xa0, 0x02, 0x98, 0x01, 0x90, 0x00, 0x88, 0x00, 0x80, 
    0x00, 0x70, 0x00, 0x68, 0x00, 0x58, 0x00, 0x50, 0x00, 0x50, 0x02, 0x90, 
    0x03, 0xb0, 0x02, 0x90, 0x00, 0x70, 0x00, 0x50, 0x00, 0x30, 0x00, 0x28, 
    0x00, 0x50, 0x05, 0xa0, 0x0b, 0xd9, 0x4d, 0xe9, 0x4e, 0xf1, 0x2d, 0xe9, 
    0x0d, 0xf1, 0xec, 0xe8, 0xec, 0xe8, 0xcc, 0xe0, 0x69, 0xd8, 0x09, 0xd0, 
    0x29, 0xd8, 0x04, 0xb8, 0x02, 0xa8, 0x02, 0xa8, 0x03, 0xa0, 0x04, 0xa0, 
    0x88, 0xb8, 0x22, 0x60, 0x00, 0x40, 0x00, 0x48, 0x00, 0x50, 0x00, 0x58, 
    0x00, 0x60, 0x00, 0x70, 0x01, 0x78, 0x02, 0x88, 0x05, 0xa8, 0x48, 0xc0, 
    0x48, 0xc0, 0x28, 0xc0, 0x68, 0xc8, 0x68, 0xb0, 0x26, 0xa8, 0x06, 0xa8, 
    0x06, 0xa8, 0x26, 0xa8, 0x46, 0xb0, 0x06, 0xa8, 0x26, 0xb0, 0x67, 0xb0, 
    0x67, 0xb8, 0x47, 0xb0, 0x47, 0xb0, 0x47, 0xb0, 0x67, 0xb0, 0x26, 0xa8, 
    0x25, 0xa0, 0x25, 0xa0, 0x25, 0xa0, 0x05, 0xa0, 0x46, 0x90, 0x24, 0x60, 
    0x24, 0x58, 0x24, 0x58, 0x24, 0x58, 0x24, 0x58, 0x24, 0x58, 0x24, 0x58, 
    0x24, 0x58, 0x24, 0x58, 0x23, 0x50, 0x23, 0x58, 0x23, 0x50, 0x44, 0x58, 
    0x24, 0x58, 0x24, 0x58, 0x24, 0x58, 0x24, 0x58, 0x24, 0x58, 0x23, 0x58, 
    0x23, 0x50, 0x24, 0x58, 0x24, 0x58, 0x24, 0x58, 0x24, 0x58, 0x23, 0x50, 
    0x23, 0x50, 0x24, 0x58, 0x24, 0x58, 0x23, 0x50, 0x23, 0x50, 0x23, 0x50, 
    0x23, 0x50, 0x24, 0x50, 0x23, 0x50, 0x24, 0x50, 0x23, 0x50, 0x23, 0x50, 
    0x23, 0x50, 0x24, 0x50, 0x23, 0x50, 0x23, 0x50, 0x23, 0x50, 0x23, 0x50, 
    0x23, 0x48, 0x23, 0x48, 0x23, 0x50, 0x23, 0x50, 0x23, 0x50, 0x23, 0x50, 
    0x23, 0x48, 0x23, 0x50, 0x23, 0x50, 0x23, 0x50, 0x23, 0x50, 0x23, 0x50, 
    0x23, 0x50, 0x23, 0x50, 0x23, 0x50, 0x23, 0x50, 0x23, 0x50, 0x23, 0x50, 
    0x44, 0x50, 0x23, 0x50, 0x23, 0x50, 0x23, 0x50, 0x23, 0x50, 0x23, 0x50, 
    0x23, 0x50, 0x23, 0x50, 0x44, 0x50, 0x63, 0x50, 0x83, 0x58, 0xe3, 0x58, 
    0x23, 0x51, 0x64, 0x51, 0x84, 0x51, 0xa4, 0x51, 0xe4, 0x59, 0x24, 0x5a, 
    0x43, 0x52, 0x84, 0x5a, 0xa4, 0x52, 0xc5, 0x5a, 0xe5, 0x52, 0x05, 0x5b, 
    0x26, 0x5b, 0x46, 0x5b, 0x45, 0x5b, 0x45, 0x53, 0x65, 0x53, 0x86, 0x5b, 
    0x86, 0x5b, 0x85, 0x5b, 0x86, 0x53, 0x86, 0x5b, 0x85, 0x53, 0x85, 0x53, 
    0x03, 0x4b, 0x20, 0x3a, 0x40, 0x32, 0x03, 0x43, 0x65, 0x53, 0x86, 0x5b, 
    0xa5, 0x62, 0x26, 0x81, 0x87, 0x88, 0x46, 0x80, 0x25, 0x78, 0x66, 0x80, 
    0x66, 0x80, 0x66, 0x80, 0x66, 0x80, 0x66, 0x80, 0x45, 0x80, 0x46, 0x88, 
    0x05, 0x80, 0x24, 0x78, 0x04, 0x70, 0x04, 0x70, 0x04, 0x78, 0x04, 0x78, 
    0x04, 0x78, 0x25, 0x80, 0x46, 0x80, 0x87, 0x88, 0x23, 0x80, 0x02, 0x80, 
    0x45, 0x88, 0xce, 0xd1, 0xce, 0xe1, 0xea, 0xc8, 0x68, 0xc0, 0x05, 0xa0, 
    0x01, 0x40, 0x00, 0x20, 0x00, 0x40, 0x00, 0x58, 0x00, 0x58, 0x00, 0x50, 
    0x00, 0x28, 0x00, 0x30, 0x01, 0x48, 0x8c, 0xd8, 0x0e, 0xf9, 0x88, 0xc0, 
    0x00, 0x30, 0x00, 0x40, 0x00, 0x58, 0x00, 0x68, 0x01, 0x78, 0x02, 0x90, 
    0x03, 0x98, 0x04, 0xb0, 0x08, 0xd0, 0x06, 0xc0, 0x00, 0x60, 0x00, 0x68, 
    0x01, 0x90, 0x03, 0xa0, 0x04, 0xb0, 0x06, 0xb8, 0x07, 0xc0, 0x07, 0xc0, 
    0x07, 0xc0, 0x06, 0xb8, 0x05, 0xb0, 0x04, 0xb0, 0x03, 0xa8, 0x03, 0xa0, 
    0x02, 0x98, 0x01, 0x98, 0x01, 0x90, 0x00, 0x88, 0x00, 0x80, 0x00, 0x78, 
    0x00, 0x68, 0x00, 0x60, 0x00, 0x50, 0x00, 0x50, 0x01, 0x80, 0x03, 0xb0, 
    0x03, 0xa0, 0x01, 0x88, 0x00, 0x70, 0x01, 0x60, 0x03, 0x78, 0x46, 0xb0, 
    0x0d, 0xe9, 0x90, 0xf9, 0xb0, 0xf9, 0x70, 0xf9, 0x2d, 0xe1, 0x4d, 0xd9, 
    0x0b, 0xc1, 0xa8, 0x98, 0x24, 0x68, 0x03, 0x88, 0x05, 0xb0, 0x07, 0xc8, 
    0x09, 0xd8, 0x05, 0xc0, 0x03, 0xb0, 0x03, 0xa8, 0x04, 0xb0, 0x07, 0xc0, 
    0x8b, 0xd8, 0x24, 0x70, 0x00, 0x40, 0x00, 0x48, 0x00, 0x50, 0x00, 0x58, 
    0x00, 0x60, 0x00, 0x70, 0x01, 0x78, 0x02, 0x80, 0x03, 0x90, 0x06, 0xb0, 
    0x07, 0xb8, 0x28, 0xc0, 0xa9, 0xc8, 0x67, 0xb0, 0x46, 0xa8, 0x26, 0xa8, 
    0x26, 0xa8, 0x06, 0xa8, 0x46, 0xb0, 0x46, 0xb0, 0x67, 0xb0, 0x67, 0xb8, 
    0x67, 0xb0, 0x67, 0xb8, 0x47, 0xb0, 0x46, 0xb0, 0x46, 0xb0, 0x25, 0xa8, 
    0x05, 0xa0, 0x24, 0xa0, 0x24, 0x98, 0x25, 0xa0, 0x47, 0xa0, 0x66, 0x70, 
    0x24, 0x58, 0x24, 0x58, 0x24, 0x58, 0x24, 0x58, 0x24, 0x58, 0x24, 0x58, 
    0x24, 0x58, 0x24, 0x58, 0x24, 0x58, 0x43, 0x58, 0x24, 0x58, 0x23, 0x58, 
    0x24, 0x58, 0x24, 0x58, 0x24, 0x58, 0x24, 0x58, 0x24, 0x58, 0x24, 0x58, 
    0x24, 0x58, 0x24, 0x58, 0x24, 0x58, 0x24, 0x50, 0x24, 0x58, 0x24, 0x58, 
    0x23, 0x50, 0x24, 0x50, 0x23, 0x50, 0x24, 0x50, 0x24, 0x50, 0x23, 0x50, 
    0x23, 0x50, 0x23, 0x50, 0x24, 0x50, 0x23, 0x50, 0x23, 0x50, 0x23, 0x50, 
    0x23, 0x50, 0x23, 0x50, 0x23, 0x50, 0x24, 0x50, 0x23, 0x50, 0x23, 0x50, 
    0x23, 0x48, 0x23, 0x48, 0x23, 0x50, 0x23, 0x50, 0x23, 0x50, 0x23, 0x50, 
    0x23, 0x50, 0x23, 0x50, 0x23, 0x50, 0x23, 0x50, 0x23, 0x50, 0x23, 0x50, 
    0x23, 0x50, 0x23, 0x50, 0x23, 0x50, 0x23, 0x50, 0x23, 0x50, 0x23, 0x50, 
    0x23, 0x50, 0x23, 0x50, 0x23, 0x50, 0x23, 0x50, 0x23, 0x50, 0x24, 0x50, 
    0x23, 0x50, 0x43, 0x50, 0x63, 0x58, 0xa3, 0x58, 0xe3, 0x58, 0x24, 0x59, 
    0x64, 0x51, 0xa4, 0x59, 0xc4, 0x59, 0x04, 0x5a, 0x44, 0x5a, 0x64, 0x52, 
    0xa5, 0x5a, 0xc5, 0x5a, 0xe5, 0x5a, 0x06, 0x5b, 0x25, 0x5b, 0x65, 0x5b, 
    0x66, 0x5b, 0x65, 0x5b, 0x85, 0x5b, 0xa6, 0x53, 0xa6, 0x53, 0xc6, 0x5b, 
    0xc6, 0x53, 0xa6, 0x53, 0xa6, 0x53, 0xc6, 0x53, 0xa6, 0x53, 0xa5, 0x53, 
    0x44, 0x4b, 0x80, 0x3a, 0xc2, 0x42, 0x65, 0x4b, 0x85, 0x53, 0x85, 0x53, 
    0xe6, 0x62, 0x26, 0x79, 0x86, 0x80, 0x45, 0x78, 0x25, 0x78, 0x45, 0x78, 
    0x45, 0x78, 0x45, 0x80, 0x45, 0x80, 0x25, 0x80, 0x65, 0x80, 0x64, 0x78, 
    0x03, 0x68, 0x03, 0x68, 0x04, 0x70, 0x04, 0x70, 0x04, 0x78, 0x24, 0x78, 
    0x66, 0x80, 0x66, 0x88, 0xa8, 0x90, 0x66, 0x88, 0x02, 0x78, 0x02, 0x80, 
    0x03, 0x78, 0x2b, 0xb9, 0x8d, 0xd1, 0x89, 0xc0, 0x48, 0xc0, 0x06, 0xa8, 
    0x01, 0x60, 0x00, 0x20, 0x00, 0x30, 0x00, 0x48, 0x00, 0x48, 0x00, 0x40, 
    0x00, 0x28, 0x00, 0x30, 0x00, 0x48, 0x8c, 0xd0, 0x2f, 0xf9, 0x89, 0xc0, 
    0x00, 0x30, 0x00, 0x40, 0x00, 0x50, 0x00, 0x60, 0x00, 0x78, 0x01, 0x80, 
    0x02, 0x98, 0x03, 0xa8, 0x06, 0xc0, 0x07, 0xd0, 0x02, 0x80, 0x00, 0x48, 
    0x00, 0x60, 0x00, 0x78, 0x01, 0x80, 0x02, 0x90, 0x03, 0x98, 0x03, 0x98, 
    0x03, 0x98, 0x02, 0x98, 0x02, 0x90, 0x01, 0x98, 0x01, 0x98, 0x01, 0x90, 
    0x01, 0x90, 0x00, 0x88, 0x00, 0x88, 0x00, 0x78, 0x00, 0x70, 0x00, 0x68, 
    0x00, 0x58, 0x00, 0x50, 0x00, 0x50, 0x00, 0x70, 0x02, 0xb0, 0x03, 0xb0, 
    0x03, 0xa0, 0x04, 0xa8, 0xa8, 0xc0, 0xcb, 0xd8, 0x2e, 0xf1, 0x90, 0xf9, 
    0xd1, 0xf9, 0xf1, 0xf9, 0x12, 0xfa, 0x2b, 0xc1, 0x43, 0x68, 0x01, 0x48, 
    0x00, 0x30, 0x00, 0x20, 0x00, 0x38, 0x00, 0x80, 0x04, 0xb0, 0x06, 0xc0, 
    0x08, 0xd0, 0x05, 0xc0, 0x03, 0xb8, 0x04, 0xb0, 0x05, 0xb8, 0x08, 0xc8, 
    0x8c, 0xe0, 0x24, 0x78, 0x00, 0x40, 0x00, 0x48, 0x00, 0x50, 0x00, 0x58, 
    0x00, 0x60, 0x00, 0x68, 0x00, 0x78, 0x01, 0x80, 0x02, 0x88, 0x03, 0x98, 
    0x06, 0xb0, 0x07, 0xc0, 0x89, 0xc0, 0x87, 0xa8, 0x46, 0xb0, 0x46, 0xb0, 
    0x26, 0xa8, 0x05, 0xa8, 0x25, 0xa8, 0x66, 0xb0, 0x87, 0xb8, 0x67, 0xb8, 
    0x47, 0xb0, 0x46, 0xb0, 0x87, 0xb8, 0x67, 0xb8, 0x66, 0xb0, 0x46, 0xa8, 
    0x05, 0xa0, 0x04, 0xa0, 0x24, 0xa0, 0x04, 0xa0, 0x25, 0xa0, 0x66, 0x78, 
    0x24, 0x50, 0x24, 0x58, 0x44, 0x58, 0x24, 0x50, 0x24, 0x58, 0x24, 0x58, 
    0x23, 0x50, 0x23, 0x58, 0x24, 0x58, 0x24, 0x58, 0x24, 0x58, 0x23, 0x58, 
    0x24, 0x58, 0x23, 0x58, 0x24, 0x58, 0x24, 0x58, 0x24, 0x58, 0x24, 0x58, 
    0x23, 0x50, 0x23, 0x50, 0x24, 0x58, 0x24, 0x50, 0x24, 0x50, 0x24, 0x50, 
    0x24, 0x50, 0x24, 0x50, 0x24, 0x58, 0x23, 0x50, 0x23, 0x50, 0x23, 0x50, 
    0x24, 0x50, 0x24, 0x50, 0x23, 0x50, 0x23, 0x50, 0x23, 0x50, 0x23, 0x50, 
    0x23, 0x50, 0x23, 0x50, 0x23, 0x50, 0x43, 0x50, 0x23, 0x50, 0x23, 0x48, 
    0x23, 0x48, 0x23, 0x50, 0x23, 0x50, 0x23, 0x50, 0x23, 0x50, 0x23, 0x50, 
    0x23, 0x50, 0x23, 0x50, 0x23, 0x50, 0x23, 0x50, 0x23, 0x50, 0x23, 0x50, 
    0x23, 0x50, 0x23, 0x50, 0x23, 0x50, 0x23, 0x50, 0x23, 0x50, 0x23, 0x50, 
    0x23, 0x50, 0x23, 0x50, 0x23, 0x50, 0x23, 0x50, 0x23, 0x50, 0x23, 0x50, 
    0x43, 0x50, 0x63, 0x58, 0xc4, 0x58, 0xe3, 0x58, 0x23, 0x51, 0x64, 0x51, 
    0xa4, 0x51, 0x04, 0x5a, 0x44, 0x5a, 0x84, 0x5a, 0xa4, 0x5a, 0xc5, 0x5a, 
    0xe5, 0x5a, 0x06, 0x5b, 0x26, 0x5b, 0x66, 0x5b, 0x86, 0x5b, 0x85, 0x53, 
    0xa6, 0x53, 0xc6, 0x5b, 0xc6, 0x5b, 0xc6, 0x53, 0xc6, 0x5b, 0xc6, 0x5b, 
    0xc6, 0x53, 0xc6, 0x53, 0xc6, 0x53, 0xc6, 0x53, 0xa6, 0x53, 0xa6, 0x53, 
    0x85, 0x53, 0xc1, 0x42, 0x03, 0x4b, 0xa5, 0x53, 0xa5, 0x53, 0xa5, 0x5b, 
    0x05, 0x63, 0x45, 0x79, 0x85, 0x80, 0x45, 0x78, 0x25, 0x78, 0x24, 0x70, 
    0x25, 0x78, 0x25, 0x80, 0x05, 0x80, 0x03, 0x70, 0x02, 0x60, 0x02, 0x60, 
    0x02, 0x60, 0x03, 0x68, 0x04, 0x70, 0x24, 0x70, 0x25, 0x78, 0x66, 0x80, 
    0x87, 0x88, 0x87, 0x90, 0x04, 0x80, 0x02, 0x80, 0x01, 0x80, 0x02, 0x80, 
    0x02, 0x78, 0x25, 0x80, 0x4b, 0xc1, 0xa9, 0xc0, 0x07, 0xb8, 0x06, 0xb0, 
    0x03, 0x90, 0x00, 0x38, 0x00, 0x20, 0x00, 0x38, 0x00, 0x40, 0x00, 0x38, 
    0x00, 0x28, 0x00, 0x30, 0x00, 0x40, 0x6a, 0xc8, 0x2f, 0xf9, 0xaa, 0xd0, 
    0x00, 0x38, 0x00, 0x38, 0x00, 0x48, 0x00, 0x60, 0x00, 0x70, 0x01, 0x80, 
    0x01, 0x90, 0x03, 0xa0, 0x05, 0xb0, 0x07, 0xc8, 0x06, 0xb8, 0x00, 0x40, 
    0x00, 0x38, 0x00, 0x48, 0x00, 0x50, 0x00, 0x58, 0x00, 0x68, 0x00, 0x70, 
    0x00, 0x78, 0x00, 0x78, 0x00, 0x80, 0x00, 0x80, 0x00, 0x80, 0x00, 0x80, 
    0x00, 0x78, 0x00, 0x78, 0x00, 0x70, 0x00, 0x68, 0x00, 0x60, 0x00, 0x60, 
    0x00, 0x58, 0x00, 0x48, 0x00, 0x60, 0x03, 0xb0, 0x05, 0xc0, 0x07, 0xd0, 
    0xcc, 0xe8, 0x6f, 0xf9, 0xd1, 0xf9, 0xd1, 0xf9, 0xd1, 0xf9, 0xd1, 0xf9, 
    0xd1, 0xf9, 0x90, 0xf9, 0x6d, 0xd9, 0x22, 0x60, 0x00, 0x38, 0x00, 0x30, 
    0x00, 0x28, 0x00, 0x20, 0x00, 0x40, 0x01, 0x88, 0x04, 0xb0, 0x05, 0xb8, 
    0x06, 0xc8, 0x05, 0xc0, 0x04, 0xb8, 0x04, 0xb8, 0x05, 0xb8, 0x28, 0xc8, 
    0xac, 0xe0, 0x25, 0x80, 0x00, 0x38, 0x00, 0x48, 0x00, 0x50, 0x00, 0x58, 
    0x00, 0x60, 0x00, 0x60, 0x00, 0x70, 0x01, 0x80, 0x02, 0x80, 0x02, 0x88, 
    0x03, 0x98, 0x05, 0xa8, 0x27, 0xb8, 0x06, 0xb0, 0x06, 0xb0, 0x06, 0xb0, 
    0x06, 0xb0, 0x06, 0xb0, 0x26, 0xb0, 0x67, 0xb8, 0x67, 0xb8, 0x67, 0xb8, 
    0x47, 0xb0, 0x87, 0xb8, 0x87, 0xb8, 0x67, 0xb0, 0x67, 0xb0, 0x46, 0xa8, 
    0x05, 0xa8, 0x05, 0xa0, 0x04, 0xa0, 0x04, 0xa0, 0x46, 0xa8, 0x86, 0x78, 
    0x24, 0x58, 0x24, 0x58, 0x24, 0x58, 0x24, 0x58, 0x24, 0x58, 0x24, 0x58, 
    0x23, 0x50, 0x24, 0x58, 0x24, 0x58, 0x24, 0x58, 0x23, 0x58, 0x23, 0x58, 
    0x23, 0x50, 0x23, 0x58, 0x24, 0x58, 0x23, 0x50, 0x24, 0x58, 0x23, 0x58, 
    0x03, 0x50, 0x23, 0x50, 0x23, 0x50, 0x23, 0x50, 0x23, 0x50, 0x24, 0x50, 
    0x24, 0x50, 0x24, 0x50, 0x24, 0x58, 0x23, 0x50, 0x23, 0x50, 0x23, 0x50, 
    0x23, 0x50, 0x44, 0x50, 0x23, 0x50, 0x23, 0x50, 0x23, 0x50, 0x24, 0x50, 
    0x23, 0x50, 0x23, 0x50, 0x03, 0x48, 0x23, 0x50, 0x23, 0x50, 0x23, 0x50, 
    0x23, 0x48, 0x23, 0x50, 0x23, 0x50, 0x23, 0x50, 0x23, 0x50, 0x23, 0x48, 
    0x23, 0x50, 0x23, 0x50, 0x23, 0x50, 0x23, 0x50, 0x23, 0x50, 0x23, 0x50, 
    0x23, 0x50, 0x23, 0x50, 0x23, 0x50, 0x23, 0x50, 0x23, 0x50, 0x23, 0x50, 
    0x23, 0x50, 0x23, 0x50, 0x23, 0x50, 0x23, 0x58, 0x23, 0x50, 0x23, 0x50, 
    0x63, 0x50, 0x83, 0x58, 0xe4, 0x58, 0x44, 0x51, 0x84, 0x51, 0xc4, 0x59, 
    0x04, 0x5a, 0x44, 0x5a, 0x84, 0x5a, 0xa5, 0x5a, 0xe5, 0x5a, 0x26, 0x5b, 
    0x46, 0x5b, 0x46, 0x5b, 0x65, 0x5b, 0x86, 0x5b, 0xa6, 0x5b, 0xc6, 0x53, 
    0xc6, 0x5b, 0xc6, 0x5b, 0xc6, 0x5b, 0xc6, 0x53, 0xc6, 0x5b, 0xc6, 0x5b, 
    0xc6, 0x53, 0xc6, 0x5b, 0xc6, 0x53, 0xc6, 0x53, 0xa5, 0x53, 0xc6, 0x53, 
    0xa5, 0x5b, 0xe1, 0x4a, 0xc1, 0x42, 0x64, 0x4b, 0xa5, 0x53, 0x86, 0x53, 
    0x45, 0x63, 0x85, 0x71, 0x85, 0x78, 0x45, 0x78, 0x45, 0x78, 0x24, 0x70, 
    0x24, 0x78, 0x04, 0x78, 0x04, 0x70, 0x02, 0x60, 0x02, 0x60, 0x02, 0x60, 
    0x02, 0x68, 0x03, 0x68, 0x24, 0x70, 0x45, 0x78, 0x66, 0x80, 0x86, 0x88, 
    0x66, 0x90, 0x03, 0x88, 0x02, 0x80, 0x02, 0x80, 0x02, 0x80, 0x02, 0x88, 
    0x01, 0x70, 0x02, 0x70, 0xa8, 0xa0, 0xc9, 0xb8, 0x06, 0xb8, 0x06, 0xb0, 
    0x04, 0xa0, 0x00, 0x58, 0x00, 0x30, 0x00, 0x30, 0x00, 0x40, 0x00, 0x38, 
    0x00, 0x28, 0x00, 0x28, 0x00, 0x38, 0x48, 0xb0, 0x0f, 0xf9, 0xcc, 0xe0, 
    0x00, 0x40, 0x00, 0x38, 0x00, 0x48, 0x00, 0x58, 0x00, 0x68, 0x00, 0x78, 
    0x01, 0x88, 0x02, 0x98, 0x04, 0xa8, 0x06, 0xc0, 0x07, 0xc8, 0x02, 0x78, 
    0x00, 0x50, 0x00, 0x40, 0x00, 0x40, 0x00, 0x40, 0x00, 0x50, 0x00, 0x58, 
    0x00, 0x60, 0x00, 0x68, 0x00, 0x68, 0x00, 0x70, 0x00, 0x70, 0x00, 0x70, 
    0x00, 0x70, 0x00, 0x68, 0x00, 0x60, 0x00, 0x60, 0x00, 0x60, 0x00, 0x60, 
    0x01, 0x70, 0x23, 0x90, 0x67, 0xc0, 0x8b, 0xe8, 0x4f, 0xf9, 0x90, 0xf9, 
    0xb1, 0xf9, 0xf1, 0xf9, 0x33, 0xfa, 0x12, 0xfa, 0x32, 0xfa, 0xf2, 0xf9, 
    0xf1, 0xf9, 0x0b, 0xc9, 0x02, 0x78, 0x00, 0x50, 0x00, 0x38, 0x00, 0x28, 
    0x00, 0x28, 0x00, 0x20, 0x00, 0x50, 0x01, 0x90, 0x04, 0xb0, 0x05, 0xb8, 
    0x05, 0xc0, 0x05, 0xc8, 0x05, 0xc8, 0x05, 0xb8, 0x05, 0xb8, 0x08, 0xc8, 
    0x8b, 0xd8, 0x26, 0x98, 0x00, 0x40, 0x00, 0x48, 0x00, 0x50, 0x00, 0x58, 
    0x00, 0x60, 0x00, 0x60, 0x00, 0x68, 0x00, 0x78, 0x01, 0x80, 0x02, 0x88, 
    0x02, 0x90, 0x04, 0x98, 0x26, 0xa8, 0x47, 0xb8, 0x89, 0xc0, 0xaa, 0xc8, 
    0xaa, 0xc0, 0xaa, 0xc0, 0xa9, 0xc0, 0xa9, 0xc0, 0xa9, 0xc0, 0x67, 0xb8, 
    0x87, 0xb8, 0xc8, 0xc0, 0xa8, 0xb8, 0x87, 0xb8, 0x26, 0xa8, 0x46, 0xa8, 
    0x26, 0xa8, 0x26, 0xa8, 0x24, 0xa8, 0x24, 0xa8, 0x46, 0xa8, 0x85, 0x78, 
    0x24, 0x58, 0x24, 0x58, 0x24, 0x50, 0x24, 0x50, 0x24, 0x50, 0x24, 0x58, 
    0x24, 0x58, 0x23, 0x50, 0x24, 0x50, 0x24, 0x58, 0x24, 0x58, 0x23, 0x58, 
    0x23, 0x58, 0x23, 0x58, 0x23, 0x50, 0x23, 0x58, 0x23, 0x58, 0x24, 0x58, 
    0x24, 0x58, 0x23, 0x58, 0x24, 0x50, 0x24, 0x50, 0x23, 0x50, 0x23, 0x50, 
    0x23, 0x50, 0x23, 0x50, 0x23, 0x50, 0x23, 0x50, 0x23, 0x50, 0x23, 0x50, 
    0x23, 0x50, 0x24, 0x50, 0x23, 0x50, 0x23, 0x50, 0x23, 0x50, 0x23, 0x50, 
    0x23, 0x50, 0x23, 0x50, 0x23, 0x50, 0x24, 0x50, 0x23, 0x48, 0x23, 0x48, 
    0x23, 0x50, 0x23, 0x50, 0x23, 0x50, 0x23, 0x50, 0x23, 0x50, 0x23, 0x50, 
    0x23, 0x50, 0x23, 0x50, 0x23, 0x50, 0x23, 0x50, 0x43, 0x50, 0x23, 0x50, 
    0x23, 0x50, 0x23, 0x50, 0x23, 0x50, 0x23, 0x50, 0x23, 0x50, 0x23, 0x50, 
    0x23, 0x50, 0x23, 0x50, 0x23, 0x50, 0x23, 0x50, 0x43, 0x50, 0x63, 0x50, 
    0xa3, 0x58, 0xe3, 0x58, 0x44, 0x51, 0x84, 0x51, 0xe4, 0x59, 0x24, 0x5a, 
    0x64, 0x5a, 0x85, 0x5a, 0xe5, 0x5a, 0x06, 0x5b, 0x26, 0x5b, 0x66, 0x5b, 
    0x86, 0x5b, 0xa6, 0x5b, 0xc6, 0x5b, 0xc6, 0x5b, 0xc6, 0x5b, 0xc6, 0x5b, 
    0xc6, 0x53, 0xc6, 0x53, 0xe6, 0x5b, 0xc6, 0x53, 0xe7, 0x5b, 0xc6, 0x5b, 
    0xc6, 0x53, 0xc6, 0x5b, 0xc6, 0x53, 0xe6, 0x53, 0xc6, 0x53, 0xc5, 0x53, 
    0xc6, 0x5b, 0x23, 0x4b, 0xa0, 0x42, 0xe2, 0x42, 0x44, 0x4b, 0xa6, 0x53, 
    0x66, 0x5b, 0xc4, 0x69, 0x85, 0x78, 0x45, 0x78, 0x45, 0x78, 0x24, 0x70, 
    0x45, 0x70, 0x44, 0x70, 0x24, 0x68, 0x24, 0x68, 0x23, 0x68, 0x23, 0x70, 
    0x03, 0x68, 0x24, 0x70, 0x45, 0x78, 0x86, 0x88, 0x25, 0x88, 0x04, 0x88, 
    0x03, 0x88, 0x02, 0x88, 0x02, 0x88, 0x02, 0x88, 0x02, 0x80, 0x02, 0x88, 
    0x01, 0x70, 0x01, 0x68, 0x02, 0x70, 0x88, 0x98, 0x0a, 0xc1, 0x88, 0xc0, 
    0x25, 0xb0, 0x00, 0x68, 0x00, 0x50, 0x00, 0x30, 0x00, 0x40, 0x00, 0x30, 
    0x00, 0x20, 0x00, 0x30, 0x00, 0x38, 0x05, 0x80, 0xee, 0xf0, 0xcd, 0xf0, 
    0x01, 0x48, 0x00, 0x38, 0x00, 0x40, 0x00, 0x50, 0x00, 0x58, 0x00, 0x68, 
    0x01, 0x78, 0x01, 0x88, 0x02, 0x98, 0x04, 0xb0, 0x07, 0xc0, 0x06, 0xc8, 
    0x04, 0xb0, 0x03, 0xa0, 0x03, 0x98, 0x02, 0x80, 0x01, 0x70, 0x00, 0x60, 
    0x00, 0x58, 0x00, 0x60, 0x00, 0x60, 0x00, 0x60, 0x00, 0x60, 0x00, 0x68, 
    0x00, 0x60, 0x00, 0x60, 0x00, 0x70, 0x02, 0x88, 0x24, 0xa8, 0x89, 0xd0, 
    0xcc, 0xe0, 0x0e, 0xf1, 0x90, 0xf9, 0xb1, 0xf9, 0xd1, 0xf9, 0x12, 0xfa, 
    0x33, 0xfa, 0xf2, 0xf9, 0x33, 0xfa, 0x33, 0xfa, 0xf1, 0xf9, 0x11, 0xfa, 
    0xca, 0xc0, 0x22, 0x80, 0x00, 0x60, 0x00, 0x48, 0x00, 0x38, 0x00, 0x28, 
    0x00, 0x20, 0x00, 0x28, 0x00, 0x60, 0x01, 0x90, 0x03, 0xb0, 0x04, 0xb8, 
    0x04, 0xb8, 0x06, 0xd0, 0x06, 0xc8, 0x05, 0xb8, 0x05, 0xb8, 0x06, 0xb8, 
    0x2a, 0xd0, 0x26, 0xb0, 0x00, 0x48, 0x00, 0x48, 0x00, 0x50, 0x00, 0x58, 
    0x00, 0x58, 0x00, 0x60, 0x00, 0x68, 0x00, 0x70, 0x01, 0x80, 0x01, 0x88, 
    0x02, 0x90, 0x03, 0x98, 0x04, 0x98, 0x04, 0xa0, 0x05, 0xa0, 0x06, 0xa8, 
    0x47, 0xb0, 0x48, 0xb8, 0x69, 0xb8, 0x69, 0xc0, 0x89, 0xc0, 0xa9, 0xc0, 
    0xc9, 0xc0, 0xe8, 0xc0, 0xa8, 0xb8, 0x87, 0xb8, 0x47, 0xb0, 0x87, 0xb8, 
    0x47, 0xb8, 0x47, 0xb8, 0x66, 0xb8, 0x66, 0xb8, 0x66, 0xa8, 0x45, 0x70, 
    0x24, 0x50, 0x23, 0x58, 0x24, 0x58, 0x24, 0x50, 0x24, 0x50, 0x24, 0x58, 
    0x24, 0x58, 0x24, 0x58, 0x24, 0x50, 0x23, 0x50, 0x24, 0x58, 0x23, 0x50, 
    0x23, 0x50, 0x24, 0x58, 0x23, 0x58, 0x23, 0x50, 0x23, 0x58, 0x24, 0x50, 
    0x23, 0x50, 0x24, 0x58, 0x23, 0x50, 0x24, 0x50, 0x23, 0x50, 0x23, 0x50, 
    0x23, 0x50, 0x23, 0x50, 0x24, 0x50, 0x23, 0x50, 0x23, 0x50, 0x23, 0x50, 
    0x23, 0x50, 0x24, 0x50, 0x23, 0x50, 0x23, 0x50, 0x23, 0x50, 0x23, 0x50, 
    0x23, 0x50, 0x23, 0x50, 0x23, 0x50, 0x23, 0x50, 0x23, 0x50, 0x23, 0x48, 
    0x23, 0x50, 0x23, 0x50, 0x23, 0x50, 0x23, 0x50, 0x23, 0x50, 0x23, 0x50, 
    0x23, 0x50, 0x23, 0x50, 0x23, 0x50, 0x23, 0x50, 0x23, 0x50, 0x23, 0x50, 
    0x23, 0x50, 0x23, 0x50, 0x23, 0x50, 0x23, 0x50, 0x23, 0x50, 0x23, 0x50, 
    0x23, 0x50, 0x23, 0x50, 0x23, 0x50, 0x43, 0x50, 0x63, 0x50, 0xc3, 0x58, 
    0x03, 0x59, 0x44, 0x59, 0xa4, 0x59, 0xe4, 0x59, 0x24, 0x5a, 0x84, 0x5a, 
    0xa4, 0x5a, 0x05, 0x63, 0x26, 0x5b, 0x46, 0x5b, 0x86, 0x5b, 0xc6, 0x5b, 
    0xc6, 0x5b, 0xe6, 0x5b, 0xe6, 0x53, 0xe6, 0x53, 0xe6, 0x53, 0xe6, 0x5b, 
    0xe6, 0x5b, 0xe6, 0x53, 0xc6, 0x53, 0xc6, 0x5b, 0xc6, 0x5b, 0xc6, 0x53, 
    0xc6, 0x53, 0xc6, 0x5b, 0xe6, 0x53, 0xe6, 0x5b, 0xc6, 0x53, 0xe6, 0x53, 
    0xc5, 0x5b, 0xa5, 0x5b, 0x02, 0x53, 0x80, 0x42, 0xe2, 0x4a, 0x44, 0x4b, 
    0x65, 0x5b, 0x24, 0x62, 0xa4, 0x70, 0x64, 0x78, 0x65, 0x78, 0x65, 0x78, 
    0x65, 0x78, 0x85, 0x70, 0x85, 0x70, 0x85, 0x70, 0x85, 0x70, 0x65, 0x70, 
    0x44, 0x70, 0x65, 0x78, 0x65, 0x80, 0x04, 0x80, 0x03, 0x88, 0x03, 0x88, 
    0x03, 0x88, 0x02, 0x88, 0x02, 0x88, 0x02, 0x88, 0x02, 0x88, 0x02, 0x80, 
    0x01, 0x68, 0x01, 0x68, 0x01, 0x70, 0x02, 0x70, 0x05, 0x88, 0xca, 0xb8, 
    0xe9, 0xc8, 0x02, 0x90, 0x00, 0x68, 0x00, 0x40, 0x00, 0x38, 0x00, 0x30, 
    0x00, 0x28, 0x00, 0x28, 0x00, 0x38, 0x02, 0x58, 0xac, 0xe0, 0xee, 0xf0, 
    0x02, 0x60, 0x00, 0x30, 0x00, 0x38, 0x00, 0x48, 0x00, 0x58, 0x00, 0x60, 
    0x00, 0x68, 0x00, 0x78, 0x01, 0x88, 0x02, 0x98, 0x04, 0xb0, 0x07, 0xc0, 
    0x05, 0xb0, 0x06, 0xc0, 0x06, 0xc0, 0x07, 0xc8, 0x08, 0xc8, 0x08, 0xd0, 
    0x07, 0xc8, 0x27, 0xc8, 0x06, 0xc0, 0x05, 0xb8, 0x05, 0xc0, 0x26, 0xc0, 
    0x07, 0xc8, 0x48, 0xd8, 0xab, 0xe8, 0xed, 0xf0, 0x0e, 0xf1, 0x2f, 0xf9, 
    0x50, 0xf9, 0xb1, 0xf9, 0xf2, 0xf9, 0xf2, 0xf9, 0x33, 0xfa, 0x33, 0xfa, 
    0x33, 0xfa, 0x32, 0xfa, 0x33, 0xfa, 0xd1, 0xf9, 0xb0, 0xf1, 0xaa, 0xc0, 
    0x03, 0x88, 0x00, 0x68, 0x00, 0x58, 0x00, 0x40, 0x00, 0x30, 0x00, 0x28, 
    0x00, 0x20, 0x00, 0x30, 0x00, 0x70, 0x01, 0x90, 0x03, 0xb0, 0x04, 0xb8, 
    0x05, 0xc0, 0x07, 0xd8, 0x07, 0xd0, 0x06, 0xc0, 0x05, 0xb8, 0x06, 0xb8, 
    0x08, 0xc8, 0x27, 0xb8, 0x00, 0x50, 0x00, 0x48, 0x00, 0x50, 0x00, 0x58, 
    0x00, 0x58, 0x00, 0x60, 0x00, 0x68, 0x00, 0x70, 0x01, 0x80, 0x02, 0x88, 
    0x02, 0x90, 0x03, 0x98, 0x03, 0x98, 0x04, 0xa0, 0x04, 0xa0, 0x04, 0xa0, 
    0x05, 0xa0, 0x06, 0xa8, 0x07, 0xb0, 0x08, 0xb8, 0x07, 0xb8, 0x08, 0xb8, 
    0xa9, 0xc0, 0x09, 0xc9, 0xe8, 0xc0, 0x28, 0xc1, 0xa7, 0xb8, 0xa8, 0xb8, 
    0xa8, 0xc0, 0xa9, 0xc0, 0xc8, 0xc8, 0xa8, 0xc0, 0xa7, 0xa8, 0xa5, 0x60, 
    0x43, 0x50, 0x23, 0x50, 0x23, 0x50, 0x24, 0x58, 0x24, 0x50, 0x24, 0x58, 
    0x24, 0x58, 0x24, 0x50, 0x23, 0x58, 0x24, 0x58, 0x23, 0x58, 0x23, 0x58, 
    0x24, 0x58, 0x23, 0x50, 0x23, 0x50, 0x23, 0x50, 0x23, 0x50, 0x23, 0x50, 
    0x23, 0x58, 0x23, 0x50, 0x23, 0x50, 0x24, 0x50, 0x23, 0x50, 0x23, 0x50, 
    0x23, 0x50, 0x23, 0x50, 0x23, 0x50, 0x23, 0x50, 0x23, 0x50, 0x23, 0x50, 
    0x23, 0x50, 0x23, 0x50, 0x23, 0x50, 0x23, 0x50, 0x23, 0x48, 0x23, 0x50, 
    0x23, 0x50, 0x23, 0x50, 0x23, 0x50, 0x23, 0x50, 0x23, 0x50, 0x24, 0x50, 
    0x23, 0x50, 0x23, 0x50, 0x23, 0x50, 0x23, 0x50, 0x23, 0x50, 0x23, 0x50, 
    0x23, 0x50, 0x23, 0x50, 0x03, 0x50, 0x23, 0x50, 0x23, 0x50, 0x23, 0x50, 
    0x23, 0x50, 0x23, 0x50, 0x23, 0x50, 0x23, 0x50, 0x23, 0x50, 0x23, 0x50, 
    0x23, 0x50, 0x43, 0x50, 0x43, 0x50, 0x83, 0x58, 0xa3, 0x58, 0x03, 0x59, 
    0x44, 0x51, 0xa4, 0x59, 0xc4, 0x59, 0x24, 0x5a, 0x84, 0x5a, 0xc5, 0x5a, 
    0x06, 0x5b, 0x26, 0x5b, 0x46, 0x5b, 0x86, 0x5b, 0xa6, 0x5b, 0xe6, 0x5b, 
    0xc6, 0x5b, 0xe6, 0x53, 0xe6, 0x53, 0x06, 0x5c, 0xe6, 0x53, 0xe6, 0x5b, 
    0xe6, 0x5b, 0xe6, 0x5b, 0xc6, 0x53, 0xc6, 0x53, 0xe6, 0x5b, 0xc6, 0x53, 
    0xc6, 0x5b, 0xc6, 0x53, 0xe6, 0x5b, 0xe6, 0x5b, 0xc6, 0x53, 0xe6, 0x53, 
    0xc6, 0x53, 0xc6, 0x5b, 0xa5, 0x5b, 0x44, 0x53, 0x03, 0x4b, 0x24, 0x53, 
    0x65, 0x5b, 0x84, 0x62, 0xc4, 0x70, 0x85, 0x78, 0x85, 0x78, 0x65, 0x78, 
    0x85, 0x78, 0x85, 0x78, 0x85, 0x78, 0xa5, 0x70, 0x85, 0x70, 0x65, 0x70, 
    0x65, 0x78, 0x45, 0x80, 0x03, 0x80, 0x03, 0x88, 0x03, 0x88, 0x03, 0x88, 
    0x03, 0x88, 0x03, 0x90, 0x03, 0x90, 0x03, 0x98, 0x03, 0x90, 0x01, 0x80, 
    0x01, 0x70, 0x01, 0x70, 0x01, 0x78, 0x02, 0x80, 0x04, 0x90, 0x26, 0xa0, 
    0xeb, 0xc8, 0x86, 0xb8, 0x00, 0x78, 0x00, 0x60, 0x00, 0x38, 0x00, 0x28, 
    0x00, 0x28, 0x00, 0x28, 0x00, 0x38, 0x01, 0x50, 0x6a, 0xc8, 0x0e, 0xf1, 
    0x45, 0x88, 0x00, 0x30, 0x00, 0x38, 0x00, 0x40, 0x00, 0x48, 0x00, 0x58, 
    0x00, 0x60, 0x00, 0x68, 0x00, 0x78, 0x01, 0x80, 0x02, 0x98, 0x26, 0xb8, 
    0x03, 0xa8, 0x04, 0xa8, 0x06, 0xb8, 0x07, 0xc0, 0x08, 0xc8, 0x2a, 0xd0, 
    0x4b, 0xd8, 0xac, 0xe8, 0xed, 0xe8, 0xcd, 0xe8, 0xcd, 0xf0, 0xed, 0xf0, 
    0x0e, 0xf1, 0x0e, 0xf1, 0x0e, 0xf9, 0x2f, 0xf9, 0x0f, 0xf9, 0x4f, 0xf9, 
    0x90, 0xf9, 0xb1, 0xf9, 0xf2, 0xf9, 0xf2, 0xf9, 0x32, 0xfa, 0x32, 0xfa, 
    0xf2, 0xf9, 0xf2, 0xf9, 0xd1, 0xf9, 0x6f, 0xf1, 0xcb, 0xc8, 0x03, 0x88, 
    0x00, 0x70, 0x00, 0x58, 0x00, 0x48, 0x00, 0x38, 0x00, 0x28, 0x00, 0x28, 
    0x00, 0x20, 0x00, 0x40, 0x00, 0x70, 0x01, 0x90, 0x03, 0xa8, 0x04, 0xb0, 
    0x06, 0xc8, 0x08, 0xd8, 0x08, 0xd0, 0x06, 0xc0, 0x06, 0xb8, 0x07, 0xb8, 
    0x07, 0xc0, 0x06, 0xb8, 0x01, 0x60, 0x00, 0x48, 0x00, 0x50, 0x00, 0x58, 
    0x00, 0x58, 0x00, 0x60, 0x00, 0x68, 0x00, 0x70, 0x00, 0x78, 0x01, 0x88, 
    0x03, 0x90, 0x03, 0x98, 0x04, 0x98, 0x04, 0xa0, 0x04, 0xa0, 0x04, 0xa0, 
    0x04, 0xa0, 0x04, 0xa0, 0x05, 0xa8, 0x06, 0xb0, 0x06, 0xb0, 0x07, 0xb8, 
    0x28, 0xb8, 0xea, 0xc8, 0x49, 0xc9, 0x28, 0xc1, 0xc7, 0xb8, 0xc8, 0xc0, 
    0xc9, 0xc8, 0xca, 0xd0, 0xca, 0xd0, 0xc8, 0xc8, 0xc6, 0x98, 0x02, 0x41, 
    0xe0, 0x30, 0xa1, 0x40, 0x43, 0x50, 0x24, 0x58, 0x23, 0x58, 0x24, 0x58, 
    0x23, 0x50, 0x23, 0x50, 0x23, 0x50, 0x24, 0x50, 0x44, 0x58, 0x23, 0x58, 
    0x23, 0x50, 0x23, 0x50, 0x23, 0x58, 0x23, 0x50, 0x23, 0x50, 0x23, 0x50, 
    0x03, 0x50, 0x23, 0x50, 0x23, 0x50, 0x23, 0x50, 0x23, 0x50, 0x23, 0x50, 
    0x23, 0x50, 0x23, 0x50, 0x23, 0x50, 0x23, 0x50, 0x23, 0x50, 0x23, 0x50, 
    0x23, 0x50, 0x23, 0x50, 0x23, 0x50, 0x23, 0x50, 0x23, 0x50, 0x23, 0x50, 
    0x23, 0x50, 0x23, 0x50, 0x23, 0x50, 0x23, 0x50, 0x23, 0x50, 0x23, 0x50, 
    0x03, 0x48, 0x23, 0x50, 0x23, 0x50, 0x23, 0x50, 0x23, 0x50, 0x23, 0x50, 
    0x23, 0x50, 0x23, 0x50, 0x03, 0x50, 0x23, 0x50, 0x03, 0x50, 0x23, 0x50, 
    0x23, 0x50, 0x23, 0x50, 0x23, 0x50, 0x23, 0x50, 0x23, 0x50, 0x23, 0x50, 
    0x43, 0x50, 0x63, 0x58, 0x83, 0x58, 0xc3, 0x58, 0x03, 0x59, 0x64, 0x59, 
    0xa4, 0x59, 0xe4, 0x59, 0x24, 0x5a, 0x64, 0x5a, 0xc4, 0x5a, 0xe5, 0x5a, 
    0x26, 0x5b, 0x66, 0x63, 0x66, 0x5b, 0xc6, 0x5b, 0xc6, 0x5b, 0xe6, 0x5b, 
    0x07, 0x5c, 0x06, 0x5c, 0xe6, 0x5b, 0x06, 0x5c, 0xe6, 0x53, 0xe6, 0x53, 
    0xe6, 0x5b, 0xe6, 0x5b, 0xe6, 0x5b, 0xe6, 0x5b, 0xc6, 0x5b, 0xe6, 0x53, 
    0xe6, 0x53, 0xc6, 0x53, 0xc6, 0x5b, 0xe6, 0x5b, 0xe6, 0x5b, 0xc6, 0x53, 
    0xc6, 0x53, 0xc6, 0x5b, 0xa6, 0x5b, 0xa5, 0x53, 0x85, 0x5b, 0x65, 0x5b, 
    0x85, 0x53, 0xc5, 0x5a, 0xe4, 0x70, 0xa5, 0x78, 0xa6, 0x78, 0x85, 0x78, 
    0x86, 0x78, 0x85, 0x70, 0xa5, 0x78, 0xe6, 0x78, 0xc5, 0x78, 0x65, 0x78, 
    0x24, 0x80, 0x03, 0x88, 0x03, 0x88, 0x03, 0x88, 0x03, 0x90, 0x03, 0x90, 
    0x04, 0x98, 0xc7, 0xb8, 0xc8, 0xb8, 0x88, 0xb8, 0x88, 0xc0, 0x67, 0xb8, 
    0x26, 0xb0, 0x05, 0xa8, 0x04, 0xa0, 0x04, 0xa0, 0x04, 0xa8, 0x27, 0xb0, 
    0x0a, 0xc9, 0x24, 0x80, 0x01, 0x80, 0x00, 0x78, 0x00, 0x48, 0x00, 0x28, 
    0x00, 0x28, 0x00, 0x28, 0x00, 0x30, 0x00, 0x40, 0x48, 0xa8, 0x0e, 0xf9, 
    0x67, 0xa8, 0x00, 0x30, 0x00, 0x38, 0x00, 0x38, 0x00, 0x40, 0x00, 0x48, 
    0x00, 0x50, 0x00, 0x60, 0x00, 0x68, 0x00, 0x78, 0x01, 0x88, 0x03, 0xa0, 
    0x26, 0xb8, 0x01, 0x88, 0x03, 0x98, 0x05, 0xb0, 0x06, 0xb8, 0x09, 0xc8, 
    0x2a, 0xd8, 0x6c, 0xe0, 0xad, 0xe8, 0xee, 0xf0, 0x2f, 0xf9, 0x2f, 0xf9, 
    0x50, 0xf9, 0x70, 0xf9, 0x2f, 0xf1, 0x4f, 0xf9, 0x90, 0xf9, 0x70, 0xf9, 
    0x50, 0xf9, 0x50, 0xf9, 0xd1, 0xf9, 0x12, 0xfa, 0x52, 0xfa, 0x72, 0xfa, 
    0xd1, 0xf9, 0xb0, 0xf9, 0x70, 0xf9, 0x69, 0xc0, 0x24, 0x90, 0x00, 0x70, 
    0x00, 0x60, 0x00, 0x48, 0x00, 0x38, 0x00, 0x30, 0x00, 0x28, 0x00, 0x28, 
    0x00, 0x20, 0x00, 0x58, 0x00, 0x78, 0x01, 0x90, 0x02, 0xa8, 0x03, 0xb0, 
    0x06, 0xd0, 0x09, 0xd8, 0x08, 0xc8, 0x07, 0xc0, 0x06, 0xb8, 0x06, 0xb8, 
    0x06, 0xb0, 0x05, 0xb0, 0x22, 0x70, 0x00, 0x48, 0x00, 0x50, 0x00, 0x58, 
    0x00, 0x58, 0x00, 0x60, 0x00, 0x68, 0x00, 0x68, 0x00, 0x78, 0x01, 0x88, 
    0x03, 0x90, 0x03, 0x98, 0x04, 0xa0, 0x04, 0xa0, 0x04, 0xa0, 0x04, 0xa8, 
    0x04, 0xa8, 0x04, 0xa8, 0x05, 0xa0, 0x05, 0xa8, 0x06, 0xb0, 0x07, 0xb8, 
    0x07, 0xb8, 0x48, 0xc0, 0x49, 0xc9, 0x48, 0xc9, 0x29, 0xc9, 0x2a, 0xd1, 
    0x4b, 0xd9, 0x2b, 0xd9, 0xa9, 0xc8, 0x67, 0xb8, 0x47, 0x81, 0x80, 0x29, 
    0xa0, 0x21, 0x60, 0x29, 0xe0, 0x38, 0x63, 0x50, 0x23, 0x50, 0x24, 0x50, 
    0x23, 0x50, 0x23, 0x50, 0x23, 0x50, 0x24, 0x50, 0x23, 0x50, 0x23, 0x50, 
    0x24, 0x50, 0x03, 0x50, 0x23, 0x50, 0x23, 0x50, 0x24, 0x50, 0x23, 0x50, 
    0x03, 0x50, 0x24, 0x50, 0x23, 0x50, 0x24, 0x50, 0x23, 0x50, 0x24, 0x50, 
    0x23, 0x50, 0x23, 0x50, 0x23, 0x50, 0x23, 0x50, 0x23, 0x50, 0x23, 0x50, 
    0x23, 0x50, 0x23, 0x50, 0x23, 0x50, 0x23, 0x50, 0x23, 0x50, 0x23, 0x50, 
    0x23, 0x50, 0x23, 0x50, 0x23, 0x48, 0x23, 0x48, 0x23, 0x50, 0x23, 0x50, 
    0x23, 0x50, 0x23, 0x50, 0x23, 0x50, 0x23, 0x50, 0x23, 0x50, 0x23, 0x50, 
    0x23, 0x50, 0x23, 0x50, 0x23, 0x50, 0x23, 0x50, 0x23, 0x50, 0x23, 0x50, 
    0x23, 0x50, 0x23, 0x50, 0x23, 0x50, 0x23, 0x50, 0x23, 0x50, 0x43, 0x50, 
    0x63, 0x50, 0x83, 0x58, 0xa3, 0x58, 0x03, 0x51, 0x43, 0x51, 0x83, 0x51, 
    0xe3, 0x59, 0x44, 0x5a, 0x64, 0x5a, 0xc5, 0x5a, 0x05, 0x5b, 0x46, 0x5b, 
    0x66, 0x5b, 0xa6, 0x5b, 0xc7, 0x63, 0xe6, 0x5b, 0xe6, 0x5b, 0xe6, 0x5b, 
    0x07, 0x5c, 0x06, 0x5c, 0x06, 0x5c, 0xe6, 0x5b, 0x07, 0x5c, 0xe6, 0x5b, 
    0x06, 0x5c, 0xe6, 0x5b, 0xe6, 0x5b, 0xe6, 0x5b, 0xe6, 0x5b, 0xe6, 0x5b, 
    0xe6, 0x5b, 0xe6, 0x5b, 0xe6, 0x53, 0xe6, 0x53, 0xe6, 0x5b, 0xc6, 0x5b, 
    0xa7, 0x63, 0x67, 0x6b, 0x46, 0x63, 0x46, 0x63, 0x05, 0x5b, 0x06, 0x5b, 
    0x45, 0x5b, 0xc5, 0x5a, 0x24, 0x69, 0xa5, 0x78, 0xa6, 0x78, 0x86, 0x78, 
    0x85, 0x78, 0xa5, 0x78, 0xa5, 0x70, 0xe6, 0x78, 0x85, 0x78, 0x25, 0x80, 
    0x04, 0x88, 0x03, 0x88, 0x03, 0x88, 0x03, 0x90, 0x04, 0x90, 0x66, 0xa8, 
    0x4a, 0xc9, 0x6c, 0xd1, 0xae, 0xe1, 0xaf, 0xe9, 0x4e, 0xe1, 0x2e, 0xe1, 
    0x0d, 0xe1, 0xec, 0xd8, 0x69, 0xc0, 0x47, 0xb0, 0x46, 0xa0, 0x87, 0x98, 
    0x44, 0x68, 0x00, 0x40, 0x00, 0x78, 0x00, 0x80, 0x00, 0x68, 0x00, 0x30, 
    0x00, 0x28, 0x00, 0x28, 0x00, 0x30, 0x00, 0x38, 0x05, 0x88, 0xcd, 0xf0, 
    0xaa, 0xc0, 0x00, 0x40, 0x00, 0x30, 0x00, 0x38, 0x00, 0x40, 0x00, 0x40, 
    0x00, 0x50, 0x00, 0x58, 0x00, 0x60, 0x00, 0x68, 0x00, 0x78, 0x01, 0x88, 
    0x25, 0xb8, 0x03, 0x98, 0x01, 0x80, 0x02, 0x98, 0x04, 0xa8, 0x06, 0xb8, 
    0x08, 0xc0, 0x6b, 0xd8, 0xcd, 0xe8, 0xee, 0xf0, 0x2f, 0xf9, 0x0f, 0xf9, 
    0x2f, 0xf9, 0x2f, 0xf9, 0x2f, 0xf9, 0x2f, 0xf9, 0x2f, 0xf9, 0x70, 0xf9, 
    0x70, 0xf9, 0x30, 0xf9, 0x91, 0xf9, 0xb1, 0xf9, 0xb1, 0xf9, 0x90, 0xf9, 
    0xb0, 0xf9, 0x0d, 0xe1, 0x28, 0xb0, 0x03, 0x88, 0x01, 0x78, 0x00, 0x68, 
    0x00, 0x60, 0x00, 0x48, 0x00, 0x38, 0x00, 0x28, 0x00, 0x28, 0x00, 0x20, 
    0x00, 0x30, 0x00, 0x60, 0x00, 0x78, 0x01, 0x90, 0x02, 0xa0, 0x03, 0xb0, 
    0x07, 0xd0, 0x09, 0xd0, 0x08, 0xd0, 0x08, 0xc8, 0x07, 0xc0, 0x06, 0xb8, 
    0x06, 0xb8, 0x05, 0xb0, 0x25, 0x98, 0x00, 0x50, 0x00, 0x50, 0x00, 0x58, 
    0x00, 0x60, 0x00, 0x60, 0x00, 0x68, 0x00, 0x70, 0x00, 0x78, 0x01, 0x80, 
    0x02, 0x90, 0x03, 0x98, 0x04, 0xa0, 0x04, 0xa0, 0x04, 0xa8, 0x05, 0xa8, 
    0x05, 0xa8, 0x05, 0xa8, 0x04, 0xa8, 0x04, 0xa8, 0x05, 0xb0, 0x07, 0xb8, 
    0x07, 0xb8, 0x07, 0xb8, 0x0a, 0xd1, 0x6a, 0xd1, 0x4a, 0xd1, 0x4b, 0xd9, 
    0x6c, 0xd9, 0xc9, 0xc8, 0x67, 0xb0, 0xa8, 0xb0, 0x85, 0x71, 0x00, 0x2a, 
    0xe0, 0x21, 0xa0, 0x21, 0x80, 0x29, 0x20, 0x39, 0x82, 0x50, 0x23, 0x50, 
    0x23, 0x50, 0x23, 0x50, 0x23, 0x50, 0x23, 0x50, 0x43, 0x50, 0x23, 0x50, 
    0x23, 0x50, 0x23, 0x50, 0x23, 0x50, 0x23, 0x50, 0x24, 0x50, 0x24, 0x50, 
    0x24, 0x50, 0x23, 0x50, 0x24, 0x50, 0x23, 0x50, 0x23, 0x50, 0x23, 0x50, 
    0x23, 0x50, 0x23, 0x50, 0x23, 0x50, 0x23, 0x50, 0x23, 0x50, 0x23, 0x50, 
    0x23, 0x50, 0x23, 0x50, 0x23, 0x50, 0x23, 0x50, 0x24, 0x50, 0x23, 0x50, 
    0x23, 0x50, 0x23, 0x50, 0x23, 0x50, 0x23, 0x48, 0x23, 0x50, 0x23, 0x50, 
    0x23, 0x50, 0x23, 0x50, 0x23, 0x50, 0x23, 0x50, 0x23, 0x50, 0x23, 0x50, 
    0x23, 0x50, 0x23, 0x50, 0x23, 0x50, 0x23, 0x50, 0x23, 0x50, 0x23, 0x50, 
    0x23, 0x50, 0x23, 0x50, 0x23, 0x50, 0x23, 0x50, 0x43, 0x50, 0x43, 0x50, 
    0x63, 0x50, 0xa3, 0x58, 0xe3, 0x50, 0x24, 0x51, 0x84, 0x51, 0xc4, 0x59, 
    0x24, 0x5a, 0x84, 0x5a, 0xc4, 0x5a, 0x05, 0x5b, 0x26, 0x5b, 0x66, 0x5b, 
    0xc6, 0x63, 0xc6, 0x5b, 0xe6, 0x5b, 0xe6, 0x53, 0xe6, 0x5b, 0xe6, 0x5b, 
    0x06, 0x5c, 0x06, 0x5c, 0xe6, 0x5b, 0x06, 0x5c, 0x06, 0x5c, 0xe6, 0x53, 
    0x06, 0x5c, 0x06, 0x5c, 0xe6, 0x5b, 0xe6, 0x5b, 0xe6, 0x5b, 0xe6, 0x5b, 
    0xe6, 0x53, 0xe6, 0x53, 0xe6, 0x53, 0xe5, 0x53, 0xc6, 0x5b, 0xa7, 0x63, 
    0x48, 0x73, 0x07, 0x73, 0xa5, 0x6a, 0x44, 0x62, 0x02, 0x5a, 0x02, 0x52, 
    0x43, 0x52, 0x43, 0x5a, 0x23, 0x61, 0xa4, 0x70, 0x85, 0x70, 0x85, 0x78, 
    0x85, 0x78, 0xa5, 0x78, 0xc5, 0x70, 0x85, 0x78, 0x04, 0x88, 0x03, 0x88, 
    0x03, 0x90, 0x03, 0x90, 0x03, 0x90, 0x03, 0x90, 0x68, 0xb0, 0x6c, 0xd9, 
    0xcf, 0xe9, 0x11, 0xf2, 0xf1, 0xf1, 0x6f, 0xe9, 0x2e, 0xe1, 0x2e, 0xe1, 
    0xed, 0xd8, 0xcb, 0xd0, 0x69, 0xc0, 0x04, 0x78, 0x01, 0x40, 0x00, 0x38, 
    0x00, 0x30, 0x00, 0x38, 0x00, 0x68, 0x00, 0x88, 0x00, 0x80, 0x00, 0x48, 
    0x00, 0x28, 0x00, 0x28, 0x00, 0x30, 0x00, 0x38, 0x03, 0x70, 0xcd, 0xe8, 
    0xcb, 0xc8, 0x01, 0x40, 0x00, 0x30, 0x00, 0x30, 0x00, 0x38, 0x00, 0x40, 
    0x00, 0x40, 0x00, 0x48, 0x00, 0x58, 0x00, 0x60, 0x00, 0x68, 0x00, 0x78, 
    0x02, 0x90, 0x25, 0xb0, 0x01, 0x78, 0x00, 0x78, 0x02, 0x88, 0x03, 0x98, 
    0x05, 0xa8, 0x08, 0xb8, 0x6c, 0xd8, 0xee, 0xe8, 0x0e, 0xf1, 0x70, 0xf9, 
    0x2f, 0xf9, 0x2f, 0xf9, 0x2f, 0xf9, 0x50, 0xf9, 0x70, 0xf9, 0x2f, 0xf9, 
    0x4f, 0xf9, 0x2f, 0xf9, 0x2f, 0xf9, 0x4f, 0xf9, 0x4f, 0xf1, 0x0d, 0xe1, 
    0x8a, 0xc0, 0x26, 0xa0, 0x02, 0x88, 0x00, 0x78, 0x00, 0x68, 0x00, 0x60, 
    0x00, 0x50, 0x00, 0x38, 0x00, 0x30, 0x00, 0x28, 0x00, 0x28, 0x00, 0x28, 
    0x00, 0x40, 0x00, 0x68, 0x00, 0x78, 0x01, 0x90, 0x01, 0xa0, 0x03, 0xb0, 
    0x09, 0xd8, 0x08, 0xd0, 0x08, 0xd0, 0x08, 0xd0, 0x08, 0xc0, 0x07, 0xb8, 
    0x06, 0xb0, 0x05, 0xb0, 0x25, 0xa8, 0x00, 0x50, 0x00, 0x58, 0x00, 0x58, 
    0x00, 0x60, 0x00, 0x68, 0x00, 0x68, 0x00, 0x70, 0x00, 0x80, 0x01, 0x80, 
    0x02, 0x90, 0x03, 0x98, 0x04, 0xa0, 0x04, 0xa0, 0x04, 0xa8, 0x05, 0xa8, 
    0x05, 0xa8, 0x05, 0xb0, 0x05, 0xb0, 0x05, 0xb0, 0x05, 0xb0, 0x06, 0xb0, 
    0x07, 0xb8, 0x07, 0xb8, 0xc9, 0xc8, 0xac, 0xd9, 0x0a, 0xd1, 0x2b, 0xd1, 
    0x0a, 0xd1, 0x67, 0xb0, 0xe8, 0xa8, 0x85, 0x80, 0x62, 0x41, 0x80, 0x19, 
    0x80, 0x19, 0x40, 0x19, 0x60, 0x21, 0x60, 0x29, 0x21, 0x41, 0x62, 0x48, 
    0x82, 0x40, 0x82, 0x40, 0x81, 0x40, 0x81, 0x38, 0x81, 0x38, 0x61, 0x30, 
    0x41, 0x30, 0x21, 0x38, 0x42, 0x40, 0x23, 0x50, 0x23, 0x50, 0x23, 0x50, 
    0x24, 0x50, 0x23, 0x50, 0x23, 0x50, 0x23, 0x50, 0x23, 0x50, 0x23, 0x50, 
    0x23, 0x50, 0x23, 0x50, 0x23, 0x50, 0x23, 0x50, 0x23, 0x50, 0x23, 0x50, 
    0x23, 0x50, 0x23, 0x50, 0x23, 0x50, 0x23, 0x48, 0x23, 0x50, 0x23, 0x50, 
    0x23, 0x50, 0x23, 0x50, 0x23, 0x48, 0x23, 0x48, 0x23, 0x50, 0x23, 0x50, 
    0x23, 0x50, 0x23, 0x50, 0x23, 0x50, 0x23, 0x50, 0x23, 0x50, 0x23, 0x50, 
    0x23, 0x50, 0x23, 0x50, 0x23, 0x50, 0x23, 0x50, 0x23, 0x50, 0x23, 0x50, 
    0x23, 0x50, 0x23, 0x50, 0x23, 0x50, 0x23, 0x50, 0x43, 0x50, 0x63, 0x50, 
    0x83, 0x58, 0xc3, 0x58, 0x03, 0x51, 0x64, 0x51, 0xa4, 0x51, 0xe4, 0x59, 
    0x64, 0x5a, 0xa4, 0x5a, 0xe5, 0x5a, 0x25, 0x5b, 0x86, 0x5b, 0x86, 0x5b, 
    0xc6, 0x5b, 0xe6, 0x5b, 0xe6, 0x5b, 0x07, 0x5c, 0x06, 0x5c, 0xe6, 0x5b, 
    0x07, 0x5c, 0xe6, 0x5b, 0xe6, 0x53, 0x07, 0x5c, 0xe6, 0x53, 0x06, 0x5c, 
    0xe6, 0x5b, 0xe6, 0x53, 0xe6, 0x5b, 0xe6, 0x5b, 0xe6, 0x5b, 0xe6, 0x5b, 
    0xe6, 0x53, 0xc5, 0x53, 0xe6, 0x53, 0xe6, 0x53, 0xc7, 0x5b, 0x89, 0x73, 
    0x28, 0x7b, 0xa6, 0x6a, 0xa5, 0x6a, 0x43, 0x62, 0xa0, 0x49, 0x60, 0x41, 
    0x40, 0x41, 0x40, 0x41, 0x00, 0x49, 0xa2, 0x68, 0x63, 0x70, 0x44, 0x68, 
    0x85, 0x70, 0xa5, 0x78, 0xa5, 0x78, 0x04, 0x88, 0x04, 0x90, 0x04, 0x90, 
    0x04, 0x90, 0x04, 0x90, 0x04, 0x98, 0x27, 0xb0, 0x2e, 0xe1, 0x4f, 0xf1, 
    0x90, 0xf9, 0xb0, 0xf9, 0xd1, 0xf9, 0x2e, 0xe9, 0xed, 0xe0, 0xed, 0xe0, 
    0x6b, 0xd0, 0x29, 0xc0, 0x07, 0xb0, 0x02, 0x58, 0x00, 0x28, 0x00, 0x28, 
    0x00, 0x30, 0x00, 0x38, 0x00, 0x58, 0x01, 0x88, 0x00, 0x88, 0x00, 0x70, 
    0x00, 0x28, 0x00, 0x28, 0x00, 0x30, 0x00, 0x38, 0x02, 0x58, 0xac, 0xd8, 
    0xaa, 0xd0, 0x01, 0x48, 0x00, 0x30, 0x00, 0x30, 0x00, 0x38, 0x00, 0x38, 
    0x00, 0x40, 0x00, 0x40, 0x00, 0x50, 0x00, 0x50, 0x00, 0x58, 0x00, 0x68, 
    0x00, 0x80, 0x04, 0xa8, 0x02, 0x88, 0x00, 0x68, 0x00, 0x78, 0x01, 0x80, 
    0x02, 0x90, 0x04, 0xa0, 0x08, 0xb0, 0x6b, 0xd0, 0xed, 0xe0, 0x4f, 0xf1, 
    0x0f, 0xf1, 0x50, 0xf9, 0x2f, 0xf9, 0x4f, 0xf9, 0x4f, 0xf9, 0x50, 0xf9, 
    0x2f, 0xf9, 0x6f, 0xf9, 0x2e, 0xe9, 0xcc, 0xd8, 0x6a, 0xc0, 0x26, 0xa0, 
    0x03, 0x88, 0x01, 0x80, 0x00, 0x70, 0x00, 0x68, 0x00, 0x60, 0x00, 0x50, 
    0x00, 0x40, 0x00, 0x30, 0x00, 0x28, 0x00, 0x28, 0x00, 0x30, 0x00, 0x38, 
    0x00, 0x48, 0x00, 0x70, 0x00, 0x80, 0x00, 0x90, 0x01, 0x98, 0x03, 0xa8, 
    0x2a, 0xd8, 0x09, 0xd0, 0x09, 0xd0, 0x09, 0xd0, 0x08, 0xc8, 0x07, 0xb8, 
    0x06, 0xb0, 0x05, 0xb0, 0x25, 0xa8, 0x00, 0x58, 0x00, 0x58, 0x00, 0x60, 
    0x00, 0x60, 0x00, 0x68, 0x00, 0x70, 0x00, 0x70, 0x01, 0x80, 0x01, 0x88, 
    0x02, 0x90, 0x03, 0x98, 0x04, 0xa0, 0x04, 0xa0, 0x04, 0xa8, 0x05, 0xa8, 
    0x05, 0xb0, 0x05, 0xb0, 0x05, 0xb8, 0x05, 0xb0, 0x05, 0xb0, 0x05, 0xa8, 
    0x06, 0xb8, 0x07, 0xb8, 0x48, 0xc0, 0x0b, 0xd1, 0xea, 0xd0, 0xea, 0xd0, 
    0xa8, 0xc0, 0x86, 0xa8, 0x85, 0xa0, 0xe5, 0x98, 0x40, 0x29, 0x60, 0x19, 
    0x40, 0x19, 0x20, 0x19, 0x20, 0x19, 0x20, 0x19, 0x00, 0x21, 0x00, 0x21, 
    0x20, 0x21, 0x20, 0x19, 0x00, 0x19, 0x00, 0x19, 0x00, 0x19, 0xe0, 0x18, 
    0xc0, 0x18, 0x80, 0x10, 0x80, 0x18, 0x80, 0x28, 0x41, 0x38, 0x23, 0x48, 
    0x23, 0x50, 0x23, 0x50, 0x23, 0x50, 0x23, 0x50, 0x23, 0x50, 0x23, 0x50, 
    0x23, 0x50, 0x23, 0x50, 0x03, 0x48, 0x23, 0x50, 0x23, 0x50, 0x23, 0x50, 
    0x23, 0x50, 0x23, 0x48, 0x23, 0x50, 0x23, 0x48, 0x23, 0x50, 0x23, 0x50, 
    0x23, 0x50, 0x03, 0x48, 0x23, 0x50, 0x23, 0x48, 0x23, 0x48, 0x23, 0x50, 
    0x23, 0x50, 0x23, 0x50, 0x23, 0x50, 0x23, 0x50, 0x23, 0x50, 0x23, 0x50, 
    0x23, 0x50, 0x23, 0x50, 0x23, 0x50, 0x23, 0x50, 0x23, 0x50, 0x23, 0x50, 
    0x23, 0x50, 0x23, 0x50, 0x23, 0x50, 0x43, 0x50, 0x43, 0x50, 0x63, 0x50, 
    0x83, 0x58, 0xc3, 0x50, 0x23, 0x51, 0x83, 0x51, 0xc4, 0x51, 0x23, 0x5a, 
    0x63, 0x5a, 0xe5, 0x5a, 0x25, 0x5b, 0x66, 0x63, 0x86, 0x63, 0xc6, 0x5b, 
    0xe6, 0x5b, 0xe6, 0x5b, 0x07, 0x5c, 0x06, 0x5c, 0x06, 0x5c, 0x06, 0x5c, 
    0xe6, 0x5b, 0x06, 0x54, 0xe6, 0x53, 0xe6, 0x53, 0xe6, 0x53, 0xe6, 0x53, 
    0xe6, 0x53, 0xe6, 0x53, 0xe6, 0x53, 0xe6, 0x5b, 0xe6, 0x5b, 0xe6, 0x53, 
    0xe6, 0x5b, 0xe6, 0x5b, 0xc6, 0x53, 0xc6, 0x53, 0xc6, 0x5b, 0xca, 0x73, 
    0x6a, 0x83, 0xe7, 0x72, 0xc5, 0x6a, 0x83, 0x62, 0x00, 0x52, 0x80, 0x41, 
    0x60, 0x39, 0x40, 0x39, 0x20, 0x41, 0xa1, 0x58, 0x42, 0x68, 0x22, 0x68, 
    0x64, 0x68, 0x64, 0x78, 0x05, 0x88, 0x04, 0x90, 0x04, 0x98, 0x04, 0x98, 
    0x03, 0x90, 0x04, 0x90, 0x67, 0xb0, 0x4e, 0xe9, 0x8f, 0xf1, 0x70, 0xf9, 
    0x90, 0xf9, 0xf1, 0xf9, 0xb0, 0xf9, 0x4f, 0xf1, 0xed, 0xe8, 0xac, 0xd8, 
    0x29, 0xc8, 0x08, 0xb8, 0x06, 0xa0, 0x01, 0x58, 0x00, 0x28, 0x00, 0x28, 
    0x00, 0x30, 0x00, 0x38, 0x00, 0x48, 0x01, 0x80, 0x01, 0x88, 0x00, 0x88, 
    0x00, 0x50, 0x00, 0x28, 0x00, 0x30, 0x00, 0x38, 0x00, 0x48, 0x28, 0xb0, 
    0x8b, 0xd8, 0x01, 0x50, 0x00, 0x28, 0x00, 0x30, 0x00, 0x30, 0x00, 0x38, 
    0x00, 0x38, 0x00, 0x40, 0x00, 0x40, 0x00, 0x48, 0x00, 0x50, 0x00, 0x50, 
    0x00, 0x68, 0x01, 0x80, 0x03, 0xa0, 0x00, 0x68, 0x00, 0x68, 0x00, 0x70, 
    0x00, 0x80, 0x01, 0x88, 0x03, 0x98, 0x05, 0xa8, 0x28, 0xb8, 0x4a, 0xc8, 
    0x4b, 0xd0, 0x6b, 0xd8, 0x8c, 0xd8, 0x8c, 0xe0, 0x8b, 0xd0, 0xab, 0xd0, 
    0xab, 0xc8, 0x69, 0xb8, 0x27, 0xa8, 0x04, 0x98, 0x02, 0x88, 0x01, 0x80, 
    0x00, 0x78, 0x00, 0x70, 0x00, 0x68, 0x00, 0x60, 0x00, 0x50, 0x00, 0x40, 
    0x00, 0x38, 0x00, 0x28, 0x00, 0x28, 0x00, 0x38, 0x00, 0x30, 0x00, 0x28, 
    0x00, 0x50, 0x00, 0x70, 0x00, 0x80, 0x00, 0x90, 0x01, 0x98, 0x04, 0xb0, 
    0x4a, 0xd8, 0x2a, 0xd0, 0x09, 0xd0, 0x08, 0xd0, 0x08, 0xc8, 0x07, 0xc0, 
    0x06, 0xb8, 0x05, 0xb0, 0x25, 0xa8, 0x00, 0x58, 0x00, 0x58, 0x00, 0x60, 
    0x00, 0x68, 0x00, 0x70, 0x00, 0x78, 0x00, 0x78, 0x00, 0x80, 0x01, 0x88, 
    0x02, 0x90, 0x03, 0x98, 0x04, 0xa0, 0x04, 0xa0, 0x04, 0xa8, 0x05, 0xb0, 
    0x05, 0xb0, 0x06, 0xb8, 0x06, 0xb8, 0x06, 0xb8, 0x06, 0xb8, 0x06, 0xb0, 
    0x06, 0xb0, 0x06, 0xb8, 0x28, 0xc0, 0xca, 0xd0, 0xea, 0xd0, 0xc9, 0xc8, 
    0x87, 0xc0, 0x87, 0xb8, 0x07, 0xa9, 0x64, 0x59, 0x40, 0x19, 0x60, 0x19, 
    0x40, 0x19, 0x20, 0x11, 0x40, 0x19, 0x40, 0x19, 0x20, 0x19, 0x40, 0x19, 
    0x40, 0x19, 0x40, 0x19, 0x40, 0x19, 0x20, 0x19, 0x00, 0x19, 0xe0, 0x10, 
    0xe0, 0x10, 0x00, 0x11, 0x00, 0x11, 0xe0, 0x10, 0x00, 0x19, 0xa0, 0x28, 
    0x61, 0x40, 0x23, 0x48, 0x23, 0x50, 0x23, 0x50, 0x23, 0x50, 0x23, 0x50, 
    0x23, 0x50, 0x23, 0x50, 0x23, 0x50, 0x23, 0x50, 0x23, 0x48, 0x23, 0x48, 
    0x23, 0x48, 0x23, 0x48, 0x23, 0x48, 0x23, 0x50, 0x23, 0x50, 0x23, 0x50, 
    0x23, 0x50, 0x23, 0x50, 0x23, 0x50, 0x23, 0x48, 0x23, 0x48, 0x23, 0x48, 
    0x23, 0x50, 0x23, 0x50, 0x23, 0x50, 0x23, 0x50, 0x23, 0x50, 0x23, 0x50, 
    0x23, 0x50, 0x23, 0x50, 0x23, 0x50, 0x23, 0x50, 0x23, 0x50, 0x23, 0x50, 
    0x23, 0x50, 0x23, 0x50, 0x23, 0x50, 0x43, 0x50, 0x43, 0x50, 0x63, 0x58, 
    0xa3, 0x58, 0xc3, 0x58, 0x23, 0x51, 0xa4, 0x51, 0xe4, 0x51, 0x43, 0x5a, 
    0xa4, 0x5a, 0xe4, 0x5a, 0x45, 0x5b, 0x86, 0x5b, 0xc6, 0x63, 0xc6, 0x5b, 
    0xe6, 0x5b, 0xe6, 0x5b, 0x06, 0x5c, 0xe6, 0x5b, 0x06, 0x5c, 0x06, 0x5c, 
    0x06, 0x5c, 0x06, 0x5c, 0xe6, 0x53, 0xe6, 0x5b, 0x06, 0x54, 0xe6, 0x53, 
    0xe5, 0x53, 0x06, 0x5c, 0xe5, 0x53, 0xe5, 0x5b, 0xe6, 0x5b, 0xc6, 0x53, 
    0xe6, 0x5b, 0xe6, 0x53, 0xc6, 0x53, 0xe6, 0x53, 0xc6, 0x5b, 0xa8, 0x6b, 
    0xaa, 0x7b, 0x69, 0x83, 0xe5, 0x6a, 0xc2, 0x62, 0x20, 0x4a, 0xc0, 0x39, 
    0x60, 0x31, 0x60, 0x31, 0x40, 0x31, 0xc0, 0x48, 0x41, 0x60, 0x21, 0x60, 
    0x23, 0x68, 0x25, 0x90, 0x05, 0xa0, 0x04, 0x98, 0x04, 0x98, 0x04, 0x98, 
    0x03, 0x90, 0x04, 0x98, 0x0c, 0xd9, 0x2e, 0xf1, 0xb1, 0xf9, 0xd1, 0xf9, 
    0x90, 0xf9, 0xb0, 0xf9, 0x90, 0xf9, 0x4f, 0xf1, 0xcd, 0xe0, 0x8b, 0xd0, 
    0x29, 0xc0, 0x07, 0xb8, 0x05, 0x98, 0x01, 0x60, 0x00, 0x30, 0x00, 0x30, 
    0x00, 0x30, 0x00, 0x38, 0x00, 0x40, 0x00, 0x58, 0x01, 0x88, 0x00, 0x90, 
    0x00, 0x80, 0x00, 0x38, 0x00, 0x30, 0x00, 0x30, 0x00, 0x38, 0x05, 0x88, 
    0x6b, 0xd8, 0x03, 0x78, 0x00, 0x28, 0x00, 0x28, 0x00, 0x30, 0x00, 0x38, 
    0x00, 0x38, 0x00, 0x38, 0x00, 0x40, 0x00, 0x48, 0x00, 0x48, 0x00, 0x50, 
    0x00, 0x58, 0x00, 0x60, 0x01, 0x88, 0x01, 0x88, 0x00, 0x60, 0x00, 0x68, 
    0x00, 0x70, 0x01, 0x80, 0x02, 0x88, 0x03, 0x98, 0x03, 0x98, 0x04, 0xa8, 
    0x06, 0xb0, 0x07, 0xb0, 0x06, 0xb0, 0x06, 0xa8, 0x06, 0xa8, 0x05, 0xa0, 
    0x04, 0x98, 0x03, 0x90, 0x01, 0x80, 0x00, 0x78, 0x00, 0x78, 0x00, 0x70, 
    0x00, 0x68, 0x00, 0x60, 0x00, 0x58, 0x00, 0x50, 0x00, 0x48, 0x00, 0x38, 
    0x00, 0x38, 0x00, 0x38, 0x00, 0x58, 0x00, 0x40, 0x00, 0x28, 0x00, 0x28, 
    0x00, 0x58, 0x00, 0x70, 0x00, 0x80, 0x00, 0x90, 0x01, 0x98, 0x04, 0xb8, 
    0x4b, 0xd8, 0x0a, 0xd0, 0x09, 0xd0, 0x09, 0xd0, 0x09, 0xd0, 0x07, 0xc8, 
    0x07, 0xc0, 0x06, 0xb8, 0x25, 0xa0, 0x00, 0x58, 0x00, 0x60, 0x00, 0x60, 
    0x00, 0x68, 0x00, 0x70, 0x00, 0x78, 0x00, 0x80, 0x00, 0x80, 0x01, 0x88, 
    0x02, 0x90, 0x03, 0x98, 0x04, 0xa0, 0x04, 0xa0, 0x05, 0xa8, 0x05, 0xb0, 
    0x05, 0xb0, 0x06, 0xb0, 0x06, 0xb8, 0x06, 0xc0, 0x06, 0xb8, 0x06, 0xb0, 
    0x06, 0xb0, 0x06, 0xb8, 0x27, 0xc0, 0xaa, 0xd0, 0xa9, 0xc8, 0x89, 0xc8, 
    0xa8, 0xc8, 0x29, 0xb9, 0x83, 0x49, 0x60, 0x19, 0x60, 0x19, 0x60, 0x11, 
    0x40, 0x11, 0x40, 0x11, 0x40, 0x11, 0x20, 0x11, 0x40, 0x11, 0x40, 0x11, 
    0x40, 0x19, 0x20, 0x11, 0x20, 0x11, 0x40, 0x19, 0x40, 0x19, 0x20, 0x19, 
    0x20, 0x19, 0x40, 0x19, 0x20, 0x11, 0x20, 0x11, 0x20, 0x11, 0x00, 0x11, 
    0xe0, 0x18, 0x81, 0x30, 0x43, 0x48, 0x23, 0x50, 0x23, 0x50, 0x24, 0x50, 
    0x23, 0x50, 0x23, 0x48, 0x23, 0x48, 0x23, 0x48, 0x23, 0x48, 0x23, 0x48, 
    0x23, 0x48, 0x23, 0x48, 0x23, 0x48, 0x23, 0x50, 0x23, 0x50, 0x23, 0x50, 
    0x23, 0x50, 0x23, 0x50, 0x23, 0x50, 0x23, 0x48, 0x23, 0x48, 0x23, 0x48, 
    0x23, 0x50, 0x23, 0x50, 0x23, 0x50, 0x23, 0x50, 0x23, 0x50, 0x23, 0x50, 
    0x23, 0x50, 0x23, 0x50, 0x23, 0x50, 0x23, 0x50, 0x23, 0x50, 0x23, 0x50, 
    0x23, 0x50, 0x24, 0x50, 0x23, 0x50, 0x43, 0x50, 0x43, 0x50, 0x63, 0x58, 
    0x83, 0x50, 0xe3, 0x50, 0x43, 0x51, 0x83, 0x51, 0xe3, 0x51, 0x84, 0x5a, 
    0xc4, 0x5a, 0x05, 0x5b, 0x65, 0x5b, 0xc6, 0x5b, 0xe6, 0x5b, 0xe6, 0x5b, 
    0x07, 0x5c, 0x06, 0x5c, 0x07, 0x5c, 0x07, 0x5c, 0x06, 0x5c, 0x06, 0x5c, 
    0x06, 0x54, 0x06, 0x54, 0xe6, 0x53, 0xe5, 0x53, 0xe6, 0x53, 0xe5, 0x53, 
    0xe5, 0x53, 0xe6, 0x53, 0xc5, 0x53, 0xc5, 0x53, 0xc5, 0x53, 0xc5, 0x53, 
    0xc5, 0x53, 0xe6, 0x53, 0xe6, 0x53, 0xc6, 0x53, 0xc6, 0x5b, 0x86, 0x63, 
    0x67, 0x6b, 0x88, 0x7b, 0x67, 0x7b, 0xc2, 0x62, 0x60, 0x4a, 0xc0, 0x39, 
    0x80, 0x31, 0x60, 0x29, 0x60, 0x31, 0xe0, 0x40, 0x60, 0x58, 0x21, 0x60, 
    0x24, 0x78, 0x07, 0xa8, 0x06, 0xa0, 0x06, 0xa0, 0x05, 0xa0, 0x05, 0x98, 
    0x04, 0x98, 0x26, 0xa0, 0x0e, 0xe9, 0x90, 0xf9, 0xb1, 0xf9, 0xb1, 0xf9, 
    0x70, 0xf9, 0x2f, 0xf9, 0x0f, 0xf1, 0x2f, 0xf1, 0x8c, 0xe0, 0x6b, 0xd0, 
    0x29, 0xc0, 0x07, 0xb0, 0x05, 0xa0, 0x02, 0x70, 0x00, 0x30, 0x00, 0x30, 
    0x00, 0x30, 0x00, 0x38, 0x00, 0x40, 0x00, 0x50, 0x01, 0x78, 0x01, 0x98, 
    0x01, 0x88, 0x00, 0x58, 0x00, 0x30, 0x00, 0x30, 0x00, 0x38, 0x01, 0x58, 
    0x29, 0xd0, 0x25, 0xa0, 0x00, 0x30, 0x00, 0x28, 0x00, 0x30, 0x00, 0x30, 
    0x00, 0x38, 0x00, 0x38, 0x00, 0x40, 0x00, 0x40, 0x00, 0x40, 0x00, 0x40, 
    0x00, 0x48, 0x00, 0x50, 0x00, 0x68, 0x01, 0x90, 0x00, 0x58, 0x00, 0x58, 
    0x00, 0x68, 0x00, 0x70, 0x00, 0x80, 0x01, 0x88, 0x01, 0x88, 0x02, 0x90, 
    0x02, 0x90, 0x02, 0x90, 0x03, 0x90, 0x03, 0x90, 0x02, 0x88, 0x01, 0x80, 
    0x01, 0x80, 0x00, 0x78, 0x00, 0x78, 0x00, 0x70, 0x00, 0x68, 0x00, 0x68, 
    0x00, 0x60, 0x00, 0x58, 0x00, 0x50, 0x00, 0x50, 0x00, 0x58, 0x00, 0x60, 
    0x00, 0x80, 0x01, 0x88, 0x00, 0x88, 0x00, 0x60, 0x00, 0x28, 0x00, 0x28, 
    0x00, 0x58, 0x00, 0x70, 0x00, 0x80, 0x00, 0x90, 0x01, 0x98, 0x05, 0xb8, 
    0x4a, 0xd8, 0x2a, 0xd8, 0x09, 0xd8, 0x09, 0xd8, 0x09, 0xd0, 0x09, 0xd0, 
    0x08, 0xc8, 0x07, 0xc0, 0x46, 0xa0, 0x00, 0x58, 0x00, 0x60, 0x00, 0x68, 
    0x00, 0x70, 0x00, 0x78, 0x00, 0x78, 0x00, 0x80, 0x00, 0x80, 0x01, 0x88, 
    0x02, 0x90, 0x03, 0x98, 0x04, 0xa0, 0x04, 0xa8, 0x05, 0xb0, 0x05, 0xb0, 
    0x05, 0xb8, 0x06, 0xb8, 0x06, 0xb8, 0x06, 0xb8, 0x06, 0xb8, 0x06, 0xb0, 
    0x06, 0xb0, 0x05, 0xb0, 0x07, 0xb8, 0x89, 0xc8, 0x69, 0xc8, 0x89, 0xc8, 
    0x0a, 0xd1, 0xc7, 0x89, 0xa0, 0x29, 0xa0, 0x21, 0xc0, 0x21, 0x80, 0x19, 
    0x80, 0x19, 0x60, 0x19, 0x40, 0x11, 0x40, 0x11, 0x40, 0x11, 0x40, 0x19, 
    0x40, 0x19, 0x20, 0x11, 0x20, 0x11, 0x40, 0x11, 0x40, 0x19, 0x60, 0x19, 
    0x40, 0x19, 0x60, 0x19, 0x60, 0x19, 0x40, 0x19, 0x20, 0x11, 0x00, 0x11, 
    0xe0, 0x08, 0xc0, 0x18, 0x80, 0x20, 0x61, 0x30, 0x42, 0x40, 0x23, 0x48, 
    0x23, 0x50, 0x23, 0x48, 0x23, 0x48, 0x23, 0x48, 0x23, 0x50, 0x23, 0x48, 
    0x23, 0x48, 0x23, 0x48, 0x23, 0x48, 0x23, 0x48, 0x23, 0x50, 0x03, 0x50, 
    0x23, 0x50, 0x23, 0x50, 0x23, 0x50, 0x23, 0x50, 0x03, 0x50, 0x23, 0x48, 
    0x23, 0x50, 0x23, 0x50, 0x23, 0x50, 0x23, 0x50, 0x23, 0x50, 0x23, 0x50, 
    0x23, 0x50, 0x23, 0x50, 0x23, 0x50, 0x23, 0x50, 0x23, 0x50, 0x23, 0x50, 
    0x23, 0x50, 0x23, 0x50, 0x23, 0x50, 0x23, 0x50, 0x43, 0x50, 0x63, 0x50, 
    0x83, 0x58, 0xe3, 0x50, 0x43, 0x51, 0xa3, 0x51, 0x03, 0x5a, 0x84, 0x5a, 
    0xe5, 0x5a, 0x25, 0x5b, 0x65, 0x5b, 0xa6, 0x5b, 0xe6, 0x5b, 0xe6, 0x5b, 
    0x06, 0x5c, 0x06, 0x5c, 0xe6, 0x5b, 0x06, 0x54, 0x06, 0x5c, 0x06, 0x5c, 
    0x06, 0x5c, 0xe6, 0x53, 0xe6, 0x53, 0xe5, 0x53, 0xe6, 0x53, 0xe6, 0x53, 
    0xe5, 0x53, 0xe5, 0x53, 0xe5, 0x53, 0xc5, 0x53, 0xc5, 0x53, 0xc5, 0x53, 
    0xc5, 0x53, 0xe5, 0x53, 0xe6, 0x53, 0xc6, 0x53, 0xc6, 0x53, 0x86, 0x63, 
    0x44, 0x63, 0x45, 0x6b, 0x67, 0x7b, 0xe3, 0x6a, 0x60, 0x4a, 0xe0, 0x39, 
    0xa0, 0x31, 0x80, 0x29, 0x60, 0x29, 0x00, 0x39, 0x60, 0x50, 0x22, 0x68, 
    0x68, 0xa8, 0x28, 0xb8, 0x48, 0xb0, 0x47, 0xb0, 0x06, 0xa8, 0x05, 0xa0, 
    0x04, 0x98, 0x28, 0xb0, 0xce, 0xf0, 0x0f, 0xf9, 0x70, 0xf9, 0x4f, 0xf9, 
    0x4f, 0xf9, 0x0f, 0xf1, 0xee, 0xf0, 0xad, 0xe8, 0x8c, 0xe0, 0x6b, 0xd0, 
    0x29, 0xc0, 0x07, 0xb0, 0x05, 0xa0, 0x02, 0x78, 0x00, 0x38, 0x00, 0x30, 
    0x00, 0x30, 0x00, 0x38, 0x00, 0x40, 0x00, 0x48, 0x00, 0x60, 0x01, 0x98, 
    0x01, 0x98, 0x01, 0x88, 0x00, 0x40, 0x00, 0x30, 0x00, 0x38, 0x00, 0x40, 
    0x27, 0xa8, 0x26, 0xb8, 0x00, 0x60, 0x00, 0x28, 0x00, 0x28, 0x00, 0x30, 
    0x00, 0x30, 0x00, 0x38, 0x00, 0x38, 0x00, 0x38, 0x00, 0x40, 0x00, 0x40, 
    0x00, 0x40, 0x00, 0x48, 0x00, 0x50, 0x00, 0x68, 0x00, 0x70, 0x00, 0x50, 
    0x00, 0x58, 0x00, 0x60, 0x00, 0x70, 0x00, 0x78, 0x00, 0x78, 0x00, 0x78, 
    0x00, 0x80, 0x00, 0x80, 0x00, 0x80, 0x01, 0x80, 0x00, 0x78, 0x00, 0x78, 
    0x00, 0x70, 0x00, 0x70, 0x00, 0x68, 0x00, 0x68, 0x00, 0x58, 0x00, 0x58, 
    0x00, 0x58, 0x00, 0x60, 0x01, 0x78, 0x01, 0x90, 0x02, 0xa0, 0x01, 0xa0, 
    0x22, 0x98, 0x01, 0x80, 0x00, 0x50, 0x00, 0x30, 0x00, 0x20, 0x00, 0x30, 
    0x00, 0x58, 0x00, 0x70, 0x00, 0x80, 0x00, 0x90, 0x01, 0xa0, 0x07, 0xc0, 
    0x2b, 0xd8, 0x2b, 0xd8, 0x0a, 0xd8, 0x09, 0xd0, 0x0a, 0xd8, 0x09, 0xd0, 
    0x09, 0xc8, 0x08, 0xc0, 0x03, 0x70, 0x00, 0x60, 0x00, 0x60, 0x00, 0x70, 
    0x00, 0x78, 0x00, 0x78, 0x00, 0x80, 0x00, 0x88, 0x01, 0x88, 0x01, 0x88, 
    0x02, 0x90, 0x03, 0x98, 0x04, 0xa0, 0x04, 0xa8, 0x05, 0xb0, 0x05, 0xb0, 
    0x06, 0xb8, 0x06, 0xb8, 0x06, 0xc0, 0x06, 0xb8, 0x06, 0xb8, 0x06, 0xb8, 
    0x05, 0xb0, 0x05, 0xb0, 0x06, 0xb8, 0x69, 0xc8, 0x68, 0xc8, 0xa9, 0xd0, 
    0xab, 0xc1, 0x84, 0x62, 0xa2, 0x4a, 0x81, 0x42, 0x81, 0x42, 0x40, 0x32, 
    0x00, 0x2a, 0xe0, 0x29, 0xe0, 0x29, 0xc0, 0x21, 0xc0, 0x21, 0xa0, 0x19, 
    0x60, 0x19, 0x40, 0x11, 0x00, 0x11, 0x20, 0x11, 0x60, 0x19, 0x80, 0x19, 
    0xa0, 0x19, 0x80, 0x19, 0x80, 0x19, 0x40, 0x19, 0x40, 0x11, 0x20, 0x11, 
    0x00, 0x11, 0x00, 0x11, 0x00, 0x11, 0xe0, 0x10, 0xc0, 0x18, 0xa0, 0x28, 
    0x62, 0x40, 0x23, 0x48, 0x23, 0x50, 0x23, 0x48, 0x23, 0x48, 0x23, 0x48, 
    0x23, 0x48, 0x23, 0x48, 0x23, 0x48, 0x23, 0x48, 0x23, 0x48, 0x23, 0x50, 
    0x23, 0x50, 0x23, 0x50, 0x23, 0x50, 0x23, 0x50, 0x23, 0x50, 0x23, 0x50, 
    0x24, 0x50, 0x23, 0x50, 0x23, 0x50, 0x23, 0x50, 0x23, 0x50, 0x23, 0x50, 
    0x23, 0x50, 0x23, 0x50, 0x23, 0x50, 0x23, 0x50, 0x44, 0x50, 0x23, 0x50, 
    0x23, 0x50, 0x23, 0x50, 0x23, 0x50, 0x23, 0x50, 0x23, 0x50, 0x43, 0x50, 
    0x63, 0x50, 0xc3, 0x50, 0x44, 0x51, 0x83, 0x51, 0x03, 0x52, 0x84, 0x5a, 
    0xe5, 0x5a, 0x25, 0x5b, 0x85, 0x5b, 0xa6, 0x5b, 0xc6, 0x5b, 0x06, 0x5c, 
    0x06, 0x5c, 0x06, 0x5c, 0x06, 0x5c, 0x06, 0x5c, 0x06, 0x5c, 0xe6, 0x53, 
    0x06, 0x5c, 0x06, 0x54, 0xe5, 0x53, 0xe6, 0x53, 0xe6, 0x53, 0x06, 0x54, 
    0xc5, 0x53, 0xc5, 0x53, 0xc5, 0x53, 0xc5, 0x53, 0xc5, 0x53, 0xc5, 0x53, 
    0xc5, 0x53, 0xc5, 0x53, 0xc5, 0x53, 0xc5, 0x53, 0xa5, 0x53, 0x85, 0x63, 
    0x84, 0x63, 0x62, 0x63, 0x63, 0x63, 0x24, 0x6b, 0xa1, 0x5a, 0x00, 0x42, 
    0xa0, 0x31, 0x80, 0x29, 0x60, 0x29, 0x40, 0x31, 0xa0, 0x40, 0x23, 0x70, 
    0x49, 0xb8, 0x69, 0xb8, 0x89, 0xc0, 0x48, 0xb8, 0x26, 0xa8, 0x05, 0xa0, 
    0x04, 0x90, 0xac, 0xd0, 0xce, 0xf0, 0xee, 0xe8, 0x0e, 0xe9, 0xce, 0xe8, 
    0xad, 0xe8, 0xad, 0xe8, 0xad, 0xe0, 0x6c, 0xd8, 0x6b, 0xd8, 0x4a, 0xc8, 
    0x08, 0xc0, 0x06, 0xb0, 0x04, 0xa0, 0x02, 0x80, 0x00, 0x48, 0x00, 0x30, 
    0x00, 0x30, 0x00, 0x38, 0x00, 0x40, 0x00, 0x48, 0x00, 0x58, 0x02, 0x88, 
    0x03, 0xa0, 0x03, 0xa0, 0x01, 0x80, 0x00, 0x38, 0x00, 0x38, 0x00, 0x38, 
    0x05, 0x88, 0x27, 0xc0, 0x02, 0x98, 0x00, 0x40, 0x00, 0x28, 0x00, 0x28, 
    0x00, 0x30, 0x00, 0x30, 0x00, 0x38, 0x00, 0x38, 0x00, 0x38, 0x00, 0x40, 
    0x00, 0x40, 0x00, 0x48, 0x00, 0x48, 0x00, 0x50, 0x00, 0x70, 0x00, 0x50, 
    0x00, 0x50, 0x00, 0x58, 0x00, 0x58, 0x00, 0x60, 0x00, 0x68, 0x00, 0x70, 
    0x00, 0x70, 0x00, 0x70, 0x00, 0x70, 0x00, 0x70, 0x00, 0x70, 0x00, 0x70, 
    0x00, 0x70, 0x00, 0x78, 0x00, 0x80, 0x00, 0x90, 0x01, 0x90, 0x01, 0xa0, 
    0x03, 0xb8, 0x04, 0xc0, 0x24, 0xb0, 0x23, 0xa8, 0x22, 0x88, 0x01, 0x68, 
    0x00, 0x50, 0x00, 0x38, 0x00, 0x28, 0x00, 0x20, 0x00, 0x20, 0x00, 0x30, 
    0x00, 0x58, 0x00, 0x70, 0x00, 0x80, 0x00, 0x90, 0x03, 0xb0, 0x4a, 0xd0, 
    0x0a, 0xd8, 0x4b, 0xe0, 0x2a, 0xd8, 0x09, 0xd8, 0x0a, 0xd8, 0x2a, 0xd8, 
    0x09, 0xd0, 0x27, 0xb8, 0x00, 0x60, 0x00, 0x58, 0x00, 0x60, 0x00, 0x78, 
    0x00, 0x78, 0x00, 0x80, 0x00, 0x80, 0x00, 0x88, 0x01, 0x90, 0x01, 0x90, 
    0x02, 0x98, 0x03, 0x98, 0x04, 0xa0, 0x04, 0xa8, 0x05, 0xb0, 0x05, 0xb0, 
    0x06, 0xb8, 0x06, 0xc0, 0x06, 0xb8, 0x06, 0xb8, 0x06, 0xb8, 0x06, 0xb8, 
    0x06, 0xb8, 0x05, 0xb0, 0x06, 0xb8, 0x68, 0xc8, 0x88, 0xc8, 0xca, 0xd0, 
    0x29, 0xa2, 0x44, 0x63, 0x44, 0x63, 0x24, 0x5b, 0x64, 0x63, 0x23, 0x5b, 
    0xe1, 0x52, 0xa0, 0x4a, 0xe1, 0x4a, 0xc1, 0x4a, 0x80, 0x42, 0x20, 0x32, 
    0xe0, 0x29, 0x80, 0x19, 0x60, 0x19, 0x20, 0x11, 0x40, 0x11, 0x60, 0x11, 
    0xa0, 0x19, 0xc0, 0x19, 0xc0, 0x21, 0xe1, 0x21, 0x40, 0x11, 0x40, 0x11, 
    0x40, 0x11, 0x20, 0x11, 0x60, 0x11, 0x60, 0x19, 0x20, 0x19, 0x00, 0x11, 
    0x00, 0x19, 0xc0, 0x20, 0xa0, 0x30, 0x81, 0x38, 0x62, 0x48, 0x23, 0x48, 
    0x23, 0x48, 0x23, 0x48, 0x23, 0x48, 0x23, 0x48, 0x23, 0x48, 0x23, 0x48, 
    0x23, 0x48, 0x23, 0x50, 0x23, 0x50, 0x23, 0x50, 0x23, 0x50, 0x23, 0x48, 
    0x23, 0x50, 0x23, 0x50, 0x23, 0x50, 0x23, 0x50, 0x23, 0x50, 0x23, 0x50, 
    0x23, 0x50, 0x23, 0x50, 0x23, 0x50, 0x23, 0x50, 0x23, 0x50, 0x23, 0x50, 
    0x23, 0x50, 0x23, 0x50, 0x23, 0x50, 0x23, 0x50, 0x23, 0x50, 0x43, 0x50, 
    0x43, 0x50, 0xa3, 0x58, 0x44, 0x51, 0xa4, 0x59, 0x03, 0x5a, 0x63, 0x52, 
    0xc5, 0x5a, 0x25, 0x5b, 0x66, 0x5b, 0xa6, 0x5b, 0xe6, 0x5b, 0x06, 0x5c, 
    0x06, 0x5c, 0x06, 0x5c, 0x06, 0x5c, 0x06, 0x5c, 0xe6, 0x53, 0x06, 0x54, 
    0xe6, 0x53, 0x06, 0x54, 0xe5, 0x53, 0x06, 0x54, 0xe5, 0x53, 0xe5, 0x53, 
    0xe5, 0x53, 0xc5, 0x53, 0xc5, 0x53, 0xc5, 0x53, 0xc5, 0x53, 0xc5, 0x53, 
    0xc5, 0x53, 0xa5, 0x53, 0xa5, 0x53, 0xc5, 0x53, 0xc6, 0x5b, 0x84, 0x63, 
    0xa3, 0x63, 0x62, 0x63, 0x41, 0x5b, 0xe1, 0x52, 0x02, 0x63, 0xe2, 0x62, 
    0x21, 0x4a, 0x80, 0x31, 0x60, 0x29, 0x40, 0x29, 0xc0, 0x40, 0x65, 0x80, 
    0x89, 0xc0, 0x8a, 0xc0, 0x8a, 0xc0, 0x28, 0xb0, 0x06, 0xa8, 0x04, 0x98, 
    0x04, 0x90, 0x8b, 0xd0, 0x8b, 0xd8, 0xac, 0xd8, 0xac, 0xd8, 0x8c, 0xd8, 
    0x0a, 0xd0, 0x2b, 0xd8, 0x6c, 0xd8, 0x6c, 0xd8, 0x4a, 0xd0, 0x09, 0xc8, 
    0x08, 0xc0, 0x07, 0xb0, 0x05, 0xa8, 0x03, 0x88, 0x00, 0x68, 0x00, 0x30, 
    0x00, 0x30, 0x00, 0x38, 0x00, 0x38, 0x00, 0x40, 0x00, 0x48, 0x01, 0x78, 
    0x03, 0xa8, 0x03, 0xa8, 0x03, 0xa8, 0x01, 0x78, 0x00, 0x38, 0x00, 0x38, 
    0x02, 0x60, 0x48, 0xb8, 0x05, 0xb0, 0x02, 0x90, 0x01, 0x68, 0x01, 0x58, 
    0x01, 0x60, 0x01, 0x68, 0x01, 0x78, 0x02, 0x88, 0x02, 0x90, 0x02, 0x90, 
    0x01, 0x88, 0x01, 0x88, 0x01, 0x88, 0x01, 0x88, 0x01, 0x88, 0x01, 0x88, 
    0x01, 0x80, 0x01, 0x80, 0x01, 0x80, 0x01, 0x88, 0x01, 0x88, 0x01, 0x88, 
    0x01, 0x88, 0x01, 0x90, 0x01, 0x90, 0x02, 0x98, 0x02, 0xa0, 0x03, 0xb8, 
    0x05, 0xc8, 0x06, 0xd8, 0x07, 0xd8, 0x07, 0xd8, 0x06, 0xd0, 0x05, 0xc8, 
    0x05, 0xb8, 0x03, 0xa0, 0x01, 0x80, 0x00, 0x70, 0x00, 0x58, 0x00, 0x48, 
    0x00, 0x38, 0x00, 0x28, 0x00, 0x28, 0x00, 0x20, 0x00, 0x20, 0x00, 0x38, 
    0x00, 0x60, 0x00, 0x70, 0x00, 0x80, 0x01, 0x98, 0x07, 0xc0, 0x4a, 0xd8, 
    0x4b, 0xd8, 0x6c, 0xe0, 0x6b, 0xe0, 0x0a, 0xd8, 0x2a, 0xd8, 0x0a, 0xd0, 
    0x09, 0xd0, 0x26, 0xa0, 0x00, 0x50, 0x00, 0x50, 0x00, 0x68, 0x00, 0x78, 
    0x00, 0x80, 0x00, 0x88, 0x00, 0x88, 0x01, 0x88, 0x01, 0x90, 0x01, 0x90, 
    0x02, 0x98, 0x03, 0x98, 0x03, 0xa0, 0x04, 0xa8, 0x04, 0xb0, 0x06, 0xb0, 
    0x06, 0xb8, 0x07, 0xc0, 0x06, 0xc0, 0x05, 0xb8, 0x05, 0xb8, 0x05, 0xb0, 
    0x05, 0xb0, 0x05, 0xb0, 0x06, 0xb8, 0x68, 0xc0, 0x68, 0xc0, 0xc9, 0xc8, 
    0x09, 0xa2, 0x43, 0x63, 0x84, 0x63, 0x84, 0x63, 0xa4, 0x63, 0xa4, 0x6b, 
    0xc4, 0x6b, 0xa4, 0x63, 0xa4, 0x6b, 0xa4, 0x6b, 0x63, 0x63, 0x22, 0x5b, 
    0xa1, 0x4a, 0x40, 0x3a, 0x00, 0x32, 0xa0, 0x21, 0x80, 0x21, 0x80, 0x19, 
    0xa0, 0x19, 0xe0, 0x21, 0xa0, 0x19, 0xa0, 0x19, 0xa0, 0x21, 0x60, 0x19, 
    0x40, 0x19, 0x40, 0x11, 0x60, 0x19, 0x80, 0x19, 0x60, 0x19, 0x40, 0x19, 
    0x20, 0x11, 0x60, 0x19, 0x80, 0x21, 0x40, 0x31, 0xe1, 0x40, 0x42, 0x48, 
    0x23, 0x48, 0x23, 0x48, 0x23, 0x48, 0x23, 0x48, 0x23, 0x48, 0x23, 0x48, 
    0x23, 0x48, 0x23, 0x48, 0x23, 0x48, 0x23, 0x48, 0x03, 0x48, 0x23, 0x50, 
    0x23, 0x48, 0x23, 0x50, 0x23, 0x50, 0x23, 0x50, 0x23, 0x50, 0x03, 0x50, 
    0x23, 0x50, 0x23, 0x50, 0x23, 0x50, 0x23, 0x50, 0x23, 0x50, 0x23, 0x50, 
    0x23, 0x50, 0x23, 0x50, 0x23, 0x50, 0x23, 0x50, 0x23, 0x50, 0x23, 0x50, 
    0x43, 0x50, 0x83, 0x50, 0x03, 0x51, 0x84, 0x51, 0xe4, 0x59, 0x43, 0x5a, 
    0xc4, 0x5a, 0x05, 0x5b, 0x45, 0x5b, 0xa6, 0x5b, 0xc6, 0x5b, 0x06, 0x5c, 
    0x07, 0x5c, 0x06, 0x5c, 0x07, 0x5c, 0x07, 0x5c, 0x06, 0x54, 0x06, 0x5c, 
    0x06, 0x5c, 0xe6, 0x53, 0xe6, 0x53, 0xe5, 0x53, 0xe5, 0x53, 0xe5, 0x53, 
    0xe5, 0x53, 0xe5, 0x53, 0xe5, 0x53, 0xc5, 0x53, 0xc5, 0x53, 0xc5, 0x53, 
    0xc5, 0x53, 0xc5, 0x53, 0xc5, 0x53, 0xc5, 0x53, 0xa5, 0x5b, 0x84, 0x63, 
    0x83, 0x63, 0x41, 0x5b, 0xe0, 0x4a, 0xa0, 0x4a, 0xa0, 0x4a, 0xa0, 0x52, 
    0xa1, 0x5a, 0x01, 0x4a, 0x60, 0x29, 0x40, 0x21, 0xe0, 0x30, 0xa6, 0x88, 
    0x8a, 0xc0, 0xaa, 0xc8, 0x49, 0xb8, 0x07, 0xb0, 0x06, 0xa0, 0x04, 0x98, 
    0x04, 0x90, 0x48, 0xb8, 0x29, 0xc0, 0x29, 0xc0, 0x29, 0xc0, 0x29, 0xc8, 
    0x09, 0xc8, 0x09, 0xc8, 0x0a, 0xd0, 0x2a, 0xd0, 0x2a, 0xc8, 0x29, 0xc8, 
    0x08, 0xc0, 0x07, 0xb0, 0x05, 0xa8, 0x03, 0x98, 0x01, 0x78, 0x00, 0x40, 
    0x00, 0x30, 0x00, 0x38, 0x00, 0x40, 0x00, 0x40, 0x00, 0x48, 0x00, 0x60, 
    0x02, 0x98, 0x04, 0xa8, 0x04, 0xb0, 0x04, 0xa8, 0x01, 0x68, 0x00, 0x38, 
    0x00, 0x40, 0x26, 0x88, 0x28, 0xc0, 0x04, 0xb8, 0x04, 0xc0, 0x05, 0xc0, 
    0x05, 0xc8, 0x05, 0xc0, 0x05, 0xc0, 0x05, 0xc0, 0x06, 0xc0, 0x05, 0xc0, 
    0x05, 0xb8, 0x05, 0xb8, 0x05, 0xc0, 0x05, 0xc0, 0x05, 0xc0, 0x05, 0xc0, 
    0x06, 0xc8, 0x06, 0xc8, 0x06, 0xd0, 0x06, 0xd0, 0x07, 0xd0, 0x07, 0xd0, 
    0x07, 0xd0, 0x07, 0xd8, 0x28, 0xe0, 0x28, 0xe8, 0x29, 0xe0, 0x29, 0xe0, 
    0x29, 0xd8, 0x08, 0xd0, 0x07, 0xc8, 0x05, 0xb8, 0x04, 0xb0, 0x03, 0xa0, 
    0x02, 0x90, 0x01, 0x80, 0x00, 0x78, 0x00, 0x60, 0x00, 0x50, 0x00, 0x40, 
    0x00, 0x30, 0x00, 0x28, 0x00, 0x28, 0x00, 0x20, 0x00, 0x20, 0x00, 0x40, 
    0x00, 0x58, 0x00, 0x70, 0x00, 0x80, 0x04, 0xa8, 0x4a, 0xd0, 0x6b, 0xd8, 
    0x4b, 0xd8, 0x6c, 0xe0, 0x4b, 0xe0, 0x0a, 0xd8, 0x0a, 0xd8, 0x0a, 0xd0, 
    0x09, 0xd0, 0x24, 0x80, 0x00, 0x48, 0x00, 0x58, 0x00, 0x78, 0x00, 0x80, 
    0x00, 0x88, 0x00, 0x88, 0x01, 0x88, 0x01, 0x90, 0x01, 0x90, 0x01, 0x90, 
    0x02, 0x98, 0x03, 0x98, 0x03, 0xa0, 0x04, 0xa8, 0x05, 0xb0, 0x06, 0xb8, 
    0x06, 0xc0, 0x06, 0xc0, 0x05, 0xb8, 0x05, 0xb8, 0x05, 0xb8, 0x04, 0xb0, 
    0x04, 0xa8, 0x04, 0xb0, 0x06, 0xb8, 0x88, 0xb8, 0xa8, 0xb8, 0xa9, 0xc0, 
    0x49, 0xb1, 0xc3, 0x72, 0x21, 0x53, 0x41, 0x53, 0x41, 0x53, 0x41, 0x53, 
    0x61, 0x5b, 0x61, 0x53, 0x41, 0x53, 0x41, 0x5b, 0x21, 0x53, 0x01, 0x53, 
    0xc0, 0x4a, 0xa0, 0x4a, 0x80, 0x42, 0x80, 0x42, 0x60, 0x42, 0x20, 0x32, 
    0xe0, 0x21, 0xa0, 0x19, 0x80, 0x19, 0xa0, 0x19, 0xa0, 0x19, 0x60, 0x19, 
    0x80, 0x19, 0x60, 0x19, 0x80, 0x19, 0x80, 0x19, 0x60, 0x11, 0x40, 0x11, 
    0x60, 0x19, 0x60, 0x19, 0x40, 0x19, 0x00, 0x19, 0xc0, 0x20, 0xc0, 0x30, 
    0xa1, 0x38, 0x22, 0x40, 0x23, 0x48, 0x23, 0x48, 0x02, 0x48, 0x23, 0x48, 
    0x23, 0x48, 0x23, 0x48, 0x23, 0x48, 0x23, 0x48, 0x23, 0x48, 0x23, 0x48, 
    0x23, 0x50, 0x23, 0x50, 0x03, 0x50, 0x23, 0x50, 0x23, 0x50, 0x23, 0x50, 
    0x23, 0x50, 0x23, 0x50, 0x23, 0x50, 0x23, 0x50, 0x23, 0x50, 0x23, 0x50, 
    0x23, 0x50, 0x23, 0x50, 0x23, 0x50, 0x44, 0x50, 0x23, 0x50, 0x23, 0x50, 
    0x43, 0x50, 0x63, 0x50, 0xc3, 0x58, 0x63, 0x51, 0xc3, 0x51, 0x23, 0x5a, 
    0xa4, 0x5a, 0x05, 0x5b, 0x46, 0x5b, 0xa6, 0x5b, 0xc6, 0x5b, 0x07, 0x5c, 
    0x27, 0x5c, 0x06, 0x5c, 0x06, 0x5c, 0x06, 0x5c, 0x06, 0x5c, 0x06, 0x5c, 
    0x06, 0x5c, 0x06, 0x5c, 0x06, 0x5c, 0x06, 0x54, 0xe5, 0x5b, 0xe5, 0x5b, 
    0xe5, 0x53, 0xe5, 0x53, 0xc5, 0x53, 0xc5, 0x53, 0xc5, 0x4b, 0xc5, 0x53, 
    0xa5, 0x53, 0xc5, 0x53, 0xc5, 0x53, 0xc5, 0x53, 0xa5, 0x5b, 0x84, 0x63, 
    0x21, 0x5b, 0x00, 0x53, 0xe0, 0x4a, 0x00, 0x53, 0x40, 0x53, 0x00, 0x4b, 
    0xc0, 0x4a, 0xa1, 0x5a, 0xc0, 0x49, 0x60, 0x31, 0x20, 0x31, 0x84, 0x78, 
    0x8a, 0xc0, 0x8a, 0xc0, 0x28, 0xb0, 0x05, 0xa8, 0x04, 0x98, 0x03, 0x90, 
    0x03, 0x88, 0x06, 0x98, 0x07, 0xb8, 0x06, 0xb0, 0x06, 0xb0, 0x07, 0xb8, 
    0x07, 0xc0, 0x08, 0xc0, 0x08, 0xc0, 0x09, 0xc0, 0x08, 0xc0, 0x08, 0xc0, 
    0x07, 0xb8, 0x06, 0xb0, 0x05, 0xa8, 0x04, 0xa0, 0x03, 0x88, 0x00, 0x60, 
    0x00, 0x38, 0x00, 0x30, 0x00, 0x38, 0x00, 0x40, 0x00, 0x48, 0x00, 0x50, 
    0x00, 0x60, 0x03, 0x98, 0x04, 0xb0, 0x05, 0xb8, 0x03, 0xa0, 0x00, 0x40, 
    0x00, 0x30, 0x01, 0x48, 0x27, 0xa0, 0x28, 0xc8, 0x07, 0xc8, 0x06, 0xc8, 
    0x05, 0xc0, 0x05, 0xc0, 0x05, 0xc0, 0x05, 0xb8, 0x05, 0xc0, 0x05, 0xb8, 
    0x05, 0xb8, 0x06, 0xb8, 0x06, 0xc0, 0x05, 0xb8, 0x06, 0xc0, 0x06, 0xc0, 
    0x07, 0xc8, 0x08, 0xc8, 0x49, 0xd0, 0x29, 0xd0, 0x29, 0xd8, 0x4a, 0xd8, 
    0x2a, 0xd8, 0x2a, 0xd8, 0x2b, 0xd8, 0x0a, 0xd0, 0x09, 0xd0, 0x08, 0xc8, 
    0x07, 0xb8, 0x05, 0xb0, 0x03, 0xa8, 0x02, 0x98, 0x02, 0x98, 0x01, 0x88, 
    0x00, 0x80, 0x00, 0x78, 0x00, 0x60, 0x00, 0x50, 0x00, 0x40, 0x00, 0x38, 
    0x00, 0x30, 0x00, 0x28, 0x00, 0x20, 0x00, 0x20, 0x00, 0x20, 0x00, 0x40, 
    0x00, 0x50, 0x00, 0x68, 0x00, 0x80, 0x27, 0xb8, 0x8b, 0xd0, 0x6c, 0xd8, 
    0x4b, 0xd8, 0x6c, 0xe0, 0x4b, 0xe0, 0x4b, 0xe0, 0x4a, 0xe0, 0x0a, 0xd8, 
    0x08, 0xc8, 0x02, 0x68, 0x00, 0x48, 0x00, 0x70, 0x00, 0x80, 0x00, 0x88, 
    0x01, 0x88, 0x01, 0x90, 0x01, 0x90, 0x01, 0x90, 0x01, 0x90, 0x01, 0x90, 
    0x02, 0x98, 0x02, 0xa0, 0x03, 0xa0, 0x04, 0xa8, 0x05, 0xb0, 0x06, 0xc0, 
    0x07, 0xc0, 0x07, 0xc0, 0x06, 0xb8, 0x05, 0xb0, 0x05, 0xb0, 0x05, 0xa8, 
    0x04, 0xa8, 0x05, 0xb8, 0x47, 0xb8, 0x46, 0xa8, 0xa8, 0xb0, 0xe9, 0xb8, 
    0x09, 0xb9, 0xa8, 0xa1, 0x61, 0x52, 0xc0, 0x3a, 0xc0, 0x42, 0xe0, 0x42, 
    0xc0, 0x3a, 0xe0, 0x3a, 0xc0, 0x3a, 0xa0, 0x3a, 0x80, 0x32, 0x40, 0x2a, 
    0x40, 0x32, 0x00, 0x32, 0x00, 0x32, 0x40, 0x3a, 0xa0, 0x42, 0xc0, 0x42, 
    0xc0, 0x42, 0x40, 0x32, 0xe0, 0x21, 0xa0, 0x19, 0xa0, 0x19, 0x80, 0x19, 
    0x60, 0x19, 0x80, 0x19, 0x60, 0x19, 0x60, 0x19, 0x60, 0x11, 0x80, 0x11, 
    0x80, 0x19, 0x60, 0x19, 0x40, 0x11, 0x20, 0x11, 0x00, 0x11, 0x40, 0x21, 
    0xe0, 0x30, 0x41, 0x40, 0x23, 0x48, 0x23, 0x48, 0x23, 0x48, 0x23, 0x48, 
    0x23, 0x48, 0x23, 0x48, 0x23, 0x48, 0x23, 0x48, 0x23, 0x48, 0x23, 0x48, 
    0x23, 0x50, 0x23, 0x50, 0x23, 0x50, 0x23, 0x50, 0x23, 0x50, 0x23, 0x50, 
    0x23, 0x50, 0x23, 0x50, 0x23, 0x50, 0x23, 0x50, 0x23, 0x50, 0x23, 0x50, 
    0x23, 0x50, 0x23, 0x50, 0x23, 0x50, 0x23, 0x50, 0x23, 0x50, 0x23, 0x50, 
    0x23, 0x50, 0x43, 0x50, 0xa3, 0x58, 0x23, 0x51, 0x83, 0x51, 0x23, 0x52, 
    0x84, 0x5a, 0xe5, 0x5a, 0x46, 0x5b, 0xa6, 0x5b, 0xc6, 0x5b, 0xe6, 0x5b, 
    0x07, 0x5c, 0x07, 0x5c, 0x27, 0x5c, 0x26, 0x5c, 0x06, 0x5c, 0x06, 0x5c, 
    0x06, 0x5c, 0x06, 0x54, 0x06, 0x54, 0x06, 0x54, 0x06, 0x5c, 0xe5, 0x53, 
    0xe5, 0x53, 0xe5, 0x53, 0xc5, 0x53, 0xc5, 0x53, 0xc5, 0x53, 0xa5, 0x53, 
    0xc5, 0x53, 0xc5, 0x53, 0xc5, 0x53, 0xc5, 0x53, 0xa5, 0x5b, 0x22, 0x5b, 
    0x20, 0x5b, 0x81, 0x63, 0xc1, 0x63, 0xc1, 0x63, 0xe1, 0x6b, 0xa1, 0x63, 
    0x61, 0x5b, 0xc1, 0x52, 0xa1, 0x5a, 0x61, 0x52, 0x80, 0x41, 0xa2, 0x58, 
    0x89, 0xb8, 0x48, 0xb0, 0x06, 0xa0, 0x04, 0x98, 0x03, 0x90, 0x03, 0x88, 
    0x03, 0x88, 0x04, 0x88, 0x06, 0xa0, 0x05, 0xa8, 0x06, 0xb0, 0x27, 0xb8, 
    0x07, 0xb8, 0x07, 0xc0, 0x07, 0xc0, 0x08, 0xc0, 0x08, 0xc8, 0x08, 0xc0, 
    0x06, 0xb8, 0x05, 0xa8, 0x04, 0xa8, 0x04, 0xa0, 0x02, 0x90, 0x01, 0x70, 
    0x00, 0x40, 0x00, 0x30, 0x00, 0x38, 0x00, 0x40, 0x00, 0x48, 0x00, 0x50, 
    0x00, 0x58, 0x01, 0x70, 0x03, 0xa0, 0x05, 0xb8, 0x04, 0xb0, 0x02, 0x88, 
    0x00, 0x38, 0x00, 0x38, 0x01, 0x48, 0x23, 0x68, 0x04, 0x88, 0x04, 0x90, 
    0x03, 0x90, 0x03, 0x88, 0x03, 0x88, 0x04, 0x90, 0x04, 0xa0, 0x04, 0xa0, 
    0x05, 0xa0, 0x05, 0xa8, 0x05, 0xb0, 0x05, 0xb0, 0x05, 0xb0, 0x06, 0xb0, 
    0x06, 0xb0, 0x06, 0xb8, 0x06, 0xb8, 0x06, 0xb8, 0x06, 0xb8, 0x07, 0xc0, 
    0x08, 0xc0, 0x08, 0xc0, 0x08, 0xc0, 0x07, 0xb8, 0x06, 0xb8, 0x05, 0xb0, 
    0x04, 0xa8, 0x02, 0x98, 0x01, 0x90, 0x01, 0x88, 0x01, 0x88, 0x01, 0x80, 
    0x00, 0x78, 0x00, 0x68, 0x00, 0x58, 0x00, 0x48, 0x00, 0x38, 0x00, 0x30, 
    0x00, 0x28, 0x00, 0x20, 0x00, 0x20, 0x00, 0x20, 0x00, 0x20, 0x00, 0x40, 
    0x00, 0x50, 0x00, 0x60, 0x03, 0x90, 0x6a, 0xc8, 0x6b, 0xd0, 0x6c, 0xe0, 
    0x6c, 0xe0, 0x4b, 0xe0, 0x4b, 0xe0, 0x4b, 0xe0, 0x4b, 0xd8, 0x09, 0xd8, 
    0x47, 0xb8, 0x01, 0x58, 0x00, 0x60, 0x00, 0x80, 0x00, 0x88, 0x01, 0x88, 
    0x01, 0x90, 0x01, 0x90, 0x01, 0x90, 0x01, 0x98, 0x02, 0x98, 0x02, 0x98, 
    0x02, 0xa0, 0x03, 0xa0, 0x03, 0xa8, 0x04, 0xa8, 0x05, 0xb0, 0x06, 0xb8, 
    0x06, 0xc0, 0x06, 0xc0, 0x06, 0xb8, 0x05, 0xb0, 0x05, 0xb0, 0x05, 0xa8, 
    0x05, 0xb0, 0x47, 0xc0, 0x87, 0xb0, 0x87, 0xb0, 0x87, 0xa8, 0xe8, 0xb8, 
    0x09, 0xb9, 0x09, 0xb9, 0x86, 0x91, 0x40, 0x42, 0x80, 0x32, 0x80, 0x32, 
    0x80, 0x32, 0x60, 0x32, 0x60, 0x32, 0x60, 0x32, 0x20, 0x2a, 0x00, 0x22, 
    0xc0, 0x21, 0x80, 0x19, 0x80, 0x19, 0xe0, 0x21, 0x40, 0x2a, 0x60, 0x2a, 
    0x80, 0x32, 0xa0, 0x3a, 0xa0, 0x3a, 0x40, 0x32, 0xe0, 0x21, 0xa0, 0x19, 
    0x80, 0x19, 0xa0, 0x19, 0x80, 0x19, 0x80, 0x19, 0x80, 0x19, 0x80, 0x19, 
    0x80, 0x19, 0x40, 0x11, 0x20, 0x11, 0x20, 0x11, 0x00, 0x11, 0xe0, 0x10, 
    0xa0, 0x08, 0x80, 0x18, 0x61, 0x38, 0x23, 0x48, 0x23, 0x48, 0x23, 0x48, 
    0x23, 0x48, 0x23, 0x48, 0x23, 0x48, 0x23, 0x48, 0x23, 0x48, 0x23, 0x48, 
    0x23, 0x50, 0x23, 0x50, 0x23, 0x50, 0x23, 0x50, 0x23, 0x50, 0x23, 0x50, 
    0x23, 0x50, 0x23, 0x50, 0x23, 0x50, 0x23, 0x50, 0x23, 0x50, 0x23, 0x50, 
    0x23, 0x50, 0x23, 0x50, 0x23, 0x50, 0x23, 0x50, 0x23, 0x50, 0x23, 0x50, 
    0x23, 0x50, 0x43, 0x50, 0x83, 0x58, 0x03, 0x51, 0x84, 0x51, 0x04, 0x5a, 
    0x64, 0x5a, 0xe5, 0x5a, 0x46, 0x5b, 0x86, 0x63, 0xe6, 0x5b, 0xe7, 0x5b, 
    0x27, 0x5c, 0x27, 0x5c, 0x27, 0x5c, 0x47, 0x64, 0x27, 0x64, 0x26, 0x5c, 
    0x06, 0x5c, 0x26, 0x5c, 0x06, 0x5c, 0x06, 0x5c, 0x06, 0x5c, 0xe5, 0x53, 
    0x05, 0x54, 0xe5, 0x53, 0xc5, 0x53, 0xe5, 0x53, 0xe5, 0x53, 0xc5, 0x53, 
    0xc5, 0x53, 0xa5, 0x53, 0xc5, 0x53, 0xa5, 0x53, 0x64, 0x5b, 0x21, 0x5b, 
    0xa2, 0x6b, 0xe1, 0x63, 0xa0, 0x5b, 0xc1, 0x63, 0x40, 0x53, 0x20, 0x53, 
    0x62, 0x5b, 0xc5, 0x73, 0xa2, 0x52, 0x20, 0x3a, 0x80, 0x31, 0x01, 0x41, 
    0x67, 0xa8, 0x06, 0xa8, 0x05, 0x98, 0x03, 0x90, 0x03, 0x90, 0x03, 0x88, 
    0x03, 0x88, 0x03, 0x88, 0x04, 0x88, 0x89, 0xb8, 0x69, 0xc8, 0x48, 0xb8, 
    0x07, 0xb8, 0x28, 0xc0, 0x07, 0xc0, 0x07, 0xc0, 0x08, 0xc0, 0x08, 0xc0, 
    0x07, 0xc0, 0x05, 0xb8, 0x04, 0xa8, 0x04, 0xa0, 0x02, 0x90, 0x01, 0x80, 
    0x00, 0x48, 0x00, 0x38, 0x00, 0x38, 0x00, 0x40, 0x00, 0x40, 0x00, 0x50, 
    0x00, 0x58, 0x00, 0x60, 0x01, 0x78, 0x04, 0xa8, 0x04, 0xb0, 0x04, 0xb0, 
    0x01, 0x60, 0x00, 0x38, 0x00, 0x38, 0x00, 0x38, 0x00, 0x40, 0x00, 0x48, 
    0x00, 0x50, 0x00, 0x58, 0x00, 0x58, 0x00, 0x60, 0x00, 0x70, 0x01, 0x78, 
    0x01, 0x80, 0x02, 0x88, 0x02, 0x90, 0x03, 0x98, 0x03, 0x98, 0x03, 0xa0, 
    0x04, 0xa0, 0x04, 0xa8, 0x04, 0xa8, 0x05, 0xa8, 0x05, 0xa8, 0x05, 0xb0, 
    0x05, 0xb0, 0x05, 0xa8, 0x04, 0xa8, 0x04, 0xa0, 0x03, 0xa0, 0x03, 0x98, 
    0x02, 0x90, 0x01, 0x90, 0x01, 0x88, 0x00, 0x80, 0x00, 0x78, 0x00, 0x70, 
    0x00, 0x68, 0x00, 0x58, 0x00, 0x48, 0x00, 0x40, 0x00, 0x38, 0x00, 0x28, 
    0x00, 0x28, 0x00, 0x20, 0x00, 0x20, 0x00, 0x18, 0x00, 0x28, 0x00, 0x40, 
    0x00, 0x48, 0x00, 0x60, 0x26, 0xb0, 0x4a, 0xc8, 0xac, 0xd8, 0x8c, 0xe0, 
    0x4b, 0xe0, 0x4c, 0xe0, 0x4b, 0xe0, 0x4b, 0xe0, 0x2a, 0xd8, 0x09, 0xd0, 
    0x07, 0xb0, 0x01, 0x60, 0x00, 0x80, 0x00, 0x88, 0x00, 0x88, 0x01, 0x90, 
    0x01, 0x90, 0x02, 0x90, 0x02, 0x98, 0x02, 0xa0, 0x03, 0xa0, 0x03, 0xa8, 
    0x03, 0xa8, 0x04, 0xb0, 0x04, 0xb0, 0x04, 0xb0, 0x05, 0xb0, 0x05, 0xb8, 
    0x05, 0xb8, 0x05, 0xb0, 0x05, 0xb0, 0x05, 0xb0, 0x05, 0xb0, 0x05, 0xb0, 
    0x07, 0xb8, 0x27, 0xb0, 0xa8, 0xb8, 0xa7, 0xb0, 0x87, 0xb0, 0xa8, 0xb0, 
    0xc8, 0xb0, 0xe9, 0xb0, 0x29, 0xb9, 0xc8, 0xa1, 0xc1, 0x51, 0x40, 0x32, 
    0x60, 0x32, 0x40, 0x2a, 0x40, 0x2a, 0x40, 0x2a, 0x40, 0x2a, 0x40, 0x2a, 
    0xe0, 0x21, 0x60, 0x19, 0x40, 0x11, 0xa0, 0x19, 0x00, 0x22, 0x20, 0x22, 
    0x20, 0x22, 0x40, 0x2a, 0x20, 0x2a, 0x40, 0x32, 0x60, 0x3a, 0x00, 0x2a, 
    0xa0, 0x19, 0x80, 0x19, 0x60, 0x11, 0x80, 0x19, 0x60, 0x19, 0x60, 0x19, 
    0x40, 0x11, 0x40, 0x11, 0x40, 0x11, 0x00, 0x11, 0xe0, 0x10, 0xe0, 0x08, 
    0xa0, 0x08, 0xe0, 0x08, 0xa0, 0x10, 0x80, 0x28, 0x42, 0x40, 0x23, 0x48, 
    0x23, 0x48, 0x23, 0x48, 0x03, 0x48, 0x03, 0x48, 0x23, 0x48, 0x23, 0x48, 
    0x23, 0x50, 0x23, 0x50, 0x23, 0x50, 0x03, 0x50, 0x23, 0x50, 0x23, 0x50, 
    0x23, 0x50, 0x23, 0x50, 0x23, 0x50, 0x23, 0x50, 0x23, 0x50, 0x23, 0x50, 
    0x23, 0x50, 0x23, 0x50, 0x23, 0x50, 0x23, 0x50, 0x23, 0x50, 0x23, 0x50, 
    0x23, 0x50, 0x43, 0x50, 0x83, 0x50, 0x03, 0x51, 0x84, 0x51, 0xe4, 0x59, 
    0x64, 0x5a, 0xe5, 0x5a, 0x26, 0x5b, 0x86, 0x63, 0xc7, 0x63, 0xe7, 0x5b, 
    0x27, 0x5c, 0x27, 0x5c, 0x27, 0x5c, 0x27, 0x5c, 0x27, 0x64, 0x27, 0x5c, 
    0x27, 0x5c, 0x26, 0x5c, 0x06, 0x5c, 0x06, 0x5c, 0x06, 0x5c, 0xe6, 0x53, 
    0x06, 0x5c, 0x05, 0x5c, 0xe5, 0x53, 0xe5, 0x53, 0xe5, 0x53, 0xe5, 0x53, 
    0xe5, 0x53, 0xc5, 0x53, 0xe5, 0x5b, 0xc5, 0x5b, 0x43, 0x5b, 0x81, 0x5b, 
    0xe1, 0x63, 0xa0, 0x53, 0x60, 0x53, 0x00, 0x4b, 0x00, 0x4b, 0x21, 0x53, 
    0xc5, 0x6b, 0x29, 0x8c, 0xe0, 0x39, 0xc0, 0x29, 0x80, 0x21, 0x20, 0x31, 
    0x85, 0x90, 0x05, 0xa0, 0x04, 0x98, 0x04, 0x90, 0x03, 0x90, 0x03, 0x88, 
    0x03, 0x90, 0x03, 0x88, 0x03, 0x88, 0x07, 0x98, 0x49, 0xb8, 0x07, 0xb0, 
    0x08, 0xb0, 0x28, 0xb8, 0x28, 0xb8, 0x29, 0xc0, 0x08, 0xc0, 0x07, 0xb8, 
    0x07, 0xb8, 0x07, 0xb8, 0x05, 0xb0, 0x04, 0xa0, 0x02, 0x90, 0x02, 0x88, 
    0x00, 0x60, 0x00, 0x38, 0x00, 0x38, 0x00, 0x40, 0x00, 0x40, 0x00, 0x48, 
    0x00, 0x58, 0x00, 0x60, 0x00, 0x60, 0x02, 0x80, 0x04, 0xb0, 0x04, 0xb8, 
    0x03, 0x98, 0x00, 0x48, 0x00, 0x38, 0x00, 0x38, 0x00, 0x38, 0x00, 0x40, 
    0x00, 0x40, 0x00, 0x48, 0x00, 0x50, 0x00, 0x50, 0x00, 0x58, 0x00, 0x68, 
    0x00, 0x70, 0x00, 0x78, 0x01, 0x88, 0x01, 0x90, 0x02, 0x90, 0x02, 0x98, 
    0x03, 0x98, 0x03, 0x98, 0x03, 0xa0, 0x03, 0xa0, 0x04, 0xa0, 0x03, 0x98, 
    0x03, 0x98, 0x03, 0x98, 0x02, 0x98, 0x02, 0x98, 0x02, 0x90, 0x01, 0x90, 
    0x01, 0x88, 0x01, 0x88, 0x00, 0x80, 0x00, 0x78, 0x00, 0x70, 0x00, 0x68, 
    0x00, 0x58, 0x00, 0x48, 0x00, 0x40, 0x00, 0x38, 0x00, 0x30, 0x00, 0x28, 
    0x00, 0x28, 0x00, 0x20, 0x00, 0x20, 0x00, 0x18, 0x00, 0x28, 0x00, 0x38, 
    0x00, 0x48, 0x02, 0x80, 0x4a, 0xc8, 0x6b, 0xd8, 0x8c, 0xe0, 0x8c, 0xe0, 
    0x4c, 0xe0, 0x6c, 0xe0, 0x6b, 0xe0, 0x4b, 0xe0, 0x2a, 0xd0, 0x09, 0xc8, 
    0x26, 0xa8, 0x00, 0x78, 0x00, 0x88, 0x00, 0x90, 0x01, 0x90, 0x01, 0x98, 
    0x02, 0x98, 0x02, 0xa0, 0x03, 0xa0, 0x03, 0xa8, 0x03, 0xa8, 0x04, 0xb0, 
    0x04, 0xb8, 0x05, 0xb8, 0x05, 0xb8, 0x05, 0xb8, 0x05, 0xb8, 0x05, 0xb0, 
    0x04, 0xb0, 0x04, 0xa8, 0x05, 0xb0, 0x06, 0xb8, 0x27, 0xb8, 0x06, 0xb8, 
    0x47, 0xb8, 0x67, 0xb0, 0x67, 0xb0, 0x87, 0xb0, 0x87, 0xb0, 0x67, 0xb0, 
    0x87, 0xb0, 0xa8, 0xb0, 0xa7, 0xa8, 0x09, 0xb1, 0xaa, 0xb1, 0xe5, 0x79, 
    0x01, 0x3a, 0x00, 0x22, 0x00, 0x1a, 0xe0, 0x19, 0xe0, 0x19, 0x00, 0x22, 
    0xe0, 0x21, 0xa0, 0x19, 0x40, 0x11, 0x60, 0x11, 0x80, 0x11, 0xc0, 0x19, 
    0x00, 0x22, 0x00, 0x22, 0xe0, 0x21, 0x00, 0x22, 0xe0, 0x21, 0x40, 0x32, 
    0x60, 0x32, 0x00, 0x22, 0xa0, 0x19, 0xa0, 0x19, 0x80, 0x19, 0x60, 0x11, 
    0x40, 0x11, 0x40, 0x11, 0x20, 0x11, 0x00, 0x11, 0xe0, 0x10, 0xc0, 0x08, 
    0xc0, 0x08, 0xc0, 0x00, 0xc0, 0x08, 0xa0, 0x08, 0x80, 0x18, 0x61, 0x30, 
    0x22, 0x40, 0x23, 0x48, 0x03, 0x48, 0x23, 0x48, 0x23, 0x48, 0x23, 0x48, 
    0x23, 0x50, 0x23, 0x50, 0x23, 0x50, 0x23, 0x50, 0x23, 0x50, 0x23, 0x50, 
    0x23, 0x50, 0x23, 0x50, 0x23, 0x50, 0x23, 0x50, 0x23, 0x50, 0x23, 0x50, 
    0x23, 0x50, 0x23, 0x50, 0x23, 0x50, 0x23, 0x50, 0x23, 0x50, 0x23, 0x50, 
    0x23, 0x50, 0x43, 0x50, 0x63, 0x50, 0x03, 0x59, 0x84, 0x51, 0xe4, 0x59, 
    0x64, 0x5a, 0xe5, 0x5a, 0x26, 0x5b, 0x86, 0x5b, 0xc6, 0x5b, 0x07, 0x5c, 
    0x27, 0x5c, 0x47, 0x5c, 0x27, 0x5c, 0x27, 0x5c, 0x27, 0x5c, 0x27, 0x5c, 
    0x27, 0x5c, 0x27, 0x5c, 0x27, 0x5c, 0x26, 0x5c, 0x06, 0x5c, 0x06, 0x5c, 
    0x06, 0x5c, 0xe6, 0x5b, 0xe5, 0x53, 0xe5, 0x53, 0xe5, 0x53, 0xe5, 0x53, 
    0xe5, 0x53, 0xe5, 0x53, 0xc5, 0x53, 0xc5, 0x5b, 0x22, 0x53, 0x81, 0x5b, 
    0x80, 0x53, 0x40, 0x4b, 0x61, 0x5b, 0x00, 0x4b, 0x00, 0x4b, 0x42, 0x5b, 
    0x48, 0x84, 0x09, 0x84, 0xe0, 0x39, 0xc0, 0x29, 0x80, 0x29, 0x40, 0x29, 
    0xa4, 0x70, 0x25, 0xa0, 0x03, 0x98, 0x04, 0x98, 0x03, 0x90, 0x03, 0x90, 
    0x03, 0x90, 0x03, 0x88, 0x03, 0x88, 0x04, 0x88, 0x27, 0xa0, 0x07, 0xa8, 
    0x28, 0xb0, 0x49, 0xb8, 0x4a, 0xb8, 0x6a, 0xc0, 0x29, 0xc0, 0x08, 0xc0, 
    0x08, 0xc0, 0x08, 0xc0, 0x07, 0xc0, 0x05, 0xb0, 0x03, 0xa0, 0x02, 0x90, 
    0x01, 0x80, 0x00, 0x40, 0x00, 0x38, 0x00, 0x38, 0x00, 0x40, 0x00, 0x48, 
    0x00, 0x50, 0x00, 0x58, 0x00, 0x60, 0x00, 0x68, 0x02, 0x90, 0x04, 0xb0, 
    0x05, 0xb8, 0x02, 0x80, 0x00, 0x38, 0x00, 0x38, 0x00, 0x38, 0x00, 0x38, 
    0x00, 0x40, 0x00, 0x40, 0x00, 0x48, 0x00, 0x48, 0x00, 0x50, 0x00, 0x58, 
    0x00, 0x60, 0x00, 0x70, 0x00, 0x78, 0x00, 0x78, 0x01, 0x80, 0x01, 0x88, 
    0x02, 0x90, 0x02, 0x90, 0x02, 0x90, 0x02, 0x90, 0x02, 0x90, 0x02, 0x90, 
    0x02, 0x90, 0x02, 0x90, 0x01, 0x90, 0x01, 0x88, 0x01, 0x88, 0x01, 0x88, 
    0x00, 0x80, 0x00, 0x78, 0x00, 0x70, 0x00, 0x70, 0x00, 0x68, 0x00, 0x58, 
    0x00, 0x48, 0x00, 0x40, 0x00, 0x38, 0x00, 0x38, 0x00, 0x30, 0x00, 0x28, 
    0x00, 0x20, 0x00, 0x20, 0x00, 0x20, 0x00, 0x18, 0x00, 0x28, 0x00, 0x38, 
    0x01, 0x68, 0x48, 0xc0, 0x4b, 0xd0, 0x8c, 0xe0, 0x8c, 0xe0, 0x6c, 0xe0, 
    0x8c, 0xe0, 0x6c, 0xe0, 0x6b, 0xe0, 0x4b, 0xd8, 0x2a, 0xd0, 0x09, 0xc8, 
    0x25, 0xa0, 0x00, 0x80, 0x00, 0x90, 0x01, 0x98, 0x02, 0x98, 0x02, 0xa0, 
    0x03, 0xa0, 0x03, 0xa8, 0x03, 0xa8, 0x03, 0xa8, 0x03, 0xa8, 0x04, 0xb0, 
    0x05, 0xb8, 0x05, 0xb8, 0x05, 0xb8, 0x05, 0xb8, 0x05, 0xb0, 0x04, 0xb0, 
    0x04, 0xa8, 0x04, 0xa0, 0x04, 0xa0, 0x06, 0xa8, 0x27, 0xb8, 0x68, 0xc0, 
    0x67, 0xb0, 0x67, 0xb0, 0x67, 0xb0, 0x87, 0xb0, 0x67, 0xb0, 0x47, 0xb0, 
    0x47, 0xa8, 0x67, 0xa8, 0x67, 0xa8, 0xc8, 0xa8, 0x09, 0xb1, 0xaa, 0xb9, 
    0xcb, 0xaa, 0xc2, 0x39, 0x80, 0x11, 0x60, 0x19, 0x60, 0x19, 0xa0, 0x19, 
    0xa0, 0x19, 0xa0, 0x11, 0x60, 0x11, 0x40, 0x09, 0x60, 0x09, 0xa0, 0x11, 
    0xa0, 0x19, 0xc0, 0x19, 0xc0, 0x19, 0xe0, 0x21, 0xe0, 0x19, 0x00, 0x22, 
    0x20, 0x22, 0x00, 0x22, 0xe0, 0x21, 0xc0, 0x21, 0xe0, 0x21, 0xc0, 0x19, 
    0xa0, 0x19, 0x60, 0x11, 0x20, 0x11, 0x20, 0x11, 0xe0, 0x08, 0xe0, 0x08, 
    0xc0, 0x08, 0xc0, 0x00, 0xe0, 0x00, 0xc0, 0x00, 0xa0, 0x08, 0xa0, 0x08, 
    0x80, 0x10, 0x60, 0x28, 0x41, 0x40, 0x22, 0x48, 0x23, 0x48, 0x23, 0x48, 
    0x23, 0x50, 0x23, 0x50, 0x23, 0x50, 0x23, 0x50, 0x23, 0x50, 0x23, 0x50, 
    0x23, 0x50, 0x23, 0x50, 0x23, 0x50, 0x23, 0x50, 0x23, 0x50, 0x23, 0x50, 
    0x23, 0x50, 0x23, 0x50, 0x23, 0x50, 0x23, 0x50, 0x23, 0x50, 0x23, 0x50, 
    0x43, 0x50, 0x43, 0x50, 0x83, 0x50, 0xe3, 0x50, 0x64, 0x51, 0xc4, 0x59, 
    0x64, 0x5a, 0xc5, 0x5a, 0x26, 0x5b, 0x66, 0x5b, 0xc6, 0x5b, 0xe6, 0x5b, 
    0x07, 0x5c, 0x27, 0x64, 0x27, 0x5c, 0x27, 0x5c, 0x27, 0x5c, 0x27, 0x5c, 
    0x27, 0x5c, 0x27, 0x5c, 0x27, 0x5c, 0x26, 0x5c, 0x27, 0x5c, 0x06, 0x5c, 
    0x06, 0x5c, 0x06, 0x5c, 0x06, 0x5c, 0x06, 0x54, 0x06, 0x5c, 0xe6, 0x53, 
    0xe5, 0x53, 0xe5, 0x5b, 0xc5, 0x53, 0xe5, 0x5b, 0x42, 0x53, 0x41, 0x53, 
    0x20, 0x4b, 0x20, 0x4b, 0x20, 0x53, 0x00, 0x4b, 0x00, 0x53, 0x63, 0x5b, 
    0x8a, 0x84, 0xc8, 0x7b, 0x20, 0x3a, 0xe0, 0x31, 0xa0, 0x29, 0x80, 0x29, 
    0xe1, 0x48, 0x04, 0x90, 0x04, 0x98, 0x04, 0x98, 0x04, 0x90, 0x04, 0x90, 
    0x03, 0x88, 0x03, 0x88, 0x03, 0x88, 0x03, 0x88, 0x04, 0x88, 0x48, 0xa8, 
    0x08, 0xb0, 0x08, 0xb0, 0x49, 0xb8, 0x49, 0xc0, 0x6a, 0xc8, 0x29, 0xc0, 
    0x2a, 0xc8, 0x4a, 0xd0, 0x29, 0xc8, 0x07, 0xc0, 0x06, 0xb0, 0x04, 0xa8, 
    0x03, 0x98, 0x00, 0x68, 0x00, 0x38, 0x00, 0x38, 0x00, 0x40, 0x00, 0x48, 
    0x00, 0x50, 0x00, 0x58, 0x00, 0x58, 0x00, 0x60, 0x00, 0x68, 0x03, 0x98, 
    0x06, 0xb8, 0x05, 0xc0, 0x02, 0x90, 0x00, 0x40, 0x00, 0x38, 0x00, 0x38, 
    0x00, 0x38, 0x00, 0x38, 0x00, 0x40, 0x00, 0x48, 0x00, 0x50, 0x00, 0x50, 
    0x00, 0x58, 0x00, 0x60, 0x00, 0x70, 0x00, 0x70, 0x00, 0x78, 0x00, 0x80, 
    0x00, 0x80, 0x01, 0x88, 0x01, 0x88, 0x01, 0x88, 0x01, 0x88, 0x01, 0x88, 
    0x01, 0x88, 0x01, 0x88, 0x01, 0x88, 0x00, 0x88, 0x00, 0x80, 0x00, 0x80, 
    0x00, 0x70, 0x00, 0x70, 0x00, 0x68, 0x00, 0x60, 0x00, 0x58, 0x00, 0x48, 
    0x00, 0x40, 0x00, 0x38, 0x00, 0x38, 0x00, 0x30, 0x00, 0x28, 0x00, 0x28, 
    0x00, 0x20, 0x00, 0x20, 0x00, 0x20, 0x00, 0x20, 0x00, 0x28, 0x00, 0x58, 
    0x68, 0xc0, 0x4b, 0xd8, 0x8c, 0xe0, 0x8c, 0xe0, 0x6b, 0xe0, 0x6b, 0xe0, 
    0x8c, 0xe0, 0xac, 0xe8, 0x6b, 0xd8, 0x4a, 0xd0, 0x29, 0xc8, 0x09, 0xc0, 
    0x03, 0x90, 0x00, 0x88, 0x01, 0x90, 0x02, 0x98, 0x02, 0xa0, 0x03, 0xa0, 
    0x03, 0xa8, 0x03, 0xa8, 0x03, 0xa0, 0x03, 0xa8, 0x04, 0xa8, 0x04, 0xb0, 
    0x05, 0xb0, 0x05, 0xb8, 0x04, 0xb8, 0x04, 0xb0, 0x05, 0xb0, 0x05, 0xb0, 
    0x05, 0xb0, 0x04, 0xa8, 0x05, 0xa0, 0x05, 0xa0, 0x26, 0xb0, 0x67, 0xb0, 
    0x46, 0xb0, 0x46, 0xb0, 0x46, 0xa8, 0x87, 0xb0, 0x67, 0xb0, 0x47, 0xb0, 
    0x26, 0xa8, 0x46, 0xa8, 0x66, 0xa8, 0x86, 0xa8, 0xc7, 0xb0, 0xe7, 0xb0, 
    0xeb, 0xc1, 0x28, 0x82, 0x00, 0x31, 0xe1, 0x38, 0xc1, 0x38, 0xe0, 0x30, 
    0x20, 0x31, 0x20, 0x21, 0x40, 0x11, 0x40, 0x11, 0x20, 0x11, 0x60, 0x09, 
    0x80, 0x11, 0x80, 0x11, 0x80, 0x19, 0xa0, 0x19, 0xe0, 0x19, 0xe0, 0x19, 
    0xe0, 0x19, 0xe0, 0x21, 0xc0, 0x19, 0xc0, 0x19, 0x80, 0x19, 0xa0, 0x19, 
    0x60, 0x11, 0x60, 0x11, 0xc1, 0x21, 0xa0, 0x19, 0x60, 0x19, 0x00, 0x11, 
    0xe0, 0x08, 0xc0, 0x08, 0xe0, 0x08, 0xe0, 0x00, 0xc0, 0x00, 0xe0, 0x00, 
    0xe0, 0x00, 0xe0, 0x08, 0xe0, 0x10, 0xc0, 0x20, 0xa1, 0x38, 0x42, 0x40, 
    0x23, 0x50, 0x23, 0x50, 0x23, 0x50, 0x23, 0x50, 0x23, 0x50, 0x23, 0x50, 
    0x23, 0x50, 0x23, 0x50, 0x23, 0x50, 0x23, 0x50, 0x23, 0x50, 0x23, 0x50, 
    0x23, 0x50, 0x23, 0x50, 0x23, 0x50, 0x23, 0x50, 0x23, 0x50, 0x23, 0x50, 
    0x23, 0x50, 0x43, 0x50, 0x63, 0x50, 0xe4, 0x58, 0x44, 0x51, 0xc4, 0x51, 
    0x44, 0x5a, 0xa5, 0x5a, 0x06, 0x5b, 0x66, 0x5b, 0xa6, 0x5b, 0xe7, 0x5b, 
    0x07, 0x5c, 0x27, 0x5c, 0x27, 0x5c, 0x27, 0x5c, 0x47, 0x64, 0x47, 0x64, 
    0x27, 0x5c, 0x27, 0x5c, 0x27, 0x5c, 0x27, 0x5c, 0x27, 0x5c, 0x26, 0x5c, 
    0x27, 0x5c, 0x06, 0x5c, 0x06, 0x54, 0x06, 0x5c, 0x06, 0x54, 0x06, 0x54, 
    0xe6, 0x53, 0xe5, 0x53, 0xe5, 0x53, 0xc5, 0x5b, 0x84, 0x5b, 0x21, 0x53, 
    0x00, 0x53, 0x01, 0x53, 0x21, 0x53, 0x20, 0x53, 0x21, 0x53, 0x83, 0x63, 
    0x6a, 0x84, 0x66, 0x6b, 0x00, 0x3a, 0x00, 0x32, 0xc0, 0x31, 0xa0, 0x29, 
    0x60, 0x29, 0xc4, 0x70, 0x25, 0x98, 0x04, 0x98, 0x04, 0x98, 0x04, 0x90, 
    0x04, 0x90, 0x04, 0x90, 0x04, 0x98, 0x04, 0x98, 0x03, 0x90, 0x25, 0x90, 
    0x07, 0xa0, 0x28, 0xb0, 0x49, 0xb8, 0x6b, 0xc0, 0x6a, 0xc0, 0x29, 0xc0, 
    0x4a, 0xc0, 0x6a, 0xd0, 0x4a, 0xc8, 0x29, 0xc0, 0x07, 0xc0, 0x06, 0xb8, 
    0x05, 0xb0, 0x03, 0x98, 0x00, 0x58, 0x00, 0x40, 0x00, 0x40, 0x00, 0x48, 
    0x00, 0x48, 0x00, 0x50, 0x00, 0x58, 0x00, 0x60, 0x00, 0x60, 0x00, 0x70, 
    0x03, 0x98, 0x05, 0xb8, 0x05, 0xc0, 0x03, 0x98, 0x00, 0x50, 0x00, 0x38, 
    0x00, 0x38, 0x00, 0x38, 0x00, 0x38, 0x00, 0x40, 0x00, 0x40, 0x00, 0x48, 
    0x00, 0x50, 0x00, 0x58, 0x00, 0x60, 0x00, 0x60, 0x00, 0x68, 0x00, 0x70, 
    0x00, 0x70, 0x00, 0x78, 0x01, 0x78, 0x01, 0x80, 0x01, 0x80, 0x00, 0x80, 
    0x01, 0x80, 0x01, 0x80, 0x00, 0x78, 0x00, 0x78, 0x00, 0x70, 0x00, 0x68, 
    0x00, 0x68, 0x00, 0x68, 0x00, 0x60, 0x00, 0x58, 0x00, 0x48, 0x00, 0x40, 
    0x00, 0x38, 0x00, 0x38, 0x00, 0x30, 0x00, 0x28, 0x00, 0x28, 0x00, 0x20, 
    0x00, 0x20, 0x00, 0x20, 0x00, 0x20, 0x00, 0x28, 0x01, 0x60, 0x47, 0xb8, 
    0x8b, 0xd8, 0x6b, 0xd8, 0x6c, 0xe0, 0x6b, 0xe0, 0x8c, 0xe0, 0xac, 0xe0, 
    0x8c, 0xe0, 0x6b, 0xd8, 0x6b, 0xd8, 0x6a, 0xd0, 0x4a, 0xc8, 0x28, 0xb8, 
    0x02, 0x90, 0x01, 0x90, 0x02, 0x98, 0x02, 0xa0, 0x02, 0xa0, 0x03, 0xa8, 
    0x04, 0xb0, 0x04, 0xb0, 0x03, 0xa8, 0x03, 0xa8, 0x03, 0xa8, 0x03, 0xa8, 
    0x04, 0xb0, 0x04, 0xb0, 0x04, 0xb0, 0x05, 0xb0, 0x05, 0xb0, 0x05, 0xb0, 
    0x05, 0xb0, 0x06, 0xb0, 0x06, 0xb0, 0x26, 0xb0, 0x66, 0xb0, 0x46, 0xa8, 
    0x45, 0xa8, 0x25, 0xa8, 0x45, 0xa8, 0x46, 0xa8, 0x26, 0xa8, 0x46, 0xa8, 
    0x46, 0xa8, 0x46, 0xa8, 0x46, 0xa8, 0x66, 0xa8, 0xa7, 0xa8, 0xa7, 0xb0, 
    0x29, 0xb9, 0xeb, 0xb1, 0xc4, 0x50, 0x83, 0x50, 0x63, 0x50, 0x43, 0x48, 
    0x42, 0x48, 0x62, 0x48, 0x81, 0x38, 0xc0, 0x30, 0xe0, 0x28, 0x00, 0x21, 
    0x20, 0x21, 0x40, 0x11, 0x40, 0x11, 0x60, 0x11, 0xa0, 0x19, 0xa0, 0x19, 
    0xa0, 0x19, 0xa0, 0x19, 0xa0, 0x19, 0xa0, 0x19, 0xa0, 0x19, 0xc0, 0x19, 
    0x80, 0x11, 0x40, 0x11, 0x60, 0x11, 0x20, 0x11, 0xe0, 0x08, 0xe0, 0x08, 
    0xe0, 0x08, 0xe0, 0x10, 0x00, 0x11, 0xe0, 0x08, 0x00, 0x09, 0x00, 0x09, 
    0x00, 0x01, 0x20, 0x01, 0x20, 0x09, 0x40, 0x09, 0x60, 0x09, 0x60, 0x19, 
    0x23, 0x50, 0x23, 0x50, 0x23, 0x50, 0x23, 0x50, 0x23, 0x50, 0x23, 0x50, 
    0x23, 0x50, 0x23, 0x50, 0x23, 0x50, 0x23, 0x50, 0x23, 0x50, 0x23, 0x50, 
    0x23, 0x50, 0x23, 0x50, 0x23, 0x50, 0x23, 0x50, 0x23, 0x50, 0x23, 0x50, 
    0x23, 0x50, 0x23, 0x50, 0x63, 0x50, 0xa3, 0x50, 0x24, 0x51, 0xa4, 0x51, 
    0x24, 0x5a, 0x84, 0x5a, 0x06, 0x5b, 0x66, 0x63, 0xa6, 0x5b, 0xe7, 0x63, 
    0x07, 0x64, 0x27, 0x5c, 0x27, 0x5c, 0x27, 0x5c, 0x47, 0x64, 0x47, 0x64, 
    0x27, 0x5c, 0x47, 0x5c, 0x27, 0x5c, 0x27, 0x64, 0x27, 0x5c, 0x27, 0x5c, 
    0x27, 0x5c, 0x27, 0x5c, 0x27, 0x5c, 0x26, 0x5c, 0x26, 0x5c, 0x06, 0x5c, 
    0xe6, 0x53, 0xe5, 0x53, 0xc5, 0x53, 0xe5, 0x53, 0xe5, 0x5b, 0x62, 0x53, 
    0x01, 0x53, 0x02, 0x53, 0x22, 0x53, 0x21, 0x53, 0x21, 0x53, 0x84, 0x63, 
    0xac, 0x94, 0x65, 0x73, 0x40, 0x42, 0x20, 0x3a, 0xe0, 0x31, 0xe0, 0x31, 
    0xa0, 0x29, 0x60, 0x39, 0xe5, 0x80, 0x25, 0x98, 0x05, 0xa0, 0x26, 0xa0, 
    0x88, 0xb0, 0x89, 0xc0, 0x89, 0xc0, 0x06, 0xb0, 0x04, 0x98, 0x02, 0x88, 
    0x05, 0x90, 0x6a, 0xb8, 0x6a, 0xc0, 0x6a, 0xc0, 0x4a, 0xb8, 0x2a, 0xc0, 
    0x4a, 0xc0, 0x6a, 0xc8, 0x4a, 0xc8, 0x09, 0xc8, 0x09, 0xc8, 0x08, 0xc0, 
    0x07, 0xc0, 0x06, 0xb0, 0x03, 0x90, 0x00, 0x50, 0x00, 0x40, 0x00, 0x40, 
    0x00, 0x48, 0x00, 0x50, 0x00, 0x50, 0x00, 0x58, 0x00, 0x58, 0x00, 0x68, 
    0x01, 0x70, 0x04, 0xa0, 0x06, 0xc0, 0x06, 0xc0, 0x04, 0xa8, 0x00, 0x58, 
    0x00, 0x38, 0x00, 0x30, 0x00, 0x38, 0x00, 0x38, 0x00, 0x40, 0x00, 0x40, 
    0x00, 0x48, 0x00, 0x48, 0x00, 0x50, 0x00, 0x58, 0x00, 0x58, 0x00, 0x60, 
    0x00, 0x60, 0x00, 0x68, 0x00, 0x68, 0x00, 0x70, 0x00, 0x70, 0x00, 0x70, 
    0x00, 0x70, 0x00, 0x70, 0x00, 0x80, 0x01, 0x88, 0x00, 0x78, 0x00, 0x68, 
    0x00, 0x60, 0x00, 0x60, 0x00, 0x50, 0x00, 0x48, 0x00, 0x40, 0x00, 0x38, 
    0x00, 0x38, 0x00, 0x30, 0x00, 0x30, 0x00, 0x28, 0x00, 0x28, 0x00, 0x20, 
    0x00, 0x20, 0x00, 0x20, 0x00, 0x28, 0x02, 0x78, 0x28, 0xb8, 0x6b, 0xd8, 
    0x8b, 0xd8, 0xac, 0xe0, 0x6c, 0xe0, 0x8c, 0xe0, 0xac, 0xe0, 0x8c, 0xe0, 
    0x8b, 0xe0, 0x8b, 0xe0, 0x6b, 0xd0, 0x4a, 0xd0, 0x6a, 0xc8, 0x27, 0xa8, 
    0x01, 0x90, 0x01, 0x90, 0x02, 0xa0, 0x03, 0xa8, 0x03, 0xa8, 0x03, 0xb0, 
    0x04, 0xb0, 0x04, 0xb0, 0x03, 0xa8, 0x04, 0xa8, 0x04, 0xa8, 0x04, 0xa8, 
    0x04, 0xa8, 0x04, 0xb0, 0x05, 0xb0, 0x05, 0xb0, 0x05, 0xb0, 0x05, 0xb0, 
    0x05, 0xa8, 0x06, 0xb8, 0x47, 0xb0, 0x46, 0xb0, 0x86, 0xb0, 0x66, 0xb0, 
    0x66, 0xb0, 0x45, 0xa8, 0x25, 0xa8, 0x25, 0xa8, 0x26, 0xa8, 0x46, 0xa8, 
    0x46, 0xa8, 0x45, 0xa8, 0x45, 0xa8, 0x44, 0xa0, 0x45, 0xa8, 0xa7, 0xb0, 
    0xe8, 0xb8, 0xcc, 0xc1, 0x07, 0x72, 0x45, 0x4a, 0x84, 0x49, 0xe3, 0x48, 
    0xa3, 0x50, 0x43, 0x48, 0x23, 0x48, 0x43, 0x48, 0x42, 0x48, 0x42, 0x48, 
    0x61, 0x40, 0xc0, 0x30, 0x00, 0x19, 0x20, 0x11, 0x40, 0x11, 0x60, 0x19, 
    0x60, 0x19, 0x80, 0x19, 0xa0, 0x19, 0x80, 0x19, 0xa0, 0x19, 0xa0, 0x19, 
    0x80, 0x11, 0x40, 0x11, 0x20, 0x09, 0x20, 0x11, 0x00, 0x09, 0xe0, 0x08, 
    0xe0, 0x08, 0xc0, 0x08, 0xc0, 0x00, 0xe0, 0x00, 0xc0, 0x00, 0x00, 0x09, 
    0x20, 0x09, 0x40, 0x01, 0x60, 0x09, 0xa0, 0x09, 0xc0, 0x11, 0x20, 0x22, 
    0x23, 0x50, 0x23, 0x50, 0x23, 0x50, 0x23, 0x50, 0x23, 0x50, 0x23, 0x50, 
    0x23, 0x50, 0x23, 0x50, 0x23, 0x50, 0x23, 0x50, 0x23, 0x50, 0x23, 0x50, 
    0x23, 0x50, 0x23, 0x50, 0x23, 0x50, 0x23, 0x50, 0x23, 0x50, 0x23, 0x50, 
    0x23, 0x50, 0x23, 0x50, 0x43, 0x50, 0xa3, 0x50, 0x43, 0x51, 0xa4, 0x59, 
    0x04, 0x5a, 0xa5, 0x5a, 0xe5, 0x5a, 0x46, 0x5b, 0xa6, 0x63, 0xe7, 0x5b, 
    0x07, 0x64, 0x27, 0x5c, 0x27, 0x64, 0x27, 0x64, 0x27, 0x5c, 0x47, 0x64, 
    0x27, 0x5c, 0x27, 0x5c, 0x47, 0x64, 0x27, 0x5c, 0x27, 0x5c, 0x27, 0x5c, 
    0x27, 0x5c, 0x27, 0x5c, 0x06, 0x5c, 0x27, 0x5c, 0x06, 0x5c, 0x06, 0x54, 
    0xe6, 0x53, 0xe5, 0x5b, 0xe5, 0x53, 0xe5, 0x5b, 0xe5, 0x53, 0xa4, 0x5b, 
    0x22, 0x53, 0x03, 0x53, 0x02, 0x53, 0x01, 0x53, 0x42, 0x5b, 0x85, 0x63, 
    0x6b, 0x8c, 0x65, 0x73, 0x80, 0x4a, 0x40, 0x42, 0x20, 0x3a, 0x00, 0x32, 
    0xe0, 0x31, 0xa0, 0x29, 0x41, 0x41, 0x27, 0x89, 0x4a, 0xb9, 0xad, 0xd1, 
    0x8d, 0xd1, 0x6c, 0xd1, 0x6c, 0xd1, 0xc9, 0xc0, 0x46, 0xa0, 0x03, 0x90, 
    0x04, 0x90, 0x48, 0xa8, 0x49, 0xb8, 0x4a, 0xc0, 0x4a, 0xb8, 0x2a, 0xb8, 
    0x08, 0xb8, 0x8b, 0xc8, 0x2a, 0xc8, 0x2a, 0xc8, 0x6a, 0xd0, 0x09, 0xc8, 
    0x08, 0xc8, 0x08, 0xc0, 0x06, 0xb0, 0x02, 0x90, 0x00, 0x50, 0x00, 0x40, 
    0x00, 0x48, 0x00, 0x48, 0x00, 0x50, 0x00, 0x58, 0x00, 0x58, 0x00, 0x58, 
    0x00, 0x68, 0x01, 0x78, 0x04, 0xa8, 0x06, 0xb8, 0x06, 0xc0, 0x04, 0xb0, 
    0x01, 0x60, 0x00, 0x38, 0x00, 0x38, 0x00, 0x38, 0x00, 0x40, 0x00, 0x40, 
    0x00, 0x40, 0x00, 0x40, 0x00, 0x48, 0x00, 0x50, 0x00, 0x50, 0x00, 0x58, 
    0x00, 0x58, 0x00, 0x58, 0x00, 0x60, 0x00, 0x68, 0x00, 0x68, 0x00, 0x68, 
    0x00, 0x70, 0x02, 0x88, 0x27, 0xc0, 0x8a, 0xd0, 0x48, 0xc0, 0x02, 0x88, 
    0x00, 0x58, 0x00, 0x50, 0x00, 0x48, 0x00, 0x40, 0x00, 0x38, 0x00, 0x38, 
    0x00, 0x30, 0x00, 0x30, 0x00, 0x28, 0x00, 0x28, 0x00, 0x20, 0x00, 0x20, 
    0x00, 0x20, 0x00, 0x30, 0x02, 0x78, 0x48, 0xc0, 0x6b, 0xd8, 0x6b, 0xd8, 
    0x8c, 0xe0, 0xac, 0xe0, 0x8c, 0xe0, 0xac, 0xe0, 0x8b, 0xe0, 0x8c, 0xe0, 
    0x6b, 0xd8, 0x8b, 0xd8, 0x4a, 0xd0, 0x29, 0xc8, 0x6a, 0xc8, 0x05, 0xa0, 
    0x01, 0x90, 0x01, 0x98, 0x02, 0xa8, 0x03, 0xa8, 0x03, 0xb0, 0x04, 0xb0, 
    0x05, 0xb0, 0x04, 0xb0, 0x04, 0xb0, 0x04, 0xa8, 0x04, 0xb0, 0x05, 0xb0, 
    0x05, 0xb0, 0x05, 0xb0, 0x06, 0xb8, 0x07, 0xb8, 0x07, 0xb8, 0x07, 0xb0, 
    0x87, 0xb0, 0xc6, 0xb0, 0xc6, 0xb8, 0x65, 0xb0, 0x86, 0xb0, 0x86, 0xb0, 
    0x66, 0xb0, 0x46, 0xb0, 0x05, 0xa8, 0x05, 0xa8, 0x26, 0xa8, 0x26, 0xa8, 
    0x46, 0xb0, 0x65, 0xb0, 0x24, 0xa8, 0x02, 0xa0, 0x43, 0xa8, 0x85, 0xb0, 
    0x08, 0xb9, 0x4a, 0xc1, 0x4b, 0x9a, 0x84, 0x32, 0xa4, 0x3a, 0xc6, 0x42, 
    0x45, 0x4a, 0x64, 0x51, 0x83, 0x48, 0x23, 0x48, 0x23, 0x48, 0x23, 0x48, 
    0x23, 0x50, 0x22, 0x48, 0x81, 0x38, 0xc0, 0x18, 0xe0, 0x10, 0x20, 0x11, 
    0x40, 0x11, 0x40, 0x11, 0x40, 0x11, 0x80, 0x19, 0x80, 0x19, 0x60, 0x19, 
    0x60, 0x11, 0x40, 0x11, 0x20, 0x11, 0x00, 0x09, 0x00, 0x11, 0xe0, 0x10, 
    0xc0, 0x08, 0xc0, 0x08, 0xc0, 0x08, 0x00, 0x09, 0xe0, 0x00, 0x00, 0x01, 
    0x20, 0x01, 0x40, 0x01, 0x80, 0x09, 0xc0, 0x11, 0x00, 0x1a, 0xa2, 0x3a, 
    0x23, 0x50, 0x23, 0x50, 0x23, 0x50, 0x23, 0x50, 0x23, 0x50, 0x23, 0x50, 
    0x23, 0x50, 0x23, 0x50, 0x23, 0x50, 0x23, 0x50, 0x23, 0x50, 0x23, 0x50, 
    0x23, 0x50, 0x23, 0x50, 0x23, 0x50, 0x23, 0x50, 0x23, 0x50, 0x23, 0x50, 
    0x23, 0x50, 0x23, 0x50, 0x43, 0x50, 0x83, 0x50, 0x03, 0x51, 0x84, 0x51, 
    0x04, 0x52, 0x64, 0x5a, 0xc5, 0x5a, 0x26, 0x5b, 0x86, 0x63, 0xc6, 0x5b, 
    0xe7, 0x5b, 0x27, 0x64, 0x27, 0x64, 0x27, 0x64, 0x47, 0x64, 0x47, 0x5c, 
    0x27, 0x5c, 0x27, 0x5c, 0x47, 0x64, 0x27, 0x5c, 0x27, 0x5c, 0x27, 0x5c, 
    0x27, 0x5c, 0x27, 0x5c, 0x06, 0x5c, 0x27, 0x5c, 0x26, 0x5c, 0x06, 0x5c, 
    0x06, 0x5c, 0xe6, 0x5b, 0x06, 0x5c, 0xe6, 0x5b, 0xe6, 0x5b, 0xe6, 0x5b, 
    0xc5, 0x5b, 0x23, 0x53, 0xe2, 0x52, 0x01, 0x53, 0x01, 0x53, 0xa5, 0x63, 
    0xcd, 0x94, 0x45, 0x6b, 0x80, 0x42, 0x40, 0x42, 0x40, 0x3a, 0x00, 0x3a, 
    0x00, 0x32, 0xe0, 0x31, 0x80, 0x31, 0x01, 0x41, 0xe4, 0x68, 0x29, 0x99, 
    0xcd, 0xc1, 0xee, 0xc9, 0x8d, 0xc9, 0xc9, 0xb0, 0x47, 0xa0, 0x05, 0x98, 
    0x05, 0x90, 0x26, 0x98, 0x48, 0xb0, 0x29, 0xb0, 0x08, 0xb0, 0x29, 0xb8, 
    0x49, 0xb8, 0x8b, 0xc8, 0x29, 0xc0, 0x4a, 0xc8, 0x4a, 0xc8, 0x09, 0xc8, 
    0x09, 0xc8, 0x29, 0xc8, 0x08, 0xc0, 0x06, 0xb0, 0x03, 0x90, 0x00, 0x58, 
    0x00, 0x48, 0x00, 0x48, 0x00, 0x50, 0x00, 0x50, 0x00, 0x50, 0x00, 0x58, 
    0x00, 0x60, 0x00, 0x68, 0x01, 0x78, 0x04, 0xa0, 0x06, 0xb8, 0x06, 0xc0, 
    0x04, 0xb0, 0x01, 0x70, 0x00, 0x40, 0x00, 0x38, 0x00, 0x38, 0x00, 0x38, 
    0x00, 0x40, 0x00, 0x40, 0x00, 0x40, 0x00, 0x48, 0x00, 0x48, 0x00, 0x48, 
    0x00, 0x50, 0x00, 0x50, 0x00, 0x50, 0x00, 0x58, 0x00, 0x58, 0x00, 0x70, 
    0x46, 0xa8, 0x8a, 0xd0, 0x4a, 0xd0, 0x08, 0xc0, 0x08, 0xc0, 0x27, 0xb8, 
    0x01, 0x68, 0x00, 0x40, 0x00, 0x38, 0x00, 0x38, 0x00, 0x38, 0x00, 0x30, 
    0x00, 0x30, 0x00, 0x28, 0x00, 0x28, 0x00, 0x28, 0x00, 0x20, 0x00, 0x30, 
    0x00, 0x58, 0x04, 0x98, 0x48, 0xc8, 0x6b, 0xd8, 0x8b, 0xd8, 0xac, 0xd8, 
    0xac, 0xe0, 0x8c, 0xe0, 0x8b, 0xe0, 0x6b, 0xe0, 0x6b, 0xe0, 0x6b, 0xe0, 
    0x4b, 0xd8, 0x4a, 0xd0, 0x29, 0xd0, 0x6a, 0xd0, 0x28, 0xb0, 0x02, 0x90, 
    0x01, 0x98, 0x02, 0xa0, 0x03, 0xa8, 0x03, 0xb0, 0x04, 0xb0, 0x04, 0xb0, 
    0x04, 0xb0, 0x05, 0xb8, 0x05, 0xb0, 0x05, 0xb0, 0x06, 0xb0, 0x07, 0xb8, 
    0x07, 0xb8, 0x48, 0xc0, 0xaa, 0xd0, 0x6a, 0xd0, 0x49, 0xc8, 0x68, 0xb8, 
    0xc6, 0xb8, 0xc5, 0xb0, 0xc5, 0xb0, 0xa6, 0xb8, 0xc7, 0xb8, 0xa7, 0xb8, 
    0x66, 0xb0, 0x25, 0xb0, 0x25, 0xa8, 0x46, 0xb0, 0x46, 0xa8, 0x25, 0xb0, 
    0x46, 0xb0, 0x46, 0xb0, 0x24, 0xa8, 0x03, 0xa8, 0x44, 0xb0, 0xa5, 0xb8, 
    0x07, 0xc1, 0x69, 0xc9, 0x0b, 0xba, 0x23, 0x32, 0x61, 0x22, 0x82, 0x22, 
    0xa4, 0x32, 0xa4, 0x3a, 0xe3, 0x41, 0xc3, 0x48, 0x23, 0x50, 0x23, 0x50, 
    0x23, 0x50, 0x23, 0x50, 0x23, 0x48, 0x42, 0x40, 0x80, 0x28, 0xe0, 0x20, 
    0x00, 0x21, 0x00, 0x21, 0x00, 0x11, 0x20, 0x11, 0x40, 0x11, 0x40, 0x11, 
    0x40, 0x09, 0x20, 0x11, 0x20, 0x11, 0xe0, 0x08, 0x00, 0x09, 0x00, 0x09, 
    0x00, 0x09, 0x00, 0x11, 0x20, 0x19, 0x40, 0x11, 0x40, 0x11, 0x60, 0x11, 
    0x60, 0x11, 0x80, 0x19, 0x80, 0x29, 0x61, 0x39, 0x22, 0x41, 0x64, 0x51, 
    0x23, 0x50, 0x23, 0x50, 0x23, 0x50, 0x23, 0x50, 0x23, 0x50, 0x23, 0x50, 
    0x23, 0x50, 0x23, 0x50, 0x23, 0x50, 0x23, 0x50, 0x23, 0x50, 0x23, 0x50, 
    0x23, 0x50, 0x23, 0x50, 0x23, 0x50, 0x23, 0x50, 0x23, 0x50, 0x23, 0x50, 
    0x23, 0x50, 0x23, 0x50, 0x43, 0x50, 0x83, 0x50, 0x03, 0x51, 0x64, 0x51, 
    0xe4, 0x51, 0x64, 0x5a, 0xa5, 0x52, 0x26, 0x5b, 0x46, 0x5b, 0xc6, 0x63, 
    0xe6, 0x5b, 0x07, 0x5c, 0x27, 0x64, 0x27, 0x64, 0x27, 0x64, 0x27, 0x5c, 
    0x27, 0x5c, 0x27, 0x5c, 0x27, 0x5c, 0x47, 0x5c, 0x27, 0x5c, 0x27, 0x5c, 
    0x27, 0x5c, 0x27, 0x5c, 0x06, 0x54, 0x07, 0x5c, 0x07, 0x5c, 0x27, 0x5c, 
    0x26, 0x5c, 0x06, 0x5c, 0x06, 0x5c, 0xe6, 0x5b, 0x06, 0x5c, 0xe6, 0x53, 
    0x06, 0x5c, 0xa5, 0x5b, 0x03, 0x5b, 0xe1, 0x52, 0xe1, 0x52, 0x44, 0x5b, 
    0xad, 0x94, 0x44, 0x6b, 0x60, 0x42, 0x60, 0x42, 0x20, 0x3a, 0x20, 0x3a, 
    0x00, 0x32, 0x00, 0x32, 0xc0, 0x31, 0x60, 0x39, 0xc0, 0x40, 0xc2, 0x50, 
    0x49, 0x89, 0x8c, 0xb1, 0x2b, 0xa9, 0x88, 0xa0, 0x47, 0x98, 0x67, 0x98, 
    0x06, 0x98, 0x26, 0x98, 0x48, 0xa0, 0x48, 0xa8, 0x07, 0xb0, 0x29, 0xb8, 
    0x49, 0xc0, 0x4a, 0xc0, 0x29, 0xc0, 0x4a, 0xc0, 0x4a, 0xc8, 0x6a, 0xd0, 
    0x29, 0xc8, 0x08, 0xc0, 0x29, 0xc8, 0x07, 0xc0, 0x06, 0xb0, 0x04, 0xa0, 
    0x00, 0x68, 0x00, 0x48, 0x00, 0x48, 0x00, 0x50, 0x00, 0x50, 0x00, 0x58, 
    0x00, 0x58, 0x00, 0x68, 0x00, 0x68, 0x01, 0x78, 0x03, 0x90, 0x06, 0xb0, 
    0x06, 0xc0, 0x05, 0xb8, 0x02, 0x88, 0x00, 0x40, 0x00, 0x30, 0x00, 0x38, 
    0x00, 0x38, 0x00, 0x38, 0x00, 0x38, 0x00, 0x38, 0x00, 0x38, 0x00, 0x38, 
    0x00, 0x40, 0x00, 0x40, 0x00, 0x48, 0x00, 0x50, 0x01, 0x80, 0x89, 0xc8, 
    0xed, 0xe0, 0xed, 0xe0, 0x0c, 0xd9, 0x6a, 0xd0, 0x28, 0xc0, 0x29, 0xc8, 
    0x46, 0xa8, 0x00, 0x40, 0x00, 0x38, 0x00, 0x30, 0x00, 0x30, 0x00, 0x30, 
    0x00, 0x30, 0x00, 0x28, 0x00, 0x20, 0x00, 0x38, 0x01, 0x70, 0x05, 0xb0, 
    0x07, 0xc0, 0x09, 0xc8, 0x4a, 0xd0, 0x2b, 0xd8, 0x8b, 0xd8, 0x8b, 0xd8, 
    0x6b, 0xd8, 0x6b, 0xd8, 0x8b, 0xe0, 0xac, 0xe0, 0x6b, 0xd8, 0x4a, 0xd8, 
    0x2a, 0xd0, 0x29, 0xd0, 0x6a, 0xd0, 0x6b, 0xd0, 0x04, 0xa0, 0x01, 0x90, 
    0x02, 0x98, 0x02, 0xa8, 0x03, 0xb0, 0x04, 0xb0, 0x04, 0xb0, 0x05, 0xb8, 
    0x05, 0xb8, 0x06, 0xb8, 0x07, 0xb8, 0x07, 0xb8, 0x08, 0xc0, 0x49, 0xc8, 
    0x49, 0xc8, 0x49, 0xc8, 0x4a, 0xc8, 0x4a, 0xc8, 0x88, 0xc0, 0xc7, 0xb8, 
    0xa6, 0xb8, 0xa6, 0xb8, 0xa6, 0xb8, 0xa6, 0xb8, 0xa6, 0xb8, 0x65, 0xb0, 
    0x46, 0xb0, 0x46, 0xb0, 0x25, 0xb0, 0x26, 0xb0, 0x46, 0xb0, 0x46, 0xb0, 
    0x26, 0xb0, 0x26, 0xb0, 0x45, 0xb0, 0x24, 0xa8, 0x45, 0xb0, 0x66, 0xb8, 
    0xc7, 0xc0, 0x6a, 0xc9, 0xca, 0xc1, 0x65, 0x4a, 0x82, 0x2a, 0x41, 0x1a, 
    0x61, 0x22, 0xa2, 0x2a, 0x62, 0x32, 0xc2, 0x41, 0x42, 0x50, 0x23, 0x48, 
    0x23, 0x50, 0x03, 0x48, 0x23, 0x50, 0x23, 0x48, 0x23, 0x48, 0x42, 0x48, 
    0x42, 0x40, 0x42, 0x48, 0x61, 0x38, 0xa0, 0x20, 0x00, 0x19, 0x00, 0x11, 
    0x00, 0x11, 0x00, 0x11, 0x00, 0x09, 0x20, 0x09, 0xa0, 0x19, 0x00, 0x21, 
    0x00, 0x21, 0x20, 0x29, 0x41, 0x31, 0xc1, 0x38, 0xa1, 0x38, 0xa1, 0x40, 
    0x60, 0x40, 0x41, 0x48, 0x42, 0x48, 0x22, 0x48, 0x23, 0x48, 0x23, 0x48, 
    0x23, 0x50, 0x23, 0x50, 0x23, 0x50, 0x23, 0x50, 0x23, 0x50, 0x23, 0x50, 
    0x23, 0x50, 0x23, 0x50, 0x23, 0x50, 0x23, 0x50, 0x23, 0x50, 0x23, 0x50, 
    0x23, 0x50, 0x23, 0x50, 0x23, 0x50, 0x23, 0x50, 0x23, 0x50, 0x23, 0x50, 
    0x23, 0x50, 0x23, 0x50, 0x43, 0x50, 0x83, 0x50, 0xe3, 0x50, 0x64, 0x49, 
    0xc4, 0x51, 0x24, 0x52, 0xa4, 0x5a, 0xe5, 0x5a, 0x46, 0x5b, 0x86, 0x5b, 
    0xe7, 0x63, 0xe7, 0x5b, 0x07, 0x64, 0x27, 0x5c, 0x27, 0x64, 0x27, 0x5c, 
    0x47, 0x5c, 0x47, 0x64, 0x27, 0x5c, 0x27, 0x5c, 0x27, 0x64, 0x27, 0x5c, 
    0x27, 0x5c, 0x27, 0x5c, 0x26, 0x5c, 0x27, 0x5c, 0x27, 0x5c, 0x07, 0x5c, 
    0x06, 0x5c, 0x06, 0x5c, 0x06, 0x5c, 0x06, 0x5c, 0x06, 0x5c, 0x06, 0x5c, 
    0x06, 0x5c, 0xe6, 0x5b, 0x65, 0x5b, 0x03, 0x5b, 0xe2, 0x52, 0x44, 0x5b, 
    0xac, 0x94, 0x65, 0x73, 0x80, 0x4a, 0x60, 0x42, 0x40, 0x42, 0x40, 0x3a, 
    0x20, 0x3a, 0x00, 0x3a, 0x00, 0x32, 0xc0, 0x31, 0x20, 0x39, 0xc1, 0x48, 
    0x05, 0x69, 0x69, 0x89, 0x09, 0x99, 0xa8, 0x98, 0xa8, 0x98, 0xc8, 0xa0, 
    0xa9, 0xa0, 0x68, 0xa0, 0x48, 0x98, 0x48, 0xa0, 0x28, 0xb0, 0x08, 0xb8, 
    0x09, 0xb8, 0x29, 0xb8, 0x28, 0xb8, 0x29, 0xb8, 0x09, 0xb8, 0x6b, 0xc8, 
    0x4a, 0xc8, 0x29, 0xc8, 0x2a, 0xd0, 0x29, 0xc8, 0x08, 0xc0, 0x06, 0xb8, 
    0x05, 0xb0, 0x02, 0x88, 0x00, 0x60, 0x00, 0x50, 0x00, 0x50, 0x00, 0x50, 
    0x00, 0x58, 0x00, 0x60, 0x00, 0x68, 0x00, 0x70, 0x01, 0x78, 0x02, 0x88, 
    0x05, 0xa0, 0x28, 0xc0, 0x08, 0xc0, 0x04, 0xa0, 0x01, 0x68, 0x00, 0x48, 
    0x00, 0x38, 0x00, 0x38, 0x00, 0x30, 0x00, 0x30, 0x00, 0x38, 0x00, 0x38, 
    0x00, 0x40, 0x00, 0x50, 0x01, 0x68, 0x24, 0x98, 0xeb, 0xd8, 0x2d, 0xe9, 
    0x4e, 0xe9, 0x6f, 0xe9, 0xaf, 0xe9, 0x4e, 0xe1, 0xed, 0xd8, 0xab, 0xd0, 
    0xaa, 0xd0, 0x03, 0x70, 0x00, 0x38, 0x00, 0x30, 0x00, 0x30, 0x00, 0x30, 
    0x00, 0x38, 0x01, 0x50, 0x02, 0x80, 0x05, 0xb0, 0x07, 0xc0, 0x08, 0xc8, 
    0x09, 0xd0, 0x2a, 0xd0, 0x2a, 0xd8, 0x4b, 0xd8, 0x4b, 0xd8, 0x6b, 0xd8, 
    0x8c, 0xe0, 0x6b, 0xd8, 0x6b, 0xe0, 0x8c, 0xe0, 0x4b, 0xd8, 0x4a, 0xd0, 
    0x49, 0xc8, 0x4a, 0xd0, 0x8c, 0xd8, 0x27, 0xb0, 0x02, 0x98, 0x01, 0x98, 
    0x02, 0xa0, 0x03, 0xa8, 0x04, 0xb0, 0x04, 0xb0, 0x05, 0xb0, 0x05, 0xb8, 
    0x06, 0xb8, 0x07, 0xb8, 0x08, 0xc0, 0x08, 0xc0, 0x08, 0xc0, 0x29, 0xc0, 
    0x29, 0xc0, 0x29, 0xc0, 0x48, 0xc0, 0x67, 0xc0, 0xc7, 0xc0, 0x07, 0xc1, 
    0xc6, 0xb8, 0xc7, 0xb8, 0xc7, 0xb8, 0xe7, 0xb8, 0xa6, 0xb8, 0x65, 0xb0, 
    0x85, 0xb0, 0x66, 0xb0, 0x87, 0xb8, 0xa7, 0xb8, 0x67, 0xb8, 0x47, 0xb0, 
    0x26, 0xb0, 0x47, 0xb0, 0x46, 0xb0, 0x05, 0xa8, 0x05, 0xb0, 0x06, 0xb8, 
    0x47, 0xc0, 0x29, 0xc9, 0xea, 0xb1, 0x64, 0x3a, 0xa3, 0x2a, 0xa2, 0x2a, 
    0xa2, 0x22, 0xa1, 0x22, 0xa2, 0x2a, 0x42, 0x3a, 0x22, 0x49, 0x23, 0x48, 
    0x23, 0x50, 0x23, 0x50, 0x23, 0x50, 0x03, 0x50, 0x23, 0x50, 0x23, 0x48, 
    0x23, 0x48, 0x23, 0x48, 0x23, 0x48, 0x22, 0x48, 0x62, 0x40, 0x81, 0x40, 
    0xa2, 0x40, 0xc1, 0x40, 0x02, 0x49, 0xa1, 0x30, 0x20, 0x31, 0x01, 0x41, 
    0x42, 0x48, 0x22, 0x48, 0x42, 0x48, 0x22, 0x48, 0x22, 0x48, 0x23, 0x48, 
    0x23, 0x48, 0x03, 0x48, 0x03, 0x48, 0x22, 0x48, 0x23, 0x48, 0x23, 0x48, 
    0x23, 0x50, 0x23, 0x50, 0x23, 0x50, 0x23, 0x50, 0x23, 0x50, 0x23, 0x50, 
    0x23, 0x50, 0x23, 0x50, 0x23, 0x50, 0x23, 0x50, 0x23, 0x50, 0x23, 0x50, 
    0x23, 0x50, 0x23, 0x50, 0x23, 0x50, 0x23, 0x50, 0x23, 0x50, 0x23, 0x50, 
    0x23, 0x50, 0x23, 0x50, 0x23, 0x50, 0x63, 0x50, 0xc3, 0x50, 0x43, 0x51, 
    0xa4, 0x51, 0x24, 0x52, 0x84, 0x52, 0xe5, 0x5a, 0x46, 0x5b, 0x65, 0x5b, 
    0xc6, 0x5b, 0xe6, 0x5b, 0x07, 0x5c, 0x27, 0x5c, 0x27, 0x5c, 0x27, 0x5c, 
    0x47, 0x5c, 0x27, 0x5c, 0x27, 0x5c, 0x27, 0x5c, 0x27, 0x5c, 0x27, 0x5c, 
    0x27, 0x5c, 0x27, 0x5c, 0x27, 0x5c, 0x27, 0x5c, 0x06, 0x5c, 0x06, 0x5c, 
    0x06, 0x5c, 0x06, 0x5c, 0x06, 0x5c, 0x06, 0x5c, 0x06, 0x5c, 0x06, 0x5c, 
    0x06, 0x5c, 0x06, 0x5c, 0xe6, 0x63, 0x65, 0x63, 0x03, 0x53, 0x44, 0x5b, 
    0xad, 0x94, 0xe8, 0x83, 0xa0, 0x4a, 0x80, 0x42, 0x60, 0x42, 0x40, 0x3a, 
    0x20, 0x3a, 0x20, 0x3a, 0x00, 0x3a, 0xe0, 0x31, 0xa0, 0x31, 0xe0, 0x40, 
    0xe4, 0x60, 0x88, 0x79, 0xaa, 0x91, 0x2a, 0xa1, 0x0a, 0xa1, 0xea, 0xa0, 
    0xea, 0xa0, 0xea, 0xa8, 0xca, 0xa0, 0xa9, 0xa8, 0x49, 0xc0, 0x49, 0xc0, 
    0x07, 0xb0, 0x07, 0xa8, 0x07, 0xb0, 0x08, 0xb0, 0x29, 0xb8, 0x4a, 0xc8, 
    0x6b, 0xd0, 0x6b, 0xd0, 0x6b, 0xd8, 0x6b, 0xd8, 0x4a, 0xd0, 0x08, 0xc8, 
    0x07, 0xc0, 0x06, 0xb8, 0x04, 0xa8, 0x02, 0x90, 0x00, 0x70, 0x00, 0x50, 
    0x00, 0x50, 0x00, 0x58, 0x00, 0x60, 0x00, 0x60, 0x00, 0x68, 0x00, 0x70, 
    0x02, 0x80, 0x04, 0x98, 0x28, 0xb8, 0x49, 0xc8, 0x06, 0xc0, 0x04, 0xa0, 
    0x01, 0x70, 0x00, 0x48, 0x00, 0x38, 0x00, 0x38, 0x00, 0x40, 0x00, 0x58, 
    0x02, 0x78, 0x87, 0xb8, 0xcb, 0xd8, 0x0d, 0xe1, 0x4f, 0xe9, 0x6f, 0xe9, 
    0xb0, 0xf1, 0xb0, 0xf1, 0x8f, 0xe9, 0x8f, 0xe9, 0x2e, 0xe1, 0xcd, 0xd8, 
    0xec, 0xd8, 0xa9, 0xc0, 0x03, 0x78, 0x00, 0x48, 0x00, 0x58, 0x02, 0x80, 
    0x04, 0x98, 0x06, 0xb8, 0x07, 0xc0, 0x08, 0xc8, 0x08, 0xc8, 0x08, 0xd0, 
    0x08, 0xd0, 0x0a, 0xd8, 0x4a, 0xd8, 0x2a, 0xd8, 0x0a, 0xd8, 0x2a, 0xd8, 
    0x6b, 0xe0, 0x6b, 0xe0, 0x6b, 0xd8, 0x4a, 0xd8, 0x4a, 0xd8, 0x69, 0xd0, 
    0x08, 0xc8, 0x8b, 0xd8, 0x49, 0xc0, 0x02, 0x98, 0x01, 0x98, 0x01, 0x98, 
    0x02, 0xa0, 0x04, 0xa8, 0x04, 0xb0, 0x05, 0xb0, 0x05, 0xb8, 0x06, 0xb8, 
    0x07, 0xb8, 0x08, 0xc0, 0x08, 0xc0, 0x08, 0xc0, 0x08, 0xb8, 0x07, 0xb8, 
    0x07, 0xb8, 0x67, 0xb8, 0xa7, 0xb8, 0xa6, 0xb8, 0xe7, 0xc0, 0x08, 0xc1, 
    0xc7, 0xb8, 0xc7, 0xb8, 0xa6, 0xb0, 0xc6, 0xb8, 0xa5, 0xb0, 0xe5, 0xb8, 
    0xa7, 0xc9, 0xe8, 0xc9, 0x2a, 0xd2, 0xea, 0xc9, 0x8a, 0xc1, 0x87, 0xb8, 
    0x67, 0xb8, 0x67, 0xb8, 0x26, 0xb0, 0x05, 0xa8, 0x05, 0xb0, 0x06, 0xb8, 
    0x47, 0xc0, 0x29, 0xc9, 0x87, 0x71, 0xa1, 0x31, 0x00, 0x22, 0x82, 0x2a, 
    0xa2, 0x2a, 0xe2, 0x2a, 0x02, 0x33, 0xe2, 0x3a, 0x22, 0x42, 0xa2, 0x50, 
    0x23, 0x50, 0x23, 0x50, 0x23, 0x50, 0x03, 0x50, 0x03, 0x50, 0x23, 0x50, 
    0x23, 0x50, 0x23, 0x48, 0x03, 0x48, 0x23, 0x48, 0x23, 0x48, 0x03, 0x48, 
    0x23, 0x48, 0x23, 0x48, 0x23, 0x48, 0x23, 0x48, 0x42, 0x48, 0x42, 0x48, 
    0x23, 0x48, 0x23, 0x48, 0x23, 0x48, 0x23, 0x48, 0x23, 0x48, 0x22, 0x48, 
    0x03, 0x48, 0x23, 0x48, 0x22, 0x48, 0x23, 0x48, 0x23, 0x48, 0x23, 0x48, 
    0x23, 0x50, 0x23, 0x50, 0x23, 0x50, 0x23, 0x50, 0x23, 0x50, 0x23, 0x50, 
    0x23, 0x50, 0x23, 0x50, 0x23, 0x50, 0x23, 0x50, 0x23, 0x50, 0x23, 0x50, 
    0x23, 0x50, 0x23, 0x50, 0x23, 0x50, 0x23, 0x50, 0x23, 0x50, 0x23, 0x50, 
    0x43, 0x50, 0x23, 0x50, 0x23, 0x48, 0x43, 0x50, 0xa3, 0x50, 0x23, 0x51, 
    0x83, 0x49, 0xe3, 0x51, 0x63, 0x5a, 0xa4, 0x5a, 0x05, 0x5b, 0x66, 0x5b, 
    0xa6, 0x5b, 0xe6, 0x5b, 0x07, 0x5c, 0x07, 0x5c, 0x07, 0x5c, 0x06, 0x5c, 
    0x27, 0x5c, 0x27, 0x5c, 0x26, 0x5c, 0x27, 0x5c, 0x27, 0x5c, 0x27, 0x5c, 
    0x27, 0x5c, 0x27, 0x5c, 0x27, 0x5c, 0x26, 0x5c, 0x06, 0x5c, 0x27, 0x5c, 
    0x07, 0x5c, 0x07, 0x5c, 0x07, 0x5c, 0x06, 0x5c, 0xe6, 0x53, 0x06, 0x5c, 
    0x06, 0x5c, 0x06, 0x5c, 0xe6, 0x5b, 0x86, 0x63, 0x24, 0x5b, 0x24, 0x5b, 
    0xef, 0x9c, 0x2a, 0x8c, 0xc1, 0x52, 0xa0, 0x4a, 0x60, 0x42, 0x40, 0x3a, 
    0x40, 0x3a, 0x40, 0x3a, 0x20, 0x32, 0x00, 0x32, 0x00, 0x32, 0x60, 0x41, 
    0x02, 0x59, 0x88, 0x79, 0xea, 0x91, 0xcb, 0x99, 0xac, 0xa9, 0x6c, 0xa9, 
    0x2b, 0xa9, 0x4b, 0xa9, 0x6b, 0xa9, 0xea, 0xb0, 0x8a, 0xc8, 0xca, 0xd0, 
    0x28, 0xb8, 0x06, 0xa8, 0x05, 0xa8, 0x06, 0xa8, 0x09, 0xb8, 0x6b, 0xc8, 
    0x8c, 0xd0, 0x6c, 0xd0, 0xcd, 0xe0, 0xcd, 0xe0, 0x8c, 0xd8, 0x2a, 0xd0, 
    0x08, 0xc0, 0x07, 0xc0, 0x07, 0xc0, 0x06, 0xb8, 0x05, 0xb0, 0x02, 0x98, 
    0x00, 0x68, 0x00, 0x58, 0x00, 0x58, 0x00, 0x58, 0x00, 0x60, 0x00, 0x60, 
    0x00, 0x68, 0x01, 0x78, 0x03, 0x88, 0x06, 0xa0, 0x08, 0xb8, 0x29, 0xc0, 
    0x28, 0xc8, 0x06, 0xc8, 0x05, 0xb8, 0x04, 0xa8, 0x47, 0xc8, 0xeb, 0xe0, 
    0x2e, 0xf1, 0x4f, 0xf1, 0x4f, 0xe9, 0x6f, 0xe9, 0x90, 0xf1, 0x8f, 0xe9, 
    0xd0, 0xf1, 0xd0, 0xf1, 0xd0, 0xe9, 0x4e, 0xd9, 0xec, 0xd0, 0xec, 0xd0, 
    0xcc, 0xd0, 0x0d, 0xd9, 0x89, 0xc8, 0x27, 0xc0, 0x07, 0xc0, 0x08, 0xc0, 
    0x08, 0xc8, 0x07, 0xc8, 0x08, 0xc8, 0x08, 0xc8, 0x08, 0xd0, 0x08, 0xd0, 
    0x09, 0xd0, 0x09, 0xd0, 0x2a, 0xd8, 0x2a, 0xd8, 0x0a, 0xd8, 0x4b, 0xd8, 
    0x8b, 0xe0, 0x6b, 0xd8, 0x6b, 0xd8, 0x8a, 0xd8, 0x69, 0xd0, 0x49, 0xd0, 
    0x8a, 0xd8, 0xcc, 0xd8, 0x04, 0xa0, 0x01, 0xa0, 0x01, 0xa0, 0x02, 0xa0, 
    0x02, 0xa0, 0x04, 0xb0, 0x05, 0xb8, 0x05, 0xb8, 0x06, 0xb8, 0x06, 0xb8, 
    0x07, 0xb8, 0x08, 0xb8, 0x08, 0xb8, 0x07, 0xb8, 0x07, 0xb0, 0x27, 0xb8, 
    0xc8, 0xc0, 0xa7, 0xb8, 0x87, 0xb8, 0x45, 0xb0, 0x05, 0xa8, 0x65, 0xb0, 
    0xa5, 0xb0, 0xc5, 0xb0, 0xc5, 0xb0, 0xe5, 0xb0, 0x05, 0xb9, 0x66, 0xc1, 
    0x69, 0xd2, 0xaa, 0xd2, 0x8b, 0xd2, 0x6a, 0xba, 0x4a, 0xba, 0x6d, 0xd2, 
    0xc8, 0xb8, 0x47, 0xb8, 0x05, 0xa8, 0x05, 0xb0, 0x05, 0xb8, 0x06, 0xb8, 
    0x68, 0xc8, 0x4a, 0xb9, 0x65, 0x58, 0x62, 0x48, 0x01, 0x39, 0x80, 0x39, 
    0xe1, 0x31, 0x61, 0x2a, 0xc1, 0x32, 0xc1, 0x42, 0x61, 0x4a, 0x22, 0x51, 
    0x23, 0x50, 0x23, 0x50, 0x23, 0x50, 0x23, 0x50, 0x03, 0x48, 0x23, 0x48, 
    0x23, 0x50, 0x03, 0x48, 0x23, 0x50, 0x23, 0x48, 0x23, 0x50, 0x03, 0x48, 
    0x23, 0x50, 0x23, 0x48, 0x23, 0x48, 0x23, 0x48, 0x02, 0x48, 0x23, 0x48, 
    0x23, 0x48, 0x02, 0x48, 0x23, 0x48, 0x23, 0x48, 0x23, 0x48, 0x23, 0x48, 
    0x03, 0x48, 0x23, 0x48, 0x03, 0x48, 0x23, 0x48, 0x22, 0x48, 0x23, 0x48, 
    0x23, 0x50, 0x23, 0x50, 0x23, 0x50, 0x23, 0x50, 0x23, 0x50, 0x23, 0x50, 
    0x23, 0x50, 0x23, 0x50, 0x23, 0x50, 0x23, 0x50, 0x23, 0x50, 0x23, 0x50, 
    0x23, 0x50, 0x23, 0x50, 0x23, 0x50, 0x23, 0x50, 0x23, 0x50, 0x23, 0x50, 
    0x23, 0x50, 0x23, 0x50, 0x23, 0x50, 0x43, 0x50, 0x83, 0x50, 0x03, 0x49, 
    0x63, 0x49, 0xa3, 0x51, 0x23, 0x52, 0xa4, 0x5a, 0xe5, 0x52, 0x45, 0x5b, 
    0x86, 0x5b, 0xc6, 0x5b, 0xe6, 0x5b, 0xe7, 0x5b, 0x07, 0x5c, 0x06, 0x5c, 
    0x26, 0x5c, 0x27, 0x5c, 0x27, 0x64, 0x27, 0x64, 0x27, 0x5c, 0x27, 0x5c, 
    0x27, 0x5c, 0x27, 0x5c, 0x27, 0x5c, 0x26, 0x5c, 0x26, 0x5c, 0x07, 0x5c, 
    0x06, 0x5c, 0x06, 0x5c, 0x06, 0x5c, 0x06, 0x5c, 0x06, 0x5c, 0x06, 0x5c, 
    0x06, 0x5c, 0x06, 0x5c, 0x06, 0x5c, 0xe6, 0x5b, 0x86, 0x63, 0x04, 0x5b, 
    0x8d, 0x8c, 0xce, 0xa4, 0xe2, 0x5a, 0xa0, 0x4a, 0x80, 0x42, 0x60, 0x42, 
    0x40, 0x3a, 0x40, 0x3a, 0x20, 0x3a, 0x20, 0x32, 0x00, 0x32, 0xc0, 0x39, 
    0x21, 0x49, 0x86, 0x71, 0x0a, 0x8a, 0x0b, 0x92, 0x0d, 0xaa, 0x4e, 0xba, 
    0x2e, 0xba, 0x2e, 0xba, 0x0e, 0xba, 0x2b, 0xc1, 0xaa, 0xc8, 0xcb, 0xd0, 
    0x8a, 0xc8, 0x28, 0xb8, 0x06, 0xa8, 0x07, 0xb0, 0x4a, 0xc8, 0xad, 0xd8, 
    0xcd, 0xe0, 0x6c, 0xe0, 0xad, 0xe8, 0xee, 0xe8, 0xac, 0xe0, 0x6b, 0xd8, 
    0x29, 0xd0, 0x29, 0xc8, 0x09, 0xc8, 0x07, 0xc0, 0x06, 0xc0, 0x05, 0xb8, 
    0x05, 0xb0, 0x03, 0x98, 0x01, 0x80, 0x01, 0x70, 0x00, 0x68, 0x00, 0x60, 
    0x00, 0x60, 0x00, 0x68, 0x00, 0x70, 0x01, 0x78, 0x03, 0x88, 0x05, 0x98, 
    0x07, 0xb0, 0x4a, 0xc0, 0x8b, 0xd0, 0xec, 0xd8, 0x0d, 0xe1, 0x4e, 0xe1, 
    0x6e, 0xe9, 0x4e, 0xe1, 0x2e, 0xe1, 0x0d, 0xd9, 0x0c, 0xd1, 0xcb, 0xc0, 
    0x89, 0xb8, 0x48, 0xa8, 0x27, 0xa0, 0x26, 0x98, 0x06, 0x98, 0x05, 0x90, 
    0x27, 0xa0, 0xaa, 0xb8, 0x0c, 0xd1, 0x28, 0xc8, 0x07, 0xc0, 0x07, 0xc0, 
    0x07, 0xc8, 0x07, 0xc0, 0x07, 0xc0, 0x08, 0xc8, 0x08, 0xc8, 0x08, 0xd0, 
    0x08, 0xd0, 0x09, 0xd0, 0x09, 0xd0, 0x09, 0xd0, 0x09, 0xd8, 0x4a, 0xd8, 
    0x6a, 0xd8, 0x4a, 0xd8, 0x49, 0xd0, 0x49, 0xd0, 0x28, 0xc8, 0x8b, 0xd8, 
    0xee, 0xe8, 0x47, 0xb8, 0x02, 0xa0, 0x02, 0xa0, 0x02, 0xa0, 0x02, 0xa0, 
    0x03, 0xa8, 0x04, 0xb0, 0x06, 0xb8, 0x06, 0xb8, 0x07, 0xb8, 0x07, 0xb8, 
    0x07, 0xb8, 0x07, 0xb0, 0x07, 0xb0, 0x06, 0xb0, 0x67, 0xb8, 0xa7, 0xc0, 
    0xa7, 0xb8, 0x67, 0xb8, 0x25, 0xb0, 0x05, 0xa8, 0x05, 0xa8, 0x65, 0xb0, 
    0xc6, 0xb0, 0xc6, 0xb0, 0xc6, 0xb0, 0x06, 0xb9, 0x46, 0xb9, 0xa8, 0xc9, 
    0x6a, 0xda, 0x8b, 0xda, 0x8b, 0xd2, 0xe8, 0xb9, 0xc8, 0xb1, 0xaa, 0xb9, 
    0x8b, 0xc9, 0x47, 0xb0, 0x04, 0xa8, 0x04, 0xb0, 0x05, 0xb8, 0x06, 0xc0, 
    0xa9, 0xc8, 0x29, 0x99, 0x24, 0x50, 0x23, 0x50, 0x42, 0x48, 0x62, 0x48, 
    0x82, 0x48, 0xc1, 0x48, 0x21, 0x41, 0x41, 0x49, 0x01, 0x51, 0x83, 0x50, 
    0x23, 0x50, 0x23, 0x48, 0x03, 0x48, 0x23, 0x50, 0x03, 0x48, 0x23, 0x48, 
    0x23, 0x50, 0x23, 0x48, 0x03, 0x48, 0x03, 0x48, 0x03, 0x48, 0x03, 0x48, 
    0x22, 0x48, 0x23, 0x48, 0x23, 0x48, 0x03, 0x48, 0x23, 0x48, 0x03, 0x48, 
    0x23, 0x48, 0x22, 0x48, 0x23, 0x48, 0x23, 0x48, 0x23, 0x48, 0x03, 0x48, 
    0x23, 0x48, 0x23, 0x48, 0x23, 0x48, 0x23, 0x48, 0x03, 0x48, 0x03, 0x48, 
    0x23, 0x50, 0x23, 0x50, 0x23, 0x50, 0x23, 0x50, 0x23, 0x50, 0x23, 0x50, 
    0x23, 0x50, 0x23, 0x50, 0x23, 0x50, 0x23, 0x50, 0x23, 0x50, 0x23, 0x50, 
    0x23, 0x50, 0x23, 0x50, 0x23, 0x50, 0x23, 0x50, 0x23, 0x50, 0x23, 0x50, 
    0x23, 0x48, 0x23, 0x50, 0x23, 0x50, 0x43, 0x50, 0x62, 0x50, 0xc2, 0x50, 
    0x43, 0x49, 0x84, 0x51, 0x03, 0x52, 0x84, 0x52, 0xc5, 0x52, 0x25, 0x5b, 
    0x86, 0x5b, 0xc6, 0x5b, 0xe6, 0x5b, 0xe6, 0x5b, 0x06, 0x5c, 0x06, 0x5c, 
    0x27, 0x5c, 0x27, 0x5c, 0x06, 0x5c, 0x27, 0x5c, 0x27, 0x5c, 0x27, 0x5c, 
    0x27, 0x5c, 0x27, 0x5c, 0x27, 0x5c, 0x07, 0x5c, 0x06, 0x5c, 0x27, 0x5c, 
    0x06, 0x5c, 0x06, 0x5c, 0x06, 0x5c, 0x06, 0x5c, 0x06, 0x5c, 0x06, 0x5c, 
    0x06, 0x5c, 0x07, 0x5c, 0x07, 0x5c, 0x06, 0x5c, 0xc6, 0x5b, 0x46, 0x5b, 
    0x0c, 0x7c, 0x31, 0xad, 0x45, 0x73, 0xa1, 0x52, 0x80, 0x42, 0x80, 0x42, 
    0x80, 0x42, 0x60, 0x42, 0x40, 0x3a, 0x20, 0x32, 0x00, 0x32, 0xe0, 0x31, 
    0x60, 0x41, 0x65, 0x69, 0x09, 0x8a, 0x4b, 0x92, 0x0c, 0x9a, 0x8f, 0xba, 
    0x11, 0xc3, 0xd0, 0xca, 0x70, 0xca, 0xec, 0xc8, 0xcb, 0xd0, 0xcb, 0xd0, 
    0xaa, 0xc8, 0x49, 0xc0, 0x28, 0xb8, 0x28, 0xb8, 0xac, 0xd0, 0xcd, 0xe8, 
    0xee, 0xf0, 0xce, 0xe8, 0x0e, 0xf1, 0x0f, 0xf1, 0x8d, 0xe0, 0xcd, 0xe0, 
    0x8c, 0xd8, 0x8b, 0xd8, 0x4a, 0xd8, 0x49, 0xd0, 0x09, 0xd0, 0x08, 0xc8, 
    0x07, 0xc0, 0x06, 0xb8, 0x05, 0xb0, 0x03, 0xa0, 0x03, 0xa0, 0x02, 0x98, 
    0x01, 0x88, 0x00, 0x70, 0x00, 0x68, 0x00, 0x68, 0x00, 0x68, 0x01, 0x70, 
    0x01, 0x78, 0x03, 0x88, 0x06, 0x98, 0x49, 0xb0, 0x49, 0xb0, 0x49, 0xb0, 
    0x69, 0xb0, 0x48, 0xa8, 0x48, 0xa8, 0x26, 0x98, 0x04, 0x88, 0x03, 0x80, 
    0x02, 0x70, 0x01, 0x70, 0x01, 0x70, 0x01, 0x68, 0x01, 0x68, 0x01, 0x70, 
    0x01, 0x70, 0x23, 0x80, 0x4c, 0xc9, 0x89, 0xc8, 0x07, 0xc0, 0x07, 0xc0, 
    0x07, 0xc8, 0x07, 0xc8, 0x08, 0xc8, 0x08, 0xc8, 0x07, 0xc8, 0x07, 0xc8, 
    0x08, 0xd0, 0x08, 0xd0, 0x08, 0xd0, 0x09, 0xd0, 0x09, 0xd0, 0x09, 0xd0, 
    0x29, 0xd0, 0x29, 0xd0, 0x28, 0xc8, 0x28, 0xc8, 0xaa, 0xd8, 0x0e, 0xf1, 
    0xad, 0xe0, 0x03, 0xa0, 0x01, 0xa0, 0x02, 0xa0, 0x02, 0xa0, 0x04, 0xb0, 
    0x04, 0xa8, 0x04, 0xb0, 0x06, 0xb0, 0x07, 0xb8, 0x07, 0xb8, 0x06, 0xb0, 
    0x06, 0xb0, 0x06, 0xb0, 0x27, 0xb8, 0xa8, 0xc0, 0xa8, 0xc0, 0x66, 0xb0, 
    0x46, 0xb0, 0x46, 0xb0, 0x25, 0xb0, 0x45, 0xb0, 0x25, 0xb0, 0x86, 0xb8, 
    0x66, 0xb0, 0x46, 0xb0, 0x66, 0xb0, 0xe7, 0xb8, 0x68, 0xc1, 0xe9, 0xc9, 
    0x4b, 0xda, 0x8b, 0xe2, 0x8c, 0xda, 0x09, 0xba, 0xc7, 0xb1, 0x68, 0xb1, 
    0x49, 0xb9, 0xc9, 0xc0, 0x05, 0xb0, 0x04, 0xb8, 0x06, 0xc0, 0x47, 0xc8, 
    0x8c, 0xc9, 0xa6, 0x68, 0x24, 0x50, 0x23, 0x50, 0x23, 0x50, 0x23, 0x50, 
    0x22, 0x48, 0x23, 0x50, 0x23, 0x50, 0x42, 0x50, 0x43, 0x48, 0x23, 0x48, 
    0x03, 0x48, 0x03, 0x48, 0x03, 0x48, 0x23, 0x50, 0x03, 0x48, 0x03, 0x48, 
    0x03, 0x48, 0x03, 0x48, 0x03, 0x48, 0x23, 0x48, 0x23, 0x48, 0x23, 0x48, 
    0x23, 0x48, 0x23, 0x48, 0x23, 0x50, 0x23, 0x48, 0x23, 0x48, 0x23, 0x48, 
    0x23, 0x48, 0x03, 0x48, 0x23, 0x48, 0x23, 0x48, 0x23, 0x48, 0x22, 0x48, 
    0x23, 0x48, 0x23, 0x48, 0x03, 0x48, 0x03, 0x48, 0x03, 0x48, 0x03, 0x48, 
    0x23, 0x50, 0x23, 0x50, 0x23, 0x50, 0x23, 0x50, 0x23, 0x50, 0x23, 0x50, 
    0x23, 0x50, 0x23, 0x50, 0x23, 0x50, 0x23, 0x50, 0x23, 0x50, 0x23, 0x50, 
    0x23, 0x50, 0x23, 0x50, 0x23, 0x50, 0x23, 0x50, 0x23, 0x50, 0x23, 0x50, 
    0x23, 0x50, 0x23, 0x50, 0x23, 0x50, 0x23, 0x50, 0x43, 0x50, 0xa3, 0x58, 
    0x03, 0x49, 0x63, 0x49, 0xe3, 0x51, 0x43, 0x52, 0xc4, 0x5a, 0x06, 0x5b, 
    0x45, 0x5b, 0x85, 0x5b, 0xa6, 0x5b, 0xe6, 0x5b, 0x06, 0x5c, 0x07, 0x5c, 
    0x07, 0x5c, 0x06, 0x5c, 0x06, 0x5c, 0x27, 0x5c, 0x07, 0x5c, 0x27, 0x64, 
    0x27, 0x5c, 0x27, 0x5c, 0x27, 0x5c, 0x27, 0x5c, 0x27, 0x5c, 0x06, 0x5c, 
    0x07, 0x5c, 0x06, 0x5c, 0x06, 0x5c, 0x06, 0x5c, 0x06, 0x5c, 0x07, 0x5c, 
    0x06, 0x5c, 0x06, 0x5c, 0xe6, 0x5b, 0x06, 0x5c, 0xe6, 0x5b, 0xc7, 0x5b, 
    0xca, 0x73, 0x11, 0xa5, 0xad, 0x9c, 0xe3, 0x62, 0xa0, 0x4a, 0x60, 0x42, 
    0x60, 0x42, 0x60, 0x42, 0x40, 0x3a, 0x20, 0x3a, 0x20, 0x3a, 0x00, 0x32, 
    0xc0, 0x39, 0x62, 0x51, 0xe7, 0x79, 0x2a, 0x8a, 0x0b, 0x92, 0xae, 0xaa, 
    0x31, 0xc3, 0x32, 0xd3, 0xb1, 0xda, 0x0c, 0xd1, 0x0c, 0xd1, 0x0c, 0xd1, 
    0x6a, 0xc0, 0x49, 0xb8, 0x07, 0xb0, 0x07, 0xb0, 0xab, 0xc0, 0x0e, 0xe1, 
    0xee, 0xf0, 0x0f, 0xf9, 0xd1, 0xf9, 0x4f, 0xf9, 0xee, 0xf0, 0xee, 0xe8, 
    0xcd, 0xe8, 0xad, 0xe0, 0x8c, 0xe0, 0xad, 0xe8, 0x8c, 0xe0, 0x6b, 0xe0, 
    0x2a, 0xd0, 0x29, 0xd0, 0x07, 0xc0, 0x06, 0xb8, 0x05, 0xb8, 0x05, 0xb8, 
    0x05, 0xb8, 0x04, 0xb0, 0x03, 0xa0, 0x01, 0x90, 0x00, 0x78, 0x00, 0x78, 
    0x00, 0x78, 0x00, 0x70, 0x00, 0x70, 0x01, 0x68, 0x01, 0x68, 0x01, 0x68, 
    0x01, 0x68, 0x01, 0x68, 0x01, 0x68, 0x00, 0x60, 0x00, 0x58, 0x00, 0x58, 
    0x00, 0x50, 0x00, 0x50, 0x00, 0x50, 0x00, 0x50, 0x00, 0x50, 0x00, 0x50, 
    0x00, 0x58, 0x00, 0x58, 0xa7, 0x98, 0x2d, 0xc9, 0x28, 0xc0, 0x07, 0xc0, 
    0x07, 0xc0, 0x07, 0xc0, 0x07, 0xc0, 0x07, 0xc0, 0x07, 0xc0, 0x06, 0xc0, 
    0x07, 0xc0, 0x07, 0xc8, 0x08, 0xd0, 0x08, 0xc8, 0x08, 0xc8, 0x08, 0xc8, 
    0x27, 0xc8, 0x28, 0xc8, 0x49, 0xd0, 0xcc, 0xe0, 0x6f, 0xf1, 0x2f, 0xf1, 
    0x27, 0xb0, 0x02, 0xa0, 0x02, 0xa0, 0x03, 0xa8, 0x03, 0xa8, 0x04, 0xb0, 
    0x05, 0xa8, 0x05, 0xb0, 0x06, 0xb0, 0x06, 0xa8, 0x06, 0xb0, 0x06, 0xb0, 
    0x26, 0xb8, 0x67, 0xb8, 0xa8, 0xb8, 0x87, 0xb8, 0x66, 0xb8, 0x45, 0xb0, 
    0x25, 0xb0, 0x25, 0xb0, 0x25, 0xa8, 0x46, 0xb0, 0x46, 0xb0, 0x46, 0xb0, 
    0x46, 0xb0, 0x66, 0xb0, 0x66, 0xb0, 0xc7, 0xb8, 0x28, 0xc9, 0x4a, 0xd1, 
    0x2a, 0xd1, 0xaa, 0xd9, 0xeb, 0xd1, 0x09, 0xba, 0xa8, 0xb1, 0x88, 0xb9, 
    0x47, 0xb9, 0x2a, 0xc9, 0x05, 0xb8, 0x05, 0xc0, 0x68, 0xd0, 0xac, 0xd1, 
    0x49, 0x81, 0x24, 0x50, 0x23, 0x50, 0x23, 0x50, 0x23, 0x50, 0x23, 0x50, 
    0x23, 0x50, 0x23, 0x50, 0x23, 0x50, 0x23, 0x48, 0x23, 0x48, 0x23, 0x50, 
    0x23, 0x48, 0x23, 0x48, 0x23, 0x48, 0x03, 0x48, 0x03, 0x48, 0x03, 0x48, 
    0x03, 0x48, 0x03, 0x48, 0x23, 0x48, 0x23, 0x48, 0x03, 0x48, 0x03, 0x48, 
    0x03, 0x48, 0x03, 0x48, 0x23, 0x48, 0x23, 0x48, 0x23, 0x48, 0x23, 0x48, 
    0x23, 0x48, 0x03, 0x48, 0x23, 0x48, 0x23, 0x48, 0x23, 0x48, 0x03, 0x48, 
    0x03, 0x48, 0x03, 0x48, 0x22, 0x48, 0x03, 0x48, 0x23, 0x48, 0x02, 0x48, 
    0x23, 0x50, 0x23, 0x50, 0x23, 0x50, 0x23, 0x50, 0x23, 0x50, 0x23, 0x50, 
    0x23, 0x50, 0x23, 0x50, 0x23, 0x50, 0x23, 0x50, 0x23, 0x50, 0x23, 0x50, 
    0x23, 0x50, 0x23, 0x50, 0x23, 0x50, 0x23, 0x50, 0x23, 0x50, 0x23, 0x50, 
    0x23, 0x50, 0x23, 0x50, 0x23, 0x50, 0x23, 0x50, 0x42, 0x50, 0x82, 0x50, 
    0xe3, 0x50, 0x43, 0x49, 0xc3, 0x51, 0x23, 0x52, 0x84, 0x52, 0xe5, 0x52, 
    0x25, 0x5b, 0x65, 0x5b, 0xa6, 0x5b, 0xe6, 0x5b, 0x06, 0x5c, 0x07, 0x5c, 
    0x06, 0x5c, 0x07, 0x5c, 0x06, 0x5c, 0x06, 0x5c, 0x27, 0x5c, 0x26, 0x5c, 
    0x27, 0x5c, 0x27, 0x5c, 0x27, 0x5c, 0x26, 0x5c, 0x07, 0x5c, 0x06, 0x5c, 
    0x06, 0x5c, 0x06, 0x5c, 0x06, 0x5c, 0x07, 0x5c, 0x07, 0x5c, 0x06, 0x5c, 
    0x06, 0x5c, 0x07, 0x5c, 0xe6, 0x5b, 0xe7, 0x5b, 0xe6, 0x53, 0xc6, 0x53, 
    0xa7, 0x63, 0x6e, 0x8c, 0x10, 0xad, 0xa7, 0x83, 0xc2, 0x5a, 0x60, 0x42, 
    0x60, 0x42, 0x60, 0x3a, 0x40, 0x3a, 0x20, 0x3a, 0x20, 0x32, 0x00, 0x32, 
    0xe0, 0x31, 0xa0, 0x39, 0xc5, 0x69, 0x29, 0x8a, 0x2b, 0x92, 0x4c, 0x9a, 
    0xcf, 0xb2, 0x31, 0xcb, 0xf1, 0xd2, 0x2c, 0xd1, 0x4c, 0xd1, 0x0c, 0xd1, 
    0x6a, 0xc0, 0x28, 0xb0, 0x07, 0xb0, 0x06, 0xa8, 0x06, 0xa8, 0x69, 0xb8, 
    0xcd, 0xe0, 0xee, 0xf8, 0x70, 0xf9, 0x2f, 0xf9, 0x2f, 0xf9, 0x0f, 0xf1, 
    0xee, 0xf0, 0xee, 0xf0, 0x0e, 0xf1, 0x0f, 0xf1, 0xad, 0xe8, 0x8d, 0xe8, 
    0x2b, 0xd8, 0x4b, 0xd8, 0x2a, 0xd8, 0x08, 0xc8, 0x07, 0xc8, 0x08, 0xc8, 
    0x07, 0xc8, 0x06, 0xc0, 0x06, 0xc0, 0x05, 0xb8, 0x04, 0xb0, 0x03, 0xb0, 
    0x03, 0xa8, 0x03, 0xa8, 0x03, 0xa0, 0x03, 0x90, 0x02, 0x88, 0x01, 0x78, 
    0x00, 0x70, 0x00, 0x68, 0x00, 0x60, 0x00, 0x50, 0x00, 0x50, 0x00, 0x48, 
    0x00, 0x48, 0x00, 0x48, 0x00, 0x40, 0x00, 0x40, 0x00, 0x40, 0x00, 0x40, 
    0x00, 0x40, 0x00, 0x38, 0x01, 0x48, 0x65, 0x78, 0xa9, 0xa8, 0x89, 0xb8, 
    0x89, 0xb8, 0x68, 0xb0, 0x07, 0xb8, 0x07, 0xc0, 0x07, 0xb8, 0x06, 0xb8, 
    0x06, 0xb8, 0x07, 0xc0, 0x08, 0xc8, 0x07, 0xc0, 0x07, 0xc0, 0x07, 0xc8, 
    0x28, 0xc8, 0x8a, 0xd8, 0xcc, 0xe0, 0x2f, 0xf1, 0x90, 0xf9, 0xed, 0xe0, 
    0x04, 0xa0, 0x03, 0xa0, 0x03, 0xa8, 0x04, 0xb0, 0x04, 0xa8, 0x04, 0xa8, 
    0x05, 0xa8, 0x04, 0xa8, 0x05, 0xa8, 0x05, 0xb0, 0x06, 0xb0, 0x47, 0xb8, 
    0x88, 0xc0, 0x87, 0xb8, 0x46, 0xb0, 0x46, 0xb0, 0x66, 0xb0, 0x25, 0xb0, 
    0x26, 0xb0, 0x26, 0xb0, 0x25, 0xa8, 0x46, 0xa8, 0x66, 0xb0, 0x66, 0xb0, 
    0x66, 0xb0, 0x87, 0xb0, 0x87, 0xb8, 0xc8, 0xc0, 0x09, 0xc9, 0x0a, 0xd1, 
    0x0a, 0xd9, 0x4a, 0xd9, 0x8a, 0xd9, 0x0a, 0xc2, 0xa8, 0xb1, 0x88, 0xb9, 
    0x67, 0xc1, 0x29, 0xc1, 0x47, 0xc0, 0x27, 0xc0, 0x6c, 0xd9, 0x4a, 0x91, 
    0x24, 0x50, 0x03, 0x50, 0x23, 0x50, 0x03, 0x48, 0x23, 0x48, 0x23, 0x48, 
    0x23, 0x48, 0x23, 0x48, 0x23, 0x50, 0x23, 0x50, 0x03, 0x48, 0x23, 0x48, 
    0x03, 0x48, 0x03, 0x48, 0x23, 0x48, 0x03, 0x48, 0x03, 0x48, 0x23, 0x48, 
    0x03, 0x48, 0x03, 0x48, 0x03, 0x48, 0x03, 0x48, 0x03, 0x48, 0x03, 0x48, 
    0x03, 0x48, 0x03, 0x48, 0x03, 0x48, 0x23, 0x48, 0x03, 0x48, 0x23, 0x48, 
    0x23, 0x48, 0x03, 0x48, 0x03, 0x48, 0x23, 0x48, 0x23, 0x48, 0x23, 0x48, 
    0x03, 0x48, 0x23, 0x48, 0x23, 0x48, 0x03, 0x48, 0x02, 0x48, 0x02, 0x48, 
    0x23, 0x50, 0x23, 0x50, 0x23, 0x50, 0x23, 0x50, 0x23, 0x50, 0x23, 0x50, 
    0x23, 0x50, 0x23, 0x50, 0x23, 0x50, 0x23, 0x50, 0x23, 0x50, 0x23, 0x50, 
    0x23, 0x50, 0x23, 0x50, 0x23, 0x50, 0x23, 0x50, 0x23, 0x50, 0x23, 0x50, 
    0x23, 0x50, 0x23, 0x50, 0x23, 0x50, 0x23, 0x50, 0x43, 0x48, 0x63, 0x50, 
    0xc3, 0x50, 0x43, 0x49, 0x83, 0x51, 0xe3, 0x51, 0x63, 0x52, 0xc4, 0x52, 
    0x05, 0x5b, 0x45, 0x5b, 0xa5, 0x5b, 0xc6, 0x5b, 0xc6, 0x5b, 0xe6, 0x5b, 
    0x06, 0x5c, 0x06, 0x5c, 0x06, 0x5c, 0x07, 0x5c, 0x27, 0x5c, 0x06, 0x5c, 
    0x06, 0x5c, 0x27, 0x5c, 0x27, 0x5c, 0x06, 0x5c, 0x07, 0x5c, 0x27, 0x5c, 
    0x06, 0x5c, 0x06, 0x5c, 0x07, 0x5c, 0x07, 0x5c, 0x07, 0x5c, 0x06, 0x5c, 
    0x07, 0x5c, 0xe6, 0x5b, 0xe6, 0x53, 0xe6, 0x53, 0xe6, 0x53, 0xe6, 0x53, 
    0xe7, 0x5b, 0xe9, 0x63, 0x33, 0xad, 0xae, 0xa4, 0x03, 0x63, 0x80, 0x4a, 
    0x60, 0x42, 0x60, 0x42, 0x40, 0x3a, 0x20, 0x3a, 0x00, 0x32, 0x00, 0x32, 
    0xe0, 0x31, 0xe0, 0x31, 0xe3, 0x51, 0x28, 0x7a, 0x4a, 0x8a, 0x4b, 0x92, 
    0x6c, 0x9a, 0xd0, 0xba, 0x90, 0xd2, 0x4c, 0xd9, 0x2b, 0xd1, 0xaa, 0xc0, 
    0x48, 0xb8, 0x07, 0xb0, 0x07, 0xb0, 0x06, 0xb0, 0x05, 0xa8, 0x05, 0xa0, 
    0x48, 0xb0, 0xee, 0xe8, 0x2f, 0xf9, 0x2f, 0xf9, 0x2f, 0xf9, 0x2f, 0xf9, 
    0x2f, 0xf9, 0x4f, 0xf9, 0x90, 0xf9, 0x2f, 0xf9, 0xee, 0xf8, 0xce, 0xf0, 
    0x8c, 0xe8, 0xad, 0xe8, 0x8c, 0xe8, 0x4b, 0xe0, 0x4b, 0xd8, 0x0a, 0xd8, 
    0x09, 0xd0, 0x09, 0xd0, 0x08, 0xd0, 0x08, 0xc8, 0x07, 0xc8, 0x07, 0xc8, 
    0x05, 0xc0, 0x06, 0xc0, 0x06, 0xb8, 0x06, 0xb8, 0x06, 0xb8, 0x05, 0xb8, 
    0x04, 0xb0, 0x03, 0xa8, 0x02, 0x98, 0x01, 0x90, 0x00, 0x88, 0x00, 0x78, 
    0x00, 0x68, 0x00, 0x60, 0x00, 0x58, 0x00, 0x48, 0x00, 0x40, 0x00, 0x38, 
    0x00, 0x38, 0x00, 0x38, 0x00, 0x30, 0x00, 0x30, 0x00, 0x30, 0x00, 0x38, 
    0x00, 0x38, 0x00, 0x38, 0x03, 0x68, 0x28, 0xb8, 0x28, 0xb8, 0x06, 0xb8, 
    0x06, 0xb8, 0x06, 0xb8, 0x07, 0xc0, 0x28, 0xc8, 0x69, 0xd0, 0x8a, 0xd0, 
    0x6a, 0xd8, 0x6b, 0xe0, 0x0e, 0xf1, 0x4f, 0xf9, 0x70, 0xf9, 0x89, 0xc0, 
    0x03, 0xa8, 0x03, 0xa0, 0x03, 0xa8, 0x04, 0xa8, 0x04, 0xa8, 0x04, 0xa0, 
    0x04, 0xa8, 0x04, 0xa8, 0x05, 0xb0, 0x26, 0xb8, 0x67, 0xc0, 0x67, 0xb8, 
    0x66, 0xb8, 0x46, 0xb0, 0x66, 0xb0, 0x65, 0xb0, 0x66, 0xb0, 0x66, 0xb0, 
    0x66, 0xb0, 0x66, 0xb0, 0x45, 0xb0, 0x66, 0xb0, 0x45, 0xb0, 0x86, 0xb0, 
    0x87, 0xb8, 0xa7, 0xb8, 0xa7, 0xb8, 0xc8, 0xc0, 0xe9, 0xc8, 0x0a, 0xd1, 
    0x0a, 0xd9, 0x2a, 0xd9, 0xab, 0xd9, 0x4b, 0xc2, 0xea, 0xb9, 0x88, 0xb9, 
    0x48, 0xc1, 0x29, 0xc9, 0x27, 0xc0, 0x2a, 0xd9, 0x0d, 0xba, 0x65, 0x58, 
    0x03, 0x50, 0x23, 0x50, 0x03, 0x50, 0x03, 0x50, 0x23, 0x50, 0x03, 0x48, 
    0x03, 0x48, 0x03, 0x48, 0x03, 0x48, 0x23, 0x48, 0x23, 0x48, 0x23, 0x48, 
    0x23, 0x48, 0x23, 0x48, 0x03, 0x48, 0x03, 0x48, 0x02, 0x48, 0x02, 0x48, 
    0x03, 0x48, 0x03, 0x48, 0x03, 0x48, 0x03, 0x48, 0x22, 0x48, 0x23, 0x48, 
    0x03, 0x48, 0x23, 0x48, 0x03, 0x48, 0x23, 0x48, 0x23, 0x48, 0x03, 0x48, 
    0x03, 0x48, 0x03, 0x48, 0x23, 0x48, 0x23, 0x48, 0x23, 0x48, 0x03, 0x48, 
    0x23, 0x48, 0x23, 0x48, 0x03, 0x48, 0x03, 0x48, 0x23, 0x48, 0x02, 0x48, 
    0x23, 0x50, 0x23, 0x50, 0x23, 0x50, 0x23, 0x50, 0x23, 0x50, 0x23, 0x50, 
    0x23, 0x50, 0x23, 0x50, 0x23, 0x50, 0x23, 0x50, 0x23, 0x50, 0x23, 0x50, 
    0x23, 0x50, 0x23, 0x50, 0x23, 0x50, 0x23, 0x50, 0x23, 0x50, 0x23, 0x50, 
    0x23, 0x50, 0x23, 0x50, 0x23, 0x50, 0x23, 0x50, 0x23, 0x50, 0x43, 0x50, 
    0x83, 0x50, 0x03, 0x51, 0x63, 0x49, 0xc3, 0x51, 0x23, 0x52, 0x84, 0x52, 
    0xc5, 0x52, 0x05, 0x5b, 0x65, 0x5b, 0xa5, 0x5b, 0xc5, 0x53, 0xe6, 0x5b, 
    0x06, 0x5c, 0x06, 0x5c, 0x06, 0x5c, 0x27, 0x5c, 0x27, 0x5c, 0x27, 0x5c, 
    0x27, 0x5c, 0x27, 0x5c, 0x26, 0x5c, 0x27, 0x5c, 0x27, 0x5c, 0x07, 0x5c, 
    0x07, 0x5c, 0x06, 0x5c, 0x07, 0x5c, 0x07, 0x5c, 0x07, 0x5c, 0x06, 0x5c, 
    0xe6, 0x5b, 0xe6, 0x5b, 0xc6, 0x53, 0xe6, 0x53, 0xe6, 0x53, 0xe6, 0x53, 
    0xc6, 0x53, 0xc6, 0x53, 0x2b, 0x74, 0x11, 0xa5, 0x0a, 0x8c, 0xa1, 0x5a, 
    0x60, 0x4a, 0x40, 0x42, 0x40, 0x3a, 0x20, 0x3a, 0x00, 0x32, 0x00, 0x32, 
    0x00, 0x32, 0xe0, 0x31, 0xe0, 0x41, 0x04, 0x62, 0x6a, 0x8a, 0x6b, 0x92, 
    0x6b, 0x92, 0xce, 0xaa, 0x6f, 0xc2, 0x4d, 0xd1, 0x2c, 0xd1, 0xea, 0xc0, 
    0x69, 0xb8, 0x28, 0xb0, 0x07, 0xb0, 0x07, 0xa8, 0x06, 0xa8, 0x05, 0xa8, 
    0x06, 0xa8, 0x07, 0xa8, 0x49, 0xc0, 0xad, 0xe0, 0xae, 0xf0, 0xee, 0xf8, 
    0x2f, 0xf9, 0x50, 0xf9, 0x4f, 0xf9, 0xcd, 0xf0, 0xcd, 0xf0, 0xee, 0xf0, 
    0x2f, 0xf9, 0x2f, 0xf9, 0x2f, 0xf9, 0xce, 0xf0, 0x8c, 0xe0, 0x6c, 0xe0, 
    0x6c, 0xe0, 0x6c, 0xe0, 0x4b, 0xd8, 0x4b, 0xd8, 0x2a, 0xd8, 0x09, 0xd0, 
    0x07, 0xd0, 0x07, 0xc8, 0x08, 0xc8, 0x08, 0xc8, 0x08, 0xc8, 0x07, 0xc8, 
    0x07, 0xc0, 0x06, 0xc0, 0x05, 0xb8, 0x04, 0xb0, 0x03, 0xa0, 0x02, 0x98, 
    0x01, 0x90, 0x00, 0x88, 0x00, 0x80, 0x00, 0x78, 0x00, 0x70, 0x00, 0x68, 
    0x00, 0x68, 0x00, 0x58, 0x00, 0x50, 0x00, 0x48, 0x00, 0x40, 0x00, 0x30, 
    0x00, 0x30, 0x00, 0x40, 0x02, 0x88, 0x05, 0xb0, 0x06, 0xb0, 0x06, 0xb8, 
    0x07, 0xb8, 0x28, 0xc0, 0x28, 0xc0, 0x49, 0xc8, 0x08, 0xc8, 0x09, 0xd0, 
    0x4b, 0xd8, 0xee, 0xe8, 0x70, 0xf9, 0x70, 0xf9, 0x4e, 0xe9, 0x25, 0xa8, 
    0x03, 0xa0, 0x03, 0xa0, 0x03, 0xa0, 0x03, 0xa0, 0x03, 0xa0, 0x03, 0xa8, 
    0x25, 0xb8, 0x66, 0xb8, 0xa8, 0xc0, 0xa7, 0xb8, 0x67, 0xb8, 0x66, 0xb0, 
    0x46, 0xb0, 0x87, 0xb8, 0xa7, 0xb8, 0xa7, 0xb8, 0x86, 0xb8, 0x86, 0xb0, 
    0x65, 0xb0, 0x65, 0xb0, 0x67, 0xb0, 0x67, 0xb0, 0xa7, 0xb0, 0x86, 0xb0, 
    0xc7, 0xb8, 0xe8, 0xc0, 0xe8, 0xc0, 0x29, 0xd1, 0x09, 0xd1, 0xe9, 0xd0, 
    0x0a, 0xd9, 0x4b, 0xd9, 0xec, 0xd1, 0x2b, 0xba, 0xea, 0xb9, 0x89, 0xc1, 
    0x8a, 0xd1, 0x66, 0xb0, 0xe8, 0xd0, 0xd0, 0xea, 0xec, 0xa1, 0x24, 0x50, 
    0x23, 0x50, 0x23, 0x50, 0x03, 0x50, 0x03, 0x48, 0x03, 0x50, 0x23, 0x48, 
    0x03, 0x48, 0x03, 0x48, 0x23, 0x48, 0x03, 0x48, 0x03, 0x48, 0x03, 0x48, 
    0x23, 0x48, 0x23, 0x48, 0x02, 0x48, 0x23, 0x48, 0x03, 0x48, 0x03, 0x48, 
    0x03, 0x48, 0x23, 0x48, 0x02, 0x48, 0x03, 0x48, 0x03, 0x48, 0x03, 0x48, 
    0x03, 0x48, 0x23, 0x48, 0x03, 0x48, 0x23, 0x48, 0x03, 0x48, 0x03, 0x48, 
    0x23, 0x48, 0x02, 0x48, 0x23, 0x48, 0x23, 0x48, 0x03, 0x48, 0x22, 0x48, 
    0x23, 0x48, 0x23, 0x48, 0x03, 0x48, 0x23, 0x48, 0x03, 0x48, 0x03, 0x48, 
    0x23, 0x50, 0x23, 0x50, 0x23, 0x50, 0x23, 0x50, 0x23, 0x50, 0x23, 0x50, 
    0x23, 0x50, 0x23, 0x50, 0x23, 0x50, 0x23, 0x50, 0x23, 0x50, 0x23, 0x50, 
    0x23, 0x50, 0x23, 0x50, 0x23, 0x50, 0x23, 0x50, 0x23, 0x50, 0x23, 0x50, 
    0x23, 0x50, 0x23, 0x50, 0x23, 0x50, 0x23, 0x50, 0x23, 0x50, 0x23, 0x50, 
    0x63, 0x50, 0xc3, 0x50, 0x43, 0x49, 0x83, 0x51, 0xe3, 0x51, 0x43, 0x52, 
    0x84, 0x52, 0xe5, 0x52, 0x25, 0x5b, 0x65, 0x5b, 0xc6, 0x5b, 0xe6, 0x5b, 
    0x06, 0x5c, 0x06, 0x5c, 0x06, 0x5c, 0x06, 0x5c, 0x06, 0x5c, 0x06, 0x5c, 
    0x06, 0x5c, 0x26, 0x5c, 0x06, 0x5c, 0x07, 0x5c, 0x27, 0x5c, 0x06, 0x5c, 
    0x06, 0x5c, 0x27, 0x5c, 0x06, 0x5c, 0xe6, 0x5b, 0x06, 0x5c, 0xe6, 0x5b, 
    0xe6, 0x5b, 0xe6, 0x5b, 0xe6, 0x5b, 0xc6, 0x53, 0xe6, 0x53, 0xe6, 0x53, 
    0xe6, 0x53, 0xe6, 0x53, 0xc6, 0x5b, 0x4c, 0x7c, 0xf0, 0xa4, 0x67, 0x83, 
    0x60, 0x52, 0x40, 0x42, 0x40, 0x42, 0x20, 0x3a, 0x00, 0x3a, 0x20, 0x32, 
    0x00, 0x32, 0x00, 0x32, 0xe0, 0x31, 0x01, 0x52, 0x88, 0x7a, 0x8a, 0x92, 
    0x6b, 0x92, 0xad, 0x9a, 0xb0, 0xc2, 0x4d, 0xd1, 0x4c, 0xd1, 0x0b, 0xc1, 
    0x88, 0xb0, 0x27, 0xa8, 0x06, 0xa8, 0x06, 0xa8, 0x06, 0xa8, 0x06, 0xa8, 
    0x06, 0xa8, 0x06, 0xa8, 0x06, 0xa8, 0x27, 0xa8, 0x4a, 0xc8, 0xad, 0xe8, 
    0x0f, 0xf9, 0xce, 0xf0, 0x8d, 0xe0, 0x4b, 0xd8, 0x6c, 0xe0, 0x8c, 0xe8, 
    0x2f, 0xf1, 0x90, 0xf9, 0x70, 0xf9, 0xee, 0xf0, 0xce, 0xf0, 0xce, 0xf0, 
    0x8c, 0xe0, 0xad, 0xe8, 0x8d, 0xe8, 0xad, 0xe8, 0x8c, 0xe0, 0x2b, 0xe0, 
    0x0a, 0xd8, 0x2a, 0xd8, 0x0a, 0xd8, 0x0a, 0xd8, 0x09, 0xd0, 0x09, 0xd0, 
    0x09, 0xd0, 0x08, 0xc8, 0x07, 0xc0, 0x06, 0xc0, 0x05, 0xb0, 0x03, 0xa8, 
    0x02, 0x98, 0x02, 0x90, 0x01, 0x90, 0x00, 0x88, 0x00, 0x80, 0x00, 0x80, 
    0x00, 0x78, 0x00, 0x70, 0x00, 0x68, 0x00, 0x60, 0x00, 0x50, 0x00, 0x48, 
    0x00, 0x58, 0x02, 0x90, 0x04, 0xb0, 0x04, 0xb0, 0x05, 0xb8, 0x05, 0xb8, 
    0x06, 0xb8, 0x06, 0xc0, 0x06, 0xc0, 0x07, 0xc8, 0x09, 0xd0, 0x2a, 0xd8, 
    0x8d, 0xe8, 0x2f, 0xf9, 0x70, 0xf9, 0x90, 0xf9, 0xaa, 0xc0, 0x03, 0xa0, 
    0x03, 0xa8, 0x03, 0xa8, 0x03, 0xa8, 0x03, 0xa8, 0x04, 0xa8, 0x86, 0xc0, 
    0xe8, 0xc8, 0xe8, 0xc0, 0xc7, 0xb8, 0x87, 0xb8, 0x67, 0xb8, 0x46, 0xb8, 
    0x46, 0xb0, 0x87, 0xb8, 0x87, 0xb8, 0xa7, 0xb8, 0xa7, 0xb8, 0x86, 0xb0, 
    0x86, 0xb0, 0x86, 0xb0, 0x87, 0xb0, 0xa7, 0xb0, 0xc8, 0xb8, 0xe8, 0xc0, 
    0x08, 0xc1, 0x08, 0xc1, 0x09, 0xc9, 0x29, 0xd1, 0xe9, 0xd0, 0xe9, 0xd0, 
    0x2a, 0xd9, 0x4a, 0xd9, 0xec, 0xc1, 0xca, 0xb1, 0xaa, 0xb9, 0xaa, 0xc9, 
    0x4a, 0xc9, 0x65, 0xb8, 0x6a, 0xd9, 0x32, 0xf3, 0xec, 0x99, 0x23, 0x50, 
    0x23, 0x48, 0x23, 0x50, 0x23, 0x50, 0x23, 0x48, 0x23, 0x48, 0x23, 0x48, 
    0x03, 0x48, 0x03, 0x48, 0x23, 0x48, 0x03, 0x48, 0x03, 0x48, 0x23, 0x48, 
    0x23, 0x48, 0x03, 0x48, 0x23, 0x48, 0x23, 0x48, 0x02, 0x48, 0x02, 0x48, 
    0x03, 0x48, 0x03, 0x48, 0x02, 0x48, 0x03, 0x48, 0x03, 0x48, 0x03, 0x48, 
    0x03, 0x48, 0x02, 0x48, 0x03, 0x48, 0x03, 0x48, 0x23, 0x48, 0x03, 0x48, 
    0x23, 0x48, 0x02, 0x48, 0x23, 0x48, 0x23, 0x48, 0x03, 0x48, 0x23, 0x48, 
    0x03, 0x48, 0x02, 0x48, 0x03, 0x48, 0x23, 0x48, 0x23, 0x48, 0x03, 0x48, 
    0x23, 0x50, 0x23, 0x50, 0x23, 0x50, 0x23, 0x50, 0x23, 0x50, 0x23, 0x50, 
    0x23, 0x50, 0x23, 0x50, 0x23, 0x50, 0x23, 0x50, 0x23, 0x50, 0x23, 0x50, 
    0x23, 0x50, 0x23, 0x50, 0x23, 0x50, 0x23, 0x50, 0x23, 0x50, 0x23, 0x50, 
    0x23, 0x50, 0x23, 0x50, 0x23, 0x48, 0x23, 0x50, 0x23, 0x50, 0x23, 0x50, 
    0x43, 0x50, 0x82, 0x50, 0xe3, 0x48, 0x63, 0x51, 0xa3, 0x51, 0x03, 0x52, 
    0x63, 0x52, 0xc5, 0x52, 0x05, 0x53, 0x45, 0x5b, 0xa6, 0x5b, 0xc6, 0x5b, 
    0xe6, 0x5b, 0x06, 0x5c, 0x06, 0x5c, 0x26, 0x5c, 0x26, 0x5c, 0x26, 0x5c, 
    0x06, 0x5c, 0x06, 0x5c, 0x27, 0x64, 0x27, 0x5c, 0x07, 0x5c, 0x06, 0x5c, 
    0x07, 0x5c, 0x06, 0x5c, 0x06, 0x5c, 0x07, 0x5c, 0xe6, 0x53, 0x06, 0x5c, 
    0x06, 0x5c, 0xe6, 0x53, 0xe6, 0x53, 0xe6, 0x53, 0xe6, 0x53, 0xe6, 0x53, 
    0xe6, 0x53, 0xc6, 0x53, 0xc6, 0x53, 0xc7, 0x5b, 0x6d, 0x84, 0xce, 0x9c, 
    0x45, 0x7b, 0x80, 0x5a, 0x40, 0x42, 0x20, 0x3a, 0x00, 0x32, 0x20, 0x3a, 
    0x00, 0x32, 0x00, 0x32, 0x00, 0x32, 0xe0, 0x39, 0x44, 0x62, 0xca, 0x8a, 
    0x8a, 0x92, 0xac, 0x9a, 0x6e, 0xaa, 0x6d, 0xd1, 0x6c, 0xd1, 0xea, 0xc0, 
    0x68, 0xb0, 0x27, 0xa8, 0x06, 0xa0, 0x06, 0xa0, 0x06, 0xa0, 0x06, 0xa8, 
    0x06, 0xa8, 0x06, 0xa8, 0x06, 0xb0, 0x05, 0xa8, 0x06, 0xa0, 0x28, 0xb0, 
    0x4a, 0xc0, 0x09, 0xc0, 0x09, 0xb8, 0x09, 0xc0, 0x0a, 0xc8, 0x2b, 0xd8, 
    0xee, 0xe8, 0x70, 0xf9, 0x50, 0xf9, 0x0f, 0xf9, 0xee, 0xf0, 0x0f, 0xf9, 
    0x8d, 0xe8, 0xce, 0xf0, 0xee, 0xf0, 0xce, 0xe8, 0xce, 0xf0, 0x8d, 0xe8, 
    0x4c, 0xe0, 0x6c, 0xe0, 0x4c, 0xe0, 0x2b, 0xd8, 0x2b, 0xd8, 0x6b, 0xe0, 
    0x2b, 0xd8, 0x09, 0xc8, 0x09, 0xc8, 0x08, 0xc0, 0x06, 0xb8, 0x04, 0xa8, 
    0x03, 0xa0, 0x02, 0x98, 0x02, 0x90, 0x01, 0x90, 0x01, 0x90, 0x00, 0x80, 
    0x00, 0x80, 0x00, 0x78, 0x00, 0x70, 0x00, 0x68, 0x00, 0x58, 0x00, 0x68, 
    0x03, 0xa0, 0x04, 0xb0, 0x04, 0xb0, 0x04, 0xb8, 0x05, 0xb8, 0x05, 0xc0, 
    0x06, 0xc0, 0x06, 0xc0, 0x07, 0xc0, 0x08, 0xc8, 0x2a, 0xd0, 0x6c, 0xe0, 
    0xee, 0xf0, 0x2f, 0xf9, 0x90, 0xf9, 0x4e, 0xe9, 0x25, 0xa8, 0xa5, 0xc0, 
    0xc8, 0xd1, 0x49, 0xd1, 0x08, 0xc9, 0xa7, 0xc0, 0xe8, 0xc8, 0xe8, 0xc0, 
    0xc8, 0xc0, 0xa7, 0xc0, 0xa7, 0xb8, 0x86, 0xb8, 0x46, 0xb8, 0x66, 0xb8, 
    0x66, 0xb0, 0x45, 0xb0, 0x66, 0xb0, 0xa7, 0xb0, 0xa7, 0xb8, 0xc7, 0xb8, 
    0xc7, 0xb0, 0xc7, 0xb0, 0xc7, 0xb8, 0xc8, 0xb8, 0x08, 0xc1, 0x09, 0xc1, 
    0x09, 0xc9, 0xe9, 0xc8, 0xe9, 0xc8, 0x09, 0xd1, 0xc8, 0xc8, 0xe9, 0xd0, 
    0x29, 0xd1, 0x6b, 0xc1, 0xca, 0x99, 0x0a, 0xaa, 0x8a, 0xb9, 0xaa, 0xc1, 
    0xe8, 0xb8, 0x65, 0xb8, 0x6b, 0xd9, 0x32, 0xe3, 0xab, 0x91, 0x03, 0x50, 
    0x23, 0x48, 0x03, 0x48, 0x03, 0x50, 0x23, 0x48, 0x23, 0x48, 0x23, 0x48, 
    0x03, 0x48, 0x23, 0x48, 0x03, 0x48, 0x03, 0x48, 0x23, 0x48, 0x03, 0x48, 
    0x23, 0x48, 0x03, 0x48, 0x03, 0x48, 0x23, 0x48, 0x02, 0x48, 0x02, 0x48, 
    0x02, 0x48, 0x02, 0x48, 0x03, 0x48, 0x03, 0x48, 0x03, 0x48, 0x03, 0x48, 
    0x03, 0x48, 0x03, 0x48, 0x03, 0x48, 0x03, 0x48, 0x03, 0x48, 0x02, 0x48, 
    0x23, 0x48, 0x02, 0x48, 0x02, 0x48, 0x02, 0x48, 0x02, 0x48, 0x02, 0x48, 
    0x03, 0x48, 0x02, 0x48, 0x02, 0x48, 0x03, 0x48, 0x03, 0x48, 0x02, 0x48, 
    0x23, 0x50, 0x23, 0x50, 0x23, 0x50, 0x23, 0x50, 0x23, 0x50, 0x23, 0x50, 
    0x23, 0x50, 0x23, 0x50, 0x23, 0x50, 0x23, 0x50, 0x23, 0x50, 0x23, 0x50, 
    0x23, 0x50, 0x23, 0x50, 0x23, 0x50, 0x23, 0x50, 0x23, 0x50, 0x23, 0x50, 
    0x23, 0x50, 0x23, 0x50, 0x23, 0x50, 0x23, 0x50, 0x23, 0x50, 0x23, 0x50, 
    0x43, 0x50, 0x63, 0x50, 0xc2, 0x50, 0x23, 0x49, 0x63, 0x51, 0xc3, 0x51, 
    0x43, 0x52, 0x84, 0x52, 0xe5, 0x52, 0x25, 0x5b, 0x65, 0x5b, 0xa6, 0x5b, 
    0xc6, 0x5b, 0xe6, 0x5b, 0xe6, 0x5b, 0x06, 0x5c, 0x06, 0x5c, 0x27, 0x5c, 
    0x06, 0x5c, 0x27, 0x5c, 0x06, 0x5c, 0x06, 0x5c, 0x06, 0x5c, 0x06, 0x5c, 
    0x06, 0x5c, 0x07, 0x5c, 0x06, 0x5c, 0x06, 0x5c, 0xe6, 0x5b, 0xe6, 0x5b, 
    0xe6, 0x5b, 0x06, 0x5c, 0xe6, 0x53, 0xc6, 0x53, 0xe6, 0x53, 0xe6, 0x53, 
    0xe6, 0x53, 0xe6, 0x5b, 0xe6, 0x5b, 0xc6, 0x53, 0xa6, 0x53, 0x0b, 0x6c, 
    0x6d, 0x94, 0x67, 0x83, 0x81, 0x5a, 0x40, 0x42, 0x20, 0x42, 0x20, 0x3a, 
    0x20, 0x3a, 0x00, 0x32, 0x20, 0x3a, 0x20, 0x3a, 0x21, 0x4a, 0xa8, 0x72, 
    0xcb, 0x92, 0xab, 0x9a, 0x8c, 0xa2, 0x8c, 0xc1, 0x4b, 0xc9, 0xc9, 0xb8, 
    0x67, 0xa8, 0x06, 0xa0, 0x05, 0xa0, 0x05, 0xa0, 0x05, 0xa0, 0x05, 0xa0, 
    0x05, 0xa0, 0x06, 0xa8, 0x06, 0xa8, 0x06, 0xa8, 0x05, 0xa8, 0x05, 0xa0, 
    0x04, 0x88, 0x03, 0x80, 0x04, 0x90, 0x05, 0x98, 0x07, 0xb0, 0x09, 0xc0, 
    0x4a, 0xd0, 0x8c, 0xe0, 0xee, 0xf0, 0x0e, 0xf9, 0x0f, 0xf9, 0x2f, 0xf9, 
    0xce, 0xf0, 0xce, 0xe8, 0x0f, 0xf1, 0xce, 0xf0, 0xce, 0xf0, 0xce, 0xf0, 
    0x8d, 0xe0, 0x8d, 0xe0, 0x8d, 0xe8, 0x6c, 0xe0, 0x6c, 0xe0, 0x6c, 0xe0, 
    0x0b, 0xd8, 0x0a, 0xc8, 0x09, 0xc0, 0x08, 0xb8, 0x06, 0xb0, 0x04, 0xa8, 
    0x03, 0x98, 0x02, 0x98, 0x02, 0x90, 0x01, 0x90, 0x01, 0x88, 0x00, 0x80, 
    0x00, 0x78, 0x00, 0x68, 0x00, 0x50, 0x00, 0x50, 0x01, 0x78, 0x04, 0xa8, 
    0x05, 0xb0, 0x04, 0xb0, 0x04, 0xb8, 0x05, 0xb8, 0x05, 0xb8, 0x06, 0xb8, 
    0x06, 0xb8, 0x07, 0xc0, 0x08, 0xc0, 0x09, 0xc8, 0x6b, 0xd8, 0xee, 0xe8, 
    0x2f, 0xf9, 0x50, 0xf9, 0x6f, 0xf1, 0x4b, 0xd1, 0x47, 0xc1, 0x68, 0xc9, 
    0x28, 0xc9, 0xe8, 0xc0, 0xc8, 0xc0, 0x87, 0xb8, 0xa7, 0xb8, 0xa7, 0xc0, 
    0xa7, 0xc0, 0xa7, 0xb8, 0xa6, 0xb8, 0x86, 0xb0, 0x66, 0xb0, 0x87, 0xb8, 
    0xa7, 0xb8, 0x87, 0xb8, 0xa7, 0xb8, 0xa7, 0xb0, 0xc7, 0xb8, 0xc8, 0xb8, 
    0xe7, 0xb0, 0xc6, 0xb0, 0xe7, 0xb8, 0x08, 0xc1, 0x29, 0xc1, 0x29, 0xc1, 
    0x29, 0xc9, 0x4a, 0xd1, 0x29, 0xd1, 0x09, 0xc9, 0x09, 0xd1, 0x4b, 0xd9, 
    0xac, 0xd1, 0xa7, 0x78, 0x23, 0x48, 0xc6, 0x68, 0xea, 0xa9, 0xaa, 0xb9, 
    0x8b, 0xc9, 0x03, 0xa8, 0xa6, 0xc0, 0xed, 0xc9, 0xe7, 0x78, 0x23, 0x50, 
    0x03, 0x48, 0x03, 0x48, 0x03, 0x50, 0x23, 0x48, 0x03, 0x48, 0x03, 0x48, 
    0x03, 0x48, 0x03, 0x48, 0x03, 0x48, 0x23, 0x48, 0x03, 0x48, 0x03, 0x48, 
    0x03, 0x48, 0x03, 0x48, 0x03, 0x48, 0x03, 0x48, 0x02, 0x48, 0x02, 0x48, 
    0x02, 0x48, 0x02, 0x40, 0x03, 0x40, 0x03, 0x48, 0x03, 0x40, 0x03, 0x48, 
    0x03, 0x48, 0x02, 0x48, 0x23, 0x48, 0x23, 0x48, 0x23, 0x48, 0x03, 0x40, 
    0x03, 0x48, 0x02, 0x48, 0x03, 0x48, 0x23, 0x48, 0x02, 0x48, 0x23, 0x48, 
    0x23, 0x48, 0x03, 0x48, 0x03, 0x48, 0x02, 0x48, 0x03, 0x48, 0x02, 0x48, 
    0x23, 0x50, 0x23, 0x50, 0x23, 0x50, 0x23, 0x50, 0x23, 0x50, 0x23, 0x50, 
    0x23, 0x50, 0x23, 0x50, 0x23, 0x50, 0x23, 0x50, 0x23, 0x50, 0x23, 0x50, 
    0x23, 0x50, 0x23, 0x50, 0x23, 0x50, 0x23, 0x50, 0x23, 0x50, 0x23, 0x50, 
    0x23, 0x50, 0x23, 0x50, 0x23, 0x50, 0x23, 0x50, 0x23, 0x50, 0x23, 0x50, 
    0x23, 0x50, 0x43, 0x50, 0x82, 0x50, 0xe3, 0x50, 0x23, 0x51, 0xa3, 0x51, 
    0xe3, 0x51, 0x43, 0x52, 0xa4, 0x52, 0xe5, 0x52, 0x25, 0x53, 0x65, 0x5b, 
    0xa6, 0x5b, 0xc6, 0x5b, 0xe6, 0x5b, 0x06, 0x5c, 0x06, 0x5c, 0x27, 0x5c, 
    0x07, 0x5c, 0x06, 0x5c, 0x06, 0x5c, 0x06, 0x5c, 0x06, 0x5c, 0x06, 0x5c, 
    0x06, 0x5c, 0x06, 0x5c, 0xe6, 0x53, 0xe6, 0x53, 0xe6, 0x5b, 0xe6, 0x53, 
    0xe6, 0x53, 0xe6, 0x53, 0xe6, 0x53, 0xe6, 0x5b, 0xe6, 0x53, 0xe6, 0x53, 
    0xe6, 0x53, 0xe6, 0x5b, 0xc6, 0x53, 0xc6, 0x53, 0xc5, 0x53, 0xa6, 0x53, 
    0xa9, 0x63, 0x6d, 0x8c, 0xe9, 0x8b, 0xc2, 0x6a, 0x80, 0x5a, 0x80, 0x52, 
    0x60, 0x4a, 0x60, 0x4a, 0x40, 0x42, 0x40, 0x42, 0x60, 0x4a, 0xa3, 0x62, 
    0x0a, 0x83, 0xcb, 0x92, 0xed, 0x9a, 0x0c, 0xaa, 0xea, 0xc0, 0x09, 0xc1, 
    0x67, 0xa8, 0x05, 0x98, 0x04, 0x98, 0x04, 0x98, 0x04, 0x98, 0x04, 0x98, 
    0x05, 0xa0, 0x05, 0xa0, 0x05, 0xa8, 0x06, 0xa8, 0x06, 0xa8, 0x05, 0xa0, 
    0x04, 0x98, 0x02, 0x70, 0x02, 0x70, 0x02, 0x70, 0x02, 0x78, 0x04, 0x90, 
    0x08, 0xb8, 0x29, 0xc8, 0x4b, 0xd0, 0x2b, 0xd8, 0x6c, 0xe0, 0xad, 0xe8, 
    0xad, 0xe8, 0x4b, 0xe0, 0x0e, 0xf9, 0x8d, 0xe8, 0xad, 0xe8, 0x6c, 0xe8, 
    0x8d, 0xe0, 0xcd, 0xe8, 0x8d, 0xe8, 0x6c, 0xe0, 0x8c, 0xe0, 0x6c, 0xd8, 
    0x2b, 0xd0, 0x09, 0xc0, 0x07, 0xb8, 0x06, 0xb0, 0x04, 0xa8, 0x03, 0xa0, 
    0x02, 0x98, 0x01, 0x90, 0x01, 0x88, 0x00, 0x88, 0x00, 0x80, 0x20, 0x58, 
    0x00, 0x38, 0x00, 0x38, 0x00, 0x60, 0x03, 0x98, 0x05, 0xb0, 0x05, 0xb0, 
    0x05, 0xb0, 0x04, 0xb0, 0x05, 0xb8, 0x05, 0xb8, 0x05, 0xb8, 0x05, 0xb8, 
    0x06, 0xb8, 0x07, 0xc0, 0x08, 0xc0, 0x2a, 0xd0, 0x6c, 0xe0, 0xee, 0xf0, 
    0x4f, 0xf9, 0x70, 0xf9, 0x4e, 0xe9, 0x29, 0xc9, 0xc8, 0xb8, 0xe7, 0xc0, 
    0x08, 0xc1, 0xe8, 0xc0, 0xa7, 0xb8, 0x86, 0xb8, 0xc7, 0xc0, 0xc7, 0xc0, 
    0xc7, 0xc0, 0xa7, 0xb8, 0x86, 0xb0, 0xa6, 0xb8, 0xa6, 0xb8, 0xa6, 0xb8, 
    0xa7, 0xb8, 0xa7, 0xb8, 0x87, 0xb0, 0xa7, 0xb0, 0xc7, 0xb8, 0xe8, 0xb0, 
    0xa6, 0xa8, 0xc7, 0xb0, 0x28, 0xb9, 0x49, 0xc1, 0x29, 0xc1, 0x49, 0xc9, 
    0x49, 0xc9, 0x4a, 0xd1, 0x29, 0xd1, 0x09, 0xd1, 0x6b, 0xd9, 0x0f, 0xda, 
    0x0a, 0x81, 0x23, 0x48, 0x23, 0x48, 0x23, 0x48, 0x64, 0x58, 0xca, 0xa9, 
    0xec, 0xc9, 0x29, 0xc1, 0x24, 0xb8, 0x45, 0xb8, 0xe8, 0xa0, 0x24, 0x50, 
    0x03, 0x48, 0x03, 0x48, 0x03, 0x48, 0x23, 0x48, 0x03, 0x48, 0x03, 0x48, 
    0x23, 0x48, 0x03, 0x48, 0x23, 0x48, 0x23, 0x48, 0x03, 0x48, 0x03, 0x48, 
    0x03, 0x48, 0x02, 0x48, 0x23, 0x48, 0x02, 0x48, 0x02, 0x40, 0x02, 0x48, 
    0x03, 0x48, 0x03, 0x40, 0x03, 0x40, 0x03, 0x40, 0x03, 0x48, 0x03, 0x48, 
    0x03, 0x48, 0x02, 0x40, 0x23, 0x48, 0x03, 0x48, 0x02, 0x48, 0x02, 0x48, 
    0x22, 0x48, 0x03, 0x48, 0x02, 0x48, 0x02, 0x48, 0x23, 0x48, 0x03, 0x48, 
    0x02, 0x48, 0x02, 0x48, 0x03, 0x48, 0x22, 0x48, 0x02, 0x48, 0x02, 0x48, 
    0x23, 0x50, 0x23, 0x50, 0x23, 0x50, 0x23, 0x50, 0x23, 0x50, 0x23, 0x50, 
    0x23, 0x48, 0x23, 0x50, 0x23, 0x50, 0x23, 0x50, 0x23, 0x50, 0x23, 0x50, 
    0x23, 0x50, 0x23, 0x50, 0x23, 0x50, 0x23, 0x50, 0x23, 0x50, 0x23, 0x50, 
    0x24, 0x50, 0x23, 0x50, 0x23, 0x50, 0x23, 0x50, 0x23, 0x50, 0x23, 0x50, 
    0x23, 0x50, 0x23, 0x50, 0x62, 0x50, 0xa3, 0x50, 0x03, 0x51, 0x63, 0x49, 
    0xa3, 0x51, 0x03, 0x52, 0x63, 0x52, 0xc5, 0x5a, 0x05, 0x5b, 0x45, 0x5b, 
    0x85, 0x5b, 0xa6, 0x5b, 0xc6, 0x53, 0x06, 0x5c, 0x06, 0x5c, 0x07, 0x5c, 
    0x27, 0x5c, 0x07, 0x5c, 0x07, 0x5c, 0x06, 0x5c, 0x06, 0x5c, 0x07, 0x5c, 
    0x06, 0x5c, 0xe6, 0x5b, 0x06, 0x5c, 0x06, 0x5c, 0xe6, 0x5b, 0xe6, 0x5b, 
    0xe6, 0x5b, 0xe6, 0x53, 0xe6, 0x53, 0xe6, 0x53, 0xe6, 0x53, 0xe6, 0x53, 
    0xc6, 0x53, 0xc6, 0x53, 0xc6, 0x53, 0xc6, 0x53, 0xc6, 0x53, 0xa6, 0x53, 
    0x86, 0x5b, 0x67, 0x5b, 0x0b, 0x74, 0x0a, 0x84, 0xa7, 0x83, 0x44, 0x73, 
    0x23, 0x6b, 0x23, 0x6b, 0x03, 0x63, 0x24, 0x6b, 0x25, 0x6b, 0x46, 0x6b, 
    0x28, 0x6b, 0xea, 0x82, 0xec, 0x92, 0x8c, 0xa2, 0x4b, 0xb1, 0xa8, 0xb8, 
    0x67, 0xa8, 0x05, 0x98, 0x04, 0x90, 0x04, 0x90, 0x04, 0x98, 0x04, 0x98, 
    0x04, 0x98, 0x04, 0xa0, 0x04, 0xa0, 0x04, 0xa0, 0x05, 0xa0, 0x05, 0xa0, 
    0x05, 0x98, 0x02, 0x80, 0x01, 0x68, 0x01, 0x68, 0x02, 0x80, 0x88, 0xb0, 
    0x2c, 0xd1, 0xca, 0xc0, 0x89, 0xb8, 0x69, 0xc0, 0x29, 0xc0, 0x08, 0xc0, 
    0x2a, 0xc8, 0x2a, 0xd0, 0x4b, 0xd8, 0x4b, 0xd8, 0x4b, 0xd8, 0x2b, 0xd8, 
    0x6c, 0xd8, 0x8c, 0xe0, 0x6c, 0xe0, 0x6b, 0xd8, 0x4b, 0xd8, 0x2a, 0xd0, 
    0x09, 0xc0, 0x07, 0xb8, 0x06, 0xb0, 0x04, 0xa8, 0x03, 0x98, 0x02, 0x90, 
    0x01, 0x88, 0x01, 0x80, 0x00, 0x70, 0x00, 0x60, 0x00, 0x40, 0x00, 0x38, 
    0x00, 0x50, 0x02, 0x88, 0x04, 0xa8, 0x06, 0xb8, 0x06, 0xb8, 0x05, 0xb8, 
    0x04, 0xb0, 0x05, 0xb0, 0x05, 0xb0, 0x05, 0xb8, 0x05, 0xb8, 0x06, 0xb8, 
    0x06, 0xc0, 0x08, 0xc0, 0x09, 0xc8, 0x2a, 0xd0, 0x8d, 0xe0, 0x0f, 0xf9, 
    0x4f, 0xf9, 0x6f, 0xf9, 0x0b, 0xd1, 0xc8, 0xc0, 0x67, 0xb8, 0xe8, 0xc0, 
    0xe8, 0xc0, 0xc7, 0xc0, 0xa7, 0xc0, 0xa7, 0xc0, 0xa7, 0xc0, 0xa7, 0xc0, 
    0xa8, 0xc0, 0x87, 0xb8, 0xa7, 0xb8, 0xa7, 0xb8, 0xc7, 0xb8, 0xa7, 0xb8, 
    0x87, 0xb0, 0xa7, 0xb8, 0xa7, 0xb0, 0xa8, 0xb0, 0xa8, 0xb0, 0xa7, 0xb0, 
    0xc8, 0xb8, 0xe8, 0xb8, 0x08, 0xb9, 0x49, 0xc1, 0x49, 0xc1, 0x69, 0xc9, 
    0x49, 0xc9, 0x09, 0xc9, 0x29, 0xd1, 0xab, 0xd9, 0x0f, 0xda, 0xc9, 0x78, 
    0x04, 0x48, 0x23, 0x48, 0x23, 0x48, 0x03, 0x48, 0x03, 0x48, 0x84, 0x70, 
    0xaa, 0xb1, 0xec, 0xc9, 0x65, 0xb8, 0x44, 0xb8, 0x08, 0xb1, 0x65, 0x60, 
    0x03, 0x48, 0x03, 0x48, 0x03, 0x48, 0x23, 0x48, 0x03, 0x48, 0x03, 0x48, 
    0x03, 0x48, 0x03, 0x48, 0x03, 0x48, 0x03, 0x48, 0x03, 0x48, 0x03, 0x48, 
    0x03, 0x48, 0x03, 0x48, 0x02, 0x48, 0x02, 0x48, 0x23, 0x48, 0x03, 0x48, 
    0x02, 0x40, 0x03, 0x40, 0x02, 0x48, 0x03, 0x40, 0x02, 0x40, 0x03, 0x48, 
    0x03, 0x48, 0x02, 0x40, 0x02, 0x40, 0x03, 0x48, 0x02, 0x48, 0x03, 0x48, 
    0x03, 0x48, 0x03, 0x48, 0x03, 0x48, 0x22, 0x48, 0x03, 0x48, 0x03, 0x48, 
    0x02, 0x48, 0x03, 0x48, 0x03, 0x48, 0x03, 0x48, 0x03, 0x48, 0x02, 0x48, 
    0x23, 0x50, 0x23, 0x50, 0x23, 0x50, 0x23, 0x50, 0x23, 0x50, 0x23, 0x50, 
    0x23, 0x50, 0x23, 0x50, 0x23, 0x50, 0x23, 0x50, 0x23, 0x50, 0x23, 0x50, 
    0x23, 0x50, 0x23, 0x50, 0x23, 0x50, 0x23, 0x50, 0x23, 0x50, 0x23, 0x50, 
    0x23, 0x50, 0x23, 0x50, 0x03, 0x48, 0x23, 0x50, 0x23, 0x50, 0x23, 0x50, 
    0x23, 0x50, 0x23, 0x50, 0x23, 0x48, 0x63, 0x50, 0xc2, 0x50, 0x23, 0x49, 
    0x63, 0x51, 0xe3, 0x49, 0x23, 0x52, 0x84, 0x52, 0xc5, 0x52, 0x05, 0x5b, 
    0x45, 0x5b, 0x65, 0x5b, 0xa6, 0x5b, 0xe5, 0x53, 0x06, 0x5c, 0x07, 0x5c, 
    0x06, 0x5c, 0x27, 0x5c, 0x06, 0x5c, 0x07, 0x5c, 0x07, 0x5c, 0x07, 0x5c, 
    0x06, 0x5c, 0xe6, 0x5b, 0x06, 0x5c, 0xe6, 0x5b, 0xe6, 0x5b, 0xe6, 0x5b, 
    0xe6, 0x5b, 0xe5, 0x5b, 0xe6, 0x53, 0xe6, 0x53, 0xe6, 0x53, 0xe6, 0x53, 
    0xe6, 0x53, 0xc6, 0x53, 0xc6, 0x53, 0xc6, 0x53, 0xc6, 0x53, 0xa5, 0x53, 
    0xa6, 0x53, 0x85, 0x53, 0x66, 0x53, 0x87, 0x5b, 0x0a, 0x6c, 0x4c, 0x84, 
    0x2b, 0x84, 0x0a, 0x7c, 0xea, 0x7b, 0xca, 0x73, 0x67, 0x63, 0x05, 0x53, 
    0x05, 0x4b, 0xc6, 0x5a, 0xe9, 0x7a, 0xec, 0x9a, 0x0b, 0xa2, 0x88, 0xa8, 
    0x46, 0xa0, 0x04, 0x98, 0x04, 0x90, 0x03, 0x90, 0x04, 0x98, 0x04, 0x98, 
    0x04, 0xa0, 0x04, 0xa0, 0x04, 0x98, 0x04, 0x98, 0x04, 0xa0, 0x04, 0xa0, 
    0x04, 0xa0, 0x03, 0x90, 0x01, 0x70, 0x01, 0x70, 0xa8, 0xb0, 0x6d, 0xd1, 
    0x0b, 0xc9, 0xa9, 0xb8, 0x47, 0xb0, 0x47, 0xb0, 0x68, 0xc0, 0x04, 0x90, 
    0x03, 0x80, 0x06, 0xa0, 0x07, 0xb0, 0x08, 0xb8, 0x08, 0xb8, 0x09, 0xc0, 
    0x09, 0xc0, 0x2a, 0xc8, 0x2a, 0xc0, 0x09, 0xc0, 0x08, 0xb8, 0x07, 0xb8, 
    0x05, 0xb0, 0x04, 0xa8, 0x03, 0x98, 0x02, 0x90, 0x21, 0x78, 0x00, 0x60, 
    0x00, 0x50, 0x00, 0x40, 0x00, 0x38, 0x00, 0x48, 0x00, 0x68, 0x01, 0x80, 
    0x03, 0xa0, 0x06, 0xb8, 0x07, 0xc0, 0x07, 0xc0, 0x06, 0xb8, 0x05, 0xb8, 
    0x05, 0xb8, 0x05, 0xb8, 0x05, 0xb8, 0x05, 0xb8, 0x05, 0xb8, 0x06, 0xb8, 
    0x08, 0xc0, 0x09, 0xc8, 0x2a, 0xd0, 0x6c, 0xd8, 0x0e, 0xf1, 0x90, 0xf9, 
    0x90, 0xf9, 0x4e, 0xe1, 0xc9, 0xc8, 0xc8, 0xc0, 0xc8, 0xc0, 0xc8, 0xc0, 
    0xc8, 0xc0, 0xc8, 0xc0, 0x87, 0xc0, 0x87, 0xb8, 0xa7, 0xb8, 0xa7, 0xb8, 
    0xc8, 0xb8, 0xa7, 0xb8, 0xa8, 0xb8, 0xa7, 0xb8, 0xc7, 0xb8, 0xc7, 0xb8, 
    0xa7, 0xb0, 0x86, 0xb0, 0xa7, 0xb0, 0xa7, 0xb0, 0xa7, 0xb0, 0xc7, 0xb0, 
    0xe8, 0xb8, 0xe8, 0xb8, 0x08, 0xb9, 0x29, 0xc1, 0x29, 0xc9, 0x49, 0xc9, 
    0x29, 0xc9, 0x29, 0xd1, 0x8b, 0xd9, 0x2f, 0xda, 0x0a, 0x81, 0x03, 0x48, 
    0x03, 0x48, 0x03, 0x48, 0x23, 0x48, 0x23, 0x48, 0x03, 0x48, 0x23, 0x58, 
    0x47, 0x99, 0xa9, 0xb9, 0xc6, 0xb0, 0x84, 0xc0, 0xe7, 0xa8, 0x45, 0x58, 
    0x02, 0x48, 0x03, 0x48, 0x03, 0x48, 0x03, 0x48, 0x03, 0x48, 0x03, 0x48, 
    0x03, 0x48, 0x03, 0x48, 0x03, 0x48, 0x03, 0x48, 0x03, 0x48, 0x03, 0x48, 
    0x02, 0x48, 0x03, 0x48, 0x03, 0x48, 0x03, 0x40, 0x03, 0x40, 0x02, 0x48, 
    0x22, 0x48, 0x02, 0x40, 0x02, 0x40, 0x02, 0x40, 0x02, 0x40, 0x02, 0x40, 
    0x03, 0x40, 0x03, 0x40, 0x03, 0x40, 0x02, 0x40, 0x02, 0x48, 0x03, 0x40, 
    0x02, 0x40, 0x02, 0x48, 0x02, 0x48, 0x02, 0x48, 0x02, 0x48, 0x03, 0x48, 
    0x02, 0x48, 0x23, 0x48, 0x03, 0x48, 0x02, 0x48, 0x03, 0x48, 0x02, 0x48, 
    0x23, 0x50, 0x23, 0x50, 0x23, 0x50, 0x23, 0x50, 0x23, 0x50, 0x23, 0x50, 
    0x23, 0x50, 0x23, 0x50, 0x23, 0x50, 0x23, 0x50, 0x23, 0x50, 0x23, 0x50, 
    0x23, 0x50, 0x23, 0x50, 0x23, 0x50, 0x23, 0x48, 0x23, 0x50, 0x23, 0x50, 
    0x23, 0x50, 0x23, 0x50, 0x23, 0x50, 0x23, 0x50, 0x23, 0x50, 0x23, 0x50, 
    0x23, 0x50, 0x23, 0x50, 0x23, 0x50, 0x22, 0x50, 0x62, 0x50, 0xc3, 0x50, 
    0x43, 0x49, 0x84, 0x51, 0xc3, 0x51, 0x23, 0x52, 0x64, 0x52, 0xc4, 0x52, 
    0x26, 0x5b, 0x45, 0x5b, 0x85, 0x5b, 0xa5, 0x53, 0xe6, 0x5b, 0x06, 0x5c, 
    0x07, 0x5c, 0x06, 0x5c, 0x27, 0x64, 0x06, 0x5c, 0x07, 0x5c, 0x06, 0x5c, 
    0xe6, 0x5b, 0xe6, 0x5b, 0xe6, 0x5b, 0xe6, 0x5b, 0xe6, 0x5b, 0xe6, 0x5b, 
    0xe6, 0x53, 0xe6, 0x5b, 0xe6, 0x53, 0xc5, 0x53, 0xe6, 0x53, 0xc5, 0x53, 
    0xe5, 0x53, 0xe6, 0x53, 0xc6, 0x53, 0xc6, 0x53, 0xc6, 0x53, 0xa5, 0x53, 
    0xc6, 0x53, 0xa6, 0x53, 0x85, 0x4b, 0x65, 0x53, 0x65, 0x4b, 0x66, 0x4b, 
    0x67, 0x53, 0x26, 0x4b, 0x88, 0x5b, 0x26, 0x4b, 0x04, 0x4b, 0x04, 0x43, 
    0xe3, 0x42, 0xc3, 0x42, 0xa5, 0x4a, 0x0a, 0x83, 0xcc, 0x9a, 0xaa, 0xa9, 
    0x45, 0x98, 0x04, 0x98, 0x03, 0x98, 0x04, 0x90, 0x04, 0x98, 0x04, 0x98, 
    0x04, 0x98, 0x04, 0x98, 0x03, 0x98, 0x03, 0x98, 0x04, 0xa0, 0x04, 0xa0, 
    0x04, 0xa0, 0x04, 0xa0, 0x02, 0x80, 0x03, 0x78, 0x0b, 0xc9, 0x2c, 0xd1, 
    0x6c, 0xd1, 0x4c, 0xc9, 0x0a, 0xc9, 0xa9, 0xb8, 0xaa, 0xc0, 0x25, 0xa8, 
    0x00, 0x68, 0x00, 0x60, 0x00, 0x60, 0x01, 0x68, 0x01, 0x70, 0x03, 0x78, 
    0x24, 0x90, 0x05, 0x98, 0x04, 0x98, 0x04, 0x90, 0x24, 0x88, 0x23, 0x88, 
    0x22, 0x78, 0x21, 0x60, 0x00, 0x48, 0x00, 0x40, 0x00, 0x38, 0x00, 0x38, 
    0x00, 0x48, 0x00, 0x60, 0x01, 0x88, 0x02, 0x98, 0x03, 0xa8, 0x06, 0xb8, 
    0x28, 0xc8, 0x08, 0xc8, 0x07, 0xc0, 0x06, 0xc0, 0x06, 0xb8, 0x05, 0xb8, 
    0x05, 0xb0, 0x05, 0xb0, 0x05, 0xb0, 0x06, 0xb0, 0x06, 0xb0, 0x07, 0xb8, 
    0x29, 0xc8, 0x2a, 0xd0, 0x8c, 0xd8, 0xce, 0xe8, 0x70, 0xf9, 0xd1, 0xf9, 
    0x8f, 0xe9, 0xea, 0xc8, 0xc9, 0xc0, 0x87, 0xb8, 0x87, 0xc0, 0xa8, 0xc0, 
    0xa8, 0xc0, 0xa7, 0xc0, 0x87, 0xc0, 0x87, 0xb8, 0x87, 0xb8, 0xc7, 0xc0, 
    0xc7, 0xb8, 0xa8, 0xb8, 0x88, 0xb8, 0xa7, 0xb8, 0x87, 0xb0, 0xa7, 0xb0, 
    0x87, 0xa8, 0x87, 0xa8, 0xa7, 0xb0, 0x66, 0xa8, 0xc7, 0xb0, 0xa7, 0xb0, 
    0x08, 0xb9, 0xe8, 0xb8, 0x08, 0xb9, 0x49, 0xc1, 0x29, 0xc9, 0x49, 0xc9, 
    0x29, 0xc9, 0x8b, 0xd9, 0xd1, 0xea, 0xac, 0x99, 0x24, 0x50, 0x03, 0x48, 
    0x23, 0x48, 0x23, 0x48, 0x23, 0x48, 0x23, 0x48, 0x03, 0x48, 0x03, 0x48, 
    0x23, 0x58, 0xa7, 0xa1, 0x46, 0xb1, 0x26, 0xa1, 0xc5, 0x78, 0x03, 0x50, 
    0x23, 0x48, 0x03, 0x48, 0x23, 0x48, 0x03, 0x48, 0x03, 0x48, 0x03, 0x48, 
    0x03, 0x48, 0x02, 0x48, 0x03, 0x48, 0x23, 0x48, 0x03, 0x48, 0x03, 0x48, 
    0x02, 0x48, 0x02, 0x48, 0x02, 0x40, 0x03, 0x40, 0x02, 0x40, 0x03, 0x48, 
    0x02, 0x40, 0x23, 0x40, 0x02, 0x40, 0x02, 0x40, 0x02, 0x40, 0x02, 0x40, 
    0x03, 0x40, 0x02, 0x40, 0x02, 0x40, 0x02, 0x40, 0x03, 0x40, 0x03, 0x40, 
    0x02, 0x40, 0x02, 0x48, 0x02, 0x48, 0x02, 0x48, 0x02, 0x48, 0x02, 0x48, 
    0x02, 0x48, 0x02, 0x48, 0x02, 0x48, 0x02, 0x48, 0x02, 0x48, 0x02, 0x48, 
    0x23, 0x50, 0x23, 0x50, 0x23, 0x50, 0x23, 0x50, 0x23, 0x50, 0x23, 0x50, 
    0x23, 0x50, 0x23, 0x50, 0x23, 0x50, 0x23, 0x50, 0x23, 0x50, 0x03, 0x50, 
    0x23, 0x50, 0x23, 0x50, 0x23, 0x50, 0x23, 0x50, 0x23, 0x50, 0x23, 0x50, 
    0x03, 0x50, 0x23, 0x50, 0x23, 0x50, 0x23, 0x50, 0x23, 0x50, 0x23, 0x50, 
    0x23, 0x50, 0x23, 0x50, 0x23, 0x48, 0x23, 0x50, 0x43, 0x50, 0x82, 0x50, 
    0xe2, 0x48, 0x43, 0x49, 0x83, 0x51, 0xc3, 0x51, 0x43, 0x52, 0x84, 0x52, 
    0x05, 0x5b, 0x05, 0x5b, 0x45, 0x5b, 0x85, 0x5b, 0xa6, 0x5b, 0xe6, 0x5b, 
    0x06, 0x5c, 0x06, 0x5c, 0x06, 0x5c, 0x06, 0x5c, 0x06, 0x5c, 0x07, 0x5c, 
    0x06, 0x5c, 0x06, 0x5c, 0x06, 0x5c, 0xe6, 0x5b, 0xe6, 0x5b, 0xe6, 0x5b, 
    0xe6, 0x5b, 0xe6, 0x5b, 0xe6, 0x53, 0xe5, 0x53, 0xc6, 0x53, 0xc6, 0x53, 
    0xc5, 0x53, 0xc6, 0x53, 0xc5, 0x53, 0xc6, 0x53, 0xa5, 0x53, 0xa6, 0x53, 
    0xa5, 0x53, 0xa5, 0x53, 0xa5, 0x53, 0x85, 0x53, 0x65, 0x53, 0x65, 0x53, 
    0x44, 0x4b, 0x24, 0x43, 0x24, 0x43, 0x04, 0x4b, 0x04, 0x43, 0x04, 0x43, 
    0xe3, 0x42, 0xc3, 0x42, 0xa3, 0x3a, 0xa6, 0x52, 0xeb, 0x82, 0xcc, 0xa2, 
    0xaa, 0xa1, 0x65, 0x98, 0x04, 0x98, 0x04, 0x98, 0x04, 0x98, 0x04, 0x98, 
    0x04, 0x98, 0x04, 0x98, 0x03, 0x98, 0x03, 0x98, 0x04, 0xa0, 0x04, 0xa0, 
    0x04, 0xa0, 0x04, 0xa0, 0x04, 0x98, 0x05, 0x98, 0x0c, 0xd1, 0x2c, 0xd9, 
    0x8e, 0xd9, 0xef, 0xd9, 0x0e, 0xd2, 0xce, 0xd1, 0x6d, 0xc9, 0x2b, 0xd1, 
    0x45, 0xa8, 0x01, 0x80, 0x00, 0x70, 0x00, 0x68, 0x00, 0x60, 0x00, 0x58, 
    0x00, 0x50, 0x00, 0x50, 0x00, 0x50, 0x00, 0x48, 0x00, 0x40, 0x00, 0x40, 
    0x00, 0x40, 0x00, 0x48, 0x00, 0x58, 0x00, 0x60, 0x00, 0x70, 0x00, 0x80, 
    0x01, 0x98, 0x03, 0xa0, 0x04, 0xb0, 0x06, 0xc0, 0x27, 0xc8, 0x28, 0xc8, 
    0x28, 0xc8, 0x08, 0xc8, 0x07, 0xc0, 0x06, 0xb8, 0x06, 0xb8, 0x06, 0xb0, 
    0x05, 0xb0, 0x05, 0xb0, 0x06, 0xb0, 0x07, 0xb8, 0x07, 0xb8, 0x08, 0xc0, 
    0x4a, 0xd0, 0xad, 0xe0, 0xee, 0xe8, 0x50, 0xf9, 0xd1, 0xf9, 0xd0, 0xf9, 
    0x0c, 0xd9, 0xa9, 0xc0, 0x88, 0xc0, 0x67, 0xb8, 0x67, 0xb8, 0x88, 0xb8, 
    0xa7, 0xc0, 0xa7, 0xc0, 0x87, 0xb8, 0x67, 0xb8, 0xa8, 0xc0, 0x87, 0xb8, 
    0x87, 0xb8, 0x87, 0xb8, 0x67, 0xb0, 0x87, 0xb0, 0x67, 0xb0, 0x66, 0xa8, 
    0x66, 0xa8, 0x66, 0xa8, 0x86, 0xa8, 0xa6, 0xb0, 0xa7, 0xb0, 0xa7, 0xb0, 
    0xc7, 0xb0, 0x08, 0xb9, 0x08, 0xc1, 0x08, 0xc1, 0x49, 0xc9, 0x29, 0xc9, 
    0x4a, 0xd1, 0x2e, 0xe2, 0x4d, 0xaa, 0x44, 0x50, 0x03, 0x48, 0x03, 0x48, 
    0x23, 0x48, 0x03, 0x48, 0x23, 0x48, 0x23, 0x48, 0x23, 0x48, 0x23, 0x48, 
    0x23, 0x48, 0x63, 0x58, 0x05, 0x69, 0xa5, 0x58, 0x23, 0x50, 0x03, 0x48, 
    0x03, 0x48, 0x03, 0x48, 0x03, 0x48, 0x03, 0x48, 0x03, 0x48, 0x22, 0x48, 
    0x03, 0x48, 0x03, 0x48, 0x03, 0x48, 0x03, 0x48, 0x03, 0x48, 0x03, 0x48, 
    0x02, 0x40, 0x03, 0x48, 0x03, 0x48, 0x03, 0x40, 0x02, 0x40, 0x03, 0x40, 
    0x02, 0x40, 0x03, 0x40, 0x02, 0x40, 0x02, 0x40, 0x02, 0x40, 0x02, 0x40, 
    0x02, 0x40, 0x03, 0x40, 0x23, 0x40, 0x02, 0x48, 0x02, 0x40, 0x02, 0x40, 
    0x02, 0x40, 0x02, 0x40, 0x02, 0x40, 0x02, 0x48, 0x02, 0x48, 0x03, 0x48, 
    0x02, 0x48, 0x03, 0x48, 0x02, 0x48, 0x02, 0x48, 0x02, 0x48, 0x02, 0x48, 
    0x23, 0x50, 0x23, 0x50, 0x23, 0x50, 0x23, 0x50, 0x23, 0x50, 0x23, 0x50, 
    0x23, 0x50, 0x23, 0x50, 0x23, 0x50, 0x23, 0x50, 0x23, 0x50, 0x23, 0x50, 
    0x23, 0x50, 0x23, 0x50, 0x23, 0x50, 0x23, 0x50, 0x23, 0x50, 0x23, 0x50, 
    0x23, 0x50, 0x23, 0x50, 0x23, 0x50, 0x23, 0x50, 0x23, 0x50, 0x23, 0x50, 
    0x23, 0x50, 0x23, 0x50, 0x23, 0x50, 0x23, 0x50, 0x23, 0x50, 0x63, 0x50, 
    0x82, 0x50, 0xe3, 0x50, 0x43, 0x49, 0x83, 0x51, 0x03, 0x52, 0x43, 0x52, 
    0x84, 0x5a, 0xe5, 0x52, 0x25, 0x5b, 0x65, 0x5b, 0xa6, 0x5b, 0xc6, 0x5b, 
    0xe6, 0x5b, 0xe6, 0x5b, 0x06, 0x5c, 0x06, 0x5c, 0x06, 0x5c, 0xe6, 0x5b, 
    0xe6, 0x5b, 0x07, 0x5c, 0x06, 0x5c, 0xe6, 0x5b, 0xe6, 0x5b, 0xc6, 0x53, 
    0xe6, 0x5b, 0xc6, 0x5b, 0xc6, 0x5b, 0xc5, 0x53, 0xc5, 0x53, 0xc5, 0x53, 
    0xc5, 0x53, 0xc6, 0x53, 0xc5, 0x53, 0xc5, 0x53, 0xa5, 0x53, 0xc5, 0x53, 
    0xa5, 0x53, 0xa5, 0x53, 0x85, 0x53, 0x65, 0x4b, 0x85, 0x53, 0x64, 0x4b, 
    0x44, 0x4b, 0x44, 0x4b, 0x44, 0x4b, 0x24, 0x4b, 0x04, 0x43, 0x03, 0x3b, 
    0x03, 0x43, 0xe3, 0x3a, 0xc3, 0x3a, 0x83, 0x3a, 0xc7, 0x5a, 0xcb, 0x8a, 
    0xed, 0xa2, 0xad, 0xaa, 0x09, 0xa9, 0x25, 0x98, 0x04, 0x98, 0x04, 0x98, 
    0x04, 0x98, 0x04, 0x98, 0x03, 0x98, 0x04, 0xa0, 0x04, 0xa0, 0x04, 0xa0, 
    0x04, 0xa0, 0x04, 0xa0, 0x05, 0xa8, 0x27, 0xb0, 0x2c, 0xd1, 0x4c, 0xd9, 
    0xae, 0xd9, 0x91, 0xe2, 0x71, 0xe2, 0x50, 0xe2, 0x50, 0xda, 0x6d, 0xd1, 
    0x0b, 0xd9, 0x68, 0xc0, 0x05, 0xa8, 0x04, 0xa0, 0x03, 0x98, 0x02, 0x80, 
    0x00, 0x68, 0x00, 0x60, 0x00, 0x68, 0x00, 0x58, 0x00, 0x58, 0x00, 0x60, 
    0x00, 0x78, 0x01, 0x88, 0x01, 0x90, 0x02, 0x98, 0x02, 0xa0, 0x04, 0xb0, 
    0x26, 0xc0, 0x48, 0xc8, 0x28, 0xc8, 0x29, 0xc8, 0x29, 0xd0, 0x29, 0xc8, 
    0x28, 0xc8, 0x07, 0xc0, 0x07, 0xc0, 0x06, 0xb8, 0x06, 0xb0, 0x06, 0xb0, 
    0x06, 0xb0, 0x06, 0xb0, 0x07, 0xb0, 0x08, 0xb8, 0x28, 0xc0, 0x8a, 0xd0, 
    0xcc, 0xd8, 0x0e, 0xf1, 0x70, 0xf9, 0xb1, 0xf9, 0xd1, 0xf9, 0x6f, 0xe9, 
    0xa9, 0xc8, 0x88, 0xc0, 0x67, 0xb8, 0x46, 0xb8, 0x67, 0xb8, 0x87, 0xb8, 
    0x87, 0xb8, 0x87, 0xb8, 0x87, 0xb8, 0x87, 0xb8, 0xa7, 0xb8, 0x87, 0xb8, 
    0x47, 0xb0, 0x67, 0xb0, 0x87, 0xb8, 0x87, 0xb0, 0xa7, 0xb0, 0x66, 0xa8, 
    0x66, 0xa8, 0x86, 0xa8, 0x66, 0xa8, 0x86, 0xa8, 0xa7, 0xb0, 0xa7, 0xb0, 
    0xa7, 0xb0, 0xe8, 0xb8, 0x09, 0xc1, 0x08, 0xc1, 0x29, 0xc1, 0x29, 0xc9, 
    0x6b, 0xd1, 0x2e, 0xc2, 0x85, 0x50, 0x23, 0x48, 0x23, 0x48, 0x23, 0x48, 
    0x03, 0x48, 0x03, 0x48, 0x03, 0x48, 0x23, 0x48, 0x23, 0x48, 0x23, 0x48, 
    0x02, 0x48, 0x23, 0x48, 0x23, 0x48, 0x23, 0x48, 0x03, 0x48, 0x02, 0x48, 
    0x03, 0x48, 0x03, 0x48, 0x23, 0x48, 0x03, 0x48, 0x03, 0x48, 0x02, 0x48, 
    0x02, 0x48, 0x02, 0x48, 0x03, 0x48, 0x03, 0x48, 0x02, 0x40, 0x03, 0x40, 
    0x02, 0x40, 0x03, 0x48, 0x02, 0x40, 0x02, 0x40, 0x02, 0x40, 0x02, 0x40, 
    0x02, 0x40, 0x02, 0x40, 0x03, 0x40, 0x02, 0x40, 0x23, 0x40, 0x23, 0x40, 
    0x02, 0x40, 0x02, 0x40, 0x02, 0x40, 0x02, 0x40, 0x02, 0x40, 0x02, 0x40, 
    0x02, 0x40, 0x02, 0x40, 0x23, 0x40, 0x02, 0x40, 0x02, 0x48, 0x02, 0x48, 
    0x02, 0x48, 0x03, 0x48, 0x02, 0x48, 0x02, 0x48, 0x03, 0x48, 0x02, 0x48, 
    0x23, 0x50, 0x23, 0x50, 0x23, 0x50, 0x23, 0x50, 0x23, 0x50, 0x23, 0x50, 
    0x23, 0x50, 0x23, 0x50, 0x23, 0x50, 0x23, 0x50, 0x23, 0x50, 0x23, 0x50, 
    0x23, 0x50, 0x23, 0x50, 0x23, 0x50, 0x23, 0x50, 0x23, 0x50, 0x23, 0x50, 
    0x23, 0x50, 0x23, 0x50, 0x23, 0x50, 0x23, 0x50, 0x23, 0x50, 0x23, 0x50, 
    0x23, 0x50, 0x23, 0x50, 0x23, 0x50, 0x23, 0x50, 0x23, 0x50, 0x23, 0x50, 
    0x43, 0x50, 0xa3, 0x50, 0xe3, 0x50, 0x43, 0x49, 0x83, 0x51, 0x03, 0x52, 
    0x43, 0x52, 0xa4, 0x52, 0xe5, 0x52, 0x05, 0x5b, 0x65, 0x5b, 0x86, 0x5b, 
    0xc6, 0x5b, 0xe6, 0x5b, 0x07, 0x5c, 0x06, 0x5c, 0x06, 0x5c, 0x06, 0x5c, 
    0x06, 0x5c, 0x06, 0x5c, 0xe6, 0x5b, 0xe6, 0x5b, 0xe6, 0x5b, 0xe6, 0x5b, 
    0xc6, 0x53, 0xc6, 0x53, 0xc6, 0x53, 0xc5, 0x53, 0xc5, 0x53, 0xc5, 0x53, 
    0xc5, 0x53, 0xc5, 0x53, 0xc5, 0x53, 0xc6, 0x53, 0xa5, 0x53, 0xa5, 0x53, 
    0xa5, 0x53, 0x85, 0x53, 0x85, 0x53, 0x65, 0x4b, 0x84, 0x4b, 0x65, 0x4b, 
    0x65, 0x4b, 0x44, 0x4b, 0x44, 0x4b, 0x24, 0x43, 0x04, 0x43, 0x03, 0x43, 
    0xe3, 0x42, 0xe3, 0x42, 0xc3, 0x3a, 0xa3, 0x3a, 0x83, 0x3a, 0xa6, 0x52, 
    0x0b, 0x83, 0x0e, 0xa3, 0x6d, 0xaa, 0xa6, 0xa0, 0x04, 0x98, 0x04, 0x98, 
    0x04, 0x98, 0x04, 0x98, 0x03, 0x98, 0x04, 0xa0, 0x04, 0xa0, 0x04, 0xa8, 
    0x04, 0xa8, 0x05, 0xa8, 0x06, 0xb0, 0x48, 0xb8, 0x0c, 0xd1, 0x4d, 0xd1, 
    0xcf, 0xd9, 0xd2, 0xe2, 0xf2, 0xea, 0xb2, 0xea, 0xd1, 0xea, 0xcf, 0xd9, 
    0x2c, 0xd9, 0xeb, 0xd0, 0x69, 0xc0, 0x27, 0xb8, 0x06, 0xa8, 0x06, 0xa8, 
    0x05, 0xa8, 0x46, 0xb0, 0x46, 0xa8, 0x26, 0xa8, 0x26, 0xa8, 0x46, 0xb0, 
    0x26, 0xb0, 0x26, 0xb0, 0x26, 0xb8, 0x47, 0xc0, 0x48, 0xc8, 0x89, 0xd0, 
    0x49, 0xc8, 0x4a, 0xc8, 0x29, 0xc8, 0x29, 0xc8, 0x09, 0xc0, 0x08, 0xc0, 
    0x07, 0xc0, 0x07, 0xc0, 0x07, 0xb8, 0x06, 0xb8, 0x06, 0xb0, 0x06, 0xb0, 
    0x06, 0xb0, 0x07, 0xb8, 0x08, 0xb8, 0x29, 0xc0, 0x4a, 0xc8, 0xac, 0xd8, 
    0x4f, 0xe9, 0x4f, 0xf1, 0xd1, 0xf9, 0xf1, 0xf9, 0xb0, 0xf9, 0xec, 0xd8, 
    0x47, 0xb8, 0x67, 0xb8, 0x47, 0xb8, 0x47, 0xb8, 0x47, 0xb8, 0x87, 0xb8, 
    0x87, 0xb8, 0x66, 0xb0, 0x87, 0xb8, 0xa8, 0xb8, 0xc8, 0xb8, 0x88, 0xb8, 
    0x47, 0xb0, 0x46, 0xb0, 0x87, 0xb0, 0x67, 0xb0, 0x87, 0xb0, 0x66, 0xa8, 
    0x66, 0xa8, 0x66, 0xa8, 0x45, 0xa0, 0x25, 0xa0, 0x66, 0xa8, 0x87, 0xb0, 
    0x87, 0xb0, 0xc7, 0xb8, 0x28, 0xc1, 0x49, 0xc1, 0x29, 0xc1, 0x4a, 0xd1, 
    0x8b, 0xd1, 0x49, 0x81, 0x43, 0x48, 0x23, 0x48, 0x23, 0x48, 0x03, 0x48, 
    0x03, 0x48, 0x23, 0x48, 0x03, 0x48, 0x03, 0x48, 0x03, 0x48, 0x23, 0x48, 
    0x03, 0x48, 0x03, 0x48, 0x03, 0x48, 0x03, 0x48, 0x03, 0x48, 0x03, 0x48, 
    0x23, 0x48, 0x03, 0x48, 0x03, 0x48, 0x03, 0x48, 0x03, 0x48, 0x02, 0x48, 
    0x03, 0x48, 0x02, 0x48, 0x03, 0x40, 0x03, 0x48, 0x02, 0x40, 0x02, 0x40, 
    0x02, 0x40, 0x02, 0x40, 0x02, 0x40, 0x02, 0x48, 0x02, 0x40, 0x02, 0x40, 
    0x02, 0x40, 0x02, 0x40, 0x02, 0x40, 0x02, 0x40, 0x22, 0x40, 0x02, 0x40, 
    0x02, 0x40, 0x02, 0x40, 0x02, 0x40, 0x02, 0x40, 0x03, 0x48, 0x02, 0x40, 
    0x02, 0x40, 0x02, 0x40, 0x03, 0x48, 0x02, 0x40, 0x02, 0x48, 0x02, 0x48, 
    0x03, 0x48, 0x02, 0x48, 0x02, 0x48, 0x03, 0x48, 0x02, 0x48, 0x02, 0x48, 
    0x23, 0x50, 0x23, 0x50, 0x23, 0x50, 0x23, 0x50, 0x23, 0x50, 0x23, 0x50, 
    0x23, 0x50, 0x23, 0x50, 0x23, 0x50, 0x23, 0x50, 0x03, 0x50, 0x23, 0x50, 
    0x23, 0x50, 0x23, 0x50, 0x23, 0x50, 0x23, 0x50, 0x23, 0x50, 0x23, 0x50, 
    0x23, 0x50, 0x23, 0x50, 0x23, 0x50, 0x23, 0x50, 0x23, 0x50, 0x23, 0x50, 
    0x23, 0x50, 0x23, 0x50, 0x23, 0x50, 0x23, 0x50, 0x23, 0x50, 0x43, 0x50, 
    0x43, 0x50, 0x42, 0x50, 0xa2, 0x50, 0x03, 0x51, 0x43, 0x49, 0xa3, 0x51, 
    0x03, 0x52, 0x43, 0x52, 0xa4, 0x52, 0xe5, 0x5a, 0x25, 0x5b, 0x46, 0x5b, 
    0x85, 0x5b, 0xc6, 0x5b, 0xe6, 0x5b, 0xe6, 0x5b, 0x06, 0x5c, 0x06, 0x5c, 
    0x06, 0x5c, 0x06, 0x5c, 0xe6, 0x5b, 0xe6, 0x5b, 0xe6, 0x5b, 0xc6, 0x53, 
    0xe6, 0x5b, 0xc6, 0x53, 0xc6, 0x53, 0xc6, 0x53, 0xc5, 0x53, 0xc5, 0x53, 
    0xc5, 0x53, 0xc5, 0x53, 0xc5, 0x53, 0xc5, 0x53, 0xa5, 0x53, 0xa5, 0x53, 
    0xa5, 0x53, 0x85, 0x53, 0x85, 0x53, 0x85, 0x53, 0x85, 0x53, 0x64, 0x4b, 
    0x44, 0x4b, 0x44, 0x4b, 0x44, 0x4b, 0x24, 0x43, 0x24, 0x43, 0x03, 0x43, 
    0x03, 0x43, 0xe3, 0x42, 0xc3, 0x3a, 0xc3, 0x3a, 0xa3, 0x3a, 0x83, 0x3a, 
    0xa6, 0x52, 0x0b, 0x83, 0xed, 0x9a, 0x6c, 0xa2, 0x48, 0xa1, 0x45, 0x98, 
    0x04, 0x98, 0x04, 0xa0, 0x04, 0xa0, 0x04, 0xa0, 0x05, 0xa8, 0x05, 0xb0, 
    0x05, 0xb0, 0x06, 0xb0, 0x27, 0xb8, 0xca, 0xc0, 0x8e, 0xd9, 0x8d, 0xd1, 
    0x90, 0xda, 0x12, 0xe3, 0xd2, 0xe2, 0xb1, 0xe2, 0x0f, 0xd2, 0x8d, 0xc9, 
    0xec, 0xc8, 0xec, 0xd8, 0xaa, 0xc8, 0x68, 0xc0, 0x27, 0xb8, 0x27, 0xb0, 
    0x27, 0xb0, 0x07, 0xb0, 0x27, 0xb0, 0x27, 0xb0, 0x48, 0xb8, 0x48, 0xb8, 
    0x88, 0xc0, 0xa9, 0xc8, 0x89, 0xc8, 0x6a, 0xc8, 0x8a, 0xc8, 0x8a, 0xd0, 
    0x69, 0xd0, 0x29, 0xc8, 0x08, 0xc8, 0x08, 0xc8, 0x07, 0xc0, 0x07, 0xb8, 
    0x07, 0xb8, 0x07, 0xb8, 0x07, 0xb0, 0x06, 0xb0, 0x06, 0xb0, 0x06, 0xb0, 
    0x07, 0xb0, 0x08, 0xb8, 0x49, 0xc0, 0x8b, 0xc8, 0x8c, 0xd8, 0xee, 0xe0, 
    0xb0, 0xf9, 0xd1, 0xf9, 0xf1, 0xf9, 0xb1, 0xf9, 0x4e, 0xe9, 0x48, 0xb8, 
    0x26, 0xb0, 0x26, 0xb0, 0x27, 0xb0, 0x27, 0xb0, 0x47, 0xb0, 0x67, 0xb0, 
    0x67, 0xb0, 0x46, 0xb0, 0x87, 0xb0, 0x87, 0xb8, 0xa7, 0xb0, 0x67, 0xb0, 
    0x47, 0xa8, 0x47, 0xa8, 0x67, 0xa8, 0x87, 0xb0, 0xa7, 0xb0, 0x87, 0xa8, 
    0x66, 0xa8, 0x46, 0xa8, 0x25, 0xa0, 0x65, 0xa8, 0x66, 0xa8, 0x86, 0xb0, 
    0x66, 0xb0, 0xa7, 0xb0, 0xe7, 0xb8, 0x28, 0xc1, 0x28, 0xc1, 0x08, 0xc9, 
    0x6a, 0xb1, 0xa5, 0x58, 0x42, 0x48, 0x23, 0x48, 0x23, 0x48, 0x03, 0x48, 
    0x23, 0x48, 0x22, 0x48, 0x03, 0x48, 0x23, 0x48, 0x23, 0x48, 0x03, 0x48, 
    0x02, 0x48, 0x22, 0x48, 0x03, 0x48, 0x03, 0x48, 0x03, 0x48, 0x03, 0x48, 
    0x03, 0x48, 0x03, 0x48, 0x03, 0x48, 0x03, 0x48, 0x23, 0x48, 0x03, 0x48, 
    0x03, 0x48, 0x03, 0x48, 0x02, 0x48, 0x02, 0x40, 0x03, 0x48, 0x02, 0x40, 
    0x02, 0x40, 0x02, 0x40, 0x02, 0x40, 0x02, 0x40, 0x02, 0x40, 0x02, 0x40, 
    0x23, 0x40, 0x02, 0x40, 0x02, 0x40, 0x02, 0x40, 0x02, 0x40, 0x02, 0x40, 
    0x02, 0x40, 0x02, 0x40, 0x03, 0x40, 0x02, 0x40, 0x02, 0x40, 0x02, 0x40, 
    0x02, 0x40, 0x02, 0x40, 0x03, 0x48, 0x02, 0x48, 0x02, 0x48, 0x02, 0x48, 
    0x03, 0x48, 0x03, 0x48, 0x03, 0x48, 0x03, 0x48, 0x02, 0x48, 0x02, 0x48, 
    0x23, 0x50, 0x23, 0x50, 0x23, 0x50, 0x23, 0x48, 0x23, 0x50, 0x23, 0x50, 
    0x23, 0x50, 0x23, 0x50, 0x23, 0x50, 0x23, 0x50, 0x23, 0x50, 0x23, 0x50, 
    0x23, 0x50, 0x23, 0x50, 0x23, 0x50, 0x23, 0x50, 0x23, 0x50, 0x03, 0x50, 
    0x23, 0x50, 0x23, 0x50, 0x23, 0x50, 0x23, 0x50, 0x23, 0x50, 0x23, 0x48, 
    0x23, 0x50, 0x23, 0x50, 0x23, 0x50, 0x23, 0x50, 0x23, 0x50, 0x23, 0x50, 
    0x23, 0x50, 0x43, 0x48, 0x62, 0x50, 0xa2, 0x50, 0x02, 0x49, 0x63, 0x51, 
    0xc3, 0x51, 0x03, 0x52, 0x43, 0x52, 0x63, 0x52, 0xc5, 0x5a, 0x05, 0x5b, 
    0x25, 0x5b, 0x86, 0x5b, 0xa6, 0x53, 0xc6, 0x5b, 0xe6, 0x5b, 0xe6, 0x5b, 
    0xe6, 0x5b, 0xe6, 0x5b, 0xe6, 0x5b, 0xe6, 0x5b, 0xc6, 0x5b, 0xc6, 0x5b, 
    0xc6, 0x53, 0xc6, 0x53, 0xc5, 0x53, 0xc6, 0x53, 0xa5, 0x53, 0xa5, 0x53, 
    0xa5, 0x53, 0xa5, 0x53, 0xc5, 0x53, 0xc5, 0x53, 0xa5, 0x53, 0xa5, 0x4b, 
    0xa5, 0x53, 0xa5, 0x53, 0x85, 0x53, 0x85, 0x53, 0x85, 0x53, 0x65, 0x53, 
    0x65, 0x4b, 0x64, 0x4b, 0x44, 0x4b, 0x44, 0x4b, 0x23, 0x43, 0xe3, 0x42, 
    0x04, 0x43, 0xe3, 0x42, 0x03, 0x43, 0xc3, 0x3a, 0xa3, 0x3a, 0xa3, 0x3a, 
    0xa3, 0x3a, 0x85, 0x4a, 0x0b, 0x83, 0x0d, 0x9b, 0xad, 0xa2, 0x4c, 0xaa, 
    0xab, 0xb1, 0x4a, 0xb9, 0xa8, 0xa8, 0x26, 0xa8, 0x06, 0xb0, 0x27, 0xb0, 
    0x27, 0xb0, 0x27, 0xb8, 0x89, 0xc0, 0xef, 0xe1, 0xee, 0xd9, 0xce, 0xc1, 
    0x0e, 0xc2, 0xcd, 0xc1, 0x8d, 0xc1, 0x0b, 0xb1, 0x0b, 0xb1, 0x2b, 0xc1, 
    0xeb, 0xc0, 0xeb, 0xd0, 0xaa, 0xc8, 0x69, 0xc0, 0x69, 0xc0, 0x28, 0xb8, 
    0x28, 0xb8, 0x27, 0xb8, 0x07, 0xb8, 0x28, 0xb8, 0x48, 0xc0, 0xa9, 0xc8, 
    0xa9, 0xc8, 0x89, 0xc8, 0x49, 0xc8, 0x6a, 0xc8, 0x6a, 0xc8, 0x49, 0xc8, 
    0x29, 0xc8, 0x28, 0xc8, 0x07, 0xc0, 0x07, 0xb8, 0x07, 0xb8, 0x06, 0xb0, 
    0x06, 0xb0, 0x06, 0xa8, 0x06, 0xb0, 0x06, 0xb0, 0x06, 0xa8, 0x06, 0xa8, 
    0x08, 0xb0, 0x4a, 0xc0, 0xcc, 0xc8, 0x0d, 0xd1, 0x0e, 0xe1, 0x4f, 0xf1, 
    0xd0, 0xf9, 0xf1, 0xf9, 0x90, 0xf9, 0x2e, 0xe1, 0x28, 0xb0, 0x05, 0xb0, 
    0x05, 0xa8, 0x25, 0xa8, 0x67, 0xb0, 0x47, 0xb0, 0x67, 0xb0, 0x67, 0xb0, 
    0x26, 0xb0, 0x46, 0xb0, 0x67, 0xb0, 0x67, 0xb0, 0x87, 0xb0, 0x46, 0xb0, 
    0x46, 0xa8, 0x46, 0xa8, 0x26, 0xa8, 0x26, 0xa0, 0x46, 0xa8, 0x47, 0xa8, 
    0x66, 0xa8, 0x66, 0xa8, 0x45, 0xa8, 0x65, 0xa8, 0x66, 0xb0, 0x66, 0xb0, 
    0x66, 0xb0, 0xa6, 0xb0, 0xc7, 0xb8, 0xc7, 0xb8, 0xe8, 0xc0, 0x09, 0xc1, 
    0x08, 0x79, 0x43, 0x48, 0x43, 0x48, 0x23, 0x48, 0x03, 0x48, 0x23, 0x48, 
    0x23, 0x48, 0x23, 0x48, 0x22, 0x48, 0x22, 0x48, 0x02, 0x48, 0x03, 0x48, 
    0x02, 0x48, 0x02, 0x48, 0x03, 0x48, 0x22, 0x48, 0x03, 0x48, 0x03, 0x48, 
    0x23, 0x48, 0x03, 0x48, 0x03, 0x48, 0x03, 0x48, 0x02, 0x48, 0x02, 0x48, 
    0x02, 0x48, 0x02, 0x48, 0x02, 0x48, 0x03, 0x48, 0x23, 0x48, 0x02, 0x48, 
    0x02, 0x40, 0x02, 0x40, 0x02, 0x40, 0x02, 0x40, 0x02, 0x40, 0x02, 0x40, 
    0x02, 0x40, 0x02, 0x40, 0x02, 0x40, 0x02, 0x40, 0x02, 0x40, 0x02, 0x40, 
    0x02, 0x40, 0x02, 0x40, 0x02, 0x40, 0x02, 0x40, 0x02, 0x40, 0x02, 0x40, 
    0x02, 0x40, 0x03, 0x48, 0x02, 0x40, 0x02, 0x40, 0x02, 0x40, 0x02, 0x48, 
    0x02, 0x48, 0x02, 0x48, 0x03, 0x48, 0x03, 0x48, 0x02, 0x48, 0x03, 0x48, 
    0x23, 0x50, 0x23, 0x50, 0x23, 0x50, 0x23, 0x50, 0x23, 0x50, 0x23, 0x50, 
    0x23, 0x50, 0x23, 0x50, 0x23, 0x50, 0x23, 0x50, 0x23, 0x50, 0x23, 0x50, 
    0x23, 0x50, 0x23, 0x50, 0x23, 0x50, 0x23, 0x50, 0x23, 0x50, 0x23, 0x50, 
    0x23, 0x50, 0x23, 0x50, 0x23, 0x50, 0x23, 0x50, 0x23, 0x50, 0x23, 0x50, 
    0x23, 0x50, 0x23, 0x50, 0x23, 0x50, 0x23, 0x50, 0x23, 0x50, 0x23, 0x50, 
    0x23, 0x50, 0x23, 0x50, 0x43, 0x50, 0x62, 0x50, 0xc3, 0x50, 0x23, 0x51, 
    0x63, 0x49, 0xa3, 0x49, 0xe3, 0x51, 0x43, 0x52, 0x84, 0x52, 0xe5, 0x5a, 
    0x05, 0x5b, 0x45, 0x53, 0x65, 0x5b, 0x85, 0x5b, 0xa6, 0x5b, 0xc6, 0x5b, 
    0xc6, 0x5b, 0xe6, 0x5b, 0xc6, 0x5b, 0xc6, 0x53, 0xc6, 0x53, 0xc6, 0x53, 
    0xc5, 0x53, 0xc5, 0x53, 0xc5, 0x53, 0xa5, 0x53, 0xa5, 0x53, 0xa5, 0x53, 
    0xa5, 0x53, 0xa5, 0x53, 0xa5, 0x53, 0xa5, 0x53, 0xa5, 0x53, 0xa5, 0x53, 
    0xa5, 0x53, 0xa5, 0x53, 0x85, 0x53, 0x85, 0x53, 0x85, 0x53, 0x65, 0x4b, 
    0x65, 0x4b, 0x64, 0x4b, 0x64, 0x4b, 0x24, 0x4b, 0x44, 0x43, 0x24, 0x43, 
    0x04, 0x43, 0x03, 0x43, 0xe3, 0x3a, 0xc3, 0x3a, 0xc3, 0x3a, 0xa3, 0x3a, 
    0xa2, 0x3a, 0x82, 0x3a, 0x64, 0x42, 0xca, 0x72, 0x0d, 0x9b, 0xce, 0xa2, 
    0x0f, 0xab, 0x0f, 0xb3, 0xae, 0xb2, 0xcb, 0xb1, 0x0a, 0xb1, 0x8b, 0xc1, 
    0x2d, 0xd2, 0xcd, 0xd1, 0x50, 0xda, 0x0e, 0xca, 0x4b, 0xb1, 0xc9, 0xa0, 
    0xc9, 0xa0, 0xc9, 0xa0, 0xea, 0xa8, 0xc9, 0xa8, 0xca, 0xb0, 0xa9, 0xb0, 
    0x89, 0xb0, 0xaa, 0xc0, 0x8a, 0xc8, 0x69, 0xc0, 0x49, 0xc0, 0x48, 0xc0, 
    0x28, 0xb8, 0x28, 0xb8, 0x28, 0xb8, 0x48, 0xc0, 0x69, 0xc8, 0x89, 0xc8, 
    0x69, 0xc0, 0x69, 0xc0, 0x49, 0xc0, 0x28, 0xc0, 0x28, 0xc8, 0x08, 0xc0, 
    0x07, 0xc0, 0x07, 0xb8, 0x06, 0xb0, 0x06, 0xb0, 0x06, 0xb0, 0x06, 0xb0, 
    0x06, 0xb0, 0x06, 0xa8, 0x06, 0xa8, 0x07, 0xb0, 0x07, 0xa8, 0x08, 0xb0, 
    0x49, 0xc0, 0xcc, 0xc8, 0x0d, 0xd1, 0x6f, 0xe1, 0x4f, 0xe9, 0x90, 0xf9, 
    0xb0, 0xf9, 0x8f, 0xf9, 0x0d, 0xd9, 0x47, 0xa8, 0x04, 0xa0, 0x04, 0xa0, 
    0x05, 0xa8, 0x26, 0xa8, 0x46, 0xb0, 0x67, 0xb0, 0x47, 0xb0, 0x67, 0xb0, 
    0x67, 0xb0, 0x67, 0xb0, 0x67, 0xb0, 0x67, 0xb0, 0x66, 0xb0, 0x66, 0xb0, 
    0x66, 0xa8, 0x46, 0xa8, 0x26, 0xa0, 0x26, 0xa0, 0x46, 0xa0, 0x46, 0xa8, 
    0x86, 0xa8, 0x86, 0xa8, 0x66, 0xa8, 0x45, 0xa0, 0x45, 0xa8, 0x65, 0xa8, 
    0x65, 0xa8, 0xa6, 0xb0, 0xe8, 0xb8, 0x08, 0xa9, 0x07, 0x89, 0x06, 0x61, 
    0x62, 0x40, 0x42, 0x48, 0x43, 0x48, 0x23, 0x48, 0x22, 0x48, 0x23, 0x48, 
    0x03, 0x48, 0x03, 0x48, 0x23, 0x48, 0x23, 0x48, 0x02, 0x48, 0x23, 0x48, 
    0x03, 0x48, 0x23, 0x48, 0x02, 0x48, 0x03, 0x48, 0x03, 0x48, 0x03, 0x48, 
    0x23, 0x48, 0x23, 0x48, 0x23, 0x48, 0x03, 0x48, 0x02, 0x48, 0x02, 0x48, 
    0x03, 0x48, 0x02, 0x48, 0x02, 0x48, 0x02, 0x48, 0x02, 0x40, 0x02, 0x40, 
    0x02, 0x40, 0x02, 0x40, 0x02, 0x40, 0x02, 0x40, 0x02, 0x40, 0x02, 0x40, 
    0x02, 0x40, 0x02, 0x40, 0x02, 0x40, 0x02, 0x40, 0x02, 0x40, 0x02, 0x40, 
    0x02, 0x40, 0x02, 0x40, 0x02, 0x40, 0x02, 0x40, 0x02, 0x40, 0x02, 0x40, 
    0x02, 0x40, 0x03, 0x40, 0x02, 0x40, 0x03, 0x40, 0x03, 0x48, 0x02, 0x40, 
    0x02, 0x48, 0x03, 0x48, 0x03, 0x48, 0x02, 0x48, 0x02, 0x48, 0x02, 0x48, 
    0x23, 0x48, 0x23, 0x50, 0x23, 0x50, 0x23, 0x50, 0x23, 0x50, 0x23, 0x50, 
    0x23, 0x50, 0x23, 0x50, 0x23, 0x50, 0x23, 0x50, 0x23, 0x50, 0x23, 0x50, 
    0x23, 0x50, 0x23, 0x50, 0x23, 0x50, 0x23, 0x50, 0x23, 0x50, 0x23, 0x50, 
    0x23, 0x50, 0x23, 0x50, 0x23, 0x50, 0x23, 0x50, 0x23, 0x50, 0x23, 0x50, 
    0x23, 0x50, 0x23, 0x50, 0x23, 0x50, 0x23, 0x50, 0x23, 0x50, 0x23, 0x48, 
    0x23, 0x50, 0x23, 0x50, 0x43, 0x50, 0x43, 0x48, 0x62, 0x50, 0xc2, 0x50, 
    0x23, 0x49, 0x43, 0x49, 0xa3, 0x51, 0xe3, 0x51, 0x23, 0x52, 0x64, 0x52, 
    0xa4, 0x52, 0xe5, 0x52, 0x25, 0x5b, 0x45, 0x5b, 0x66, 0x5b, 0xa6, 0x5b, 
    0xa6, 0x5b, 0xc6, 0x5b, 0xc5, 0x53, 0xc5, 0x53, 0xc5, 0x53, 0xc6, 0x53, 
    0xa5, 0x53, 0xc5, 0x53, 0xc5, 0x53, 0xa5, 0x53, 0xa5, 0x53, 0xa5, 0x53, 
    0x85, 0x53, 0xa5, 0x53, 0xc5, 0x53, 0xa5, 0x53, 0xa5, 0x53, 0xa5, 0x53, 
    0xa5, 0x53, 0xa5, 0x53, 0xa5, 0x53, 0xa5, 0x53, 0x85, 0x53, 0x85, 0x4b, 
    0x85, 0x4b, 0x85, 0x53, 0x65, 0x4b, 0x44, 0x4b, 0x44, 0x4b, 0x24, 0x43, 
    0x04, 0x43, 0x03, 0x43, 0x03, 0x43, 0xe3, 0x3a, 0xe3, 0x3a, 0xc3, 0x3a, 
    0xa2, 0x3a, 0x82, 0x32, 0x62, 0x3a, 0x64, 0x42, 0xe9, 0x72, 0x2d, 0x9b, 
    0x0e, 0xab, 0x2f, 0xab, 0x0f, 0xab, 0xcf, 0xaa, 0x6e, 0xaa, 0x4e, 0xaa, 
    0x8f, 0xb2, 0xed, 0xb1, 0x2a, 0x99, 0xa8, 0x98, 0xa8, 0x98, 0x87, 0x98, 
    0x88, 0xa0, 0xc9, 0xa0, 0xc9, 0xa8, 0x68, 0xa0, 0x47, 0xa0, 0x26, 0xa0, 
    0x26, 0xa0, 0x06, 0xa8, 0x89, 0xc0, 0x69, 0xc0, 0x48, 0xc0, 0x48, 0xc0, 
    0x48, 0xb8, 0x48, 0xc0, 0x48, 0xc0, 0x48, 0xc0, 0x48, 0xc0, 0x48, 0xc0, 
    0x28, 0xc0, 0x28, 0xc0, 0x28, 0xc0, 0x08, 0xc0, 0x08, 0xc0, 0x07, 0xb8, 
    0x07, 0xb8, 0x06, 0xb0, 0x06, 0xb0, 0x06, 0xa8, 0x06, 0xa8, 0x07, 0xb0, 
    0x07, 0xa8, 0x07, 0xb0, 0x07, 0xb0, 0x08, 0xb0, 0x28, 0xb0, 0x4a, 0xc0, 
    0xac, 0xc8, 0x2d, 0xd9, 0x8f, 0xe1, 0xd0, 0xf1, 0x6f, 0xf1, 0x0e, 0xf1, 
    0x4e, 0xe9, 0xaa, 0xb8, 0x24, 0x90, 0x03, 0x98, 0x04, 0xa0, 0x05, 0xa0, 
    0x26, 0xa8, 0x67, 0xb0, 0x47, 0xb0, 0x88, 0xb0, 0xa8, 0xb8, 0x87, 0xb0, 
    0x67, 0xb0, 0x87, 0xa8, 0x67, 0xa8, 0x86, 0xa8, 0x67, 0xb0, 0x66, 0xa8, 
    0x66, 0xa8, 0x46, 0xa0, 0x46, 0xa0, 0x66, 0xa0, 0x66, 0xa0, 0x65, 0xa0, 
    0x86, 0xa8, 0x86, 0xa8, 0x46, 0xa8, 0x05, 0xa0, 0x45, 0xa8, 0x66, 0xa8, 
    0xc8, 0xa8, 0x48, 0x89, 0x05, 0x51, 0xe3, 0x40, 0xa2, 0x38, 0xa1, 0x38, 
    0x81, 0x40, 0x42, 0x48, 0x23, 0x48, 0x23, 0x48, 0x23, 0x48, 0x23, 0x48, 
    0x23, 0x48, 0x03, 0x48, 0x03, 0x48, 0x03, 0x48, 0x02, 0x48, 0x03, 0x48, 
    0x03, 0x48, 0x03, 0x48, 0x03, 0x48, 0x23, 0x48, 0x03, 0x48, 0x03, 0x48, 
    0x03, 0x48, 0x03, 0x48, 0x03, 0x48, 0x02, 0x48, 0x02, 0x48, 0x02, 0x48, 
    0x02, 0x48, 0x02, 0x48, 0x02, 0x48, 0x02, 0x48, 0x03, 0x48, 0x02, 0x40, 
    0x02, 0x40, 0x02, 0x40, 0x02, 0x40, 0x03, 0x40, 0x02, 0x40, 0x02, 0x40, 
    0x02, 0x40, 0x02, 0x40, 0x02, 0x40, 0x02, 0x40, 0x02, 0x40, 0x02, 0x40, 
    0x02, 0x40, 0x02, 0x40, 0x02, 0x40, 0x02, 0x40, 0x02, 0x40, 0x22, 0x40, 
    0x02, 0x40, 0x02, 0x40, 0x02, 0x40, 0x03, 0x40, 0x03, 0x40, 0x02, 0x40, 
    0x02, 0x48, 0x03, 0x48, 0x03, 0x48, 0x02, 0x48, 0x03, 0x48, 0x03, 0x48, 
    0x23, 0x50, 0x23, 0x50, 0x23, 0x50, 0x23, 0x50, 0x23, 0x50, 0x23, 0x50, 
    0x23, 0x50, 0x23, 0x50, 0x23, 0x50, 0x23, 0x50, 0x23, 0x50, 0x23, 0x50, 
    0x23, 0x50, 0x23, 0x50, 0x23, 0x50, 0x23, 0x50, 0x23, 0x50, 0x23, 0x50, 
    0x23, 0x50, 0x23, 0x50, 0x23, 0x50, 0x23, 0x50, 0x23, 0x50, 0x23, 0x50, 
    0x23, 0x50, 0x23, 0x50, 0x23, 0x50, 0x23, 0x50, 0x23, 0x50, 0x23, 0x48, 
    0x23, 0x48, 0x23, 0x48, 0x23, 0x48, 0x22, 0x48, 0x43, 0x50, 0x63, 0x50, 
    0xa2, 0x48, 0xe3, 0x48, 0x43, 0x49, 0x83, 0x51, 0xe3, 0x51, 0x03, 0x52, 
    0x63, 0x52, 0xa4, 0x52, 0xc5, 0x52, 0x05, 0x5b, 0x05, 0x53, 0x45, 0x5b, 
    0x65, 0x5b, 0x85, 0x5b, 0xa5, 0x53, 0xa6, 0x53, 0xa5, 0x53, 0xa5, 0x53, 
    0xa5, 0x53, 0xa5, 0x53, 0xa5, 0x53, 0xa5, 0x53, 0xa5, 0x53, 0xa5, 0x53, 
    0xa5, 0x53, 0x85, 0x53, 0xa5, 0x53, 0xa5, 0x53, 0xa5, 0x53, 0xa5, 0x53, 
    0xa5, 0x53, 0xa5, 0x53, 0x84, 0x4b, 0xa5, 0x53, 0xa5, 0x53, 0xa5, 0x53, 
    0x85, 0x4b, 0x85, 0x4b, 0x65, 0x4b, 0x44, 0x4b, 0x44, 0x4b, 0x24, 0x43, 
    0x24, 0x4b, 0x24, 0x43, 0x03, 0x43, 0xe3, 0x3a, 0xc3, 0x3a, 0xa3, 0x3a, 
    0xa2, 0x3a, 0x82, 0x32, 0x82, 0x3a, 0x62, 0x3a, 0x43, 0x3a, 0xa8, 0x62, 
    0x0c, 0x8b, 0x4f, 0xa3, 0x2f, 0xab, 0xef, 0xaa, 0x8e, 0xa2, 0xec, 0x99, 
    0x6a, 0x91, 0x08, 0x91, 0x86, 0x88, 0xa7, 0x90, 0xa7, 0x98, 0x67, 0x98, 
    0x87, 0xa0, 0x66, 0x98, 0x47, 0x98, 0x26, 0x98, 0x05, 0x98, 0x05, 0x98, 
    0x04, 0x98, 0x05, 0xa0, 0xea, 0xc8, 0x2b, 0xc9, 0x89, 0xc0, 0x68, 0xc0, 
    0x69, 0xc0, 0x28, 0xb8, 0x48, 0xc0, 0x28, 0xc0, 0x28, 0xc0, 0x07, 0xc0, 
    0x27, 0xb8, 0x07, 0xb8, 0x28, 0xb8, 0x07, 0xb8, 0x07, 0xb8, 0x06, 0xb0, 
    0x06, 0xb0, 0x05, 0xb0, 0x06, 0xa8, 0x07, 0xb0, 0x07, 0xb0, 0x48, 0xb0, 
    0x27, 0xb0, 0x28, 0xb8, 0x49, 0xb8, 0xcb, 0xc8, 0xab, 0xc8, 0xcc, 0xd0, 
    0xed, 0xd8, 0x2e, 0xe1, 0xb0, 0xf1, 0x90, 0xf1, 0x6f, 0xf1, 0x4d, 0xd9, 
    0x0a, 0xc1, 0x86, 0xa8, 0x64, 0x98, 0x43, 0x90, 0x44, 0x98, 0x25, 0xa0, 
    0x05, 0xa0, 0x87, 0xb0, 0x88, 0xb0, 0xe9, 0xb8, 0xe9, 0xb0, 0xc8, 0xb0, 
    0xa8, 0xb0, 0xa7, 0xa8, 0x87, 0xa8, 0x86, 0xa8, 0x87, 0xa8, 0xa7, 0xa8, 
    0xa7, 0xa8, 0x87, 0xa8, 0x86, 0xa8, 0x86, 0xa0, 0x65, 0xa0, 0x45, 0xa0, 
    0x65, 0xa8, 0x87, 0xb0, 0xe8, 0x98, 0x27, 0x69, 0x25, 0x51, 0x04, 0x39, 
    0xc2, 0x20, 0xc0, 0x18, 0xe0, 0x20, 0xc0, 0x28, 0xa1, 0x30, 0x81, 0x38, 
    0x61, 0x40, 0x42, 0x48, 0x22, 0x48, 0x23, 0x48, 0x03, 0x48, 0x23, 0x48, 
    0x03, 0x48, 0x03, 0x48, 0x02, 0x48, 0x02, 0x48, 0x03, 0x48, 0x03, 0x48, 
    0x02, 0x48, 0x02, 0x48, 0x02, 0x48, 0x02, 0x48, 0x03, 0x48, 0x03, 0x48, 
    0x23, 0x48, 0x03, 0x48, 0x02, 0x48, 0x02, 0x48, 0x02, 0x48, 0x02, 0x48, 
    0x02, 0x48, 0x02, 0x40, 0x02, 0x48, 0x02, 0x48, 0x03, 0x40, 0x03, 0x40, 
    0x02, 0x40, 0x02, 0x40, 0x02, 0x40, 0x02, 0x40, 0x02, 0x40, 0x02, 0x40, 
    0x02, 0x40, 0x02, 0x40, 0x02, 0x40, 0x02, 0x40, 0x02, 0x40, 0x02, 0x40, 
    0x02, 0x40, 0x02, 0x40, 0x02, 0x40, 0x02, 0x40, 0x02, 0x40, 0x02, 0x40, 
    0x02, 0x40, 0x02, 0x40, 0x02, 0x40, 0x02, 0x40, 0x02, 0x48, 0x02, 0x48, 
    0x03, 0x48, 0x02, 0x48, 0x02, 0x48, 0x03, 0x48, 0x03, 0x48, 0x02, 0x48, 
    0x23, 0x48, 0x23, 0x50, 0x23, 0x50, 0x23, 0x50, 0x23, 0x50, 0x23, 0x50, 
    0x23, 0x50, 0x23, 0x50, 0x23, 0x50, 0x23, 0x50, 0x23, 0x50, 0x23, 0x50, 
    0x23, 0x50, 0x23, 0x50, 0x23, 0x50, 0x23, 0x50, 0x23, 0x50, 0x23, 0x50, 
    0x23, 0x50, 0x23, 0x50, 0x23, 0x50, 0x23, 0x50, 0x23, 0x50, 0x23, 0x50, 
    0x23, 0x48, 0x23, 0x50, 0x23, 0x50, 0x23, 0x50, 0x23, 0x50, 0x23, 0x48, 
    0x23, 0x50, 0x23, 0x48, 0x23, 0x48, 0x23, 0x48, 0x23, 0x48, 0x23, 0x48, 
    0x62, 0x50, 0xa2, 0x48, 0x03, 0x49, 0x43, 0x49, 0x83, 0x49, 0xc3, 0x51, 
    0x03, 0x52, 0x43, 0x52, 0x84, 0x52, 0xc4, 0x52, 0xe5, 0x52, 0xe5, 0x52, 
    0x25, 0x5b, 0x25, 0x53, 0x45, 0x53, 0x65, 0x53, 0x85, 0x53, 0x85, 0x53, 
    0x85, 0x4b, 0x85, 0x53, 0xa5, 0x53, 0x85, 0x53, 0xa5, 0x53, 0xa5, 0x53, 
    0xa5, 0x53, 0xa5, 0x53, 0x85, 0x53, 0xa5, 0x53, 0xa5, 0x53, 0xa5, 0x53, 
    0xa5, 0x53, 0xa5, 0x53, 0xa5, 0x53, 0xa5, 0x53, 0xa5, 0x53, 0xa5, 0x53, 
    0xa5, 0x53, 0x85, 0x53, 0x85, 0x4b, 0x64, 0x4b, 0x65, 0x4b, 0x44, 0x4b, 
    0x24, 0x43, 0x03, 0x43, 0x03, 0x43, 0xe3, 0x42, 0xc3, 0x3a, 0xa3, 0x3a, 
    0xa3, 0x3a, 0xa2, 0x3a, 0x82, 0x3a, 0x62, 0x3a, 0x42, 0x3a, 0x43, 0x3a, 
    0x66, 0x52, 0xeb, 0x82, 0x2e, 0xa3, 0x4f, 0xab, 0xce, 0xaa, 0x0b, 0x9a, 
    0x69, 0x91, 0xe7, 0x88, 0xc7, 0x90, 0xe8, 0x98, 0xe9, 0xa0, 0xc8, 0xa0, 
    0x87, 0xa0, 0x46, 0x98, 0x25, 0x98, 0x05, 0x98, 0x04, 0x98, 0x04, 0x98, 
    0x66, 0xb0, 0x2a, 0xc9, 0xb1, 0xea, 0x51, 0xeb, 0x6f, 0xda, 0x6c, 0xc9, 
    0xa9, 0xc0, 0x48, 0xb8, 0x27, 0xb8, 0x07, 0xb8, 0x07, 0xb8, 0x07, 0xb8, 
    0x07, 0xb8, 0x06, 0xb0, 0x06, 0xb0, 0x06, 0xb0, 0x07, 0xb0, 0x06, 0xb0, 
    0x06, 0xb0, 0x06, 0xb0, 0x27, 0xb0, 0x48, 0xb0, 0x49, 0xb8, 0x8a, 0xb8, 
    0xaa, 0xc0, 0xab, 0xc0, 0xcb, 0xc8, 0x0d, 0xd1, 0x2d, 0xd9, 0x2e, 0xe1, 
    0x2e, 0xe9, 0x6f, 0xf1, 0x90, 0xf9, 0x8f, 0xe9, 0x6d, 0xca, 0x31, 0xd4, 
    0x92, 0xd4, 0x50, 0xc4, 0xc8, 0x7a, 0x00, 0x31, 0xe1, 0x40, 0xc4, 0x58, 
    0x85, 0x68, 0xa8, 0x98, 0xa9, 0xb0, 0xc9, 0xb8, 0xe9, 0xb0, 0xe8, 0xb0, 
    0xc7, 0xa8, 0xa7, 0xa8, 0xa7, 0xa8, 0x86, 0xa0, 0x86, 0xa8, 0x86, 0xa0, 
    0x66, 0xa0, 0x65, 0xa0, 0x66, 0xa8, 0x46, 0xa0, 0xa7, 0xa0, 0xe7, 0xa0, 
    0x07, 0x91, 0x06, 0x69, 0x23, 0x29, 0x00, 0x09, 0xe0, 0x08, 0xe0, 0x10, 
    0xe0, 0x10, 0xe0, 0x18, 0xc0, 0x20, 0xc0, 0x28, 0xa1, 0x30, 0x81, 0x38, 
    0x42, 0x48, 0x42, 0x48, 0x23, 0x48, 0x22, 0x48, 0x23, 0x48, 0x23, 0x48, 
    0x23, 0x48, 0x03, 0x48, 0x23, 0x48, 0x23, 0x48, 0x23, 0x48, 0x03, 0x48, 
    0x03, 0x48, 0x03, 0x48, 0x03, 0x48, 0x02, 0x48, 0x03, 0x48, 0x02, 0x48, 
    0x02, 0x48, 0x02, 0x48, 0x03, 0x48, 0x02, 0x48, 0x02, 0x48, 0x02, 0x48, 
    0x02, 0x48, 0x02, 0x40, 0x02, 0x48, 0x02, 0x40, 0x02, 0x40, 0x02, 0x40, 
    0x02, 0x40, 0x02, 0x40, 0x02, 0x40, 0x02, 0x40, 0x02, 0x40, 0x02, 0x40, 
    0x02, 0x40, 0x02, 0x40, 0x02, 0x40, 0x02, 0x40, 0x02, 0x40, 0x02, 0x40, 
    0x02, 0x40, 0x02, 0x40, 0x02, 0x40, 0x02, 0x40, 0x02, 0x40, 0x02, 0x40, 
    0x02, 0x40, 0x02, 0x40, 0x02, 0x40, 0x02, 0x40, 0x02, 0x40, 0x02, 0x40, 
    0x02, 0x40, 0x03, 0x48, 0x02, 0x48, 0x02, 0x48, 0x02, 0x48, 0x03, 0x48, 
    0x23, 0x50, 0x23, 0x50, 0x23, 0x50, 0x23, 0x50, 0x23, 0x50, 0x23, 0x50, 
    0x23, 0x50, 0x23, 0x50, 0x23, 0x50, 0x23, 0x50, 0x23, 0x50, 0x23, 0x50, 
    0x23, 0x50, 0x23, 0x50, 0x23, 0x50, 0x23, 0x50, 0x23, 0x50, 0x23, 0x50, 
    0x23, 0x50, 0x23, 0x50, 0x23, 0x50, 0x23, 0x50, 0x23, 0x50, 0x03, 0x48, 
    0x23, 0x48, 0x23, 0x50, 0x23, 0x50, 0x23, 0x50, 0x23, 0x50, 0x23, 0x48, 
    0x23, 0x50, 0x23, 0x50, 0x23, 0x48, 0x23, 0x48, 0x23, 0x48, 0x23, 0x50, 
    0x43, 0x48, 0x63, 0x50, 0xa2, 0x48, 0xe3, 0x48, 0x23, 0x49, 0x63, 0x51, 
    0xa3, 0x51, 0xe3, 0x51, 0x23, 0x52, 0x63, 0x52, 0xa4, 0x52, 0xc4, 0x52, 
    0xe5, 0x52, 0x05, 0x5b, 0x05, 0x53, 0x25, 0x5b, 0x44, 0x53, 0x64, 0x53, 
    0x85, 0x53, 0x85, 0x53, 0x85, 0x53, 0x85, 0x4b, 0xa5, 0x53, 0x84, 0x4b, 
    0x85, 0x53, 0x85, 0x53, 0x85, 0x4b, 0xa5, 0x53, 0xa5, 0x53, 0xa5, 0x53, 
    0xc5, 0x53, 0xc5, 0x53, 0xa5, 0x53, 0xc6, 0x53, 0xc6, 0x53, 0xa5, 0x53, 
    0xa5, 0x53, 0xa5, 0x53, 0x85, 0x4b, 0x85, 0x53, 0x64, 0x4b, 0x44, 0x4b, 
    0x24, 0x43, 0x03, 0x43, 0xe3, 0x42, 0xe3, 0x42, 0xc3, 0x42, 0xa3, 0x3a, 
    0xc3, 0x42, 0xc3, 0x42, 0xa3, 0x3a, 0x82, 0x3a, 0x82, 0x42, 0x42, 0x3a, 
    0x41, 0x3a, 0x42, 0x42, 0xe9, 0x72, 0x2d, 0x9b, 0x0e, 0xa3, 0x6b, 0x9a, 
    0x88, 0x91, 0x28, 0x91, 0x28, 0x91, 0x4a, 0xa1, 0x29, 0xa1, 0xc8, 0xa0, 
    0x67, 0x98, 0x26, 0x98, 0x04, 0x90, 0x04, 0x98, 0x05, 0xa0, 0x2b, 0xc9, 
    0x70, 0xe2, 0x33, 0xeb, 0xb4, 0xeb, 0xb4, 0xeb, 0xf4, 0xeb, 0xd3, 0xeb, 
    0xaf, 0xda, 0x4a, 0xc9, 0x88, 0xc0, 0x67, 0xb8, 0x26, 0xb0, 0x06, 0xb0, 
    0x06, 0xb0, 0x07, 0xa8, 0x06, 0xa8, 0x06, 0xa8, 0x07, 0xa8, 0x27, 0xb0, 
    0x27, 0xb0, 0x27, 0xb0, 0x69, 0xb0, 0x69, 0xb0, 0x8a, 0xb8, 0xcb, 0xc8, 
    0x0c, 0xc9, 0x0c, 0xd1, 0x0d, 0xd9, 0x2d, 0xd9, 0x2e, 0xe1, 0x2e, 0xe9, 
    0x4f, 0xf1, 0x8f, 0xf1, 0xee, 0xd9, 0x0a, 0xab, 0x09, 0xa4, 0x88, 0x93, 
    0x0a, 0xa4, 0xcf, 0xb4, 0xac, 0x73, 0x00, 0x09, 0xe0, 0x08, 0xe0, 0x08, 
    0xe0, 0x08, 0xc1, 0x18, 0xe5, 0x50, 0x29, 0xa9, 0xc9, 0xb0, 0x87, 0xa8, 
    0x67, 0xb0, 0x66, 0xa0, 0x65, 0xa0, 0x46, 0xa0, 0x45, 0xa0, 0x46, 0xa8, 
    0x46, 0xa0, 0x66, 0xa0, 0xe8, 0x98, 0x25, 0x51, 0x22, 0x31, 0xc2, 0x39, 
    0xe1, 0x31, 0x20, 0x11, 0x20, 0x09, 0x00, 0x09, 0x00, 0x09, 0xe0, 0x10, 
    0xe0, 0x10, 0xe0, 0x20, 0xc0, 0x28, 0xa0, 0x30, 0xa1, 0x38, 0x62, 0x40, 
    0x42, 0x48, 0x22, 0x48, 0x23, 0x48, 0x02, 0x48, 0x02, 0x48, 0x23, 0x48, 
    0x23, 0x48, 0x23, 0x48, 0x23, 0x48, 0x23, 0x48, 0x03, 0x48, 0x03, 0x48, 
    0x03, 0x48, 0x03, 0x48, 0x03, 0x48, 0x02, 0x48, 0x03, 0x48, 0x03, 0x48, 
    0x02, 0x48, 0x02, 0x48, 0x02, 0x48, 0x02, 0x40, 0x02, 0x48, 0x02, 0x48, 
    0x02, 0x48, 0x02, 0x48, 0x02, 0x48, 0x02, 0x40, 0x02, 0x40, 0x02, 0x40, 
    0x02, 0x40, 0x02, 0x40, 0x02, 0x40, 0x02, 0x40, 0x02, 0x40, 0x02, 0x40, 
    0x02, 0x40, 0x02, 0x40, 0x02, 0x40, 0x02, 0x40, 0x02, 0x40, 0x02, 0x40, 
    0x02, 0x40, 0x02, 0x40, 0x02, 0x40, 0x02, 0x40, 0x02, 0x40, 0x02, 0x40, 
    0x02, 0x40, 0x02, 0x40, 0x02, 0x40, 0x02, 0x40, 0x02, 0x40, 0x02, 0x40, 
    0x02, 0x40, 0x02, 0x40, 0x02, 0x48, 0x02, 0x48, 0x02, 0x48, 0x03, 0x48, 
    0x23, 0x50, 0x23, 0x50, 0x23, 0x50, 0x23, 0x48, 0x23, 0x48, 0x23, 0x50, 
    0x23, 0x50, 0x23, 0x50, 0x23, 0x50, 0x23, 0x50, 0x23, 0x50, 0x23, 0x50, 
    0x23, 0x50, 0x23, 0x50, 0x23, 0x50, 0x23, 0x50, 0x23, 0x50, 0x23, 0x50, 
    0x23, 0x50, 0x23, 0x50, 0x23, 0x50, 0x23, 0x50, 0x23, 0x50, 0x23, 0x50, 
    0x23, 0x50, 0x23, 0x50, 0x23, 0x50, 0x23, 0x50, 0x23, 0x50, 0x23, 0x48, 
    0x23, 0x50, 0x23, 0x48, 0x23, 0x48, 0x23, 0x48, 0x23, 0x48, 0x23, 0x48, 
    0x23, 0x48, 0x43, 0x48, 0x42, 0x50, 0x82, 0x50, 0xc2, 0x48, 0x03, 0x49, 
    0x43, 0x49, 0x83, 0x51, 0xc2, 0x49, 0x03, 0x52, 0x23, 0x52, 0x63, 0x52, 
    0x84, 0x52, 0xc4, 0x52, 0xc4, 0x52, 0x04, 0x53, 0x04, 0x53, 0x44, 0x53, 
    0x44, 0x53, 0x64, 0x53, 0x65, 0x53, 0x64, 0x4b, 0x65, 0x4b, 0x64, 0x4b, 
    0x64, 0x4b, 0x64, 0x4b, 0x85, 0x53, 0x85, 0x53, 0x84, 0x53, 0x85, 0x53, 
    0xa5, 0x53, 0xa6, 0x53, 0xa5, 0x53, 0xa5, 0x53, 0xa6, 0x53, 0xa6, 0x53, 
    0xa5, 0x53, 0x85, 0x53, 0x65, 0x53, 0x65, 0x4b, 0x44, 0x4b, 0x44, 0x4b, 
    0x24, 0x4b, 0x04, 0x43, 0xe3, 0x42, 0xe3, 0x42, 0xc3, 0x42, 0xc3, 0x42, 
    0xc3, 0x42, 0xa3, 0x42, 0xa2, 0x42, 0x82, 0x42, 0x62, 0x3a, 0x42, 0x3a, 
    0x41, 0x3a, 0x41, 0x3a, 0x42, 0x42, 0xa6, 0x62, 0xa8, 0x7a, 0x89, 0x8a, 
    0x08, 0x92, 0xc9, 0x91, 0xa9, 0x91, 0x89, 0x99, 0x89, 0xa1, 0x08, 0xa1, 
    0x86, 0x98, 0x25, 0x98, 0x04, 0x98, 0x66, 0xb0, 0xad, 0xd1, 0xb1, 0xe2, 
    0x33, 0xe3, 0x33, 0xe3, 0x53, 0xe3, 0x73, 0xe3, 0x93, 0xe3, 0x93, 0xdb, 
    0xb3, 0xdb, 0xb2, 0xdb, 0x71, 0xdb, 0x50, 0xdb, 0xce, 0xca, 0x0b, 0xc2, 
    0x09, 0xb1, 0x67, 0xa8, 0x47, 0xa8, 0x06, 0xa8, 0x06, 0xa8, 0x48, 0xb0, 
    0x48, 0xb0, 0x68, 0xb0, 0x8a, 0xb8, 0x8a, 0xb8, 0x8b, 0xc0, 0xec, 0xd0, 
    0xec, 0xd0, 0xed, 0xd0, 0xec, 0xd0, 0x2d, 0xd9, 0x2d, 0xd9, 0x4d, 0xd1, 
    0x0c, 0xc2, 0x2a, 0xab, 0x26, 0x8c, 0xa6, 0x8c, 0xe5, 0x8b, 0x85, 0x93, 
    0x2a, 0xac, 0x11, 0xbd, 0xe9, 0x5a, 0xe0, 0x08, 0xe0, 0x00, 0xe0, 0x00, 
    0xe0, 0x00, 0xe0, 0x08, 0xe0, 0x08, 0xc0, 0x18, 0x25, 0x49, 0x26, 0x61, 
    0xe6, 0x68, 0xc6, 0x70, 0xa6, 0x70, 0xc6, 0x78, 0x06, 0x69, 0x25, 0x51, 
    0x04, 0x39, 0xe2, 0x28, 0xe1, 0x10, 0xe0, 0x08, 0x20, 0x11, 0x80, 0x19, 
    0xa0, 0x21, 0x20, 0x09, 0x20, 0x09, 0x20, 0x09, 0x20, 0x09, 0x00, 0x11, 
    0xe0, 0x18, 0xe0, 0x20, 0xc0, 0x28, 0xa0, 0x30, 0x81, 0x38, 0x61, 0x48, 
    0x42, 0x48, 0x22, 0x48, 0x22, 0x48, 0x23, 0x48, 0x23, 0x48, 0x23, 0x48, 
    0x23, 0x48, 0x03, 0x48, 0x23, 0x48, 0x23, 0x48, 0x23, 0x48, 0x03, 0x48, 
    0x03, 0x48, 0x02, 0x48, 0x02, 0x48, 0x02, 0x48, 0x03, 0x48, 0x02, 0x48, 
    0x02, 0x48, 0x03, 0x40, 0x02, 0x48, 0x02, 0x48, 0x02, 0x48, 0x02, 0x48, 
    0x02, 0x48, 0x02, 0x40, 0x02, 0x40, 0x02, 0x40, 0x02, 0x40, 0x02, 0x40, 
    0x02, 0x40, 0x02, 0x40, 0x02, 0x40, 0x02, 0x40, 0x02, 0x40, 0x02, 0x40, 
    0x02, 0x40, 0x02, 0x40, 0x02, 0x40, 0x02, 0x40, 0x02, 0x40, 0x02, 0x40, 
    0x02, 0x40, 0x02, 0x40, 0x02, 0x40, 0x02, 0x40, 0x02, 0x40, 0x02, 0x40, 
    0x02, 0x40, 0x02, 0x40, 0x02, 0x40, 0x02, 0x40, 0x02, 0x40, 0x02, 0x40, 
    0x02, 0x40, 0x03, 0x40, 0x02, 0x40, 0x02, 0x48, 0x03, 0x48, 0x03, 0x48, 
    0x23, 0x50, 0x23, 0x50, 0x23, 0x50, 0x23, 0x48, 0x23, 0x50, 0x23, 0x50, 
    0x23, 0x50, 0x23, 0x50, 0x23, 0x50, 0x23, 0x50, 0x23, 0x50, 0x23, 0x50, 
    0x23, 0x50, 0x23, 0x50, 0x23, 0x50, 0x23, 0x50, 0x23, 0x50, 0x23, 0x50, 
    0x23, 0x50, 0x23, 0x50, 0x23, 0x50, 0x23, 0x50, 0x23, 0x50, 0x23, 0x50, 
    0x23, 0x50, 0x23, 0x48, 0x23, 0x50, 0x23, 0x50, 0x23, 0x50, 0x23, 0x50, 
    0x23, 0x50, 0x23, 0x48, 0x23, 0x50, 0x23, 0x48, 0x23, 0x48, 0x23, 0x48, 
    0x23, 0x48, 0x23, 0x48, 0x22, 0x50, 0x42, 0x50, 0x62, 0x50, 0xc3, 0x50, 
    0xe2, 0x48, 0x23, 0x49, 0x63, 0x49, 0xa3, 0x51, 0xc3, 0x49, 0x03, 0x52, 
    0x43, 0x52, 0x84, 0x52, 0xa4, 0x52, 0xe5, 0x52, 0x05, 0x53, 0x25, 0x53, 
    0x44, 0x53, 0x44, 0x53, 0x65, 0x53, 0x44, 0x53, 0x44, 0x53, 0x44, 0x4b, 
    0x44, 0x4b, 0x44, 0x43, 0x44, 0x43, 0x64, 0x4b, 0x64, 0x4b, 0x64, 0x4b, 
    0x85, 0x4b, 0x85, 0x4b, 0xa5, 0x4b, 0xa5, 0x53, 0xc5, 0x53, 0x85, 0x53, 
    0x85, 0x53, 0x85, 0x53, 0x85, 0x53, 0x65, 0x4b, 0x44, 0x4b, 0x24, 0x4b, 
    0x24, 0x4b, 0x24, 0x43, 0x03, 0x43, 0xe3, 0x42, 0xe3, 0x42, 0xc3, 0x42, 
    0xc3, 0x42, 0xc3, 0x42, 0xa3, 0x42, 0xa3, 0x42, 0x82, 0x42, 0x62, 0x42, 
    0x62, 0x42, 0x81, 0x3a, 0x80, 0x42, 0x80, 0x42, 0xa0, 0x4a, 0xc2, 0x5a, 
    0x84, 0x6a, 0xa7, 0x7a, 0x87, 0x7a, 0x27, 0x7a, 0xe8, 0x89, 0x68, 0x99, 
    0xe7, 0xa0, 0xc8, 0xb0, 0x4a, 0xc9, 0x4f, 0xda, 0xd1, 0xda, 0x32, 0xe3, 
    0x12, 0xdb, 0x33, 0xe3, 0x53, 0xdb, 0x93, 0xdb, 0x73, 0xdb, 0xb3, 0xdb, 
    0xf3, 0xd3, 0x14, 0xdc, 0xf3, 0xd3, 0xf2, 0xcb, 0xb0, 0xbb, 0x4e, 0xab, 
    0x8c, 0x9a, 0xe9, 0x89, 0x46, 0x81, 0xe5, 0x88, 0xc6, 0x90, 0xa7, 0x98, 
    0xc8, 0xa0, 0xc9, 0xa8, 0xc9, 0xb0, 0xca, 0xb0, 0x0a, 0xb1, 0x4b, 0xb1, 
    0x6b, 0xb9, 0x8b, 0xb1, 0xa8, 0xa1, 0xc6, 0x89, 0x25, 0x82, 0xc3, 0x59, 
    0x06, 0x7c, 0xc4, 0x7c, 0xa3, 0x7c, 0xa5, 0x84, 0x88, 0xa4, 0xe8, 0xa3, 
    0xce, 0xbc, 0x53, 0xbd, 0x46, 0x3a, 0xe0, 0x00, 0xe0, 0x00, 0xe0, 0x00, 
    0xe0, 0x00, 0x00, 0x01, 0xe0, 0x00, 0xe0, 0x00, 0xe0, 0x08, 0xe0, 0x08, 
    0xe0, 0x08, 0xc0, 0x08, 0xc0, 0x08, 0xc0, 0x08, 0xc0, 0x08, 0xe0, 0x08, 
    0xe0, 0x08, 0xe0, 0x08, 0x00, 0x09, 0x00, 0x09, 0x20, 0x09, 0x40, 0x11, 
    0x40, 0x11, 0x20, 0x01, 0x20, 0x09, 0x20, 0x09, 0x20, 0x09, 0x00, 0x11, 
    0xe0, 0x18, 0xe0, 0x20, 0xa0, 0x28, 0xa1, 0x30, 0x81, 0x40, 0x42, 0x48, 
    0x22, 0x48, 0x23, 0x48, 0x23, 0x48, 0x03, 0x48, 0x23, 0x48, 0x23, 0x48, 
    0x03, 0x48, 0x03, 0x48, 0x23, 0x48, 0x23, 0x48, 0x23, 0x48, 0x02, 0x48, 
    0x03, 0x48, 0x02, 0x48, 0x02, 0x48, 0x23, 0x48, 0x02, 0x48, 0x02, 0x48, 
    0x02, 0x48, 0x03, 0x48, 0x02, 0x40, 0x02, 0x48, 0x02, 0x40, 0x02, 0x40, 
    0x02, 0x40, 0x02, 0x40, 0x22, 0x40, 0x02, 0x40, 0x02, 0x40, 0x02, 0x40, 
    0x02, 0x40, 0x02, 0x40, 0x02, 0x40, 0x02, 0x40, 0x02, 0x40, 0x02, 0x40, 
    0x02, 0x40, 0x02, 0x40, 0x02, 0x40, 0x02, 0x40, 0x02, 0x40, 0x02, 0x40, 
    0x02, 0x40, 0x02, 0x40, 0x02, 0x40, 0x02, 0x40, 0x02, 0x40, 0x02, 0x40, 
    0x02, 0x40, 0x02, 0x40, 0x02, 0x40, 0x02, 0x40, 0x02, 0x40, 0x02, 0x40, 
    0x02, 0x40, 0x02, 0x40, 0x02, 0x40, 0x03, 0x40, 0x02, 0x40, 0x02, 0x48, 
    0x23, 0x48, 0x23, 0x48, 0x23, 0x48, 0x23, 0x50, 0x23, 0x50, 0x23, 0x50, 
    0x23, 0x50, 0x23, 0x50, 0x23, 0x50, 0x23, 0x50, 0x23, 0x50, 0x23, 0x50, 
    0x23, 0x50, 0x23, 0x50, 0x23, 0x50, 0x23, 0x50, 0x23, 0x50, 0x23, 0x50, 
    0x23, 0x50, 0x23, 0x50, 0x23, 0x50, 0x23, 0x50, 0x23, 0x50, 0x23, 0x48, 
    0x23, 0x50, 0x23, 0x48, 0x23, 0x50, 0x23, 0x50, 0x23, 0x50, 0x23, 0x50, 
    0x23, 0x48, 0x23, 0x48, 0x23, 0x50, 0x23, 0x48, 0x23, 0x48, 0x23, 0x48, 
    0x23, 0x48, 0x23, 0x50, 0x23, 0x50, 0x23, 0x50, 0x43, 0x50, 0x62, 0x50, 
    0x82, 0x50, 0xe3, 0x50, 0x23, 0x49, 0x43, 0x49, 0x83, 0x49, 0xe3, 0x51, 
    0x03, 0x52, 0x43, 0x52, 0x84, 0x52, 0xc5, 0x52, 0xe5, 0x52, 0x05, 0x53, 
    0x45, 0x5b, 0x45, 0x53, 0x45, 0x53, 0x44, 0x4b, 0x04, 0x4b, 0x04, 0x43, 
    0x03, 0x43, 0xe3, 0x3a, 0x03, 0x43, 0x03, 0x43, 0x03, 0x43, 0x44, 0x4b, 
    0x44, 0x4b, 0x64, 0x4b, 0x85, 0x4b, 0x85, 0x53, 0x85, 0x53, 0x85, 0x53, 
    0x85, 0x53, 0x85, 0x53, 0x65, 0x53, 0x64, 0x4b, 0x44, 0x53, 0x44, 0x4b, 
    0x24, 0x4b, 0x04, 0x4b, 0x04, 0x4b, 0xe3, 0x42, 0xe3, 0x42, 0xe3, 0x42, 
    0xc3, 0x42, 0xc3, 0x42, 0xc3, 0x42, 0xa3, 0x42, 0xa2, 0x42, 0x82, 0x42, 
    0x82, 0x42, 0x81, 0x42, 0xa1, 0x42, 0xc0, 0x4a, 0xc0, 0x4a, 0xc0, 0x4a, 
    0xe0, 0x4a, 0xc0, 0x52, 0x61, 0x52, 0xc3, 0x71, 0x24, 0x89, 0x08, 0xb1, 
    0x8c, 0xc9, 0xee, 0xc9, 0x2f, 0xd2, 0x70, 0xca, 0xb0, 0xd2, 0xb0, 0xca, 
    0xf1, 0xca, 0xf1, 0xca, 0x11, 0xcb, 0x32, 0xcb, 0x51, 0xc3, 0x51, 0xc3, 
    0x30, 0xbb, 0x50, 0xbb, 0x70, 0xb3, 0x4f, 0xab, 0x8b, 0x9a, 0xc8, 0x81, 
    0x65, 0x61, 0x64, 0x59, 0x63, 0x59, 0x62, 0x59, 0x82, 0x59, 0xa2, 0x59, 
    0xa2, 0x59, 0x62, 0x51, 0x62, 0x59, 0x61, 0x51, 0x60, 0x51, 0x80, 0x49, 
    0x60, 0x49, 0xa0, 0x41, 0x00, 0x4a, 0x00, 0x5b, 0x85, 0x7c, 0xa5, 0x84, 
    0xa4, 0x84, 0x03, 0x85, 0xc3, 0x7c, 0xa4, 0x7c, 0x2a, 0xa5, 0x6f, 0xc5, 
    0x92, 0xcd, 0x91, 0x94, 0xc0, 0x00, 0xe0, 0x00, 0xe0, 0x00, 0xe0, 0x00, 
    0xe0, 0x00, 0x00, 0x01, 0x00, 0x01, 0x00, 0x01, 0x00, 0x01, 0x00, 0x09, 
    0xe0, 0x00, 0xe0, 0x00, 0xe0, 0x08, 0xe0, 0x00, 0xe0, 0x08, 0xe0, 0x00, 
    0x00, 0x01, 0x00, 0x01, 0x00, 0x09, 0x20, 0x09, 0x20, 0x01, 0x20, 0x09, 
    0x20, 0x09, 0x20, 0x09, 0x20, 0x09, 0x20, 0x09, 0x20, 0x11, 0x00, 0x19, 
    0xe0, 0x20, 0xc0, 0x28, 0xa0, 0x30, 0x81, 0x30, 0x61, 0x40, 0x22, 0x48, 
    0x23, 0x48, 0x23, 0x48, 0x03, 0x48, 0x03, 0x48, 0x23, 0x48, 0x23, 0x48, 
    0x03, 0x48, 0x03, 0x48, 0x02, 0x48, 0x03, 0x48, 0x02, 0x48, 0x03, 0x48, 
    0x03, 0x48, 0x02, 0x48, 0x02, 0x48, 0x02, 0x48, 0x22, 0x48, 0x02, 0x48, 
    0x02, 0x48, 0x03, 0x40, 0x03, 0x48, 0x02, 0x40, 0x02, 0x40, 0x02, 0x40, 
    0x02, 0x40, 0x02, 0x40, 0x02, 0x40, 0x02, 0x40, 0x02, 0x40, 0x02, 0x40, 
    0x02, 0x40, 0x02, 0x40, 0x02, 0x40, 0x02, 0x40, 0x02, 0x40, 0x02, 0x40, 
    0x02, 0x40, 0x02, 0x40, 0x03, 0x40, 0x02, 0x40, 0x02, 0x40, 0x02, 0x40, 
    0x02, 0x40, 0x02, 0x40, 0x02, 0x40, 0x02, 0x40, 0x02, 0x40, 0x02, 0x40, 
    0x02, 0x40, 0x02, 0x40, 0x02, 0x40, 0x02, 0x40, 0x02, 0x40, 0x02, 0x40, 
    0x02, 0x40, 0x03, 0x40, 0x02, 0x40, 0x02, 0x40, 0x02, 0x40, 0x03, 0x48, 
    0x23, 0x48, 0x23, 0x48, 0x23, 0x48, 0x23, 0x48, 0x23, 0x48, 0x23, 0x50, 
    0x23, 0x48, 0x23, 0x50, 0x23, 0x50, 0x23, 0x50, 0x23, 0x50, 0x23, 0x50, 
    0x23, 0x50, 0x03, 0x50, 0x23, 0x50, 0x23, 0x50, 0x23, 0x50, 0x23, 0x50, 
    0x23, 0x50, 0x23, 0x50, 0x23, 0x50, 0x23, 0x50, 0x23, 0x50, 0x23, 0x50, 
    0x23, 0x50, 0x23, 0x48, 0x23, 0x50, 0x23, 0x50, 0x23, 0x50, 0x23, 0x48, 
    0x23, 0x50, 0x23, 0x48, 0x23, 0x48, 0x23, 0x48, 0x23, 0x48, 0x23, 0x48, 
    0x23, 0x48, 0x23, 0x48, 0x23, 0x48, 0x23, 0x48, 0x23, 0x48, 0x23, 0x48, 
    0x62, 0x50, 0xa2, 0x50, 0xe3, 0x48, 0x23, 0x49, 0x63, 0x51, 0xa3, 0x51, 
    0xe3, 0x51, 0x23, 0x52, 0x84, 0x52, 0xc4, 0x52, 0xe5, 0x52, 0x05, 0x53, 
    0x25, 0x53, 0x45, 0x5b, 0x24, 0x53, 0x04, 0x4b, 0xe3, 0x42, 0xe3, 0x42, 
    0xc3, 0x3a, 0xa2, 0x32, 0xa2, 0x32, 0xa2, 0x3a, 0xc3, 0x3a, 0xc3, 0x3a, 
    0xe3, 0x3a, 0x03, 0x43, 0x24, 0x43, 0x44, 0x4b, 0x44, 0x4b, 0x64, 0x4b, 
    0x85, 0x4b, 0x65, 0x53, 0x44, 0x4b, 0x44, 0x4b, 0x24, 0x4b, 0x24, 0x4b, 
    0x24, 0x4b, 0x04, 0x4b, 0x04, 0x4b, 0xe3, 0x4a, 0xe3, 0x4a, 0xe3, 0x4a, 
    0xe3, 0x4a, 0xe3, 0x4a, 0xc3, 0x4a, 0xc3, 0x4a, 0xc3, 0x4a, 0xa3, 0x42, 
    0xa2, 0x42, 0xa2, 0x4a, 0xc1, 0x4a, 0xe0, 0x4a, 0xe0, 0x52, 0x00, 0x53, 
    0x00, 0x53, 0xe1, 0x52, 0xa1, 0x5a, 0xc6, 0x81, 0xcb, 0xb9, 0x6e, 0xca, 
    0xaf, 0xca, 0xf0, 0xca, 0xf0, 0xca, 0xd0, 0xc2, 0xf0, 0xc2, 0xf0, 0xba, 
    0xcf, 0xba, 0xf0, 0xba, 0xef, 0xba, 0xef, 0xba, 0x0f, 0xb3, 0x2f, 0xb3, 
    0x2f, 0xab, 0xee, 0xa2, 0xcc, 0x92, 0x8a, 0x8a, 0x07, 0x72, 0x64, 0x59, 
    0x63, 0x59, 0x62, 0x51, 0x81, 0x51, 0x80, 0x49, 0x80, 0x49, 0x80, 0x41, 
    0x80, 0x41, 0x80, 0x41, 0xa0, 0x39, 0xa0, 0x39, 0xc0, 0x39, 0x00, 0x3a, 
    0x20, 0x3a, 0xa0, 0x42, 0xc0, 0x4a, 0x63, 0x74, 0xc4, 0x7c, 0xc2, 0x74, 
    0x02, 0x7d, 0xc1, 0x74, 0xa2, 0x74, 0xa3, 0x7c, 0xc7, 0x84, 0xcb, 0x8c, 
    0x0c, 0x7c, 0xc4, 0x21, 0xc0, 0x00, 0xe0, 0x00, 0xe0, 0x00, 0xe0, 0x00, 
    0xe0, 0x00, 0x00, 0x01, 0x00, 0x01, 0x00, 0x01, 0x00, 0x01, 0x00, 0x01, 
    0xe0, 0x00, 0xe0, 0x00, 0xe0, 0x08, 0xe0, 0x00, 0xe0, 0x00, 0x00, 0x01, 
    0x00, 0x01, 0x20, 0x09, 0x20, 0x09, 0x20, 0x09, 0x20, 0x09, 0x20, 0x09, 
    0x20, 0x09, 0x20, 0x09, 0x20, 0x09, 0x20, 0x09, 0x20, 0x11, 0x00, 0x19, 
    0xe0, 0x20, 0xc0, 0x28, 0xa0, 0x30, 0x61, 0x38, 0x42, 0x40, 0x42, 0x48, 
    0x23, 0x48, 0x23, 0x48, 0x23, 0x48, 0x23, 0x48, 0x23, 0x48, 0x03, 0x48, 
    0x03, 0x48, 0x03, 0x48, 0x03, 0x48, 0x03, 0x48, 0x02, 0x48, 0x02, 0x48, 
    0x02, 0x48, 0x02, 0x48, 0x02, 0x48, 0x02, 0x48, 0x02, 0x40, 0x02, 0x40, 
    0x02, 0x40, 0x02, 0x40, 0x02, 0x40, 0x02, 0x40, 0x02, 0x40, 0x02, 0x40, 
    0x02, 0x40, 0x02, 0x40, 0x02, 0x40, 0x02, 0x40, 0x02, 0x40, 0x02, 0x40, 
    0x02, 0x40, 0x02, 0x40, 0x02, 0x40, 0x02, 0x40, 0x02, 0x40, 0x02, 0x40, 
    0x02, 0x40, 0x02, 0x40, 0x02, 0x40, 0x02, 0x40, 0x02, 0x40, 0x02, 0x40, 
    0x02, 0x40, 0x02, 0x40, 0x02, 0x40, 0x02, 0x40, 0x02, 0x40, 0x02, 0x40, 
    0x02, 0x40, 0x02, 0x40, 0x02, 0x40, 0x02, 0x40, 0x02, 0x40, 0x02, 0x40, 
    0x02, 0x40, 0x02, 0x40, 0x02, 0x40, 0x02, 0x40, 0x02, 0x40, 0x02, 0x48, 
    0x23, 0x50, 0x23, 0x48, 0x23, 0x48, 0x23, 0x48, 0x23, 0x50, 0x03, 0x48, 
    0x23, 0x48, 0x23, 0x48, 0x23, 0x48, 0x23, 0x50, 0x23, 0x50, 0x23, 0x50, 
    0x23, 0x50, 0x23, 0x50, 0x23, 0x50, 0x23, 0x50, 0x23, 0x50, 0x23, 0x50, 
    0x23, 0x50, 0x23, 0x50, 0x23, 0x50, 0x23, 0x50, 0x23, 0x50, 0x23, 0x50, 
    0x23, 0x50, 0x23, 0x50, 0x23, 0x48, 0x23, 0x50, 0x23, 0x48, 0x23, 0x50, 
    0x23, 0x50, 0x23, 0x50, 0x23, 0x48, 0x23, 0x48, 0x23, 0x50, 0x23, 0x48, 
    0x23, 0x48, 0x23, 0x48, 0x22, 0x48, 0x23, 0x48, 0x23, 0x48, 0x43, 0x50, 
    0x62, 0x50, 0x82, 0x50, 0xe3, 0x50, 0x23, 0x49, 0x63, 0x51, 0xa3, 0x51, 
    0xe3, 0x51, 0x43, 0x5a, 0x84, 0x5a, 0xc4, 0x5a, 0xe5, 0x5a, 0x25, 0x5b, 
    0x25, 0x5b, 0x25, 0x5b, 0x04, 0x53, 0xc3, 0x4a, 0xa3, 0x42, 0x82, 0x3a, 
    0x61, 0x32, 0x41, 0x2a, 0x21, 0x2a, 0x21, 0x2a, 0x41, 0x2a, 0x62, 0x32, 
    0xa2, 0x32, 0xc2, 0x3a, 0xe3, 0x3a, 0x04, 0x43, 0x44, 0x4b, 0x44, 0x4b, 
    0x44, 0x4b, 0x64, 0x53, 0x64, 0x53, 0x44, 0x4b, 0x24, 0x4b, 0x24, 0x4b, 
    0x04, 0x4b, 0x04, 0x4b, 0x04, 0x4b, 0xe3, 0x4a, 0xe3, 0x4a, 0xe3, 0x4a, 
    0xe3, 0x4a, 0xe3, 0x4a, 0xe3, 0x4a, 0xe3, 0x4a, 0xc3, 0x4a, 0xc3, 0x4a, 
    0xa2, 0x4a, 0xc2, 0x4a, 0xe1, 0x4a, 0x01, 0x53, 0x20, 0x53, 0x21, 0x53, 
    0x21, 0x5b, 0x01, 0x5b, 0xc1, 0x52, 0x43, 0x5a, 0x09, 0x8a, 0x6d, 0xaa, 
    0xae, 0xba, 0xae, 0xb2, 0x8e, 0xb2, 0xae, 0xb2, 0xae, 0xaa, 0xee, 0xaa, 
    0xee, 0xa2, 0xed, 0xa2, 0xed, 0x9a, 0x0c, 0x9b, 0xed, 0x9a, 0xec, 0x92, 
    0xaa, 0x8a, 0x27, 0x6a, 0xc4, 0x59, 0xa2, 0x49, 0x81, 0x41, 0x81, 0x39, 
    0x80, 0x39, 0x80, 0x39, 0x80, 0x31, 0x80, 0x31, 0x80, 0x29, 0xa0, 0x29, 
    0xa0, 0x31, 0xe0, 0x31, 0x00, 0x32, 0x00, 0x32, 0x20, 0x32, 0x80, 0x42, 
    0x60, 0x5b, 0xe1, 0x63, 0xe1, 0x63, 0xe3, 0x7c, 0xc2, 0x74, 0xe1, 0x7c, 
    0xe1, 0x7c, 0xe2, 0x7c, 0xe2, 0x7c, 0xa3, 0x7c, 0x24, 0x6c, 0x84, 0x3a, 
    0x21, 0x09, 0xc0, 0x00, 0xc0, 0x00, 0xe0, 0x00, 0xe0, 0x00, 0xe0, 0x00, 
    0xe0, 0x00, 0x00, 0x01, 0x00, 0x01, 0xe0, 0x08, 0xe0, 0x00, 0x00, 0x01, 
    0xe0, 0x00, 0xe0, 0x00, 0xe0, 0x00, 0xe0, 0x00, 0xe0, 0x08, 0x00, 0x01, 
    0x00, 0x01, 0x20, 0x09, 0x20, 0x09, 0x20, 0x09, 0x40, 0x09, 0x40, 0x09, 
    0x40, 0x01, 0x40, 0x09, 0x40, 0x09, 0x20, 0x11, 0x20, 0x19, 0x00, 0x19, 
    0xe0, 0x28, 0xc0, 0x30, 0x80, 0x30, 0x61, 0x38, 0x42, 0x48, 0x22, 0x48, 
    0x23, 0x48, 0x23, 0x48, 0x03, 0x48, 0x23, 0x48, 0x22, 0x48, 0x23, 0x48, 
    0x03, 0x48, 0x03, 0x48, 0x22, 0x48, 0x02, 0x48, 0x02, 0x48, 0x02, 0x48, 
    0x03, 0x48, 0x03, 0x48, 0x02, 0x48, 0x02, 0x40, 0x02, 0x40, 0x02, 0x40, 
    0x02, 0x40, 0x02, 0x40, 0x02, 0x40, 0x02, 0x40, 0x02, 0x40, 0x02, 0x40, 
    0x02, 0x40, 0x02, 0x40, 0x02, 0x40, 0x02, 0x40, 0x02, 0x40, 0x02, 0x40, 
    0x02, 0x40, 0x02, 0x40, 0x02, 0x40, 0x02, 0x40, 0x02, 0x40, 0x02, 0x40, 
    0x02, 0x40, 0x02, 0x40, 0x02, 0x40, 0x02, 0x40, 0x02, 0x40, 0x02, 0x40, 
    0x02, 0x40, 0x02, 0x40, 0x02, 0x40, 0x02, 0x40, 0x02, 0x40, 0x02, 0x40, 
    0x02, 0x40, 0x02, 0x40, 0x02, 0x40, 0x02, 0x40, 0x02, 0x40, 0x02, 0x40, 
    0x02, 0x40, 0x02, 0x40, 0x02, 0x40, 0x03, 0x40, 0x02, 0x40, 0x02, 0x40, 
    0x23, 0x48, 0x23, 0x48, 0x23, 0x48, 0x23, 0x48, 0x23, 0x48, 0x23, 0x48, 
    0x23, 0x48, 0x23, 0x48, 0x23, 0x48, 0x23, 0x48, 0x23, 0x50, 0x23, 0x50, 
    0x23, 0x50, 0x23, 0x50, 0x23, 0x50, 0x23, 0x50, 0x23, 0x50, 0x23, 0x50, 
    0x23, 0x50, 0x23, 0x50, 0x23, 0x50, 0x23, 0x50, 0x23, 0x50, 0x23, 0x50, 
    0x23, 0x50, 0x23, 0x48, 0x23, 0x50, 0x23, 0x50, 0x23, 0x50, 0x23, 0x50, 
    0x23, 0x48, 0x23, 0x50, 0x23, 0x48, 0x23, 0x50, 0x23, 0x50, 0x23, 0x48, 
    0x03, 0x48, 0x23, 0x48, 0x23, 0x48, 0x43, 0x48, 0x63, 0x50, 0x62, 0x50, 
    0x83, 0x50, 0xc3, 0x50, 0x03, 0x51, 0x43, 0x51, 0x83, 0x51, 0xc4, 0x51, 
    0x04, 0x5a, 0x44, 0x5a, 0x84, 0x5a, 0xc5, 0x5a, 0xe5, 0x5a, 0x26, 0x5b, 
    0x26, 0x5b, 0x25, 0x5b, 0xe4, 0x4a, 0xc3, 0x42, 0x62, 0x3a, 0x41, 0x32, 
    0x00, 0x2a, 0xe0, 0x21, 0xc0, 0x19, 0xc0, 0x21, 0xc0, 0x19, 0xe1, 0x19, 
    0x21, 0x22, 0x41, 0x2a, 0x82, 0x32, 0xa2, 0x3a, 0xe3, 0x42, 0x03, 0x43, 
    0x24, 0x4b, 0x24, 0x4b, 0x24, 0x4b, 0x44, 0x53, 0x44, 0x53, 0x24, 0x53, 
    0x04, 0x4b, 0x04, 0x4b, 0x04, 0x4b, 0x04, 0x4b, 0xe4, 0x4a, 0x03, 0x4b, 
    0xe4, 0x4a, 0xe3, 0x4a, 0xe3, 0x4a, 0xe3, 0x4a, 0xe4, 0x4a, 0xc3, 0x4a, 
    0xc3, 0x4a, 0xe2, 0x4a, 0x22, 0x53, 0x21, 0x5b, 0x41, 0x5b, 0x21, 0x5b, 
    0x41, 0x5b, 0x21, 0x5b, 0xc2, 0x52, 0xa2, 0x52, 0x62, 0x52, 0x24, 0x5a, 
    0x25, 0x62, 0x25, 0x62, 0x04, 0x5a, 0xe3, 0x51, 0x03, 0x4a, 0x03, 0x4a, 
    0x02, 0x42, 0xe1, 0x39, 0xe1, 0x39, 0xc0, 0x31, 0xc0, 0x31, 0xc0, 0x39, 
    0xa0, 0x39, 0x60, 0x31, 0x80, 0x31, 0xa0, 0x31, 0x80, 0x31, 0x80, 0x29, 
    0xa0, 0x29, 0xa0, 0x29, 0xc0, 0x31, 0xa0, 0x29, 0xa0, 0x29, 0xc0, 0x29, 
    0xc0, 0x31, 0x00, 0x32, 0x00, 0x32, 0x00, 0x32, 0x80, 0x21, 0x81, 0x3a, 
    0x02, 0x64, 0x62, 0x6c, 0x61, 0x6c, 0x43, 0x7d, 0x01, 0x7d, 0x21, 0x7d, 
    0xe1, 0x7c, 0x22, 0x7d, 0xa1, 0x6c, 0x03, 0x5c, 0x01, 0x22, 0xc0, 0x00, 
    0xc0, 0x00, 0xc0, 0x00, 0xc0, 0x00, 0xc0, 0x00, 0xe0, 0x00, 0xe0, 0x00, 
    0xe0, 0x00, 0x00, 0x01, 0x00, 0x01, 0x00, 0x01, 0xe0, 0x00, 0x00, 0x01, 
    0x00, 0x01, 0xe0, 0x00, 0xe0, 0x00, 0xe0, 0x08, 0xe0, 0x08, 0x00, 0x01, 
    0x00, 0x01, 0x20, 0x09, 0x20, 0x01, 0x20, 0x01, 0x20, 0x09, 0x40, 0x09, 
    0x40, 0x01, 0x40, 0x09, 0x20, 0x09, 0x20, 0x11, 0x00, 0x19, 0xe0, 0x20, 
    0xc0, 0x28, 0xa0, 0x30, 0x60, 0x38, 0x41, 0x40, 0x42, 0x48, 0x22, 0x48, 
    0x03, 0x48, 0x03, 0x48, 0x23, 0x48, 0x23, 0x48, 0x03, 0x48, 0x03, 0x48, 
    0x23, 0x48, 0x02, 0x48, 0x22, 0x48, 0x23, 0x48, 0x02, 0x48, 0x03, 0x48, 
    0x02, 0x48, 0x03, 0x48, 0x02, 0x48, 0x02, 0x48, 0x02, 0x48, 0x02, 0x40, 
    0x02, 0x40, 0x02, 0x40, 0x02, 0x40, 0x02, 0x40, 0x03, 0x40, 0x02, 0x40, 
    0x02, 0x40, 0x02, 0x40, 0x02, 0x40, 0x02, 0x40, 0x02, 0x40, 0x02, 0x40, 
    0x02, 0x40, 0x02, 0x40, 0x02, 0x40, 0x02, 0x40, 0x02, 0x40, 0x02, 0x40, 
    0x02, 0x40, 0x02, 0x40, 0x02, 0x40, 0x02, 0x40, 0x02, 0x40, 0x02, 0x40, 
    0x02, 0x40, 0x02, 0x40, 0x02, 0x40, 0x02, 0x40, 0x02, 0x40, 0x02, 0x40, 
    0x02, 0x40, 0x02, 0x40, 0x02, 0x40, 0x02, 0x40, 0x02, 0x40, 0x02, 0x40, 
    0x02, 0x40, 0x02, 0x40, 0x02, 0x40, 0x03, 0x48, 0x02, 0x48, 0x02, 0x40, 
    0x23, 0x48, 0x23, 0x48, 0x23, 0x48, 0x23, 0x48, 0x23, 0x48, 0x23, 0x48, 
    0x23, 0x48, 0x23, 0x48, 0x23, 0x48, 0x23, 0x50, 0x23, 0x50, 0x23, 0x50, 
    0x23, 0x50, 0x23, 0x50, 0x23, 0x50, 0x23, 0x50, 0x23, 0x50, 0x23, 0x50, 
    0x23, 0x50, 0x23, 0x50, 0x23, 0x50, 0x23, 0x50, 0x23, 0x50, 0x23, 0x50, 
    0x23, 0x50, 0x23, 0x50, 0x23, 0x50, 0x23, 0x50, 0x23, 0x48, 0x23, 0x50, 
    0x23, 0x50, 0x23, 0x50, 0x23, 0x48, 0x23, 0x48, 0x23, 0x48, 0x23, 0x48, 
    0x23, 0x48, 0x23, 0x48, 0x43, 0x50, 0x83, 0x50, 0xa3, 0x50, 0xc3, 0x50, 
    0xe3, 0x58, 0x24, 0x51, 0x64, 0x51, 0x84, 0x59, 0xa4, 0x59, 0xe4, 0x59, 
    0x24, 0x5a, 0x64, 0x62, 0xa4, 0x62, 0xe5, 0x5a, 0x26, 0x63, 0x46, 0x63, 
    0x46, 0x5b, 0x25, 0x5b, 0xe4, 0x52, 0xa3, 0x42, 0x42, 0x3a, 0x20, 0x2a, 
    0xc0, 0x21, 0x80, 0x19, 0x40, 0x11, 0x40, 0x11, 0x60, 0x11, 0x80, 0x11, 
    0xc0, 0x19, 0xe0, 0x21, 0x21, 0x2a, 0x61, 0x32, 0xa2, 0x3a, 0xc2, 0x3a, 
    0xe3, 0x42, 0x03, 0x4b, 0x24, 0x4b, 0x24, 0x4b, 0x24, 0x4b, 0x24, 0x53, 
    0x04, 0x53, 0x04, 0x4b, 0x04, 0x53, 0xe3, 0x4a, 0x04, 0x4b, 0xe3, 0x4a, 
    0xe4, 0x4a, 0xe4, 0x52, 0xe4, 0x52, 0xe4, 0x52, 0xe4, 0x4a, 0xe4, 0x52, 
    0xe3, 0x52, 0xe2, 0x52, 0x22, 0x53, 0x42, 0x5b, 0x41, 0x5b, 0x61, 0x63, 
    0x41, 0x63, 0x22, 0x5b, 0xe2, 0x5a, 0xa2, 0x52, 0x62, 0x52, 0x41, 0x52, 
    0x42, 0x52, 0x22, 0x52, 0x22, 0x4a, 0x21, 0x42, 0x21, 0x42, 0x21, 0x42, 
    0x20, 0x3a, 0x00, 0x32, 0xe0, 0x31, 0xc0, 0x29, 0xc0, 0x29, 0xe0, 0x31, 
    0x00, 0x3a, 0xe0, 0x39, 0xc0, 0x31, 0xc0, 0x31, 0xc0, 0x31, 0xa0, 0x31, 
    0xa0, 0x31, 0xc0, 0x31, 0xe0, 0x31, 0xc0, 0x31, 0xc0, 0x31, 0xa0, 0x29, 
    0xc0, 0x31, 0x00, 0x32, 0x60, 0x3a, 0xe1, 0x4a, 0x00, 0x11, 0x40, 0x19, 
    0x61, 0x53, 0xc1, 0x5b, 0x00, 0x64, 0xc1, 0x74, 0x01, 0x7d, 0xe0, 0x7c, 
    0x22, 0x7d, 0xc2, 0x6c, 0x41, 0x3b, 0x81, 0x11, 0xc0, 0x00, 0xa0, 0x00, 
    0xa0, 0x00, 0xc0, 0x00, 0xc0, 0x00, 0xc0, 0x00, 0xe0, 0x00, 0xe0, 0x00, 
    0xe0, 0x00, 0x00, 0x01, 0x00, 0x01, 0x00, 0x09, 0x00, 0x01, 0x00, 0x01, 
    0xe0, 0x00, 0x00, 0x01, 0xe0, 0x00, 0x00, 0x01, 0x00, 0x01, 0x00, 0x01, 
    0x20, 0x01, 0x20, 0x09, 0x20, 0x01, 0x20, 0x09, 0x40, 0x09, 0x40, 0x09, 
    0x40, 0x09, 0x40, 0x09, 0x40, 0x09, 0x00, 0x19, 0x00, 0x21, 0xe0, 0x28, 
    0xc0, 0x28, 0xa0, 0x30, 0x61, 0x40, 0x41, 0x48, 0x22, 0x48, 0x23, 0x48, 
    0x03, 0x48, 0x03, 0x48, 0x03, 0x48, 0x03, 0x48, 0x03, 0x48, 0x03, 0x48, 
    0x03, 0x48, 0x03, 0x48, 0x02, 0x48, 0x02, 0x48, 0x02, 0x48, 0x02, 0x48, 
    0x03, 0x48, 0x02, 0x40, 0x02, 0x48, 0x02, 0x48, 0x02, 0x40, 0x02, 0x40, 
    0x02, 0x40, 0x02, 0x40, 0x02, 0x40, 0x02, 0x40, 0x03, 0x40, 0x02, 0x40, 
    0x02, 0x40, 0x02, 0x40, 0x03, 0x40, 0x02, 0x40, 0x02, 0x40, 0x02, 0x40, 
    0x02, 0x40, 0x02, 0x40, 0x02, 0x40, 0x02, 0x40, 0x02, 0x40, 0x02, 0x40, 
    0x02, 0x40, 0x02, 0x40, 0x02, 0x40, 0x02, 0x40, 0x02, 0x40, 0x02, 0x40, 
    0x02, 0x40, 0x02, 0x40, 0x02, 0x40, 0x02, 0x40, 0x02, 0x40, 0x02, 0x40, 
    0x02, 0x40, 0x02, 0x40, 0x02, 0x40, 0x02, 0x40, 0x02, 0x40, 0x02, 0x40, 
    0x02, 0x40, 0x02, 0x40, 0x02, 0x40, 0x02, 0x40, 0x02, 0x40, 0x02, 0x40, 
    0x23, 0x48, 0x23, 0x48, 0x23, 0x48, 0x23, 0x48, 0x23, 0x50, 0x23, 0x48, 
    0x23, 0x48, 0x23, 0x48, 0x23, 0x48, 0x23, 0x48, 0x23, 0x50, 0x23, 0x50, 
    0x23, 0x50, 0x23, 0x50, 0x23, 0x48, 0x24, 0x50, 0x23, 0x50, 0x23, 0x50, 
    0x23, 0x50, 0x23, 0x50, 0x23, 0x50, 0x23, 0x50, 0x23, 0x50, 0x23, 0x48, 
    0x23, 0x50, 0x23, 0x50, 0x23, 0x50, 0x23, 0x50, 0x23, 0x50, 0x03, 0x48, 
    0x23, 0x48, 0x23, 0x50, 0x23, 0x48, 0x23, 0x48, 0x23, 0x48, 0x43, 0x48, 
    0x43, 0x50, 0x63, 0x50, 0x83, 0x50, 0xa3, 0x50, 0xe3, 0x58, 0x23, 0x51, 
    0x64, 0x51, 0xa4, 0x59, 0xa4, 0x59, 0xe4, 0x59, 0x05, 0x62, 0x44, 0x62, 
    0x64, 0x62, 0xc5, 0x62, 0xe5, 0x62, 0x05, 0x63, 0x46, 0x63, 0x66, 0x63, 
    0x46, 0x63, 0x25, 0x5b, 0xe4, 0x52, 0x82, 0x42, 0x21, 0x32, 0xe0, 0x21, 
    0x80, 0x19, 0x40, 0x11, 0x00, 0x09, 0x00, 0x09, 0x00, 0x09, 0x00, 0x09, 
    0x60, 0x11, 0x80, 0x19, 0xc0, 0x19, 0x01, 0x22, 0x41, 0x2a, 0x61, 0x32, 
    0xa2, 0x32, 0xe3, 0x42, 0xe3, 0x4a, 0xe3, 0x4a, 0x04, 0x4b, 0x03, 0x4b, 
    0x04, 0x4b, 0xe4, 0x4a, 0x04, 0x53, 0x04, 0x4b, 0x04, 0x4b, 0xe3, 0x4a, 
    0xe3, 0x4a, 0x04, 0x53, 0xe4, 0x52, 0xe4, 0x52, 0xe4, 0x52, 0xe4, 0x52, 
    0xe3, 0x52, 0xe3, 0x52, 0x02, 0x53, 0x42, 0x5b, 0x61, 0x5b, 0x41, 0x5b, 
    0x42, 0x63, 0x01, 0x5b, 0xc2, 0x5a, 0x82, 0x52, 0x42, 0x5a, 0x42, 0x52, 
    0x22, 0x52, 0x22, 0x52, 0x01, 0x4a, 0x01, 0x42, 0x00, 0x3a, 0x00, 0x3a, 
    0xe0, 0x31, 0xe0, 0x31, 0xc0, 0x29, 0xc0, 0x29, 0xc0, 0x29, 0xc0, 0x29, 
    0xc0, 0x29, 0xe0, 0x31, 0xa0, 0x31, 0xa0, 0x31, 0xa0, 0x31, 0xa0, 0x31, 
    0xc0, 0x39, 0xe0, 0x39, 0xe0, 0x39, 0xe0, 0x39, 0xc0, 0x31, 0xc0, 0x31, 
    0xe0, 0x31, 0x20, 0x3a, 0x81, 0x63, 0x03, 0x6c, 0x20, 0x32, 0x60, 0x29, 
    0x64, 0x63, 0xa1, 0x63, 0x00, 0x6c, 0xa0, 0x74, 0xc0, 0x74, 0x02, 0x7d, 
    0xa1, 0x6c, 0xa1, 0x2a, 0xc0, 0x00, 0xa0, 0x00, 0x80, 0x00, 0x80, 0x00, 
    0xa0, 0x00, 0xa0, 0x00, 0xc0, 0x00, 0xc0, 0x00, 0xe0, 0x00, 0xe0, 0x00, 
    0xe0, 0x00, 0x00, 0x09, 0x00, 0x09, 0x00, 0x09, 0x00, 0x01, 0x00, 0x01, 
    0x00, 0x09, 0x00, 0x01, 0x00, 0x01, 0x00, 0x01, 0x00, 0x01, 0x00, 0x01, 
    0x20, 0x01, 0x20, 0x01, 0x20, 0x01, 0x40, 0x01, 0x40, 0x01, 0x40, 0x01, 
    0x40, 0x09, 0x40, 0x09, 0x20, 0x11, 0x20, 0x19, 0xe0, 0x20, 0xc0, 0x28, 
    0xa0, 0x30, 0x80, 0x38, 0x61, 0x48, 0x22, 0x48, 0x23, 0x48, 0x03, 0x48, 
    0x03, 0x48, 0x03, 0x48, 0x23, 0x48, 0x23, 0x48, 0x03, 0x48, 0x03, 0x48, 
    0x03, 0x48, 0x23, 0x48, 0x23, 0x48, 0x02, 0x48, 0x02, 0x48, 0x02, 0x48, 
    0x02, 0x48, 0x02, 0x48, 0x02, 0x40, 0x03, 0x40, 0x02, 0x40, 0x02, 0x40, 
    0x02, 0x40, 0x02, 0x40, 0x02, 0x40, 0x02, 0x40, 0x02, 0x40, 0x02, 0x40, 
    0x02, 0x40, 0x02, 0x40, 0x02, 0x40, 0x02, 0x40, 0x02, 0x40, 0x02, 0x40, 
    0x02, 0x40, 0x02, 0x40, 0x02, 0x40, 0x02, 0x40, 0x03, 0x40, 0x02, 0x40, 
    0x02, 0x40, 0x02, 0x40, 0x02, 0x40, 0x02, 0x40, 0x02, 0x40, 0x02, 0x40, 
    0x02, 0x40, 0x02, 0x40, 0x02, 0x40, 0x02, 0x40, 0x02, 0x40, 0x02, 0x40, 
    0x02, 0x40, 0x02, 0x40, 0x02, 0x40, 0x02, 0x40, 0x02, 0x40, 0x02, 0x40, 
    0x02, 0x40, 0x02, 0x40, 0x02, 0x40, 0x02, 0x40, 0x02, 0x40, 0x02, 0x40, 
    0x23, 0x48, 0x23, 0x48, 0x23, 0x48, 0x23, 0x48, 0x23, 0x48, 0x23, 0x48, 
    0x23, 0x48, 0x23, 0x48, 0x23, 0x48, 0x23, 0x48, 0x23, 0x48, 0x23, 0x50, 
    0x23, 0x48, 0x23, 0x50, 0x23, 0x50, 0x23, 0x50, 0x23, 0x50, 0x23, 0x50, 
    0x23, 0x50, 0x23, 0x50, 0x23, 0x50, 0x23, 0x50, 0x23, 0x50, 0x23, 0x50, 
    0x23, 0x50, 0x23, 0x50, 0x23, 0x48, 0x23, 0x50, 0x23, 0x50, 0x23, 0x50, 
    0x23, 0x50, 0x23, 0x48, 0x23, 0x48, 0x23, 0x50, 0x43, 0x50, 0x63, 0x50, 
    0x83, 0x50, 0xc3, 0x58, 0xe3, 0x58, 0x24, 0x51, 0x64, 0x51, 0x84, 0x51, 
    0xa4, 0x59, 0xe5, 0x61, 0x25, 0x5a, 0x45, 0x62, 0x65, 0x62, 0xa4, 0x62, 
    0xc5, 0x6a, 0xe5, 0x6a, 0x06, 0x6b, 0x46, 0x63, 0x66, 0x6b, 0x87, 0x6b, 
    0x66, 0x63, 0x25, 0x5b, 0xe4, 0x52, 0x63, 0x42, 0x21, 0x32, 0xc0, 0x21, 
    0x60, 0x19, 0x20, 0x11, 0xe0, 0x08, 0x00, 0x09, 0x00, 0x09, 0x00, 0x09, 
    0x00, 0x09, 0x20, 0x09, 0x60, 0x11, 0xa0, 0x19, 0xc0, 0x19, 0x21, 0x22, 
    0x41, 0x32, 0x62, 0x3a, 0xa2, 0x42, 0xc3, 0x42, 0xe3, 0x4a, 0xe3, 0x4a, 
    0x04, 0x53, 0xe4, 0x4a, 0x04, 0x53, 0x04, 0x4b, 0xe3, 0x4a, 0x04, 0x53, 
    0xe4, 0x52, 0xe4, 0x52, 0x04, 0x53, 0xe4, 0x52, 0xe4, 0x52, 0xc4, 0x52, 
    0xc3, 0x52, 0xc3, 0x52, 0xe2, 0x52, 0x22, 0x53, 0x21, 0x5b, 0x21, 0x5b, 
    0x01, 0x5b, 0xe2, 0x5a, 0xa2, 0x5a, 0x62, 0x52, 0x02, 0x52, 0x02, 0x52, 
    0xe2, 0x49, 0xe1, 0x49, 0xc1, 0x49, 0xc0, 0x41, 0xe0, 0x39, 0xe0, 0x31, 
    0xe0, 0x31, 0xe0, 0x29, 0xc0, 0x29, 0xc0, 0x29, 0xc0, 0x29, 0xc0, 0x29, 
    0xc0, 0x29, 0xe0, 0x31, 0x00, 0x32, 0xe0, 0x31, 0xc0, 0x31, 0xc0, 0x31, 
    0xc0, 0x31, 0xe0, 0x39, 0x00, 0x3a, 0x00, 0x42, 0xe0, 0x39, 0xe0, 0x31, 
    0x01, 0x53, 0xe2, 0x6b, 0x44, 0x74, 0x03, 0x64, 0xe2, 0x63, 0xc2, 0x63, 
    0x81, 0x53, 0xc0, 0x5b, 0x60, 0x6c, 0x80, 0x74, 0xa0, 0x6c, 0xe1, 0x53, 
    0xe1, 0x19, 0xa0, 0x00, 0x80, 0x00, 0x80, 0x00, 0x80, 0x00, 0x80, 0x00, 
    0xa0, 0x00, 0xa0, 0x00, 0xa0, 0x00, 0xc0, 0x00, 0xe0, 0x00, 0xe0, 0x00, 
    0xe0, 0x00, 0x00, 0x09, 0x00, 0x09, 0x00, 0x09, 0x00, 0x09, 0x00, 0x09, 
    0xe0, 0x08, 0x00, 0x09, 0x00, 0x01, 0x00, 0x01, 0x00, 0x01, 0x00, 0x01, 
    0x20, 0x01, 0x20, 0x01, 0x20, 0x09, 0x40, 0x09, 0x40, 0x09, 0x40, 0x09, 
    0x40, 0x09, 0x20, 0x11, 0x20, 0x19, 0x00, 0x19, 0xe0, 0x28, 0xc0, 0x30, 
    0x80, 0x38, 0x61, 0x40, 0x42, 0x48, 0x22, 0x48, 0x23, 0x48, 0x23, 0x50, 
    0x23, 0x48, 0x03, 0x48, 0x03, 0x48, 0x03, 0x48, 0x03, 0x48, 0x03, 0x48, 
    0x03, 0x48, 0x23, 0x48, 0x02, 0x48, 0x02, 0x48, 0x02, 0x48, 0x23, 0x48, 
    0x02, 0x40, 0x02, 0x48, 0x02, 0x48, 0x02, 0x40, 0x02, 0x40, 0x02, 0x40, 
    0x02, 0x40, 0x02, 0x40, 0x02, 0x40, 0x02, 0x40, 0x02, 0x40, 0x02, 0x40, 
    0x02, 0x40, 0x03, 0x40, 0x02, 0x40, 0x02, 0x40, 0x02, 0x40, 0x02, 0x40, 
    0x02, 0x40, 0x02, 0x40, 0x02, 0x40, 0x03, 0x40, 0x02, 0x40, 0x02, 0x40, 
    0x02, 0x40, 0x02, 0x40, 0x02, 0x40, 0x02, 0x40, 0x02, 0x40, 0x02, 0x40, 
    0x02, 0x40, 0x02, 0x40, 0x02, 0x40, 0x02, 0x40, 0x02, 0x40, 0x02, 0x40, 
    0x02, 0x40, 0x02, 0x38, 0x02, 0x40, 0x02, 0x40, 0x02, 0x40, 0x02, 0x40, 
    0x02, 0x40, 0x02, 0x40, 0x02, 0x40, 0x02, 0x40, 0x02, 0x40, 0x02, 0x40, 
    0x23, 0x48, 0x23, 0x48, 0x22, 0x48, 0x22, 0x48, 0x23, 0x48, 0x23, 0x48, 
    0x23, 0x48, 0x23, 0x48, 0x23, 0x48, 0x23, 0x48, 0x23, 0x48, 0x23, 0x50, 
    0x23, 0x48, 0x23, 0x50, 0x23, 0x50, 0x23, 0x50, 0x23, 0x50, 0x23, 0x50, 
    0x23, 0x50, 0x23, 0x50, 0x23, 0x50, 0x23, 0x50, 0x23, 0x50, 0x23, 0x50, 
    0x23, 0x50, 0x23, 0x50, 0x23, 0x50, 0x23, 0x48, 0x23, 0x48, 0x23, 0x48, 
    0x23, 0x50, 0x23, 0x50, 0x43, 0x50, 0x63, 0x50, 0x83, 0x50, 0xc3, 0x50, 
    0xe3, 0x50, 0x23, 0x51, 0x44, 0x51, 0x84, 0x51, 0xc4, 0x59, 0xe5, 0x61, 
    0x05, 0x62, 0x65, 0x62, 0x85, 0x62, 0xa5, 0x62, 0xe5, 0x6a, 0x05, 0x6b, 
    0x46, 0x6b, 0x46, 0x6b, 0x67, 0x6b, 0x87, 0x6b, 0xa7, 0x6b, 0xa7, 0x6b, 
    0x87, 0x63, 0x45, 0x5b, 0xe4, 0x52, 0x83, 0x42, 0x01, 0x32, 0xc0, 0x21, 
    0x60, 0x11, 0x20, 0x09, 0x00, 0x09, 0x00, 0x09, 0x00, 0x09, 0x00, 0x09, 
    0x00, 0x09, 0x00, 0x09, 0x20, 0x09, 0x40, 0x11, 0x60, 0x11, 0xc0, 0x19, 
    0xe0, 0x21, 0x21, 0x2a, 0x61, 0x3a, 0x82, 0x3a, 0xa2, 0x42, 0xc3, 0x4a, 
    0xe4, 0x4a, 0xe4, 0x4a, 0x04, 0x53, 0xe4, 0x52, 0xe4, 0x52, 0xe4, 0x52, 
    0xe4, 0x52, 0xe4, 0x52, 0xe4, 0x52, 0xc4, 0x52, 0xc4, 0x52, 0xc4, 0x52, 
    0xc4, 0x52, 0xc3, 0x4a, 0xc2, 0x4a, 0xe1, 0x4a, 0x01, 0x53, 0x01, 0x53, 
    0xc1, 0x52, 0xa2, 0x52, 0x62, 0x5a, 0x22, 0x52, 0xe3, 0x51, 0xc3, 0x49, 
    0xa2, 0x49, 0xa1, 0x49, 0xa1, 0x41, 0xa0, 0x39, 0xc0, 0x39, 0xc0, 0x31, 
    0xc0, 0x29, 0xc0, 0x29, 0xe0, 0x29, 0xe0, 0x29, 0xe0, 0x29, 0xc0, 0x29, 
    0xc0, 0x29, 0xa0, 0x29, 0xa0, 0x29, 0x80, 0x21, 0x40, 0x19, 0x40, 0x19, 
    0x80, 0x21, 0x00, 0x3a, 0x60, 0x42, 0x80, 0x42, 0x20, 0x3a, 0xa0, 0x21, 
    0xa2, 0x53, 0x63, 0x6c, 0x01, 0x64, 0xe1, 0x5b, 0xe2, 0x63, 0xa0, 0x53, 
    0xa0, 0x53, 0xc0, 0x5b, 0xc0, 0x63, 0xe0, 0x63, 0xe1, 0x3a, 0x00, 0x09, 
    0x80, 0x00, 0x60, 0x00, 0x60, 0x00, 0x60, 0x00, 0x80, 0x00, 0x80, 0x00, 
    0x80, 0x00, 0x80, 0x00, 0xa0, 0x00, 0xc0, 0x00, 0xe0, 0x00, 0xe0, 0x00, 
    0x00, 0x09, 0x00, 0x09, 0x00, 0x09, 0x00, 0x09, 0x00, 0x09, 0x00, 0x09, 
    0x00, 0x09, 0x00, 0x01, 0x00, 0x01, 0x00, 0x01, 0x00, 0x01, 0x20, 0x01, 
    0x20, 0x09, 0x20, 0x01, 0x40, 0x01, 0x40, 0x09, 0x40, 0x01, 0x40, 0x09, 
    0x20, 0x11, 0x00, 0x19, 0x00, 0x19, 0xe0, 0x20, 0xc0, 0x30, 0xa0, 0x30, 
    0x81, 0x38, 0x41, 0x48, 0x22, 0x48, 0x02, 0x48, 0x23, 0x48, 0x03, 0x48, 
    0x03, 0x48, 0x03, 0x48, 0x23, 0x48, 0x22, 0x48, 0x23, 0x48, 0x23, 0x48, 
    0x02, 0x48, 0x02, 0x48, 0x23, 0x48, 0x02, 0x48, 0x03, 0x48, 0x02, 0x48, 
    0x02, 0x40, 0x02, 0x40, 0x02, 0x40, 0x02, 0x40, 0x02, 0x40, 0x02, 0x40, 
    0x02, 0x40, 0x02, 0x40, 0x03, 0x40, 0x02, 0x40, 0x02, 0x40, 0x02, 0x40, 
    0x02, 0x40, 0x02, 0x40, 0x02, 0x40, 0x02, 0x40, 0x02, 0x40, 0x02, 0x40, 
    0x02, 0x40, 0x02, 0x40, 0x02, 0x40, 0x02, 0x40, 0x02, 0x40, 0x02, 0x40, 
    0x02, 0x40, 0x02, 0x40, 0x02, 0x40, 0x02, 0x40, 0x02, 0x40, 0x02, 0x40, 
    0x02, 0x40, 0x02, 0x40, 0x02, 0x40, 0x02, 0x40, 0x02, 0x40, 0x02, 0x40, 
    0x02, 0x40, 0x02, 0x40, 0x02, 0x38, 0x02, 0x40, 0x02, 0x40, 0x02, 0x40, 
    0x02, 0x40, 0x02, 0x40, 0x02, 0x40, 0x02, 0x40, 0x02, 0x40, 0x02, 0x48, 
    0x23, 0x48, 0x23, 0x48, 0x23, 0x48, 0x23, 0x48, 0x23, 0x48, 0x23, 0x48, 
    0x23, 0x48, 0x23, 0x48, 0x23, 0x48, 0x23, 0x48, 0x23, 0x50, 0x23, 0x48, 
    0x23, 0x48, 0x23, 0x50, 0x23, 0x50, 0x03, 0x50, 0x23, 0x50, 0x23, 0x50, 
    0x23, 0x48, 0x23, 0x50, 0x23, 0x50, 0x23, 0x50, 0x23, 0x50, 0x23, 0x50, 
    0x23, 0x50, 0x23, 0x48, 0x23, 0x50, 0x23, 0x50, 0x23, 0x48, 0x23, 0x50, 
    0x43, 0x50, 0x63, 0x50, 0x83, 0x50, 0xa3, 0x50, 0xe3, 0x50, 0x03, 0x51, 
    0x64, 0x51, 0x84, 0x59, 0xc5, 0x59, 0xe4, 0x59, 0x05, 0x62, 0x45, 0x62, 
    0x85, 0x62, 0xc5, 0x6a, 0xc5, 0x62, 0x06, 0x6b, 0x46, 0x6b, 0x66, 0x6b, 
    0x87, 0x6b, 0x87, 0x6b, 0xa7, 0x6b, 0xc7, 0x6b, 0xe8, 0x73, 0xc7, 0x6b, 
    0xa7, 0x63, 0x66, 0x5b, 0xe4, 0x4a, 0x83, 0x3a, 0x01, 0x2a, 0xa0, 0x19, 
    0x40, 0x11, 0x00, 0x09, 0xe0, 0x00, 0xe0, 0x00, 0x00, 0x09, 0x00, 0x09, 
    0x00, 0x01, 0x00, 0x09, 0x00, 0x09, 0x00, 0x09, 0x20, 0x09, 0x60, 0x11, 
    0x80, 0x19, 0xe0, 0x21, 0x00, 0x2a, 0x41, 0x32, 0x62, 0x3a, 0xa3, 0x42, 
    0xc3, 0x4a, 0xe4, 0x52, 0x04, 0x53, 0xe4, 0x52, 0xe4, 0x52, 0xc4, 0x4a, 
    0xc4, 0x52, 0xa4, 0x4a, 0xa5, 0x52, 0xa4, 0x4a, 0x84, 0x4a, 0x84, 0x4a, 
    0x64, 0x4a, 0x83, 0x4a, 0x82, 0x4a, 0xc2, 0x4a, 0xa0, 0x4a, 0xa0, 0x4a, 
    0xa0, 0x4a, 0x81, 0x4a, 0x21, 0x52, 0xe2, 0x51, 0xa2, 0x49, 0x62, 0x49, 
    0x62, 0x49, 0x61, 0x41, 0x80, 0x41, 0x80, 0x39, 0xc0, 0x31, 0xa0, 0x31, 
    0xc0, 0x29, 0xc0, 0x29, 0xe0, 0x29, 0xe0, 0x29, 0xc0, 0x29, 0xa0, 0x29, 
    0x80, 0x21, 0x40, 0x21, 0xe0, 0x10, 0xc0, 0x10, 0xe0, 0x10, 0xe0, 0x10, 
    0x20, 0x11, 0x60, 0x42, 0xc3, 0x63, 0x42, 0x53, 0xe1, 0x29, 0x60, 0x19, 
    0x40, 0x2a, 0xa0, 0x3a, 0x00, 0x43, 0x41, 0x4b, 0x61, 0x53, 0x40, 0x4b, 
    0x80, 0x53, 0x60, 0x5b, 0x40, 0x53, 0xa1, 0x19, 0x60, 0x00, 0x60, 0x00, 
    0x60, 0x00, 0x60, 0x00, 0x60, 0x00, 0x60, 0x00, 0x60, 0x00, 0x60, 0x00, 
    0x60, 0x00, 0x80, 0x00, 0xa0, 0x00, 0xc0, 0x00, 0xe0, 0x00, 0xe0, 0x00, 
    0x00, 0x09, 0x20, 0x09, 0x20, 0x09, 0x00, 0x09, 0x20, 0x09, 0x20, 0x09, 
    0x20, 0x09, 0x00, 0x01, 0xe0, 0x00, 0x00, 0x01, 0x00, 0x01, 0x20, 0x01, 
    0x20, 0x01, 0x40, 0x01, 0x40, 0x01, 0x60, 0x09, 0x40, 0x09, 0x20, 0x11, 
    0x20, 0x19, 0x20, 0x19, 0xe0, 0x20, 0xe0, 0x28, 0xa0, 0x30, 0x80, 0x38, 
    0x61, 0x40, 0x42, 0x48, 0x23, 0x48, 0x23, 0x50, 0x02, 0x48, 0x23, 0x48, 
    0x23, 0x48, 0x23, 0x48, 0x03, 0x48, 0x03, 0x48, 0x03, 0x48, 0x03, 0x48, 
    0x22, 0x48, 0x02, 0x48, 0x03, 0x48, 0x02, 0x48, 0x02, 0x48, 0x02, 0x40, 
    0x02, 0x40, 0x02, 0x40, 0x02, 0x40, 0x02, 0x48, 0x02, 0x40, 0x02, 0x40, 
    0x02, 0x40, 0x02, 0x40, 0x02, 0x40, 0x02, 0x40, 0x02, 0x40, 0x02, 0x40, 
    0x02, 0x40, 0x02, 0x40, 0x02, 0x40, 0x02, 0x40, 0x02, 0x40, 0x02, 0x40, 
    0x03, 0x40, 0x02, 0x40, 0x02, 0x40, 0x02, 0x40, 0x02, 0x40, 0x02, 0x40, 
    0x02, 0x40, 0x02, 0x40, 0x02, 0x40, 0x02, 0x40, 0x02, 0x40, 0x02, 0x40, 
    0x02, 0x40, 0x02, 0x40, 0x02, 0x40, 0x02, 0x40, 0x02, 0x40, 0x02, 0x40, 
    0x02, 0x40, 0x02, 0x40, 0x02, 0x40, 0x02, 0x40, 0x02, 0x40, 0x02, 0x40, 
    0x02, 0x40, 0x02, 0x40, 0x02, 0x40, 0x02, 0x40, 0x02, 0x40, 0x02, 0x48, 
    0x23, 0x48, 0x23, 0x48, 0x03, 0x48, 0x22, 0x48, 0x22, 0x48, 0x22, 0x48, 
    0x23, 0x48, 0x23, 0x48, 0x23, 0x48, 0x23, 0x48, 0x23, 0x48, 0x23, 0x48, 
    0x23, 0x48, 0x23, 0x50, 0x23, 0x50, 0x23, 0x50, 0x23, 0x50, 0x23, 0x50, 
    0x23, 0x50, 0x23, 0x50, 0x23, 0x50, 0x23, 0x50, 0x23, 0x50, 0x23, 0x50, 
    0x23, 0x50, 0x23, 0x50, 0x23, 0x50, 0x23, 0x50, 0x43, 0x50, 0x43, 0x50, 
    0x83, 0x50, 0xa3, 0x58, 0xc3, 0x58, 0x03, 0x51, 0x44, 0x51, 0x84, 0x59, 
    0xa5, 0x59, 0xe5, 0x61, 0x45, 0x62, 0x45, 0x62, 0x65, 0x62, 0xc5, 0x6a, 
    0xe5, 0x6a, 0x06, 0x6b, 0x26, 0x6b, 0x67, 0x6b, 0x87, 0x6b, 0xc8, 0x6b, 
    0xc8, 0x73, 0xe7, 0x73, 0x08, 0x74, 0x08, 0x74, 0x08, 0x74, 0xe7, 0x6b, 
    0xa6, 0x63, 0x45, 0x5b, 0xe4, 0x4a, 0x62, 0x3a, 0xe1, 0x29, 0x80, 0x19, 
    0x20, 0x09, 0xe0, 0x00, 0xe0, 0x00, 0xe0, 0x00, 0xe0, 0x00, 0xe0, 0x00, 
    0x00, 0x01, 0x00, 0x01, 0x00, 0x09, 0x00, 0x09, 0x20, 0x09, 0x20, 0x09, 
    0x60, 0x11, 0x80, 0x19, 0xc0, 0x21, 0x01, 0x2a, 0x21, 0x32, 0x62, 0x3a, 
    0x83, 0x42, 0xa4, 0x4a, 0xa4, 0x4a, 0xc4, 0x4a, 0xc5, 0x52, 0xa4, 0x4a, 
    0xa4, 0x4a, 0x84, 0x4a, 0x84, 0x4a, 0x84, 0x4a, 0x64, 0x4a, 0x64, 0x4a, 
    0x43, 0x4a, 0x43, 0x4a, 0x42, 0x4a, 0x61, 0x4a, 0x60, 0x42, 0x60, 0x42, 
    0x40, 0x42, 0x20, 0x4a, 0xe1, 0x49, 0xa2, 0x49, 0x82, 0x49, 0x42, 0x49, 
    0x41, 0x41, 0x40, 0x41, 0x60, 0x39, 0x80, 0x31, 0xa0, 0x31, 0xa0, 0x29, 
    0xc0, 0x29, 0xc0, 0x29, 0xe0, 0x29, 0xc0, 0x29, 0xa0, 0x29, 0x00, 0x19, 
    0xe0, 0x10, 0xc0, 0x10, 0xc0, 0x10, 0xc0, 0x10, 0xc0, 0x08, 0xe0, 0x08, 
    0x60, 0x19, 0x20, 0x32, 0x00, 0x32, 0x00, 0x32, 0x80, 0x21, 0xc0, 0x21, 
    0x00, 0x2a, 0x80, 0x21, 0x60, 0x21, 0x40, 0x19, 0xa0, 0x29, 0xa0, 0x29, 
    0xa0, 0x21, 0x80, 0x21, 0x00, 0x11, 0x60, 0x00, 0x60, 0x00, 0x60, 0x00, 
    0x40, 0x00, 0x40, 0x00, 0x40, 0x00, 0x60, 0x00, 0x60, 0x00, 0x60, 0x00, 
    0x60, 0x00, 0x80, 0x00, 0xa0, 0x00, 0xc0, 0x00, 0xe0, 0x00, 0xe0, 0x00, 
    0x00, 0x09, 0x20, 0x09, 0x20, 0x09, 0x20, 0x09, 0x20, 0x09, 0x20, 0x09, 
    0x00, 0x01, 0x00, 0x01, 0x00, 0x01, 0x00, 0x01, 0x00, 0x01, 0x20, 0x01, 
    0x40, 0x01, 0x40, 0x01, 0x40, 0x01, 0x60, 0x09, 0x40, 0x09, 0x20, 0x11, 
    0x00, 0x19, 0x00, 0x21, 0xc0, 0x28, 0xa0, 0x30, 0xa0, 0x30, 0x61, 0x40, 
    0x42, 0x48, 0x22, 0x48, 0x22, 0x48, 0x23, 0x48, 0x23, 0x48, 0x23, 0x48, 
    0x23, 0x48, 0x23, 0x48, 0x03, 0x48, 0x23, 0x48, 0x03, 0x48, 0x02, 0x48, 
    0x22, 0x48, 0x03, 0x48, 0x03, 0x48, 0x02, 0x48, 0x02, 0x48, 0x02, 0x48, 
    0x02, 0x48, 0x02, 0x40, 0x02, 0x40, 0x02, 0x40, 0x02, 0x40, 0x02, 0x40, 
    0x02, 0x40, 0x02, 0x40, 0x02, 0x40, 0x02, 0x40, 0x02, 0x40, 0x02, 0x40, 
    0x02, 0x40, 0x02, 0x40, 0x02, 0x40, 0x02, 0x40, 0x02, 0x40, 0x02, 0x40, 
    0x02, 0x40, 0x02, 0x40, 0x02, 0x40, 0x02, 0x40, 0x02, 0x40, 0x02, 0x40, 
    0x02, 0x40, 0x02, 0x40, 0x02, 0x40, 0x02, 0x40, 0x02, 0x40, 0x02, 0x40, 
    0x02, 0x40, 0x02, 0x40, 0x02, 0x40, 0x02, 0x40, 0x02, 0x40, 0x02, 0x38, 
    0x02, 0x40, 0x02, 0x40, 0x02, 0x40, 0x02, 0x40, 0x02, 0x40, 0x02, 0x40, 
    0x02, 0x40, 0x02, 0x40, 0x02, 0x40, 0x02, 0x40, 0x02, 0x40, 0x02, 0x40, 
    0x23, 0x48, 0x23, 0x48, 0x23, 0x48, 0x23, 0x48, 0x23, 0x48, 0x22, 0x48, 
    0x22, 0x48, 0x23, 0x48, 0x23, 0x48, 0x23, 0x48, 0x23, 0x48, 0x23, 0x48, 
    0x23, 0x48, 0x03, 0x48, 0x23, 0x48, 0x23, 0x50, 0x23, 0x50, 0x23, 0x50, 
    0x23, 0x50, 0x23, 0x50, 0x23, 0x50, 0x23, 0x50, 0x23, 0x50, 0x23, 0x50, 
    0x23, 0x50, 0x23, 0x50, 0x23, 0x50, 0x43, 0x50, 0x83, 0x50, 0xa3, 0x50, 
    0xc3, 0x58, 0x04, 0x59, 0x44, 0x51, 0x64, 0x51, 0xa4, 0x59, 0xe5, 0x59, 
    0x05, 0x5a, 0x25, 0x62, 0x85, 0x62, 0xc5, 0x6a, 0xe5, 0x6a, 0x06, 0x6b, 
    0x46, 0x6b, 0x67, 0x6b, 0xa7, 0x73, 0xc8, 0x73, 0xc8, 0x73, 0x08, 0x74, 
    0x07, 0x74, 0x28, 0x74, 0x28, 0x74, 0x28, 0x74, 0x08, 0x6c, 0xe7, 0x6b, 
    0xa6, 0x63, 0x25, 0x5b, 0xa3, 0x42, 0x21, 0x32, 0xc0, 0x21, 0x60, 0x11, 
    0x00, 0x09, 0xe0, 0x00, 0xc0, 0x00, 0xe0, 0x00, 0xe0, 0x00, 0xe0, 0x00, 
    0x00, 0x01, 0x00, 0x01, 0x00, 0x09, 0x00, 0x01, 0x00, 0x01, 0x00, 0x01, 
    0x00, 0x01, 0x40, 0x09, 0x80, 0x11, 0xc0, 0x21, 0xe1, 0x29, 0x22, 0x32, 
    0x42, 0x3a, 0x63, 0x42, 0x84, 0x4a, 0x84, 0x4a, 0x84, 0x52, 0x84, 0x4a, 
    0x63, 0x4a, 0x63, 0x4a, 0x43, 0x4a, 0x43, 0x4a, 0x23, 0x4a, 0x03, 0x4a, 
    0x03, 0x4a, 0x02, 0x4a, 0x01, 0x4a, 0x00, 0x42, 0x00, 0x3a, 0x00, 0x3a, 
    0x20, 0x42, 0xe0, 0x41, 0xc0, 0x41, 0x81, 0x41, 0x41, 0x41, 0x21, 0x41, 
    0x21, 0x41, 0x20, 0x39, 0x40, 0x39, 0x60, 0x31, 0x80, 0x29, 0xa0, 0x29, 
    0xc0, 0x29, 0xc0, 0x29, 0xc0, 0x29, 0xa0, 0x29, 0x00, 0x19, 0xe0, 0x10, 
    0xe0, 0x18, 0xe0, 0x10, 0xc0, 0x10, 0xa0, 0x08, 0xe0, 0x08, 0x80, 0x19, 
    0x20, 0x2a, 0x00, 0x2a, 0x00, 0x32, 0x00, 0x32, 0xc0, 0x29, 0x20, 0x2a, 
    0x00, 0x2a, 0x80, 0x21, 0x40, 0x21, 0x20, 0x19, 0xe0, 0x10, 0xa0, 0x10, 
    0x80, 0x08, 0x60, 0x08, 0x40, 0x00, 0x40, 0x00, 0x40, 0x00, 0x40, 0x00, 
    0x40, 0x00, 0x40, 0x00, 0x60, 0x00, 0x40, 0x00, 0x40, 0x00, 0x40, 0x00, 
    0x60, 0x00, 0x60, 0x00, 0xa0, 0x00, 0xc0, 0x00, 0xe0, 0x00, 0xe0, 0x00, 
    0x00, 0x09, 0x20, 0x09, 0x20, 0x09, 0x20, 0x09, 0x20, 0x09, 0x20, 0x09, 
    0x20, 0x01, 0x00, 0x01, 0x00, 0x01, 0x00, 0x01, 0x20, 0x01, 0x20, 0x01, 
    0x40, 0x01, 0x40, 0x01, 0x40, 0x09, 0x60, 0x09, 0x40, 0x11, 0x20, 0x19, 
    0x00, 0x19, 0xe0, 0x20, 0xc0, 0x28, 0xa0, 0x38, 0x81, 0x38, 0x41, 0x48, 
    0x22, 0x48, 0x22, 0x48, 0x22, 0x48, 0x23, 0x48, 0x03, 0x48, 0x03, 0x48, 
    0x03, 0x48, 0x03, 0x48, 0x22, 0x48, 0x23, 0x48, 0x03, 0x48, 0x23, 0x48, 
    0x02, 0x48, 0x02, 0x48, 0x23, 0x48, 0x02, 0x48, 0x03, 0x48, 0x02, 0x40, 
    0x02, 0x48, 0x03, 0x40, 0x02, 0x40, 0x02, 0x40, 0x02, 0x40, 0x02, 0x40, 
    0x02, 0x40, 0x02, 0x40, 0x02, 0x40, 0x02, 0x40, 0x02, 0x40, 0x02, 0x40, 
    0x02, 0x40, 0x02, 0x40, 0x02, 0x40, 0x02, 0x40, 0x02, 0x40, 0x02, 0x40, 
    0x02, 0x40, 0x02, 0x40, 0x02, 0x40, 0x02, 0x40, 0x02, 0x40, 0x02, 0x40, 
    0x02, 0x40, 0x02, 0x40, 0x02, 0x40, 0x02, 0x40, 0x02, 0x40, 0x02, 0x40, 
    0x02, 0x40, 0x02, 0x40, 0x02, 0x40, 0x02, 0x40, 0x02, 0x40, 0x02, 0x40, 
    0x02, 0x40, 0x02, 0x40, 0x02, 0x40, 0x02, 0x40, 0x02, 0x40, 0x02, 0x40, 
    0x02, 0x40, 0x02, 0x40, 0x02, 0x40, 0x02, 0x40, 0x02, 0x40, 0x02, 0x40, 
    0x23, 0x48, 0x23, 0x48, 0x23, 0x48, 0x03, 0x48, 0x03, 0x48, 0x23, 0x48, 
    0x23, 0x48, 0x23, 0x48, 0x23, 0x48, 0x23, 0x48, 0x23, 0x48, 0x23, 0x48, 
    0x23, 0x48, 0x23, 0x48, 0x23, 0x48, 0x23, 0x48, 0x23, 0x50, 0x23, 0x50, 
    0x23, 0x50, 0x23, 0x50, 0x23, 0x50, 0x23, 0x50, 0x23, 0x50, 0x23, 0x50, 
    0x23, 0x50, 0x43, 0x50, 0x63, 0x50, 0x83, 0x58, 0xa3, 0x58, 0xe3, 0x50, 
    0x24, 0x59, 0x64, 0x59, 0xa4, 0x59, 0xc4, 0x59, 0x05, 0x62, 0x45, 0x62, 
    0x85, 0x62, 0xa5, 0x6a, 0xc5, 0x6a, 0x26, 0x6b, 0x46, 0x6b, 0x67, 0x6b, 
    0x87, 0x73, 0xc8, 0x73, 0xe8, 0x73, 0x08, 0x74, 0x08, 0x74, 0x28, 0x74, 
    0x28, 0x74, 0x48, 0x74, 0x48, 0x74, 0x28, 0x74, 0x07, 0x74, 0xc7, 0x63, 
    0x65, 0x5b, 0xe4, 0x4a, 0x62, 0x3a, 0x01, 0x2a, 0x80, 0x19, 0x00, 0x09, 
    0xe0, 0x08, 0xe0, 0x00, 0xe0, 0x00, 0xe0, 0x00, 0xe0, 0x00, 0xe0, 0x00, 
    0xe0, 0x00, 0xe0, 0x00, 0x00, 0x09, 0x00, 0x01, 0x00, 0x09, 0x00, 0x01, 
    0x00, 0x09, 0x00, 0x09, 0x20, 0x09, 0x40, 0x11, 0xa0, 0x21, 0xe1, 0x29, 
    0x02, 0x3a, 0x23, 0x3a, 0x43, 0x42, 0x64, 0x4a, 0x43, 0x4a, 0x43, 0x4a, 
    0x23, 0x4a, 0x23, 0x52, 0x03, 0x4a, 0x03, 0x4a, 0xe3, 0x49, 0xc3, 0x49, 
    0xa2, 0x49, 0xa2, 0x49, 0xa1, 0x41, 0xa0, 0x41, 0xc0, 0x39, 0xe0, 0x39, 
    0xe0, 0x39, 0xc0, 0x39, 0xa0, 0x39, 0x80, 0x41, 0x40, 0x41, 0x20, 0x41, 
    0x20, 0x41, 0x00, 0x39, 0x20, 0x31, 0x40, 0x31, 0x80, 0x29, 0xa0, 0x29, 
    0xc0, 0x29, 0xc0, 0x29, 0x80, 0x21, 0x20, 0x19, 0xe0, 0x18, 0x00, 0x19, 
    0xe0, 0x10, 0xe0, 0x10, 0x00, 0x11, 0x40, 0x11, 0xc0, 0x19, 0x00, 0x22, 
    0xc0, 0x29, 0xc0, 0x29, 0xc0, 0x29, 0x00, 0x32, 0x20, 0x32, 0x80, 0x42, 
    0xc0, 0x29, 0x80, 0x29, 0x40, 0x21, 0x20, 0x19, 0xe0, 0x18, 0xc0, 0x10, 
    0x80, 0x10, 0x60, 0x08, 0x60, 0x08, 0x40, 0x00, 0x40, 0x00, 0x40, 0x00, 
    0x40, 0x00, 0x40, 0x00, 0x40, 0x00, 0x40, 0x00, 0x40, 0x00, 0x40, 0x00, 
    0x60, 0x00, 0x60, 0x00, 0xa0, 0x00, 0xc0, 0x00, 0xe0, 0x00, 0x00, 0x09, 
    0x20, 0x09, 0x20, 0x11, 0x20, 0x09, 0x20, 0x09, 0x20, 0x09, 0x20, 0x09, 
    0x00, 0x09, 0x00, 0x01, 0x00, 0x01, 0x00, 0x01, 0x20, 0x01, 0x20, 0x01, 
    0x40, 0x01, 0x40, 0x09, 0x40, 0x09, 0x40, 0x11, 0x20, 0x11, 0x00, 0x19, 
    0x00, 0x21, 0xe0, 0x28, 0xa0, 0x30, 0x80, 0x38, 0x61, 0x40, 0x22, 0x48, 
    0x23, 0x48, 0x23, 0x48, 0x23, 0x48, 0x23, 0x48, 0x23, 0x48, 0x03, 0x48, 
    0x03, 0x48, 0x23, 0x48, 0x03, 0x48, 0x03, 0x48, 0x23, 0x48, 0x02, 0x48, 
    0x02, 0x48, 0x02, 0x48, 0x02, 0x48, 0x02, 0x48, 0x02, 0x48, 0x03, 0x48, 
    0x02, 0x40, 0x02, 0x48, 0x02, 0x40, 0x02, 0x40, 0x02, 0x40, 0x02, 0x40, 
    0x02, 0x40, 0x02, 0x40, 0x02, 0x40, 0x02, 0x40, 0x02, 0x40, 0x02, 0x40, 
    0x02, 0x40, 0x02, 0x40, 0x02, 0x40, 0x02, 0x40, 0x02, 0x40, 0x02, 0x40, 
    0x02, 0x40, 0x02, 0x40, 0x02, 0x40, 0x02, 0x40, 0x02, 0x40, 0x02, 0x40, 
    0x02, 0x40, 0x02, 0x40, 0x02, 0x40, 0x02, 0x40, 0x02, 0x40, 0x02, 0x40, 
    0x02, 0x40, 0x02, 0x40, 0x02, 0x40, 0x02, 0x40, 0x02, 0x40, 0x02, 0x38, 
    0x02, 0x40, 0x02, 0x40, 0x02, 0x40, 0x02, 0x40, 0x02, 0x40, 0x02, 0x40, 
    0x02, 0x40, 0x02, 0x40, 0x02, 0x40, 0x02, 0x40, 0x02, 0x40, 0x02, 0x40, 
    0x22, 0x40, 0x23, 0x40, 0x23, 0x48, 0x02, 0x48, 0x03, 0x48, 0x03, 0x48, 
    0x23, 0x48, 0x23, 0x48, 0x23, 0x48, 0x23, 0x48, 0x23, 0x48, 0x23, 0x48, 
    0x23, 0x48, 0x23, 0x48, 0x23, 0x48, 0x23, 0x48, 0x23, 0x50, 0x23, 0x50, 
    0x23, 0x50, 0x23, 0x50, 0x23, 0x50, 0x23, 0x50, 0x23, 0x50, 0x43, 0x50, 
    0x43, 0x50, 0x63, 0x58, 0xa3, 0x58, 0xe3, 0x58, 0x04, 0x59, 0x64, 0x59, 
    0x85, 0x59, 0xc5, 0x59, 0x05, 0x62, 0x25, 0x62, 0x85, 0x62, 0xa5, 0x6a, 
    0xe6, 0x6a, 0x06, 0x6b, 0x26, 0x6b, 0x67, 0x6b, 0x87, 0x6b, 0xc8, 0x73, 
    0xc8, 0x73, 0xe8, 0x73, 0x28, 0x74, 0x28, 0x74, 0x48, 0x7c, 0x48, 0x74, 
    0x48, 0x74, 0x48, 0x74, 0x48, 0x74, 0x28, 0x74, 0xc7, 0x6b, 0x86, 0x5b, 
    0x25, 0x53, 0xc3, 0x42, 0x41, 0x32, 0xc0, 0x21, 0x60, 0x11, 0x00, 0x09, 
    0xe0, 0x00, 0xe0, 0x00, 0xe0, 0x00, 0xe0, 0x00, 0xe0, 0x00, 0xe0, 0x00, 
    0xe0, 0x00, 0xe0, 0x00, 0xe0, 0x00, 0x00, 0x09, 0x00, 0x01, 0x00, 0x09, 
    0xe0, 0x00, 0xe0, 0x00, 0x00, 0x09, 0x20, 0x11, 0x60, 0x19, 0x80, 0x21, 
    0xc1, 0x31, 0xe2, 0x39, 0x02, 0x42, 0x03, 0x4a, 0x03, 0x4a, 0x03, 0x4a, 
    0xe3, 0x49, 0xe3, 0x49, 0xc3, 0x49, 0xc3, 0x49, 0xa3, 0x49, 0x83, 0x49, 
    0x63, 0x49, 0x42, 0x49, 0x42, 0x49, 0x61, 0x41, 0x80, 0x39, 0x80, 0x39, 
    0xa0, 0x31, 0x80, 0x39, 0x80, 0x39, 0x80, 0x39, 0x40, 0x41, 0x20, 0x41, 
    0x20, 0x39, 0x20, 0x39, 0x40, 0x31, 0x80, 0x29, 0xa0, 0x29, 0xc0, 0x29, 
    0xc0, 0x29, 0xc0, 0x29, 0x60, 0x21, 0x40, 0x19, 0x40, 0x19, 0x60, 0x21, 
    0xa0, 0x29, 0x20, 0x2a, 0xc2, 0x3a, 0x21, 0x2a, 0x80, 0x21, 0x60, 0x21, 
    0x80, 0x21, 0xa0, 0x21, 0xe0, 0x29, 0xe0, 0x29, 0x40, 0x3a, 0x61, 0x42, 
    0xc0, 0x29, 0xa0, 0x29, 0x60, 0x21, 0x20, 0x19, 0x00, 0x19, 0xc0, 0x10, 
    0xa0, 0x10, 0x80, 0x10, 0x60, 0x08, 0x60, 0x08, 0x40, 0x00, 0x40, 0x00, 
    0x40, 0x00, 0x40, 0x00, 0x40, 0x00, 0x40, 0x00, 0x40, 0x00, 0x40, 0x00, 
    0x60, 0x00, 0x60, 0x00, 0xa0, 0x00, 0xc0, 0x00, 0xe0, 0x00, 0x00, 0x09, 
    0x20, 0x11, 0x40, 0x11, 0x40, 0x11, 0x40, 0x09, 0x40, 0x09, 0x20, 0x09, 
    0x00, 0x01, 0x00, 0x01, 0x00, 0x01, 0x00, 0x01, 0x20, 0x01, 0x20, 0x01, 
    0x40, 0x01, 0x40, 0x09, 0x40, 0x09, 0x20, 0x11, 0x20, 0x19, 0x00, 0x19, 
    0xe0, 0x20, 0xc0, 0x30, 0xa0, 0x30, 0x61, 0x38, 0x41, 0x40, 0x22, 0x48, 
    0x23, 0x48, 0x23, 0x48, 0x23, 0x48, 0x03, 0x48, 0x03, 0x48, 0x03, 0x48, 
    0x03, 0x48, 0x02, 0x48, 0x03, 0x48, 0x03, 0x48, 0x03, 0x48, 0x03, 0x48, 
    0x02, 0x48, 0x02, 0x48, 0x02, 0x48, 0x02, 0x48, 0x02, 0x48, 0x03, 0x48, 
    0x02, 0x40, 0x02, 0x48, 0x02, 0x40, 0x02, 0x40, 0x02, 0x40, 0x02, 0x40, 
    0x02, 0x40, 0x02, 0x40, 0x02, 0x40, 0x02, 0x40, 0x02, 0x40, 0x02, 0x40, 
    0x02, 0x40, 0x02, 0x40, 0x02, 0x40, 0x02, 0x40, 0x02, 0x40, 0x02, 0x40, 
    0x02, 0x40, 0x02, 0x40, 0x02, 0x40, 0x02, 0x40, 0x02, 0x40, 0x02, 0x40, 
    0x02, 0x40, 0x02, 0x40, 0x02, 0x40, 0x02, 0x40, 0x02, 0x40, 0x02, 0x40, 
    0x02, 0x40, 0x02, 0x40, 0x02, 0x40, 0x02, 0x40, 0x02, 0x40, 0x02, 0x40, 
    0x02, 0x40, 0x02, 0x40, 0x02, 0x40, 0x02, 0x40, 0x02, 0x40, 0x02, 0x40, 
    0x02, 0x40, 0x02, 0x40, 0x02, 0x40, 0x02, 0x40, 0x02, 0x40, 0x02, 0x40, 
    0x23, 0x48, 0x23, 0x48, 0x03, 0x48, 0x23, 0x48, 0x03, 0x48, 0x02, 0x48, 
    0x23, 0x40, 0x23, 0x48, 0x23, 0x48, 0x23, 0x48, 0x23, 0x48, 0x23, 0x48, 
    0x23, 0x48, 0x23, 0x48, 0x23, 0x48, 0x23, 0x48, 0x23, 0x48, 0x23, 0x50, 
    0x23, 0x50, 0x23, 0x50, 0x23, 0x50, 0x23, 0x50, 0x43, 0x50, 0x43, 0x50, 
    0x83, 0x50, 0xe3, 0x58, 0x03, 0x59, 0x44, 0x51, 0x84, 0x59, 0xc5, 0x59, 
    0xe5, 0x59, 0x25, 0x62, 0x65, 0x62, 0x85, 0x62, 0xe6, 0x6a, 0xe6, 0x6a, 
    0x26, 0x6b, 0x66, 0x6b, 0x87, 0x6b, 0xc8, 0x73, 0xc8, 0x73, 0xe8, 0x73, 
    0x08, 0x74, 0x28, 0x7c, 0x48, 0x7c, 0x48, 0x7c, 0x48, 0x74, 0x68, 0x74, 
    0x48, 0x74, 0x48, 0x74, 0x27, 0x6c, 0xe6, 0x63, 0xc6, 0x63, 0x65, 0x5b, 
    0x04, 0x4b, 0x62, 0x3a, 0x01, 0x2a, 0x80, 0x19, 0x20, 0x09, 0xe0, 0x08, 
    0xe0, 0x08, 0xe0, 0x00, 0xe0, 0x00, 0xe0, 0x00, 0xe0, 0x00, 0xe0, 0x00, 
    0xe0, 0x00, 0xe0, 0x00, 0xe0, 0x00, 0xe0, 0x00, 0x00, 0x01, 0x00, 0x01, 
    0xe0, 0x00, 0xe0, 0x00, 0xe0, 0x00, 0x00, 0x09, 0x20, 0x11, 0x40, 0x19, 
    0x81, 0x29, 0xa1, 0x31, 0xc1, 0x39, 0xc2, 0x41, 0xc2, 0x41, 0xa3, 0x49, 
    0xa3, 0x49, 0x82, 0x41, 0x83, 0x49, 0x63, 0x49, 0x63, 0x49, 0x43, 0x41, 
    0x43, 0x49, 0x02, 0x41, 0x02, 0x41, 0x02, 0x41, 0x41, 0x41, 0x40, 0x39, 
    0x60, 0x31, 0x80, 0x31, 0x80, 0x39, 0x80, 0x39, 0x60, 0x39, 0x40, 0x39, 
    0x40, 0x39, 0x40, 0x39, 0x60, 0x31, 0xa0, 0x29, 0xa0, 0x29, 0xc0, 0x29, 
    0xc0, 0x31, 0xc0, 0x31, 0x00, 0x3a, 0x60, 0x42, 0xa0, 0x42, 0x03, 0x4b, 
    0xe0, 0x19, 0x00, 0x1a, 0xc0, 0x19, 0xc0, 0x08, 0xe0, 0x18, 0x00, 0x19, 
    0x60, 0x21, 0xa0, 0x21, 0xc0, 0x29, 0xe0, 0x29, 0x40, 0x3a, 0xe0, 0x31, 
    0xc0, 0x29, 0xa0, 0x21, 0x60, 0x21, 0x40, 0x21, 0x00, 0x19, 0xe0, 0x18, 
    0xa0, 0x10, 0xa0, 0x10, 0x80, 0x08, 0x80, 0x08, 0x60, 0x08, 0x40, 0x00, 
    0x40, 0x00, 0x40, 0x00, 0x40, 0x00, 0x40, 0x00, 0x40, 0x00, 0x40, 0x00, 
    0x40, 0x00, 0x60, 0x00, 0xa0, 0x00, 0xe0, 0x08, 0x00, 0x09, 0x20, 0x09, 
    0x40, 0x11, 0x60, 0x19, 0x60, 0x19, 0x60, 0x11, 0x40, 0x09, 0x20, 0x09, 
    0x00, 0x01, 0x00, 0x01, 0xe0, 0x00, 0x00, 0x01, 0x20, 0x01, 0x20, 0x01, 
    0x40, 0x01, 0x40, 0x09, 0x40, 0x11, 0x20, 0x11, 0x00, 0x19, 0xe0, 0x20, 
    0xc0, 0x28, 0xa0, 0x30, 0x81, 0x38, 0x41, 0x40, 0x22, 0x40, 0x22, 0x48, 
    0x23, 0x48, 0x03, 0x48, 0x03, 0x48, 0x23, 0x48, 0x03, 0x48, 0x23, 0x48, 
    0x03, 0x48, 0x03, 0x48, 0x02, 0x48, 0x03, 0x48, 0x03, 0x48, 0x03, 0x48, 
    0x02, 0x48, 0x02, 0x48, 0x02, 0x48, 0x02, 0x48, 0x23, 0x48, 0x03, 0x48, 
    0x03, 0x48, 0x02, 0x48, 0x02, 0x48, 0x02, 0x40, 0x02, 0x40, 0x02, 0x40, 
    0x02, 0x40, 0x02, 0x40, 0x02, 0x40, 0x02, 0x40, 0x02, 0x40, 0x02, 0x40, 
    0x02, 0x40, 0x02, 0x40, 0x02, 0x40, 0x02, 0x40, 0x02, 0x40, 0x02, 0x40, 
    0x02, 0x40, 0x02, 0x40, 0x02, 0x40, 0x02, 0x40, 0x02, 0x40, 0x02, 0x40, 
    0x02, 0x40, 0x02, 0x40, 0x02, 0x40, 0x02, 0x40, 0x02, 0x40, 0x02, 0x40, 
    0x02, 0x40, 0x02, 0x40, 0x02, 0x40, 0x02, 0x40, 0x02, 0x40, 0x02, 0x40, 
    0x02, 0x40, 0x02, 0x38, 0x02, 0x40, 0x02, 0x40, 0x02, 0x40, 0x02, 0x40, 
    0x02, 0x40, 0x02, 0x40, 0x02, 0x40, 0x02, 0x40, 0x02, 0x40, 0x02, 0x40, 
    0x02, 0x40, 0x23, 0x40, 0x23, 0x40, 0x03, 0x48, 0x03, 0x48, 0x23, 0x48, 
    0x23, 0x48, 0x23, 0x48, 0x23, 0x48, 0x22, 0x48, 0x23, 0x48, 0x23, 0x48, 
    0x23, 0x48, 0x23, 0x48, 0x23, 0x48, 0x23, 0x50, 0x23, 0x50, 0x23, 0x50, 
    0x23, 0x50, 0x23, 0x50, 0x23, 0x50, 0x43, 0x50, 0x63, 0x58, 0xa3, 0x58, 
    0xe3, 0x58, 0x24, 0x59, 0x44, 0x51, 0xa5, 0x59, 0xe5, 0x59, 0x05, 0x62, 
    0x45, 0x62, 0x85, 0x62, 0xa5, 0x62, 0x06, 0x6b, 0x26, 0x73, 0x47, 0x6b, 
    0x67, 0x73, 0xa8, 0x73, 0xe8, 0x73, 0xe8, 0x73, 0xe8, 0x73, 0x28, 0x7c, 
    0x28, 0x74, 0x48, 0x7c, 0x48, 0x7c, 0x68, 0x74, 0x48, 0x7c, 0x48, 0x74, 
    0x48, 0x74, 0x48, 0x74, 0x27, 0x6c, 0xe6, 0x63, 0x86, 0x63, 0x24, 0x53, 
    0xc3, 0x42, 0x22, 0x32, 0xc0, 0x21, 0x60, 0x11, 0x20, 0x09, 0xe0, 0x08, 
    0xe0, 0x00, 0xe0, 0x00, 0xc0, 0x00, 0xc0, 0x00, 0xe0, 0x00, 0xe0, 0x00, 
    0xe0, 0x00, 0xe0, 0x00, 0xe0, 0x00, 0xe0, 0x00, 0x00, 0x01, 0x00, 0x09, 
    0x00, 0x01, 0xe0, 0x08, 0xe0, 0x00, 0xe0, 0x00, 0x00, 0x09, 0x20, 0x11, 
    0x40, 0x21, 0x60, 0x29, 0x81, 0x31, 0x81, 0x39, 0x82, 0x41, 0x83, 0x49, 
    0x63, 0x49, 0x63, 0x41, 0x43, 0x49, 0x23, 0x41, 0x23, 0x41, 0x03, 0x41, 
    0xe2, 0x40, 0xc2, 0x40, 0xc2, 0x48, 0xc2, 0x40, 0xe1, 0x40, 0x00, 0x39, 
    0x40, 0x39, 0x60, 0x31, 0x80, 0x31, 0xa0, 0x31, 0xa0, 0x39, 0xa0, 0x39, 
    0x80, 0x39, 0x80, 0x31, 0x80, 0x29, 0xa0, 0x29, 0xc0, 0x29, 0xc0, 0x31, 
    0x20, 0x4a, 0x40, 0x3a, 0xc1, 0x4a, 0x20, 0x32, 0xe0, 0x21, 0xe0, 0x21, 
    0xc0, 0x21, 0x61, 0x11, 0xa0, 0x08, 0xa0, 0x08, 0xc0, 0x10, 0x00, 0x11, 
    0x40, 0x19, 0x80, 0x21, 0xa0, 0x21, 0xc0, 0x29, 0xe0, 0x29, 0xe0, 0x29, 
    0xc0, 0x29, 0xa0, 0x29, 0x60, 0x21, 0x40, 0x21, 0x00, 0x19, 0xe0, 0x18, 
    0xc0, 0x10, 0xc0, 0x10, 0xa0, 0x10, 0x80, 0x10, 0x80, 0x08, 0x60, 0x08, 
    0x60, 0x08, 0x40, 0x00, 0x40, 0x00, 0x40, 0x00, 0x40, 0x00, 0x40, 0x00, 
    0x60, 0x00, 0x80, 0x00, 0xc0, 0x08, 0xe0, 0x08, 0x20, 0x11, 0x60, 0x11, 
    0x80, 0x19, 0x80, 0x19, 0x80, 0x19, 0x60, 0x19, 0x60, 0x11, 0x20, 0x09, 
    0x00, 0x01, 0x00, 0x01, 0xe0, 0x00, 0x00, 0x01, 0x00, 0x01, 0x20, 0x01, 
    0x20, 0x01, 0x20, 0x09, 0x20, 0x11, 0x00, 0x11, 0xe0, 0x18, 0xe0, 0x20, 
    0xa0, 0x28, 0xa0, 0x30, 0x61, 0x38, 0x41, 0x40, 0x22, 0x40, 0x23, 0x48, 
    0x23, 0x48, 0x23, 0x48, 0x23, 0x48, 0x02, 0x48, 0x23, 0x48, 0x23, 0x48, 
    0x23, 0x48, 0x23, 0x48, 0x23, 0x48, 0x02, 0x48, 0x03, 0x48, 0x22, 0x48, 
    0x02, 0x48, 0x02, 0x48, 0x02, 0x48, 0x02, 0x48, 0x02, 0x48, 0x02, 0x48, 
    0x02, 0x48, 0x02, 0x40, 0x02, 0x40, 0x02, 0x40, 0x02, 0x48, 0x02, 0x40, 
    0x02, 0x40, 0x02, 0x40, 0x02, 0x40, 0x02, 0x40, 0x02, 0x40, 0x02, 0x40, 
    0x02, 0x40, 0x02, 0x40, 0x02, 0x40, 0x02, 0x40, 0x02, 0x40, 0x02, 0x40, 
    0x02, 0x40, 0x02, 0x40, 0x02, 0x40, 0x02, 0x40, 0x02, 0x40, 0x02, 0x40, 
    0x02, 0x40, 0x02, 0x40, 0x02, 0x40, 0x02, 0x40, 0x02, 0x40, 0x02, 0x40, 
    0x02, 0x40, 0x02, 0x40, 0x02, 0x40, 0x02, 0x40, 0x02, 0x40, 0x02, 0x40, 
    0x02, 0x40, 0x02, 0x40, 0x02, 0x40, 0x02, 0x40, 0x02, 0x40, 0x02, 0x40, 
    0x02, 0x40, 0x02, 0x40, 0x02, 0x40, 0x02, 0x40, 0x02, 0x40, 0x02, 0x40, 
    0x02, 0x40, 0x02, 0x40, 0x23, 0x40, 0x23, 0x40, 0x23, 0x48, 0x23, 0x48, 
    0x23, 0x48, 0x02, 0x48, 0x22, 0x48, 0x23, 0x48, 0x03, 0x48, 0x23, 0x48, 
    0x23, 0x48, 0x23, 0x48, 0x23, 0x48, 0x23, 0x48, 0x23, 0x48, 0x23, 0x48, 
    0x23, 0x50, 0x23, 0x50, 0x63, 0x50, 0x83, 0x58, 0xa3, 0x58, 0xe3, 0x58, 
    0x24, 0x59, 0x64, 0x59, 0xc5, 0x59, 0xe5, 0x61, 0x25, 0x62, 0x65, 0x62, 
    0xa5, 0x6a, 0xe6, 0x6a, 0x26, 0x6b, 0x46, 0x6b, 0x87, 0x73, 0xa8, 0x73, 
    0xc8, 0x73, 0xe8, 0x73, 0x09, 0x7c, 0x08, 0x74, 0x28, 0x74, 0x69, 0x7c, 
    0x49, 0x7c, 0x69, 0x74, 0x68, 0x74, 0x68, 0x74, 0x48, 0x74, 0x48, 0x74, 
    0x48, 0x74, 0x27, 0x6c, 0xe7, 0x6b, 0xa6, 0x63, 0x65, 0x53, 0xe4, 0x4a, 
    0x62, 0x3a, 0xe0, 0x29, 0x80, 0x19, 0x20, 0x11, 0x00, 0x09, 0xe0, 0x00, 
    0xe0, 0x00, 0xe0, 0x00, 0xe0, 0x00, 0xe0, 0x00, 0xe0, 0x00, 0xe0, 0x00, 
    0xe0, 0x00, 0xe0, 0x00, 0xe0, 0x00, 0x00, 0x01, 0xe0, 0x00, 0x00, 0x01, 
    0x00, 0x01, 0xe0, 0x00, 0xe0, 0x00, 0xe0, 0x00, 0xe0, 0x08, 0xe0, 0x08, 
    0x00, 0x19, 0x20, 0x21, 0x40, 0x31, 0x41, 0x31, 0x41, 0x39, 0x22, 0x41, 
    0x22, 0x41, 0x23, 0x41, 0x02, 0x41, 0x02, 0x41, 0xc2, 0x40, 0xa2, 0x48, 
    0x82, 0x48, 0x62, 0x48, 0x62, 0x48, 0x62, 0x40, 0x81, 0x40, 0xc1, 0x38, 
    0x00, 0x39, 0x40, 0x39, 0x80, 0x39, 0xa0, 0x31, 0xc0, 0x39, 0xc0, 0x39, 
    0xc0, 0x39, 0xe0, 0x31, 0xc0, 0x29, 0xc0, 0x29, 0xc0, 0x29, 0xc0, 0x31, 
    0xe0, 0x31, 0xe0, 0x29, 0x60, 0x3a, 0xa0, 0x3a, 0x21, 0x32, 0x00, 0x11, 
    0xc0, 0x08, 0x60, 0x00, 0x60, 0x08, 0x80, 0x08, 0xc0, 0x08, 0xe0, 0x10, 
    0x20, 0x19, 0x60, 0x21, 0xa0, 0x21, 0xc0, 0x29, 0xc0, 0x21, 0xc0, 0x21, 
    0xc0, 0x21, 0xa0, 0x21, 0x60, 0x19, 0x40, 0x19, 0x20, 0x19, 0x00, 0x19, 
    0xe0, 0x18, 0xe0, 0x10, 0xc0, 0x10, 0xa0, 0x10, 0xa0, 0x10, 0xa0, 0x10, 
    0x60, 0x08, 0x60, 0x08, 0x60, 0x08, 0x40, 0x00, 0x40, 0x00, 0x40, 0x00, 
    0x60, 0x00, 0xa0, 0x08, 0xc0, 0x08, 0x00, 0x11, 0x60, 0x19, 0x80, 0x19, 
    0xa0, 0x19, 0xa0, 0x21, 0xc0, 0x19, 0x80, 0x19, 0x60, 0x11, 0x20, 0x09, 
    0x00, 0x01, 0xe0, 0x00, 0x00, 0x01, 0x00, 0x01, 0x00, 0x01, 0x20, 0x01, 
    0x20, 0x09, 0x20, 0x09, 0x00, 0x09, 0x00, 0x11, 0xe0, 0x18, 0xc0, 0x20, 
    0xa0, 0x28, 0x60, 0x30, 0x41, 0x38, 0x41, 0x40, 0x22, 0x40, 0x23, 0x48, 
    0x03, 0x48, 0x03, 0x48, 0x23, 0x48, 0x23, 0x48, 0x02, 0x48, 0x03, 0x48, 
    0x03, 0x48, 0x03, 0x48, 0x02, 0x48, 0x02, 0x48, 0x02, 0x48, 0x02, 0x48, 
    0x02, 0x48, 0x02, 0x48, 0x02, 0x48, 0x02, 0x48, 0x02, 0x48, 0x02, 0x48, 
    0x02, 0x48, 0x02, 0x40, 0x02, 0x40, 0x02, 0x40, 0x02, 0x40, 0x02, 0x40, 
    0x02, 0x40, 0x02, 0x40, 0x02, 0x40, 0x02, 0x48, 0x02, 0x48, 0x02, 0x40, 
    0x02, 0x40, 0x02, 0x40, 0x02, 0x48, 0x02, 0x48, 0x02, 0x40, 0x02, 0x40, 
    0x02, 0x40, 0x02, 0x40, 0x02, 0x48, 0x02, 0x48, 0x03, 0x48, 0x02, 0x40, 
    0x03, 0x40, 0x02, 0x48, 0x02, 0x40, 0x02, 0x40, 0x02, 0x40, 0x02, 0x40, 
    0x02, 0x40, 0x02, 0x40, 0x02, 0x40, 0x02, 0x40, 0x02, 0x40, 0x02, 0x40, 
    0x02, 0x40, 0x02, 0x40, 0x02, 0x40, 0x02, 0x40, 0x02, 0x40, 0x02, 0x40, 
    0x02, 0x40, 0x02, 0x40, 0x02, 0x40, 0x02, 0x40, 0x02, 0x40, 0x02, 0x40, 
    0x23, 0x40, 0x03, 0x40, 0x23, 0x40, 0x23, 0x40, 0x03, 0x40, 0x03, 0x40, 
    0x23, 0x48, 0x23, 0x48, 0x23, 0x48, 0x02, 0x48, 0x23, 0x48, 0x23, 0x48, 
    0x23, 0x48, 0x23, 0x48, 0x23, 0x48, 0x23, 0x48, 0x23, 0x48, 0x23, 0x48, 
    0x43, 0x50, 0x63, 0x50, 0x83, 0x58, 0xc3, 0x58, 0x04, 0x59, 0x44, 0x59, 
    0x84, 0x59, 0xc5, 0x59, 0x05, 0x62, 0x46, 0x6a, 0x86, 0x6a, 0xc6, 0x6a, 
    0x06, 0x6b, 0x47, 0x73, 0x67, 0x73, 0xa8, 0x73, 0xc8, 0x73, 0xe8, 0x73, 
    0x08, 0x74, 0x08, 0x74, 0x29, 0x7c, 0x28, 0x74, 0x49, 0x7c, 0x49, 0x7c, 
    0x48, 0x7c, 0x68, 0x74, 0x48, 0x74, 0x48, 0x74, 0x48, 0x74, 0x48, 0x74, 
    0x27, 0x74, 0x07, 0x6c, 0xc6, 0x63, 0x85, 0x5b, 0x04, 0x53, 0xa3, 0x42, 
    0x42, 0x32, 0xe1, 0x21, 0x60, 0x19, 0x00, 0x09, 0xe0, 0x08, 0xe0, 0x00, 
    0xe0, 0x00, 0xe0, 0x00, 0xe0, 0x00, 0xe0, 0x00, 0xe0, 0x00, 0xe0, 0x00, 
    0xe0, 0x00, 0xe0, 0x00, 0xe0, 0x00, 0xe0, 0x00, 0xe0, 0x00, 0xe0, 0x00, 
    0xe0, 0x00, 0xe0, 0x00, 0xe0, 0x00, 0xe0, 0x00, 0xe0, 0x00, 0xe0, 0x08, 
    0xe0, 0x10, 0xe0, 0x18, 0x00, 0x29, 0x01, 0x31, 0x01, 0x39, 0xe2, 0x38, 
    0xe2, 0x40, 0xc2, 0x40, 0xa2, 0x40, 0x82, 0x40, 0x62, 0x48, 0x62, 0x48, 
    0x42, 0x40, 0x42, 0x40, 0x42, 0x48, 0x21, 0x40, 0x41, 0x40, 0x61, 0x38, 
    0xc0, 0x38, 0x00, 0x39, 0x60, 0x39, 0xa0, 0x39, 0xe0, 0x39, 0x00, 0x3a, 
    0x00, 0x3a, 0x00, 0x32, 0xe0, 0x31, 0xc0, 0x29, 0xa0, 0x29, 0xc0, 0x29, 
    0xa0, 0x29, 0x20, 0x3a, 0x61, 0x3a, 0x40, 0x19, 0xc0, 0x10, 0x80, 0x08, 
    0x40, 0x00, 0x20, 0x00, 0x40, 0x00, 0x60, 0x08, 0xa0, 0x08, 0xe0, 0x08, 
    0x00, 0x11, 0x40, 0x19, 0x80, 0x21, 0xa0, 0x21, 0xc0, 0x21, 0xc0, 0x21, 
    0xa0, 0x21, 0xa0, 0x21, 0x80, 0x19, 0x60, 0x19, 0x20, 0x19, 0x20, 0x19, 
    0x00, 0x19, 0x00, 0x19, 0xe0, 0x18, 0xc0, 0x10, 0xc0, 0x10, 0xa0, 0x10, 
    0x80, 0x08, 0x80, 0x08, 0x80, 0x08, 0x60, 0x08, 0x60, 0x08, 0x60, 0x08, 
    0x80, 0x08, 0xc0, 0x10, 0x20, 0x19, 0x40, 0x19, 0x80, 0x19, 0xa0, 0x21, 
    0xc0, 0x21, 0xe0, 0x21, 0xe0, 0x21, 0xc0, 0x21, 0xa0, 0x11, 0x40, 0x09, 
    0xe0, 0x00, 0xe0, 0x00, 0xe0, 0x00, 0x00, 0x01, 0x00, 0x01, 0x00, 0x01, 
    0x00, 0x01, 0x00, 0x09, 0x00, 0x09, 0xe0, 0x10, 0xc0, 0x18, 0xa0, 0x20, 
    0x80, 0x28, 0x60, 0x28, 0x41, 0x38, 0x22, 0x38, 0x22, 0x40, 0x23, 0x48, 
    0x23, 0x48, 0x23, 0x48, 0x03, 0x48, 0x03, 0x48, 0x03, 0x48, 0x03, 0x48, 
    0x03, 0x48, 0x02, 0x48, 0x03, 0x48, 0x23, 0x48, 0x02, 0x48, 0x02, 0x48, 
    0x02, 0x48, 0x02, 0x48, 0x02, 0x48, 0x03, 0x48, 0x02, 0x48, 0x02, 0x48, 
    0x02, 0x48, 0x02, 0x48, 0x02, 0x48, 0x02, 0x40, 0x02, 0x40, 0x02, 0x48, 
    0x02, 0x40, 0x02, 0x48, 0x02, 0x40, 0x02, 0x40, 0x02, 0x40, 0x02, 0x48, 
    0x02, 0x40, 0x02, 0x40, 0x02, 0x40, 0x02, 0x48, 0x02, 0x48, 0x02, 0x40, 
    0x02, 0x40, 0x03, 0x48, 0x02, 0x48, 0x02, 0x40, 0x02, 0x40, 0x02, 0x40, 
    0x03, 0x48, 0x02, 0x40, 0x02, 0x40, 0x02, 0x40, 0x02, 0x40, 0x02, 0x40, 
    0x02, 0x40, 0x02, 0x40, 0x02, 0x40, 0x02, 0x40, 0x02, 0x40, 0x02, 0x40, 
    0x02, 0x40, 0x02, 0x40, 0x02, 0x40, 0x02, 0x40, 0x02, 0x40, 0x02, 0x40, 
    0x02, 0x40, 0x02, 0x40, 0x02, 0x40, 0x02, 0x40, 0x02, 0x40, 0x02, 0x40, 
    0x23, 0x40, 0x23, 0x40, 0x23, 0x40, 0x02, 0x40, 0x23, 0x40, 0x23, 0x48, 
    0x23, 0x48, 0x23, 0x40, 0x23, 0x48, 0x23, 0x48, 0x03, 0x48, 0x23, 0x48, 
    0x23, 0x48, 0x23, 0x48, 0x23, 0x48, 0x23, 0x48, 0x23, 0x48, 0x43, 0x50, 
    0x63, 0x50, 0x83, 0x58, 0xc3, 0x58, 0x24, 0x59, 0x64, 0x59, 0xa5, 0x59, 
    0xe5, 0x59, 0x05, 0x62, 0x65, 0x6a, 0xa6, 0x6a, 0xe6, 0x6a, 0x26, 0x6b, 
    0x67, 0x73, 0xa8, 0x73, 0xc8, 0x73, 0xc8, 0x73, 0xe8, 0x73, 0x08, 0x74, 
    0x28, 0x74, 0x49, 0x7c, 0x49, 0x7c, 0x49, 0x74, 0x49, 0x74, 0x49, 0x74, 
    0x48, 0x74, 0x48, 0x74, 0x48, 0x74, 0x28, 0x74, 0x28, 0x74, 0x07, 0x6c, 
    0xe7, 0x6b, 0xc6, 0x63, 0xa6, 0x63, 0x45, 0x53, 0xe4, 0x4a, 0x82, 0x3a, 
    0x01, 0x2a, 0x80, 0x19, 0x20, 0x11, 0xe0, 0x08, 0xe0, 0x08, 0xe0, 0x08, 
    0xe0, 0x00, 0xe0, 0x00, 0xe0, 0x00, 0xe0, 0x00, 0xe0, 0x00, 0xe0, 0x00, 
    0xe0, 0x00, 0xe0, 0x00, 0xe0, 0x00, 0xe0, 0x00, 0xe0, 0x00, 0xe0, 0x00, 
    0xe0, 0x00, 0xe0, 0x00, 0xe0, 0x00, 0xe0, 0x00, 0xe0, 0x00, 0xe0, 0x00, 
    0xc0, 0x10, 0xc0, 0x18, 0xc0, 0x20, 0xc0, 0x28, 0xc1, 0x30, 0xa1, 0x38, 
    0xa2, 0x40, 0x62, 0x40, 0x62, 0x40, 0x42, 0x40, 0x22, 0x40, 0x22, 0x40, 
    0x22, 0x40, 0x22, 0x40, 0x21, 0x40, 0x21, 0x40, 0x21, 0x40, 0x41, 0x40, 
    0xa1, 0x38, 0xc0, 0x38, 0x20, 0x39, 0xa0, 0x39, 0xe0, 0x39, 0x20, 0x3a, 
    0x20, 0x3a, 0x20, 0x3a, 0xe0, 0x31, 0xc0, 0x29, 0xa0, 0x29, 0x80, 0x21, 
    0x60, 0x21, 0xa0, 0x29, 0x20, 0x11, 0xe0, 0x10, 0x80, 0x08, 0x40, 0x08, 
    0x20, 0x00, 0x20, 0x00, 0x40, 0x00, 0x40, 0x00, 0xa0, 0x08, 0xe0, 0x10, 
    0x00, 0x11, 0x40, 0x19, 0x80, 0x19, 0xa0, 0x21, 0xc0, 0x21, 0xa0, 0x19, 
    0xa0, 0x21, 0xa0, 0x21, 0x80, 0x19, 0x60, 0x19, 0x60, 0x19, 0x40, 0x19, 
    0x40, 0x19, 0x20, 0x19, 0x20, 0x19, 0x00, 0x19, 0xe0, 0x18, 0xc0, 0x10, 
    0xa0, 0x10, 0xa0, 0x10, 0x80, 0x10, 0x80, 0x08, 0x80, 0x08, 0x80, 0x08, 
    0xa0, 0x08, 0xe0, 0x10, 0x40, 0x19, 0x80, 0x21, 0xa0, 0x21, 0xe0, 0x29, 
    0x00, 0x2a, 0x00, 0x2a, 0x00, 0x2a, 0x00, 0x22, 0xc0, 0x19, 0x60, 0x11, 
    0xe0, 0x00, 0xe0, 0x00, 0xe0, 0x00, 0xe0, 0x00, 0x00, 0x01, 0x00, 0x01, 
    0xe0, 0x00, 0xe0, 0x08, 0xe0, 0x08, 0xc0, 0x10, 0xa0, 0x18, 0x80, 0x20, 
    0x60, 0x20, 0x61, 0x30, 0x21, 0x38, 0x21, 0x38, 0x22, 0x40, 0x22, 0x48, 
    0x22, 0x48, 0x23, 0x48, 0x23, 0x48, 0x22, 0x48, 0x03, 0x48, 0x23, 0x48, 
    0x23, 0x48, 0x22, 0x48, 0x02, 0x48, 0x02, 0x48, 0x02, 0x48, 0x23, 0x48, 
    0x02, 0x48, 0x02, 0x48, 0x02, 0x48, 0x02, 0x48, 0x02, 0x48, 0x02, 0x48, 
    0x02, 0x48, 0x02, 0x48, 0x02, 0x48, 0x02, 0x48, 0x02, 0x48, 0x02, 0x40, 
    0x02, 0x48, 0x02, 0x48, 0x02, 0x48, 0x02, 0x48, 0x02, 0x48, 0x02, 0x40, 
    0x02, 0x40, 0x02, 0x40, 0x02, 0x48, 0x02, 0x48, 0x02, 0x40, 0x02, 0x40, 
    0x02, 0x40, 0x02, 0x48, 0x02, 0x40, 0x02, 0x48, 0x02, 0x40, 0x02, 0x48, 
    0x03, 0x48, 0x02, 0x40, 0x02, 0x40, 0x02, 0x40, 0x02, 0x40, 0x02, 0x40, 
    0x02, 0x40, 0x02, 0x40, 0x02, 0x40, 0x02, 0x40, 0x02, 0x40, 0x02, 0x40, 
    0x02, 0x40, 0x02, 0x40, 0x02, 0x40, 0x02, 0x40, 0x02, 0x40, 0x02, 0x40, 
    0x02, 0x40, 0x02, 0x40, 0x02, 0x40, 0x02, 0x40, 0x02, 0x40, 0x02, 0x40, 
    0x23, 0x40, 0x03, 0x40, 0x23, 0x48, 0x23, 0x40, 0x02, 0x40, 0x23, 0x48, 
    0x23, 0x48, 0x23, 0x48, 0x03, 0x40, 0x23, 0x48, 0x23, 0x48, 0x23, 0x48, 
    0x23, 0x48, 0x23, 0x48, 0x23, 0x48, 0x23, 0x48, 0x23, 0x50, 0x63, 0x50, 
    0xa3, 0x58, 0xe3, 0x58, 0x23, 0x51, 0x64, 0x59, 0xa4, 0x59, 0x05, 0x62, 
    0x25, 0x62, 0x66, 0x62, 0xc6, 0x6a, 0x06, 0x6b, 0x26, 0x6b, 0x67, 0x6b, 
    0xa8, 0x73, 0xc8, 0x73, 0xe8, 0x73, 0x08, 0x74, 0x29, 0x74, 0x49, 0x74, 
    0x69, 0x7c, 0x49, 0x7c, 0x49, 0x74, 0x48, 0x74, 0x48, 0x74, 0x28, 0x74, 
    0x48, 0x74, 0x27, 0x6c, 0x27, 0x74, 0x07, 0x6c, 0x07, 0x6c, 0xe7, 0x6b, 
    0xe6, 0x63, 0xa6, 0x63, 0x65, 0x5b, 0x24, 0x53, 0xc3, 0x42, 0x42, 0x32, 
    0xc0, 0x21, 0x60, 0x19, 0x00, 0x09, 0xe0, 0x08, 0xe0, 0x08, 0xe0, 0x00, 
    0xe0, 0x00, 0xe0, 0x00, 0xe0, 0x00, 0xe0, 0x00, 0xe0, 0x00, 0xc0, 0x00, 
    0xe0, 0x00, 0xc0, 0x00, 0xe0, 0x00, 0xe0, 0x00, 0xe0, 0x00, 0xe0, 0x00, 
    0xe0, 0x00, 0xe0, 0x00, 0xe0, 0x00, 0xe0, 0x00, 0xe0, 0x00, 0xe0, 0x00, 
    0xc0, 0x08, 0xc0, 0x10, 0xa0, 0x20, 0xa0, 0x28, 0x81, 0x30, 0x81, 0x38, 
    0x41, 0x40, 0x41, 0x40, 0x22, 0x40, 0x22, 0x40, 0x02, 0x40, 0x02, 0x40, 
    0x22, 0x40, 0x22, 0x40, 0x22, 0x40, 0x21, 0x40, 0x21, 0x40, 0x41, 0x40, 
    0x61, 0x38, 0xa0, 0x38, 0xe0, 0x38, 0x60, 0x39, 0xe0, 0x39, 0x00, 0x3a, 
    0x40, 0x3a, 0x40, 0x3a, 0x20, 0x3a, 0xe0, 0x31, 0xa0, 0x29, 0x80, 0x21, 
    0x40, 0x21, 0x20, 0x19, 0x00, 0x11, 0xc0, 0x08, 0x60, 0x08, 0x40, 0x00, 
    0x20, 0x00, 0x20, 0x00, 0x40, 0x00, 0x60, 0x00, 0x80, 0x08, 0xc0, 0x08, 
    0x00, 0x11, 0x20, 0x11, 0x60, 0x19, 0x80, 0x19, 0xa0, 0x21, 0xa0, 0x21, 
    0xa0, 0x21, 0xa0, 0x21, 0xa0, 0x19, 0xa0, 0x21, 0x80, 0x19, 0x60, 0x19, 
    0x60, 0x19, 0x60, 0x19, 0x40, 0x19, 0x20, 0x19, 0x00, 0x19, 0x00, 0x19, 
    0xc0, 0x10, 0xc0, 0x10, 0xa0, 0x10, 0xa0, 0x10, 0xa0, 0x10, 0xa0, 0x08, 
    0xc0, 0x10, 0x00, 0x19, 0x80, 0x21, 0xa0, 0x21, 0xe0, 0x29, 0x20, 0x32, 
    0x20, 0x32, 0x40, 0x32, 0x40, 0x32, 0x20, 0x2a, 0xe0, 0x19, 0x80, 0x11, 
    0x00, 0x01, 0xe0, 0x00, 0xe0, 0x00, 0xe0, 0x00, 0xe0, 0x00, 0xc0, 0x00, 
    0xe0, 0x00, 0xe0, 0x00, 0xc0, 0x08, 0xa0, 0x10, 0xa0, 0x18, 0x60, 0x18, 
    0x60, 0x20, 0x20, 0x28, 0x21, 0x38, 0x01, 0x38, 0x22, 0x40, 0x02, 0x40, 
    0x02, 0x48, 0x23, 0x48, 0x23, 0x48, 0x23, 0x48, 0x22, 0x48, 0x03, 0x48, 
    0x02, 0x48, 0x02, 0x48, 0x03, 0x48, 0x02, 0x48, 0x02, 0x48, 0x02, 0x48, 
    0x02, 0x48, 0x02, 0x48, 0x02, 0x48, 0x02, 0x48, 0x02, 0x48, 0x02, 0x48, 
    0x02, 0x48, 0x02, 0x48, 0x02, 0x48, 0x02, 0x48, 0x02, 0x48, 0x02, 0x40, 
    0x02, 0x40, 0x02, 0x40, 0x03, 0x48, 0x02, 0x48, 0x02, 0x40, 0x03, 0x40, 
    0x02, 0x40, 0x02, 0x40, 0x02, 0x48, 0x02, 0x48, 0x02, 0x48, 0x02, 0x48, 
    0x02, 0x48, 0x02, 0x48, 0x02, 0x48, 0x02, 0x48, 0x02, 0x40, 0x02, 0x48, 
    0x02, 0x48, 0x02, 0x40, 0x02, 0x40, 0x02, 0x40, 0x02, 0x40, 0x02, 0x40, 
    0x02, 0x40, 0x02, 0x40, 0x02, 0x40, 0x02, 0x40, 0x02, 0x40, 0x02, 0x40, 
    0x02, 0x40, 0x02, 0x40, 0x02, 0x40, 0x02, 0x40, 0x02, 0x40, 0x02, 0x40, 
    0x02, 0x40, 0x02, 0x40, 0x02, 0x40, 0x02, 0x40, 0x02, 0x40, 0x02, 0x40, 
    0x02, 0x40, 0x02, 0x40, 0x23, 0x40, 0x23, 0x48, 0x02, 0x40, 0x23, 0x48, 
    0x23, 0x48, 0x23, 0x48, 0x03, 0x40, 0x23, 0x48, 0x23, 0x48, 0x23, 0x48, 
    0x23, 0x48, 0x23, 0x48, 0x23, 0x48, 0x43, 0x48, 0x63, 0x50, 0x83, 0x50, 
    0xe3, 0x58, 0x24, 0x59, 0x64, 0x59, 0xc5, 0x59, 0x05, 0x62, 0x25, 0x62, 
    0x85, 0x62, 0xe6, 0x6a, 0x06, 0x6b, 0x26, 0x6b, 0x67, 0x6b, 0x87, 0x6b, 
    0xc8, 0x73, 0xe8, 0x73, 0x09, 0x7c, 0x29, 0x7c, 0x28, 0x74, 0x49, 0x7c, 
    0x48, 0x7c, 0x48, 0x7c, 0x48, 0x74, 0x48, 0x74, 0x28, 0x74, 0x28, 0x74, 
    0x28, 0x6c, 0x07, 0x6c, 0x07, 0x74, 0xe7, 0x6b, 0xc7, 0x6b, 0xc6, 0x63, 
    0xa6, 0x63, 0x65, 0x5b, 0x25, 0x53, 0xc3, 0x4a, 0x63, 0x3a, 0x01, 0x2a, 
    0xa0, 0x19, 0x40, 0x11, 0xe0, 0x08, 0xe0, 0x08, 0xe0, 0x00, 0xe0, 0x00, 
    0xe0, 0x00, 0xe0, 0x00, 0xe0, 0x00, 0xc0, 0x00, 0xc0, 0x00, 0xc0, 0x00, 
    0xc0, 0x00, 0xe0, 0x00, 0xe0, 0x00, 0xe0, 0x00, 0xe0, 0x00, 0xe0, 0x00, 
    0xe0, 0x00, 0xe0, 0x00, 0xe0, 0x00, 0xe0, 0x00, 0xe0, 0x00, 0xe0, 0x00, 
    0xc0, 0x08, 0xa0, 0x10, 0xa0, 0x18, 0x80, 0x20, 0x60, 0x28, 0x41, 0x30, 
    0x21, 0x38, 0x21, 0x40, 0x22, 0x40, 0x22, 0x40, 0x02, 0x40, 0x22, 0x40, 
    0x22, 0x40, 0x22, 0x40, 0x21, 0x40, 0x21, 0x40, 0x41, 0x48, 0x21, 0x40, 
    0x41, 0x40, 0x81, 0x38, 0xc0, 0x38, 0x20, 0x39, 0xa0, 0x39, 0x00, 0x3a, 
    0x40, 0x42, 0x40, 0x3a, 0x40, 0x3a, 0x00, 0x32, 0xa0, 0x29, 0x60, 0x21, 
    0x40, 0x21, 0x00, 0x19, 0xe0, 0x10, 0xa0, 0x08, 0x60, 0x08, 0x40, 0x00, 
    0x20, 0x00, 0x40, 0x00, 0x40, 0x00, 0x60, 0x00, 0x80, 0x08, 0xc0, 0x08, 
    0x00, 0x11, 0x40, 0x11, 0x40, 0x19, 0x80, 0x19, 0xa0, 0x21, 0xa0, 0x21, 
    0xa0, 0x21, 0xa0, 0x21, 0xa0, 0x21, 0xa0, 0x21, 0xa0, 0x21, 0xa0, 0x21, 
    0x80, 0x19, 0x80, 0x19, 0x60, 0x19, 0x40, 0x19, 0x20, 0x19, 0x20, 0x19, 
    0x00, 0x19, 0xe0, 0x18, 0xc0, 0x10, 0xc0, 0x10, 0xa0, 0x10, 0xa0, 0x10, 
    0xe0, 0x10, 0x40, 0x19, 0xa0, 0x29, 0xe0, 0x29, 0x20, 0x32, 0x40, 0x3a, 
    0x60, 0x3a, 0x60, 0x3a, 0x60, 0x32, 0x40, 0x32, 0x00, 0x22, 0x80, 0x11, 
    0x00, 0x01, 0xe0, 0x00, 0xe0, 0x00, 0xe0, 0x00, 0xc0, 0x00, 0xc0, 0x00, 
    0xc0, 0x00, 0xc0, 0x00, 0xa0, 0x08, 0xa0, 0x10, 0x80, 0x10, 0x60, 0x18, 
    0x40, 0x20, 0x41, 0x28, 0x21, 0x30, 0x21, 0x38, 0x02, 0x40, 0x22, 0x40, 
    0x23, 0x48, 0x03, 0x48, 0x23, 0x48, 0x03, 0x48, 0x02, 0x48, 0x03, 0x48, 
    0x23, 0x48, 0x23, 0x48, 0x22, 0x48, 0x03, 0x48, 0x02, 0x48, 0x02, 0x48, 
    0x02, 0x48, 0x02, 0x48, 0x02, 0x48, 0x02, 0x48, 0x02, 0x48, 0x02, 0x40, 
    0x02, 0x48, 0x02, 0x48, 0x02, 0x48, 0x03, 0x48, 0x02, 0x48, 0x02, 0x48, 
    0x02, 0x48, 0x02, 0x48, 0x02, 0x48, 0x02, 0x48, 0x02, 0x40, 0x02, 0x40, 
    0x02, 0x40, 0x02, 0x48, 0x02, 0x48, 0x02, 0x48, 0x02, 0x48, 0x02, 0x48, 
    0x02, 0x48, 0x02, 0x48, 0x02, 0x48, 0x02, 0x48, 0x02, 0x40, 0x02, 0x48, 
    0x02, 0x40, 0x02, 0x40, 0x02, 0x40, 0x02, 0x40, 0x02, 0x40, 0x02, 0x40, 
    0x02, 0x40, 0x02, 0x40, 0x02, 0x40, 0x02, 0x40, 0x02, 0x40, 0x02, 0x40, 
    0x02, 0x40, 0x02, 0x40, 0x02, 0x40, 0x02, 0x40, 0x02, 0x40, 0x02, 0x40, 
    0x02, 0x40, 0x02, 0x40, 0x02, 0x40, 0x02, 0x40, 0x02, 0x40, 0x02, 0x40, 
    0x02, 0x48, 0x22, 0x40, 0x03, 0x40, 0x23, 0x40, 0x23, 0x40, 0x22, 0x40, 
    0x23, 0x40, 0x23, 0x48, 0x23, 0x48, 0x23, 0x48, 0x03, 0x48, 0x23, 0x48, 
    0x23, 0x48, 0x23, 0x48, 0x23, 0x48, 0x43, 0x48, 0x83, 0x50, 0xc3, 0x58, 
    0x24, 0x59, 0x44, 0x51, 0xa4, 0x59, 0xe5, 0x59, 0x25, 0x62, 0x85, 0x62, 
    0xa5, 0x62, 0xe5, 0x6a, 0x26, 0x73, 0x46, 0x6b, 0x87, 0x73, 0xc8, 0x73, 
    0xe8, 0x73, 0x08, 0x74, 0x08, 0x74, 0x29, 0x7c, 0x28, 0x74, 0x28, 0x74, 
    0x28, 0x74, 0x48, 0x74, 0x28, 0x74, 0x28, 0x74, 0x07, 0x74, 0x07, 0x6c, 
    0xe7, 0x6b, 0xe7, 0x6b, 0xc7, 0x6b, 0xa6, 0x63, 0x86, 0x63, 0x86, 0x63, 
    0x86, 0x63, 0x25, 0x5b, 0xe4, 0x4a, 0xa3, 0x42, 0x42, 0x32, 0xe1, 0x29, 
    0x60, 0x19, 0x00, 0x11, 0xe0, 0x08, 0xe0, 0x08, 0xe0, 0x08, 0xe0, 0x00, 
    0xe0, 0x00, 0xe0, 0x00, 0xe0, 0x00, 0xe0, 0x00, 0xe0, 0x00, 0xc0, 0x00, 
    0xc0, 0x00, 0xc0, 0x00, 0xc0, 0x00, 0xe0, 0x00, 0xe0, 0x00, 0xe0, 0x00, 
    0xe0, 0x00, 0xe0, 0x00, 0xe0, 0x00, 0xe0, 0x00, 0xe0, 0x00, 0xe0, 0x00, 
    0xc0, 0x00, 0xa0, 0x08, 0xa0, 0x10, 0x80, 0x20, 0x60, 0x28, 0x41, 0x30, 
    0x21, 0x38, 0x21, 0x40, 0x22, 0x40, 0x02, 0x40, 0x02, 0x40, 0x02, 0x40, 
    0x22, 0x40, 0x22, 0x40, 0x21, 0x40, 0x21, 0x40, 0x21, 0x40, 0x21, 0x40, 
    0x21, 0x40, 0x41, 0x40, 0x80, 0x38, 0xe0, 0x38, 0x80, 0x41, 0x00, 0x42, 
    0x40, 0x42, 0x60, 0x42, 0x60, 0x42, 0x20, 0x3a, 0xe0, 0x31, 0x80, 0x29, 
    0x40, 0x21, 0xe0, 0x18, 0xc0, 0x18, 0xa0, 0x10, 0x80, 0x08, 0x60, 0x00, 
    0x40, 0x00, 0x40, 0x00, 0x40, 0x00, 0x60, 0x00, 0xa0, 0x08, 0xc0, 0x08, 
    0xe0, 0x10, 0x20, 0x11, 0x60, 0x19, 0x80, 0x19, 0xa0, 0x21, 0xa0, 0x21, 
    0xc0, 0x21, 0xc0, 0x21, 0xc0, 0x21, 0xc0, 0x21, 0xe0, 0x21, 0xc0, 0x21, 
    0xc0, 0x21, 0xa0, 0x21, 0xa0, 0x21, 0x60, 0x21, 0x60, 0x21, 0x40, 0x21, 
    0x20, 0x19, 0x00, 0x19, 0x00, 0x19, 0xe0, 0x18, 0xc0, 0x10, 0xc0, 0x10, 
    0x00, 0x19, 0x40, 0x21, 0xc0, 0x29, 0x00, 0x32, 0x40, 0x3a, 0x80, 0x3a, 
    0xa0, 0x42, 0xc0, 0x3a, 0xa0, 0x3a, 0x80, 0x32, 0x20, 0x22, 0x80, 0x11, 
    0xe0, 0x00, 0xc0, 0x00, 0xc0, 0x00, 0xc0, 0x00, 0xc0, 0x00, 0xc0, 0x00, 
    0xc0, 0x00, 0xa0, 0x00, 0xa0, 0x08, 0x80, 0x08, 0x60, 0x10, 0x60, 0x18, 
    0x40, 0x20, 0x21, 0x28, 0x21, 0x30, 0x21, 0x38, 0x22, 0x40, 0x22, 0x40, 
    0x03, 0x48, 0x23, 0x48, 0x23, 0x48, 0x23, 0x48, 0x22, 0x48, 0x23, 0x48, 
    0x03, 0x48, 0x23, 0x48, 0x23, 0x48, 0x03, 0x48, 0x02, 0x48, 0x02, 0x48, 
    0x02, 0x48, 0x02, 0x48, 0x02, 0x48, 0x02, 0x48, 0x02, 0x48, 0x02, 0x48, 
    0x02, 0x48, 0x03, 0x48, 0x02, 0x48, 0x03, 0x48, 0x02, 0x40, 0x02, 0x48, 
    0x02, 0x48, 0x02, 0x48, 0x02, 0x48, 0x02, 0x40, 0x02, 0x48, 0x03, 0x48, 
    0x02, 0x40, 0x02, 0x48, 0x02, 0x48, 0x02, 0x48, 0x02, 0x48, 0x02, 0x48, 
    0x02, 0x40, 0x02, 0x48, 0x02, 0x48, 0x02, 0x48, 0x02, 0x48, 0x02, 0x40, 
    0x03, 0x48, 0x02, 0x40, 0x02, 0x40, 0x02, 0x40, 0x02, 0x40, 0x02, 0x40, 
    0x02, 0x40, 0x02, 0x40, 0x02, 0x40, 0x02, 0x40, 0x02, 0x40, 0x02, 0x40, 
    0x02, 0x40, 0x02, 0x40, 0x02, 0x40, 0x02, 0x40, 0x02, 0x40, 0x02, 0x40, 
    0x02, 0x40, 0x02, 0x40, 0x02, 0x40, 0x02, 0x40, 0x02, 0x40, 0x02, 0x40, 
    0x22, 0x48, 0x02, 0x48, 0x23, 0x40, 0x22, 0x40, 0x02, 0x40, 0x02, 0x40, 
    0x02, 0x40, 0x23, 0x40, 0x22, 0x48, 0x23, 0x48, 0x23, 0x40, 0x03, 0x48, 
    0x23, 0x48, 0x22, 0x48, 0x23, 0x48, 0x62, 0x48, 0xa3, 0x50, 0xe3, 0x50, 
    0x24, 0x51, 0x84, 0x59, 0xc5, 0x59, 0x05, 0x62, 0x45, 0x62, 0x85, 0x62, 
    0xc5, 0x6a, 0xe6, 0x6a, 0x47, 0x73, 0x67, 0x73, 0xa8, 0x73, 0xa8, 0x73, 
    0xe9, 0x73, 0xe8, 0x73, 0x08, 0x74, 0x08, 0x74, 0x08, 0x74, 0x08, 0x74, 
    0x08, 0x74, 0x07, 0x74, 0xe7, 0x6b, 0xe7, 0x73, 0xe7, 0x6b, 0xc7, 0x6b, 
    0xc7, 0x6b, 0x86, 0x63, 0xa6, 0x6b, 0x86, 0x63, 0x66, 0x63, 0x46, 0x63, 
    0x25, 0x5b, 0xe4, 0x52, 0xc4, 0x4a, 0x62, 0x3a, 0x02, 0x2a, 0xa0, 0x21, 
    0x40, 0x19, 0xe0, 0x08, 0xe0, 0x08, 0xc0, 0x08, 0xe0, 0x08, 0xe0, 0x08, 
    0xe0, 0x00, 0xe0, 0x00, 0xe0, 0x00, 0xe0, 0x00, 0xe0, 0x00, 0xc0, 0x00, 
    0xc0, 0x00, 0xc0, 0x00, 0xe0, 0x00, 0xe0, 0x00, 0xe0, 0x00, 0xe0, 0x00, 
    0xe0, 0x00, 0xe0, 0x00, 0xe0, 0x00, 0xe0, 0x00, 0xe0, 0x00, 0xe0, 0x00, 
    0xc0, 0x00, 0xc0, 0x08, 0xa0, 0x10, 0x80, 0x18, 0x60, 0x20, 0x41, 0x28, 
    0x21, 0x30, 0x01, 0x38, 0x22, 0x40, 0x02, 0x40, 0x02, 0x40, 0x02, 0x40, 
    0x02, 0x40, 0x22, 0x40, 0x22, 0x40, 0x21, 0x48, 0x41, 0x48, 0x21, 0x40, 
    0x22, 0x40, 0x21, 0x40, 0x61, 0x40, 0xc0, 0x38, 0x40, 0x39, 0xe0, 0x41, 
    0x61, 0x42, 0x81, 0x42, 0x81, 0x42, 0x40, 0x3a, 0x00, 0x32, 0xa0, 0x29, 
    0x40, 0x29, 0x00, 0x21, 0xc0, 0x18, 0xa0, 0x10, 0x80, 0x08, 0x60, 0x08, 
    0x40, 0x00, 0x40, 0x00, 0x40, 0x00, 0x60, 0x00, 0x80, 0x08, 0xc0, 0x08, 
    0xe0, 0x08, 0x20, 0x11, 0x40, 0x19, 0x80, 0x21, 0xa1, 0x21, 0xc1, 0x21, 
    0xc0, 0x21, 0xe1, 0x21, 0xe1, 0x21, 0xe0, 0x21, 0xe0, 0x21, 0xe0, 0x21, 
    0xc0, 0x21, 0xc0, 0x21, 0xa0, 0x21, 0x80, 0x21, 0x80, 0x21, 0x60, 0x21, 
    0x40, 0x21, 0x40, 0x21, 0x20, 0x19, 0x00, 0x19, 0xe0, 0x18, 0xe0, 0x10, 
    0x00, 0x19, 0x60, 0x21, 0xe0, 0x31, 0x20, 0x32, 0x60, 0x3a, 0xa0, 0x42, 
    0xc0, 0x42, 0xe1, 0x42, 0xc0, 0x42, 0x60, 0x32, 0x20, 0x2a, 0x80, 0x11, 
    0xe0, 0x00, 0xc0, 0x00, 0xc0, 0x00, 0xc0, 0x00, 0xa0, 0x00, 0xa0, 0x00, 
    0xa0, 0x00, 0xa0, 0x00, 0x80, 0x00, 0x80, 0x10, 0x60, 0x10, 0x60, 0x18, 
    0x41, 0x20, 0x21, 0x28, 0x21, 0x30, 0x22, 0x38, 0x22, 0x40, 0x23, 0x40, 
    0x23, 0x48, 0x02, 0x48, 0x23, 0x48, 0x23, 0x48, 0x02, 0x48, 0x02, 0x48, 
    0x02, 0x48, 0x02, 0x48, 0x02, 0x48, 0x02, 0x48, 0x02, 0x48, 0x02, 0x48, 
    0x02, 0x48, 0x02, 0x48, 0x02, 0x48, 0x02, 0x48, 0x02, 0x48, 0x02, 0x48, 
    0x02, 0x48, 0x02, 0x40, 0x02, 0x48, 0x02, 0x40, 0x02, 0x40, 0x02, 0x48, 
    0x02, 0x40, 0x02, 0x40, 0x02, 0x48, 0x02, 0x48, 0x02, 0x48, 0x02, 0x40, 
    0x02, 0x40, 0x02, 0x40, 0x02, 0x40, 0x02, 0x40, 0x02, 0x48, 0x02, 0x48, 
    0x02, 0x40, 0x02, 0x40, 0x02, 0x40, 0x02, 0x40, 0x03, 0x40, 0x02, 0x48, 
    0x02, 0x48, 0x02, 0x40, 0x02, 0x40, 0x02, 0x40, 0x02, 0x40, 0x02, 0x40, 
    0x02, 0x40, 0x02, 0x40, 0x02, 0x40, 0x02, 0x40, 0x02, 0x40, 0x02, 0x40, 
    0x02, 0x40, 0x02, 0x40, 0x02, 0x40, 0x02, 0x40, 0x02, 0x40, 0x02, 0x40, 
    0x02, 0x40, 0x02, 0x40, 0x02, 0x40, 0x03, 0x40, 0x02, 0x40, 0x02, 0x40, 
    0x03, 0x48, 0x02, 0x48, 0x23, 0x40, 0x02, 0x40, 0x02, 0x40, 0x02, 0x40, 
    0x23, 0x40, 0x22, 0x40, 0x03, 0x40, 0x23, 0x40, 0x22, 0x40, 0x23, 0x48, 
    0x22, 0x48, 0x23, 0x48, 0x42, 0x48, 0x62, 0x48, 0xa3, 0x50, 0x03, 0x51, 
    0x64, 0x51, 0x84, 0x59, 0xc5, 0x59, 0x05, 0x62, 0x45, 0x62, 0x85, 0x62, 
    0xc5, 0x6a, 0x06, 0x6b, 0x46, 0x6b, 0x67, 0x6b, 0xa7, 0x6b, 0xc8, 0x73, 
    0xe8, 0x73, 0xe8, 0x73, 0xe8, 0x73, 0xe7, 0x73, 0xe7, 0x6b, 0xc7, 0x6b, 
    0xc7, 0x6b, 0xc7, 0x6b, 0xc7, 0x6b, 0xc7, 0x6b, 0x87, 0x6b, 0x87, 0x63, 
    0x87, 0x63, 0x66, 0x63, 0x46, 0x63, 0x26, 0x63, 0x26, 0x5b, 0x05, 0x5b, 
    0xc5, 0x52, 0xa4, 0x4a, 0x63, 0x42, 0x21, 0x32, 0xe1, 0x29, 0x60, 0x19, 
    0x20, 0x11, 0xe0, 0x08, 0xe0, 0x08, 0xc0, 0x08, 0xe0, 0x08, 0xe0, 0x00, 
    0xe0, 0x00, 0xc0, 0x00, 0xc0, 0x00, 0xe0, 0x00, 0xc0, 0x00, 0xc0, 0x00, 
    0xc0, 0x00, 0xc0, 0x00, 0xc0, 0x00, 0xc0, 0x00, 0xe0, 0x00, 0xe0, 0x00, 
    0xe0, 0x00, 0xe0, 0x00, 0xe0, 0x00, 0xe0, 0x00, 0xe0, 0x00, 0xe0, 0x00, 
    0xc0, 0x00, 0xc0, 0x08, 0xa0, 0x08, 0xa0, 0x18, 0x60, 0x20, 0x40, 0x28, 
    0x21, 0x30, 0x21, 0x38, 0x22, 0x40, 0x02, 0x40, 0x02, 0x40, 0x02, 0x40, 
    0x02, 0x40, 0x02, 0x40, 0x22, 0x40, 0x21, 0x40, 0x22, 0x40, 0x22, 0x40, 
    0x22, 0x40, 0x21, 0x40, 0x41, 0x38, 0xa1, 0x38, 0x00, 0x39, 0xc0, 0x39, 
    0x41, 0x42, 0xa1, 0x4a, 0xa1, 0x42, 0x81, 0x42, 0x21, 0x3a, 0xe0, 0x31, 
    0x80, 0x29, 0x40, 0x29, 0x00, 0x21, 0xc0, 0x10, 0xa0, 0x10, 0x80, 0x08, 
    0x40, 0x00, 0x40, 0x00, 0x40, 0x00, 0x40, 0x00, 0x80, 0x08, 0xa0, 0x08, 
    0xe0, 0x10, 0x20, 0x19, 0x40, 0x19, 0x80, 0x21, 0xa1, 0x21, 0xc1, 0x21, 
    0xc1, 0x21, 0xc1, 0x21, 0xe1, 0x21, 0xe1, 0x21, 0xe0, 0x21, 0xe1, 0x21, 
    0xe1, 0x21, 0xe0, 0x21, 0xc0, 0x21, 0xa0, 0x21, 0xa1, 0x21, 0x80, 0x21, 
    0x60, 0x21, 0x60, 0x21, 0x40, 0x19, 0x20, 0x21, 0x00, 0x19, 0x00, 0x19, 
    0x20, 0x19, 0x80, 0x21, 0xe0, 0x31, 0x20, 0x32, 0x60, 0x3a, 0xa1, 0x42, 
    0xe1, 0x4a, 0xe1, 0x42, 0xc0, 0x42, 0xa0, 0x3a, 0x20, 0x22, 0x80, 0x11, 
    0x00, 0x01, 0xe0, 0x00, 0xe0, 0x00, 0xc0, 0x00, 0xa0, 0x00, 0xa0, 0x00, 
    0xa0, 0x00, 0xa0, 0x00, 0x80, 0x08, 0x80, 0x10, 0x60, 0x10, 0x60, 0x18, 
    0x41, 0x20, 0x41, 0x28, 0x21, 0x30, 0x22, 0x38, 0x22, 0x40, 0x22, 0x40, 
    0x22, 0x48, 0x23, 0x48, 0x23, 0x48, 0x03, 0x48, 0x03, 0x48, 0x23, 0x48, 
    0x02, 0x48, 0x03, 0x48, 0x02, 0x48, 0x02, 0x48, 0x02, 0x48, 0x02, 0x48, 
    0x02, 0x48, 0x02, 0x48, 0x02, 0x48, 0x02, 0x48, 0x02, 0x48, 0x02, 0x48, 
    0x02, 0x48, 0x02, 0x48, 0x02, 0x48, 0x02, 0x40, 0x02, 0x48, 0x02, 0x48, 
    0x02, 0x40, 0x02, 0x40, 0x02, 0x48, 0x02, 0x48, 0x02, 0x48, 0x02, 0x48, 
    0x03, 0x48, 0x02, 0x40, 0x02, 0x40, 0x02, 0x48, 0x02, 0x48, 0x02, 0x48, 
    0x02, 0x48, 0x02, 0x48, 0x02, 0x40, 0x02, 0x40, 0x02, 0x40, 0x02, 0x48, 
    0x02, 0x48, 0x02, 0x40, 0x02, 0x40, 0x02, 0x40, 0x02, 0x40, 0x02, 0x40, 
    0x02, 0x40, 0x02, 0x40, 0x02, 0x40, 0x02, 0x40, 0x03, 0x40, 0x02, 0x40, 
    0x02, 0x40, 0x02, 0x40, 0x02, 0x40, 0x02, 0x40, 0x02, 0x40, 0x02, 0x40, 
    0x02, 0x40, 0x02, 0x40, 0x02, 0x40, 0x02, 0x40, 0x02, 0x40, 0x02, 0x38, 
    0x23, 0x48, 0x23, 0x48, 0x03, 0x48, 0x02, 0x40, 0x02, 0x40, 0x03, 0x40, 
    0x23, 0x48, 0x22, 0x40, 0x23, 0x48, 0x03, 0x40, 0x23, 0x40, 0x23, 0x48, 
    0x02, 0x48, 0x23, 0x48, 0x43, 0x48, 0x83, 0x50, 0xa3, 0x50, 0x03, 0x49, 
    0x64, 0x51, 0x84, 0x59, 0xc4, 0x59, 0x05, 0x62, 0x45, 0x62, 0x85, 0x62, 
    0xe6, 0x6a, 0x05, 0x6b, 0x26, 0x6b, 0x67, 0x6b, 0xa8, 0x73, 0xa7, 0x6b, 
    0xa7, 0x6b, 0xc8, 0x6b, 0xa7, 0x6b, 0xa7, 0x6b, 0xa7, 0x6b, 0x87, 0x6b, 
    0xa7, 0x6b, 0x67, 0x63, 0x67, 0x6b, 0x67, 0x6b, 0x46, 0x63, 0x46, 0x63, 
    0x26, 0x63, 0x05, 0x63, 0x05, 0x63, 0xe5, 0x5a, 0xc5, 0x5a, 0xc4, 0x52, 
    0x84, 0x4a, 0x63, 0x42, 0x22, 0x3a, 0xe1, 0x29, 0xa0, 0x21, 0x40, 0x19, 
    0x00, 0x09, 0xe0, 0x08, 0xe0, 0x08, 0xc0, 0x08, 0xc0, 0x08, 0xe0, 0x00, 
    0xc0, 0x00, 0xe0, 0x00, 0xe0, 0x00, 0xe0, 0x00, 0xc0, 0x00, 0xe0, 0x00, 
    0xc0, 0x00, 0xc0, 0x00, 0xe0, 0x00, 0xe0, 0x00, 0xe0, 0x00, 0xe0, 0x00, 
    0xc0, 0x00, 0xe0, 0x00, 0xc0, 0x00, 0xe0, 0x00, 0xe0, 0x00, 0xe0, 0x00, 
    0xe0, 0x00, 0xc0, 0x08, 0xa0, 0x08, 0xa0, 0x10, 0x60, 0x20, 0x60, 0x20, 
    0x41, 0x30, 0x21, 0x38, 0x01, 0x38, 0x02, 0x40, 0x02, 0x40, 0x02, 0x40, 
    0x02, 0x40, 0x02, 0x40, 0x22, 0x40, 0x02, 0x40, 0x22, 0x40, 0x22, 0x40, 
    0x21, 0x40, 0x21, 0x40, 0x61, 0x38, 0x80, 0x30, 0x00, 0x31, 0xa0, 0x39, 
    0x41, 0x42, 0xa2, 0x4a, 0xc2, 0x4a, 0xc2, 0x4a, 0x62, 0x42, 0x01, 0x3a, 
    0xc1, 0x31, 0x60, 0x29, 0x20, 0x21, 0xe0, 0x18, 0xc0, 0x10, 0x80, 0x08, 
    0x60, 0x08, 0x20, 0x00, 0x40, 0x00, 0x40, 0x00, 0x60, 0x00, 0xa0, 0x08, 
    0xc0, 0x08, 0x00, 0x11, 0x40, 0x19, 0x80, 0x19, 0xa0, 0x21, 0xc1, 0x21, 
    0xc1, 0x21, 0xe1, 0x21, 0xc1, 0x21, 0xe1, 0x21, 0xe1, 0x21, 0xe1, 0x21, 
    0xe0, 0x21, 0xe0, 0x21, 0xc0, 0x21, 0xc1, 0x21, 0xc0, 0x21, 0xa0, 0x21, 
    0x80, 0x21, 0x60, 0x21, 0x60, 0x21, 0x40, 0x19, 0x20, 0x19, 0x20, 0x19, 
    0x40, 0x21, 0x80, 0x21, 0xe0, 0x31, 0x20, 0x32, 0x81, 0x42, 0xa1, 0x42, 
    0xe1, 0x4a, 0xe1, 0x4a, 0xc1, 0x42, 0xa0, 0x3a, 0x20, 0x22, 0x80, 0x11, 
    0x00, 0x09, 0xe0, 0x00, 0xc0, 0x00, 0xa0, 0x00, 0xa0, 0x00, 0xa0, 0x00, 
    0x80, 0x00, 0x80, 0x08, 0x60, 0x08, 0x80, 0x10, 0x80, 0x18, 0x61, 0x18, 
    0x41, 0x20, 0x41, 0x28, 0x42, 0x30, 0x22, 0x38, 0x22, 0x40, 0x02, 0x40, 
    0x22, 0x48, 0x23, 0x48, 0x03, 0x48, 0x03, 0x48, 0x03, 0x48, 0x22, 0x48, 
    0x22, 0x48, 0x02, 0x48, 0x02, 0x48, 0x03, 0x48, 0x02, 0x48, 0x23, 0x48, 
    0x02, 0x48, 0x02, 0x48, 0x02, 0x40, 0x02, 0x48, 0x02, 0x48, 0x02, 0x48, 
    0x02, 0x48, 0x02, 0x48, 0x02, 0x48, 0x02, 0x48, 0x02, 0x40, 0x02, 0x48, 
    0x02, 0x40, 0x02, 0x40, 0x02, 0x40, 0x02, 0x40, 0x02, 0x48, 0x02, 0x48, 
    0x02, 0x48, 0x02, 0x48, 0x02, 0x40, 0x02, 0x40, 0x02, 0x48, 0x02, 0x48, 
    0x02, 0x48, 0x02, 0x48, 0x02, 0x48, 0x02, 0x48, 0x02, 0x40, 0x02, 0x48, 
    0x02, 0x48, 0x03, 0x40, 0x02, 0x40, 0x02, 0x40, 0x02, 0x40, 0x02, 0x40, 
    0x02, 0x40, 0x02, 0x40, 0x02, 0x40, 0x02, 0x40, 0x02, 0x40, 0x02, 0x40, 
    0x02, 0x40, 0x02, 0x40, 0x02, 0x40, 0x02, 0x40, 0x02, 0x40, 0x02, 0x40, 
    0x02, 0x40, 0x02, 0x40, 0x02, 0x40, 0x02, 0x40, 0x02, 0x40, 0x02, 0x40, 
    0x02, 0x48, 0x02, 0x40, 0x23, 0x40, 0x03, 0x40, 0x02, 0x40, 0x02, 0x40, 
    0x02, 0x40, 0x02, 0x40, 0x23, 0x40, 0x22, 0x40, 0x23, 0x48, 0x23, 0x48, 
    0x23, 0x48, 0x22, 0x48, 0x42, 0x48, 0x62, 0x50, 0xc3, 0x50, 0x03, 0x51, 
    0x64, 0x51, 0x84, 0x59, 0xc5, 0x59, 0x05, 0x62, 0x45, 0x62, 0xa5, 0x62, 
    0xa5, 0x62, 0x05, 0x6b, 0x26, 0x6b, 0x47, 0x6b, 0x87, 0x6b, 0x67, 0x6b, 
    0x67, 0x6b, 0x66, 0x6b, 0x46, 0x6b, 0x46, 0x6b, 0x66, 0x6b, 0x46, 0x63, 
    0x26, 0x63, 0x26, 0x63, 0x26, 0x63, 0x26, 0x63, 0x05, 0x63, 0xe5, 0x62, 
    0xe4, 0x62, 0xc4, 0x62, 0xa4, 0x5a, 0x84, 0x5a, 0x84, 0x52, 0x64, 0x4a, 
    0x63, 0x4a, 0x23, 0x42, 0x02, 0x32, 0xa0, 0x29, 0x60, 0x21, 0x20, 0x11, 
    0x00, 0x09, 0xe0, 0x08, 0xe0, 0x08, 0xe0, 0x00, 0xc0, 0x00, 0xe0, 0x00, 
    0xc0, 0x00, 0xc0, 0x00, 0xe0, 0x00, 0xe0, 0x00, 0xe0, 0x00, 0xc0, 0x00, 
    0xc0, 0x00, 0xc0, 0x00, 0xc0, 0x00, 0xe0, 0x00, 0xe0, 0x00, 0xe0, 0x00, 
    0xe0, 0x00, 0xe0, 0x00, 0xc0, 0x00, 0xc0, 0x00, 0xc0, 0x00, 0xc0, 0x00, 
    0xc0, 0x00, 0xc0, 0x00, 0xc0, 0x08, 0xa0, 0x10, 0x60, 0x18, 0x60, 0x20, 
    0x40, 0x28, 0x21, 0x30, 0x22, 0x38, 0x02, 0x40, 0x22, 0x40, 0x02, 0x40, 
    0x02, 0x40, 0x02, 0x40, 0x02, 0x40, 0x02, 0x40, 0x22, 0x40, 0x21, 0x40, 
    0x21, 0x40, 0x41, 0x38, 0x60, 0x38, 0x80, 0x30, 0xe0, 0x30, 0x80, 0x31, 
    0x21, 0x3a, 0xa2, 0x4a, 0xe2, 0x4a, 0xc2, 0x4a, 0xa2, 0x42, 0x42, 0x3a, 
    0x01, 0x3a, 0xc1, 0x31, 0x60, 0x21, 0x00, 0x19, 0xc0, 0x10, 0xa0, 0x10, 
    0x60, 0x08, 0x40, 0x00, 0x40, 0x00, 0x40, 0x00, 0x60, 0x00, 0xa0, 0x00, 
    0xc0, 0x08, 0xe0, 0x10, 0x20, 0x11, 0x60, 0x19, 0x80, 0x21, 0xa1, 0x21, 
    0xc0, 0x21, 0xe1, 0x29, 0xe1, 0x29, 0xe1, 0x29, 0xe1, 0x29, 0xe1, 0x21, 
    0xe1, 0x21, 0xe1, 0x21, 0xc0, 0x21, 0xc0, 0x21, 0xc0, 0x21, 0xc0, 0x21, 
    0xa0, 0x21, 0x80, 0x21, 0x60, 0x21, 0x60, 0x21, 0x40, 0x21, 0x20, 0x19, 
    0x40, 0x21, 0x80, 0x29, 0xe0, 0x31, 0x20, 0x3a, 0x40, 0x3a, 0xa0, 0x42, 
    0xa1, 0x42, 0xc1, 0x42, 0xc1, 0x42, 0x80, 0x32, 0x20, 0x2a, 0x80, 0x19, 
    0x00, 0x09, 0xe0, 0x00, 0xc0, 0x00, 0xa0, 0x00, 0x80, 0x00, 0x80, 0x00, 
    0x80, 0x00, 0x80, 0x08, 0x80, 0x10, 0x60, 0x10, 0x81, 0x18, 0x61, 0x18, 
    0x61, 0x20, 0x41, 0x28, 0x42, 0x30, 0x42, 0x38, 0x22, 0x40, 0x22, 0x40, 
    0x02, 0x48, 0x23, 0x48, 0x03, 0x48, 0x03, 0x48, 0x23, 0x48, 0x23, 0x48, 
    0x02, 0x48, 0x03, 0x48, 0x02, 0x48, 0x02, 0x48, 0x02, 0x48, 0x02, 0x48, 
    0x02, 0x48, 0x02, 0x48, 0x02, 0x48, 0x02, 0x48, 0x02, 0x48, 0x02, 0x48, 
    0x02, 0x48, 0x02, 0x48, 0x02, 0x48, 0x03, 0x48, 0x02, 0x48, 0x02, 0x48, 
    0x02, 0x48, 0x02, 0x48, 0x02, 0x48, 0x02, 0x48, 0x02, 0x40, 0x02, 0x40, 
    0x02, 0x48, 0x02, 0x48, 0x02, 0x40, 0x02, 0x40, 0x02, 0x48, 0x02, 0x48, 
    0x02, 0x40, 0x03, 0x48, 0x02, 0x48, 0x02, 0x40, 0x02, 0x48, 0x03, 0x40, 
    0x03, 0x40, 0x02, 0x40, 0x02, 0x40, 0x02, 0x40, 0x02, 0x40, 0x02, 0x40, 
    0x02, 0x40, 0x02, 0x40, 0x02, 0x40, 0x02, 0x40, 0x02, 0x40, 0x02, 0x40, 
    0x02, 0x40, 0x02, 0x40, 0x02, 0x40, 0x02, 0x40, 0x02, 0x40, 0x02, 0x40, 
    0x02, 0x40, 0x02, 0x40, 0x02, 0x40, 0x02, 0x40, 0x02, 0x40, 0x02, 0x40, 
    0x03, 0x48, 0x02, 0x40, 0x02, 0x40, 0x02, 0x40, 0x23, 0x40, 0x02, 0x40, 
    0x02, 0x40, 0x22, 0x40, 0x22, 0x40, 0x02, 0x40, 0x23, 0x48, 0x03, 0x40, 
    0x02, 0x40, 0x22, 0x48, 0x43, 0x48, 0x63, 0x50, 0xa3, 0x50, 0x03, 0x51, 
    0x44, 0x51, 0x84, 0x51, 0xa4, 0x59, 0xe4, 0x59, 0x25, 0x5a, 0x65, 0x62, 
    0xa5, 0x62, 0xc5, 0x62, 0xe5, 0x62, 0x26, 0x6b, 0x26, 0x6b, 0x26, 0x6b, 
    0x06, 0x6b, 0xe5, 0x62, 0xe5, 0x62, 0xe5, 0x62, 0xe5, 0x62, 0xe5, 0x62, 
    0xc5, 0x62, 0xc5, 0x62, 0xc5, 0x62, 0xc4, 0x62, 0xa4, 0x5a, 0xa4, 0x5a, 
    0x84, 0x5a, 0x64, 0x5a, 0x44, 0x5a, 0x23, 0x52, 0x23, 0x52, 0x23, 0x4a, 
    0x02, 0x42, 0xe2, 0x39, 0xa1, 0x29, 0x80, 0x21, 0x40, 0x19, 0x20, 0x11, 
    0x00, 0x09, 0xe0, 0x08, 0xe0, 0x08, 0xe0, 0x00, 0xc0, 0x00, 0xc0, 0x00, 
    0xe0, 0x00, 0xe0, 0x00, 0xc0, 0x00, 0xe0, 0x00, 0xe0, 0x00, 0xe0, 0x00, 
    0xe0, 0x00, 0xc0, 0x00, 0xc0, 0x00, 0xe0, 0x00, 0xe0, 0x00, 0xe0, 0x00, 
    0xe0, 0x00, 0xe0, 0x00, 0xe0, 0x00, 0xc0, 0x00, 0xe0, 0x00, 0xc0, 0x00, 
    0xc0, 0x00, 0xc0, 0x00, 0xa0, 0x08, 0xa0, 0x10, 0x80, 0x18, 0x60, 0x20, 
    0x40, 0x30, 0x21, 0x38, 0x22, 0x38, 0x22, 0x40, 0x02, 0x40, 0x02, 0x40, 
    0x02, 0x40, 0x02, 0x40, 0x02, 0x40, 0x02, 0x40, 0x02, 0x40, 0x21, 0x40, 
    0x21, 0x40, 0x41, 0x38, 0x60, 0x30, 0x80, 0x30, 0xe0, 0x30, 0x60, 0x31, 
    0x01, 0x3a, 0x82, 0x42, 0xe3, 0x4a, 0xe2, 0x4a, 0xc2, 0x4a, 0xa2, 0x42, 
    0x41, 0x3a, 0xe0, 0x31, 0x80, 0x21, 0x40, 0x21, 0xe0, 0x10, 0xa0, 0x10, 
    0x80, 0x08, 0x40, 0x00, 0x40, 0x00, 0x40, 0x00, 0x60, 0x00, 0x80, 0x00, 
    0xa0, 0x08, 0xc0, 0x08, 0x00, 0x11, 0x40, 0x19, 0x80, 0x19, 0xa0, 0x21, 
    0xc0, 0x21, 0xc0, 0x21, 0xc1, 0x21, 0xc1, 0x29, 0xe1, 0x21, 0xe1, 0x21, 
    0xe1, 0x21, 0xe1, 0x21, 0xe0, 0x21, 0xe1, 0x21, 0xc0, 0x21, 0xc0, 0x21, 
    0xa0, 0x21, 0xa0, 0x21, 0xa0, 0x21, 0x80, 0x21, 0x60, 0x21, 0x40, 0x21, 
    0x60, 0x21, 0xa0, 0x29, 0x00, 0x32, 0x20, 0x3a, 0x40, 0x3a, 0x80, 0x42, 
    0xc1, 0x42, 0xc1, 0x42, 0x80, 0x3a, 0x60, 0x32, 0x00, 0x2a, 0x80, 0x19, 
    0x00, 0x09, 0xe0, 0x08, 0xc0, 0x00, 0xa0, 0x00, 0x80, 0x00, 0x80, 0x00, 
    0x80, 0x08, 0x80, 0x08, 0x80, 0x10, 0x81, 0x10, 0x81, 0x18, 0x82, 0x20, 
    0x61, 0x20, 0x62, 0x28, 0x62, 0x30, 0x22, 0x38, 0x22, 0x40, 0x22, 0x40, 
    0x23, 0x48, 0x22, 0x48, 0x23, 0x48, 0x02, 0x48, 0x02, 0x48, 0x03, 0x48, 
    0x02, 0x48, 0x02, 0x48, 0x02, 0x48, 0x22, 0x48, 0x02, 0x48, 0x02, 0x48, 
    0x02, 0x48, 0x02, 0x48, 0x03, 0x48, 0x02, 0x48, 0x02, 0x48, 0x02, 0x48, 
    0x02, 0x48, 0x02, 0x48, 0x02, 0x48, 0x02, 0x48, 0x02, 0x48, 0x02, 0x48, 
    0x02, 0x48, 0x02, 0x48, 0x02, 0x48, 0x02, 0x48, 0x03, 0x48, 0x02, 0x40, 
    0x02, 0x48, 0x02, 0x48, 0x02, 0x48, 0x02, 0x48, 0x02, 0x48, 0x02, 0x48, 
    0x02, 0x48, 0x02, 0x48, 0x02, 0x48, 0x02, 0x40, 0x02, 0x40, 0x02, 0x40, 
    0x03, 0x48, 0x02, 0x40, 0x02, 0x40, 0x02, 0x40, 0x02, 0x40, 0x02, 0x40, 
    0x02, 0x40, 0x02, 0x40, 0x02, 0x40, 0x02, 0x40, 0x02, 0x40, 0x02, 0x40, 
    0x02, 0x40, 0x02, 0x40, 0x02, 0x40, 0x02, 0x40, 0x02, 0x40, 0x02, 0x40, 
    0x02, 0x40, 0x02, 0x40, 0x02, 0x40, 0x02, 0x40, 0x02, 0x40, 0x02, 0x40, 
    0x23, 0x48, 0x02, 0x48, 0x02, 0x48, 0x02, 0x40, 0x02, 0x40, 0x22, 0x40, 
    0x02, 0x40, 0x02, 0x40, 0x22, 0x40, 0x03, 0x40, 0x03, 0x48, 0x02, 0x40, 
    0x02, 0x40, 0x23, 0x48, 0x22, 0x48, 0x83, 0x50, 0xa3, 0x50, 0xe3, 0x48, 
    0x23, 0x49, 0x64, 0x51, 0x84, 0x51, 0xc4, 0x59, 0x05, 0x5a, 0x25, 0x5a, 
    0x65, 0x62, 0x85, 0x62, 0xc5, 0x6a, 0xc6, 0x6a, 0xc5, 0x62, 0xa5, 0x62, 
    0xc5, 0x62, 0xa5, 0x62, 0x84, 0x62, 0x64, 0x5a, 0xa5, 0x62, 0x84, 0x62, 
    0x64, 0x5a, 0x64, 0x5a, 0x64, 0x5a, 0x64, 0x5a, 0x24, 0x5a, 0x24, 0x5a, 
    0x03, 0x5a, 0x04, 0x5a, 0xe3, 0x51, 0xc3, 0x51, 0xc2, 0x49, 0xe2, 0x49, 
    0xc1, 0x39, 0xc1, 0x31, 0x80, 0x29, 0x40, 0x21, 0x20, 0x11, 0x00, 0x09, 
    0xe0, 0x08, 0xe0, 0x08, 0xe0, 0x08, 0xe0, 0x08, 0xe0, 0x00, 0xe0, 0x00, 
    0xe0, 0x00, 0xe0, 0x00, 0xe0, 0x00, 0xe0, 0x00, 0xe0, 0x00, 0xe0, 0x00, 
    0xe0, 0x00, 0xe0, 0x00, 0xc0, 0x00, 0xc0, 0x00, 0xe0, 0x00, 0xe0, 0x00, 
    0xe0, 0x00, 0xe0, 0x00, 0xc0, 0x00, 0xe0, 0x00, 0xc0, 0x00, 0xe0, 0x00, 
    0xc0, 0x00, 0xc0, 0x00, 0xc0, 0x00, 0xa0, 0x08, 0x80, 0x18, 0x60, 0x20, 
    0x40, 0x28, 0x21, 0x38, 0x22, 0x38, 0x02, 0x40, 0x02, 0x40, 0x02, 0x40, 
    0x02, 0x40, 0x22, 0x40, 0x02, 0x40, 0x02, 0x40, 0x02, 0x40, 0x21, 0x40, 
    0x21, 0x40, 0x60, 0x30, 0x60, 0x30, 0x80, 0x30, 0xc0, 0x28, 0x20, 0x29, 
    0xc0, 0x31, 0x41, 0x3a, 0xa2, 0x4a, 0xe3, 0x4a, 0x03, 0x53, 0xc2, 0x4a, 
    0x61, 0x42, 0x00, 0x32, 0xc0, 0x29, 0x60, 0x21, 0x00, 0x19, 0xc0, 0x10, 
    0x80, 0x08, 0x60, 0x08, 0x40, 0x00, 0x40, 0x00, 0x60, 0x00, 0x60, 0x00, 
    0xa0, 0x00, 0xc0, 0x08, 0xe0, 0x08, 0x20, 0x11, 0x40, 0x19, 0x80, 0x21, 
    0xa0, 0x21, 0xc0, 0x21, 0xc0, 0x21, 0xc1, 0x21, 0xe0, 0x21, 0xe0, 0x21, 
    0xe1, 0x21, 0xe1, 0x21, 0xe0, 0x21, 0xe0, 0x21, 0xe0, 0x21, 0xc0, 0x21, 
    0xe0, 0x21, 0xc0, 0x21, 0xa0, 0x19, 0x80, 0x19, 0x60, 0x19, 0x60, 0x19, 
    0x60, 0x21, 0xa0, 0x21, 0xe0, 0x29, 0x20, 0x32, 0x40, 0x3a, 0x60, 0x3a, 
    0x80, 0x42, 0xa0, 0x42, 0x60, 0x3a, 0x40, 0x32, 0xe0, 0x29, 0x80, 0x19, 
    0x00, 0x11, 0xc0, 0x08, 0xa0, 0x08, 0xa0, 0x08, 0x80, 0x08, 0x80, 0x08, 
    0x80, 0x08, 0x81, 0x08, 0xa1, 0x10, 0xa1, 0x18, 0xa2, 0x18, 0xa2, 0x20, 
    0xa2, 0x28, 0x62, 0x30, 0x42, 0x30, 0x42, 0x38, 0x22, 0x40, 0x22, 0x40, 
    0x02, 0x40, 0x02, 0x48, 0x22, 0x48, 0x02, 0x48, 0x02, 0x48, 0x23, 0x48, 
    0x02, 0x48, 0x02, 0x48, 0x02, 0x48, 0x22, 0x48, 0x03, 0x48, 0x02, 0x48, 
    0x02, 0x48, 0x03, 0x48, 0x03, 0x48, 0x02, 0x48, 0x02, 0x48, 0x02, 0x48, 
    0x02, 0x48, 0x02, 0x48, 0x03, 0x48, 0x02, 0x48, 0x02, 0x48, 0x02, 0x48, 
    0x02, 0x40, 0x02, 0x48, 0x02, 0x48, 0x02, 0x48, 0x02, 0x48, 0x02, 0x48, 
    0x02, 0x48, 0x02, 0x48, 0x03, 0x48, 0x02, 0x48, 0x02, 0x48, 0x02, 0x48, 
    0x02, 0x48, 0x02, 0x40, 0x02, 0x40, 0x02, 0x48, 0x02, 0x48, 0x02, 0x48, 
    0x02, 0x40, 0x03, 0x40, 0x02, 0x40, 0x02, 0x40, 0x02, 0x40, 0x02, 0x40, 
    0x02, 0x40, 0x02, 0x40, 0x02, 0x40, 0x02, 0x40, 0x02, 0x40, 0x02, 0x40, 
    0x02, 0x40, 0x02, 0x40, 0x02, 0x40, 0x02, 0x40, 0x02, 0x40, 0x02, 0x40, 
    0x02, 0x40, 0x02, 0x40, 0x02, 0x40, 0x02, 0x40, 0x02, 0x40, 0x02, 0x40, 
    0x23, 0x48, 0x03, 0x48, 0x03, 0x48, 0x02, 0x40, 0x02, 0x40, 0x02, 0x40, 
    0x22, 0x40, 0x22, 0x40, 0x22, 0x40, 0x23, 0x40, 0x23, 0x40, 0x02, 0x48, 
    0x02, 0x48, 0x22, 0x40, 0x22, 0x48, 0x42, 0x48, 0x82, 0x50, 0xc3, 0x50, 
    0x03, 0x49, 0x44, 0x51, 0x84, 0x59, 0xa4, 0x51, 0xc4, 0x59, 0x05, 0x5a, 
    0x24, 0x5a, 0x45, 0x62, 0x65, 0x62, 0x45, 0x62, 0x65, 0x62, 0x44, 0x5a, 
    0x24, 0x5a, 0x24, 0x5a, 0x24, 0x5a, 0x24, 0x5a, 0x04, 0x5a, 0x04, 0x5a, 
    0x04, 0x5a, 0x04, 0x5a, 0xe3, 0x59, 0xe3, 0x51, 0xe4, 0x51, 0xc4, 0x51, 
    0xa4, 0x59, 0x83, 0x51, 0x84, 0x51, 0x83, 0x49, 0x82, 0x41, 0xa1, 0x41, 
    0x80, 0x39, 0x60, 0x29, 0x60, 0x21, 0x40, 0x19, 0x20, 0x11, 0x00, 0x09, 
    0xe0, 0x08, 0xe0, 0x08, 0xe0, 0x08, 0xe0, 0x08, 0xe0, 0x00, 0xe0, 0x00, 
    0xe0, 0x00, 0xe0, 0x00, 0xe0, 0x00, 0xe0, 0x00, 0xe0, 0x00, 0xe0, 0x00, 
    0xe0, 0x00, 0xe0, 0x00, 0xe0, 0x00, 0xe0, 0x00, 0xc0, 0x00, 0xe0, 0x00, 
    0xe0, 0x00, 0xe0, 0x00, 0xc0, 0x00, 0xc0, 0x00, 0xc0, 0x00, 0xc0, 0x00, 
    0xc0, 0x00, 0xc0, 0x00, 0xc0, 0x00, 0xa0, 0x08, 0x80, 0x10, 0x60, 0x20, 
    0x40, 0x28, 0x21, 0x38, 0x21, 0x38, 0x02, 0x40, 0x02, 0x40, 0x02, 0x40, 
    0x02, 0x40, 0x02, 0x40, 0x02, 0x40, 0x02, 0x40, 0x02, 0x40, 0x21, 0x40, 
    0x41, 0x38, 0x60, 0x30, 0x60, 0x30, 0xa0, 0x30, 0xc0, 0x28, 0x00, 0x29, 
    0x80, 0x31, 0x01, 0x3a, 0x62, 0x42, 0xe3, 0x4a, 0x03, 0x4b, 0xe2, 0x4a, 
    0xc2, 0x42, 0x61, 0x3a, 0x00, 0x32, 0xa0, 0x29, 0x60, 0x21, 0xe0, 0x18, 
    0xa0, 0x10, 0x60, 0x00, 0x40, 0x00, 0x20, 0x00, 0x40, 0x00, 0x60, 0x00, 
    0x80, 0x00, 0xa0, 0x08, 0xe0, 0x08, 0x00, 0x11, 0x20, 0x11, 0x60, 0x19, 
    0x80, 0x19, 0xa0, 0x21, 0xa0, 0x21, 0xc0, 0x21, 0xc0, 0x21, 0xe0, 0x21, 
    0xe0, 0x21, 0xe0, 0x21, 0xe0, 0x21, 0xe0, 0x21, 0xe0, 0x21, 0xe0, 0x21, 
    0xe0, 0x21, 0xc0, 0x19, 0xc0, 0x19, 0xa0, 0x19, 0x80, 0x19, 0x80, 0x19, 
    0x80, 0x21, 0xa0, 0x21, 0xe0, 0x29, 0x20, 0x32, 0x40, 0x3a, 0x60, 0x3a, 
    0x80, 0x3a, 0x60, 0x3a, 0x40, 0x32, 0x00, 0x32, 0xc0, 0x21, 0x40, 0x19, 
    0x00, 0x11, 0xc0, 0x08, 0xa0, 0x08, 0xa0, 0x08, 0xa0, 0x08, 0xa0, 0x08, 
    0xa1, 0x10, 0xa1, 0x10, 0xc1, 0x10, 0xc2, 0x18, 0xc2, 0x20, 0xa2, 0x20, 
    0x82, 0x28, 0x82, 0x30, 0x62, 0x38, 0x42, 0x38, 0x22, 0x40, 0x22, 0x40, 
    0x02, 0x40, 0x22, 0x48, 0x22, 0x48, 0x23, 0x48, 0x03, 0x48, 0x02, 0x48, 
    0x23, 0x48, 0x02, 0x48, 0x22, 0x48, 0x02, 0x48, 0x03, 0x48, 0x03, 0x48, 
    0x03, 0x48, 0x03, 0x48, 0x02, 0x48, 0x02, 0x48, 0x02, 0x48, 0x02, 0x48, 
    0x02, 0x48, 0x03, 0x48, 0x02, 0x48, 0x02, 0x48, 0x02, 0x48, 0x02, 0x48, 
    0x03, 0x48, 0x02, 0x48, 0x02, 0x48, 0x02, 0x48, 0x02, 0x48, 0x02, 0x48, 
    0x02, 0x40, 0x02, 0x48, 0x02, 0x48, 0x02, 0x48, 0x02, 0x48, 0x02, 0x48, 
    0x03, 0x48, 0x02, 0x48, 0x02, 0x48, 0x02, 0x40, 0x02, 0x48, 0x02, 0x40, 
    0x02, 0x40, 0x03, 0x40, 0x02, 0x40, 0x02, 0x40, 0x02, 0x40, 0x02, 0x40, 
    0x02, 0x40, 0x02, 0x40, 0x02, 0x40, 0x02, 0x40, 0x02, 0x40, 0x02, 0x40, 
    0x02, 0x40, 0x02, 0x40, 0x02, 0x40, 0x02, 0x40, 0x02, 0x40, 0x02, 0x40, 
    0x02, 0x40, 0x02, 0x40, 0x02, 0x40, 0x02, 0x40, 0x02, 0x40, 0x02, 0x40, 
    0x03, 0x48, 0x23, 0x48, 0x02, 0x40, 0x02, 0x40, 0x02, 0x40, 0x02, 0x40, 
    0x02, 0x40, 0x03, 0x40, 0x02, 0x40, 0x03, 0x40, 0x02, 0x40, 0x03, 0x40, 
    0x02, 0x40, 0x02, 0x48, 0x22, 0x40, 0x42, 0x48, 0x62, 0x48, 0xa3, 0x50, 
    0xe3, 0x48, 0x23, 0x51, 0x64, 0x51, 0x84, 0x51, 0x84, 0x51, 0xa4, 0x51, 
    0xc4, 0x59, 0xc4, 0x59, 0xe4, 0x59, 0xc4, 0x59, 0xc4, 0x59, 0xc4, 0x59, 
    0xc4, 0x59, 0xa4, 0x51, 0xa4, 0x51, 0xa4, 0x51, 0xa4, 0x51, 0xa3, 0x59, 
    0xa4, 0x51, 0xa4, 0x51, 0x83, 0x51, 0x83, 0x51, 0x84, 0x51, 0x63, 0x49, 
    0x63, 0x49, 0x43, 0x49, 0x43, 0x49, 0x42, 0x49, 0x42, 0x41, 0x41, 0x39, 
    0x40, 0x31, 0x20, 0x21, 0x20, 0x21, 0x20, 0x19, 0x00, 0x11, 0x00, 0x09, 
    0x00, 0x09, 0xe0, 0x08, 0xe0, 0x00, 0xe0, 0x00, 0xe0, 0x08, 0xe0, 0x08, 
    0xe0, 0x00, 0xe0, 0x00, 0xe0, 0x00, 0xe0, 0x00, 0xe0, 0x00, 0xe0, 0x00, 
    0xe0, 0x00, 0xe0, 0x00, 0xe0, 0x00, 0xe0, 0x00, 0xe0, 0x00, 0xe0, 0x00, 
    0xc0, 0x00, 0xc0, 0x00, 0xc0, 0x00, 0xc0, 0x00, 0xc0, 0x00, 0xc0, 0x00, 
    0xc0, 0x00, 0xc0, 0x00, 0xc0, 0x00, 0xa0, 0x08, 0x80, 0x10, 0x60, 0x18, 
    0x60, 0x20, 0x20, 0x30, 0x21, 0x38, 0x22, 0x40, 0x02, 0x40, 0x02, 0x40, 
    0x02, 0x40, 0x02, 0x40, 0x02, 0x40, 0x02, 0x40, 0x21, 0x40, 0x21, 0x40, 
    0x61, 0x30, 0x80, 0x30, 0x80, 0x30, 0x80, 0x30, 0xa0, 0x28, 0xc0, 0x28, 
    0x40, 0x31, 0xc0, 0x39, 0x62, 0x42, 0xa3, 0x4a, 0xe3, 0x4a, 0xe3, 0x4a, 
    0xe2, 0x42, 0x80, 0x3a, 0x40, 0x32, 0xe0, 0x29, 0x80, 0x21, 0x20, 0x19, 
    0xc0, 0x10, 0x80, 0x08, 0x40, 0x00, 0x20, 0x00, 0x20, 0x00, 0x40, 0x00, 
    0x60, 0x08, 0xa0, 0x08, 0xc0, 0x08, 0xe0, 0x10, 0x00, 0x11, 0x40, 0x19, 
    0x60, 0x19, 0x60, 0x19, 0xa0, 0x21, 0xa0, 0x21, 0xc0, 0x21, 0xc0, 0x21, 
    0xc0, 0x21, 0xe0, 0x19, 0xe0, 0x21, 0xe0, 0x19, 0xe0, 0x19, 0xe0, 0x21, 
    0xe0, 0x19, 0xc0, 0x19, 0xc0, 0x19, 0xc0, 0x19, 0xa0, 0x19, 0x80, 0x21, 
    0x80, 0x19, 0xa0, 0x21, 0xc0, 0x21, 0x00, 0x2a, 0x20, 0x32, 0x40, 0x32, 
    0x40, 0x3a, 0x40, 0x32, 0x00, 0x32, 0xc0, 0x29, 0xa0, 0x21, 0x40, 0x19, 
    0xe0, 0x10, 0xc0, 0x08, 0xc0, 0x08, 0xa0, 0x08, 0xa1, 0x10, 0xa1, 0x10, 
    0xc2, 0x10, 0xe2, 0x18, 0x03, 0x21, 0xe3, 0x20, 0xe2, 0x20, 0xa3, 0x28, 
    0xa2, 0x28, 0x62, 0x30, 0x62, 0x38, 0x42, 0x38, 0x22, 0x40, 0x22, 0x40, 
    0x02, 0x48, 0x23, 0x48, 0x23, 0x48, 0x02, 0x48, 0x02, 0x48, 0x03, 0x48, 
    0x03, 0x48, 0x03, 0x48, 0x23, 0x48, 0x02, 0x48, 0x03, 0x48, 0x23, 0x48, 
    0x03, 0x48, 0x02, 0x48, 0x02, 0x48, 0x02, 0x48, 0x02, 0x48, 0x02, 0x48, 
    0x02, 0x48, 0x02, 0x48, 0x02, 0x48, 0x02, 0x48, 0x02, 0x48, 0x02, 0x48, 
    0x02, 0x48, 0x02, 0x48, 0x02, 0x48, 0x02, 0x48, 0x02, 0x48, 0x03, 0x48, 
    0x02, 0x40, 0x02, 0x48, 0x02, 0x48, 0x02, 0x48, 0x02, 0x48, 0x03, 0x48, 
    0x02, 0x48, 0x02, 0x48, 0x02, 0x48, 0x02, 0x48, 0x03, 0x48, 0x02, 0x40, 
    0x02, 0x40, 0x02, 0x40, 0x02, 0x40, 0x02, 0x40, 0x02, 0x40, 0x02, 0x40, 
    0x02, 0x40, 0x03, 0x40, 0x02, 0x40, 0x02, 0x40, 0x02, 0x40, 0x03, 0x40, 
    0x02, 0x40, 0x02, 0x40, 0x02, 0x40, 0x02, 0x40, 0x02, 0x40, 0x02, 0x40, 
    0x02, 0x40, 0x02, 0x40, 0x02, 0x40, 0x02, 0x40, 0x02, 0x40, 0x02, 0x40, 
    0x23, 0x48, 0x22, 0x48, 0x02, 0x48, 0x02, 0x40, 0x02, 0x40, 0x02, 0x40, 
    0x23, 0x40, 0x22, 0x40, 0x02, 0x40, 0x02, 0x40, 0x23, 0x40, 0x22, 0x40, 
    0x02, 0x40, 0x23, 0x48, 0x22, 0x40, 0x22, 0x48, 0x42, 0x48, 0x82, 0x48, 
    0xc3, 0x50, 0xe3, 0x50, 0x03, 0x51, 0x23, 0x51, 0x44, 0x51, 0x44, 0x51, 
    0x64, 0x51, 0x64, 0x51, 0x64, 0x51, 0x64, 0x51, 0x43, 0x51, 0x43, 0x51, 
    0x64, 0x51, 0x43, 0x51, 0x43, 0x51, 0x43, 0x51, 0x23, 0x49, 0x43, 0x49, 
    0x43, 0x51, 0x23, 0x51, 0x23, 0x49, 0x23, 0x49, 0x23, 0x49, 0x23, 0x49, 
    0x03, 0x49, 0xe3, 0x48, 0xe2, 0x40, 0xe2, 0x40, 0xe1, 0x38, 0x00, 0x31, 
    0x00, 0x29, 0x00, 0x21, 0x00, 0x19, 0x00, 0x11, 0x20, 0x09, 0x00, 0x09, 
    0x00, 0x09, 0x00, 0x09, 0xe0, 0x08, 0xe0, 0x00, 0xe0, 0x00, 0xe0, 0x00, 
    0xe0, 0x00, 0xe0, 0x00, 0xe0, 0x08, 0xe0, 0x00, 0xe0, 0x00, 0xe0, 0x08, 
    0xe0, 0x00, 0xe0, 0x00, 0xe0, 0x08, 0xe0, 0x00, 0xe0, 0x00, 0xe0, 0x00, 
    0xc0, 0x00, 0xc0, 0x00, 0xc0, 0x00, 0xc0, 0x00, 0xc0, 0x00, 0xc0, 0x00, 
    0xc0, 0x00, 0xc0, 0x00, 0xa0, 0x00, 0xa0, 0x08, 0x80, 0x10, 0x60, 0x18, 
    0x40, 0x20, 0x20, 0x30, 0x21, 0x38, 0x02, 0x38, 0x02, 0x40, 0x02, 0x40, 
    0x02, 0x40, 0x22, 0x40, 0x02, 0x40, 0x22, 0x40, 0x21, 0x40, 0x41, 0x38, 
    0x60, 0x30, 0x80, 0x30, 0x80, 0x30, 0x80, 0x30, 0xa0, 0x30, 0xa0, 0x30, 
    0xe0, 0x38, 0x60, 0x39, 0x01, 0x42, 0x62, 0x42, 0xc3, 0x4a, 0xe2, 0x4a, 
    0xe2, 0x4a, 0xc1, 0x42, 0x60, 0x3a, 0x20, 0x32, 0xe0, 0x29, 0x60, 0x21, 
    0x00, 0x11, 0xa0, 0x08, 0x60, 0x00, 0x40, 0x00, 0x20, 0x00, 0x40, 0x00, 
    0x60, 0x00, 0x60, 0x00, 0xa0, 0x08, 0xc0, 0x08, 0xe0, 0x10, 0x00, 0x11, 
    0x20, 0x19, 0x40, 0x19, 0x60, 0x19, 0x80, 0x19, 0xa0, 0x19, 0xa0, 0x19, 
    0xc0, 0x19, 0xe0, 0x19, 0xc0, 0x19, 0xe0, 0x19, 0xe0, 0x19, 0xe0, 0x21, 
    0xe0, 0x19, 0xe0, 0x19, 0xe0, 0x19, 0xc0, 0x19, 0xa0, 0x19, 0xa0, 0x19, 
    0xa0, 0x21, 0xa0, 0x21, 0xc0, 0x21, 0xe0, 0x29, 0x00, 0x32, 0x20, 0x32, 
    0x20, 0x32, 0x00, 0x32, 0xe0, 0x29, 0xc0, 0x29, 0x60, 0x19, 0x20, 0x11, 
    0xe0, 0x10, 0xc0, 0x10, 0xc1, 0x10, 0xc2, 0x10, 0xc2, 0x10, 0xe2, 0x18, 
    0x03, 0x19, 0x23, 0x21, 0x24, 0x21, 0x24, 0x21, 0x03, 0x29, 0xc3, 0x28, 
    0xa3, 0x30, 0x82, 0x30, 0x62, 0x38, 0x22, 0x38, 0x22, 0x40, 0x22, 0x48, 
    0x23, 0x48, 0x03, 0x48, 0x23, 0x48, 0x02, 0x48, 0x03, 0x48, 0x23, 0x48, 
    0x02, 0x48, 0x03, 0x48, 0x03, 0x48, 0x02, 0x48, 0x02, 0x48, 0x02, 0x48, 
    0x03, 0x48, 0x23, 0x48, 0x03, 0x48, 0x23, 0x48, 0x02, 0x48, 0x02, 0x48, 
    0x02, 0x48, 0x02, 0x48, 0x02, 0x48, 0x02, 0x40, 0x02, 0x40, 0x02, 0x48, 
    0x02, 0x48, 0x02, 0x48, 0x02, 0x48, 0x02, 0x48, 0x02, 0x48, 0x03, 0x48, 
    0x02, 0x40, 0x02, 0x40, 0x02, 0x48, 0x02, 0x48, 0x02, 0x48, 0x02, 0x40, 
    0x02, 0x48, 0x02, 0x48, 0x02, 0x48, 0x02, 0x48, 0x02, 0x48, 0x02, 0x48, 
    0x03, 0x48, 0x02, 0x40, 0x02, 0x40, 0x02, 0x40, 0x02, 0x40, 0x02, 0x40, 
    0x02, 0x40, 0x02, 0x40, 0x02, 0x40, 0x02, 0x40, 0x02, 0x40, 0x02, 0x40, 
    0x02, 0x40, 0x02, 0x40, 0x02, 0x40, 0x02, 0x40, 0x02, 0x40, 0x02, 0x40, 
    0x02, 0x40, 0x02, 0x40, 0x02, 0x40, 0x02, 0x40, 0x02, 0x40, 0x02, 0x40, 
    0x02, 0x48, 0x03, 0x48, 0x03, 0x48, 0x03, 0x48, 0x02, 0x48, 0x02, 0x40, 
    0x02, 0x40, 0x22, 0x40, 0x03, 0x40, 0x22, 0x40, 0x02, 0x40, 0x23, 0x40, 
    0x23, 0x40, 0x23, 0x40, 0x22, 0x40, 0x22, 0x48, 0x22, 0x48, 0x42, 0x48, 
    0x62, 0x48, 0x82, 0x50, 0xc3, 0x50, 0xe3, 0x50, 0xe3, 0x50, 0x03, 0x51, 
    0x03, 0x51, 0xe3, 0x50, 0xe3, 0x50, 0xe3, 0x50, 0xe3, 0x50, 0xe2, 0x50, 
    0xc3, 0x50, 0xe3, 0x50, 0xe3, 0x50, 0xe3, 0x48, 0xc2, 0x50, 0xc2, 0x48, 
    0xc2, 0x48, 0xc2, 0x48, 0xc2, 0x48, 0xa2, 0x48, 0xa2, 0x48, 0x82, 0x48, 
    0x82, 0x48, 0x62, 0x48, 0x82, 0x40, 0xa1, 0x40, 0xa1, 0x38, 0xc0, 0x30, 
    0xe0, 0x28, 0x00, 0x21, 0x20, 0x19, 0x20, 0x11, 0x20, 0x09, 0x00, 0x09, 
    0x00, 0x09, 0xe0, 0x08, 0xe0, 0x08, 0xe0, 0x00, 0xe0, 0x00, 0xe0, 0x00, 
    0xe0, 0x00, 0xe0, 0x00, 0xe0, 0x08, 0xe0, 0x00, 0xe0, 0x08, 0x00, 0x09, 
    0xe0, 0x08, 0xe0, 0x00, 0xe0, 0x00, 0xe0, 0x00, 0xe0, 0x00, 0xe0, 0x00, 
    0xe0, 0x00, 0xe0, 0x00, 0xe0, 0x00, 0xc0, 0x00, 0xc0, 0x00, 0xc0, 0x00, 
    0xc0, 0x00, 0xc0, 0x00, 0xc0, 0x00, 0xa0, 0x08, 0x80, 0x10, 0x60, 0x18, 
    0x60, 0x20, 0x20, 0x30, 0x21, 0x38, 0x02, 0x38, 0x02, 0x40, 0x02, 0x40, 
    0x02, 0x40, 0x02, 0x40, 0x02, 0x40, 0x21, 0x40, 0x41, 0x38, 0x60, 0x30, 
    0x60, 0x30, 0x80, 0x30, 0x80, 0x28, 0xa0, 0x30, 0x80, 0x30, 0x80, 0x38, 
    0xa0, 0x38, 0x01, 0x39, 0xa1, 0x41, 0x22, 0x42, 0x83, 0x4a, 0xc3, 0x4a, 
    0xe2, 0x4a, 0xe2, 0x42, 0xa1, 0x42, 0x80, 0x3a, 0x00, 0x32, 0xc0, 0x29, 
    0x60, 0x19, 0x00, 0x11, 0xa0, 0x08, 0x60, 0x00, 0x40, 0x00, 0x40, 0x00, 
    0x40, 0x00, 0x60, 0x00, 0x80, 0x00, 0xa0, 0x08, 0xc0, 0x08, 0xe0, 0x10, 
    0x00, 0x11, 0x20, 0x19, 0x40, 0x19, 0x60, 0x19, 0x80, 0x19, 0x80, 0x19, 
    0xa0, 0x19, 0xc0, 0x19, 0xc0, 0x19, 0xc0, 0x19, 0xc0, 0x19, 0xe0, 0x19, 
    0xe0, 0x19, 0xe0, 0x19, 0xe0, 0x19, 0xc0, 0x19, 0xc0, 0x19, 0xa0, 0x19, 
    0xa0, 0x21, 0xa0, 0x21, 0xa0, 0x21, 0xc0, 0x29, 0xe0, 0x29, 0xe0, 0x29, 
    0xe0, 0x29, 0xe0, 0x29, 0xa0, 0x21, 0x80, 0x21, 0x40, 0x19, 0x00, 0x11, 
    0xe0, 0x08, 0xe1, 0x10, 0xe2, 0x10, 0xe2, 0x10, 0x02, 0x19, 0x23, 0x19, 
    0x44, 0x21, 0x64, 0x29, 0x65, 0x29, 0x45, 0x29, 0x24, 0x29, 0xe3, 0x28, 
    0xc3, 0x30, 0x83, 0x30, 0x62, 0x38, 0x22, 0x38, 0x22, 0x40, 0x22, 0x40, 
    0x22, 0x48, 0x23, 0x48, 0x03, 0x48, 0x22, 0x48, 0x23, 0x48, 0x23, 0x48, 
    0x03, 0x48, 0x03, 0x48, 0x02, 0x48, 0x03, 0x48, 0x23, 0x48, 0x03, 0x48, 
    0x23, 0x48, 0x03, 0x48, 0x02, 0x48, 0x03, 0x48, 0x02, 0x48, 0x02, 0x48, 
    0x02, 0x48, 0x02, 0x48, 0x02, 0x48, 0x02, 0x48, 0x02, 0x48, 0x02, 0x48, 
    0x02, 0x48, 0x02, 0x48, 0x02, 0x48, 0x02, 0x48, 0x02, 0x48, 0x03, 0x48, 
    0x02, 0x48, 0x02, 0x48, 0x03, 0x48, 0x02, 0x48, 0x02, 0x48, 0x02, 0x48, 
    0x02, 0x48, 0x02, 0x48, 0x02, 0x48, 0x02, 0x40, 0x02, 0x40, 0x02, 0x40, 
    0x02, 0x40, 0x02, 0x40, 0x02, 0x40, 0x02, 0x40, 0x02, 0x40, 0x02, 0x40, 
    0x02, 0x40, 0x02, 0x40, 0x02, 0x40, 0x02, 0x40, 0x02, 0x40, 0x02, 0x40, 
    0x02, 0x40, 0x02, 0x40, 0x02, 0x40, 0x02, 0x40, 0x02, 0x40, 0x02, 0x40, 
    0x02, 0x40, 0x02, 0x40, 0x02, 0x40, 0x02, 0x40, 0x02, 0x40, 0x02, 0x40, 
    0x02, 0x48, 0x03, 0x48, 0x03, 0x40, 0x02, 0x40, 0x02, 0x40, 0x02, 0x40, 
    0x22, 0x40, 0x23, 0x40, 0x22, 0x40, 0x02, 0x40, 0x23, 0x40, 0x22, 0x40, 
    0x02, 0x40, 0x03, 0x40, 0x23, 0x40, 0x03, 0x40, 0x02, 0x40, 0x22, 0x48, 
    0x42, 0x48, 0x42, 0x48, 0x82, 0x50, 0x83, 0x50, 0x82, 0x50, 0x82, 0x50, 
    0x82, 0x50, 0x82, 0x50, 0x63, 0x50, 0x63, 0x50, 0x42, 0x48, 0x62, 0x48, 
    0x62, 0x50, 0x62, 0x48, 0x62, 0x50, 0x63, 0x50, 0x62, 0x50, 0x62, 0x50, 
    0x82, 0x50, 0x62, 0x50, 0x62, 0x48, 0x42, 0x48, 0x42, 0x48, 0x42, 0x48, 
    0x22, 0x48, 0x42, 0x48, 0x42, 0x48, 0x81, 0x40, 0xa1, 0x38, 0xc0, 0x30, 
    0xe0, 0x28, 0x00, 0x19, 0x20, 0x11, 0x20, 0x11, 0x00, 0x09, 0x00, 0x09, 
    0x00, 0x09, 0xe0, 0x00, 0xe0, 0x08, 0xe0, 0x00, 0xe0, 0x00, 0xe0, 0x00, 
    0xe0, 0x00, 0xe0, 0x00, 0xe0, 0x00, 0x00, 0x09, 0x00, 0x09, 0x00, 0x09, 
    0x00, 0x09, 0x00, 0x09, 0x00, 0x09, 0x00, 0x09, 0x00, 0x01, 0xe0, 0x00, 
    0xe0, 0x08, 0xe0, 0x00, 0xe0, 0x00, 0xc0, 0x00, 0xe0, 0x00, 0xc0, 0x00, 
    0xc0, 0x00, 0xc0, 0x00, 0xc0, 0x00, 0xa0, 0x00, 0x80, 0x08, 0x60, 0x18, 
    0x40, 0x20, 0x40, 0x28, 0x20, 0x38, 0x01, 0x38, 0x02, 0x40, 0x02, 0x40, 
    0x02, 0x40, 0x02, 0x40, 0x22, 0x40, 0x21, 0x38, 0x40, 0x30, 0x60, 0x30, 
    0x60, 0x30, 0xa0, 0x30, 0xa0, 0x28, 0x80, 0x30, 0x80, 0x30, 0x60, 0x40, 
    0x61, 0x38, 0xa1, 0x38, 0x41, 0x39, 0xe1, 0x41, 0x42, 0x42, 0xa2, 0x42, 
    0xc2, 0x4a, 0xc2, 0x42, 0xe2, 0x42, 0xa1, 0x42, 0x80, 0x42, 0x20, 0x32, 
    0xc0, 0x29, 0x60, 0x19, 0xe0, 0x10, 0x80, 0x08, 0x60, 0x00, 0x40, 0x00, 
    0x40, 0x00, 0x60, 0x00, 0x60, 0x00, 0x80, 0x08, 0xa0, 0x08, 0xc0, 0x10, 
    0xe0, 0x10, 0x00, 0x19, 0x20, 0x19, 0x40, 0x19, 0x80, 0x19, 0x80, 0x19, 
    0xa0, 0x19, 0xa0, 0x19, 0xa0, 0x19, 0xc0, 0x19, 0xe0, 0x19, 0xc0, 0x19, 
    0xe0, 0x11, 0xe0, 0x19, 0xe0, 0x19, 0xe0, 0x19, 0xc0, 0x19, 0xa0, 0x19, 
    0xa0, 0x21, 0xa0, 0x21, 0x80, 0x21, 0xa0, 0x21, 0xa0, 0x29, 0xa0, 0x21, 
    0xa0, 0x21, 0x80, 0x21, 0x80, 0x19, 0x40, 0x19, 0x20, 0x19, 0x00, 0x11, 
    0x01, 0x11, 0xe1, 0x10, 0x02, 0x11, 0x02, 0x19, 0x23, 0x19, 0x44, 0x21, 
    0x65, 0x29, 0x85, 0x29, 0x85, 0x31, 0x86, 0x31, 0x45, 0x31, 0x04, 0x31, 
    0xc3, 0x30, 0x82, 0x30, 0x62, 0x38, 0x22, 0x38, 0x22, 0x40, 0x23, 0x48, 
    0x22, 0x48, 0x23, 0x48, 0x02, 0x48, 0x02, 0x48, 0x02, 0x48, 0x03, 0x48, 
    0x02, 0x48, 0x02, 0x48, 0x02, 0x48, 0x02, 0x48, 0x02, 0x48, 0x22, 0x48, 
    0x03, 0x48, 0x02, 0x48, 0x23, 0x48, 0x03, 0x48, 0x03, 0x48, 0x02, 0x48, 
    0x03, 0x48, 0x03, 0x48, 0x03, 0x48, 0x02, 0x48, 0x02, 0x48, 0x02, 0x48, 
    0x02, 0x48, 0x02, 0x48, 0x02, 0x48, 0x02, 0x48, 0x02, 0x48, 0x02, 0x48, 
    0x02, 0x48, 0x02, 0x48, 0x02, 0x48, 0x02, 0x48, 0x02, 0x48, 0x23, 0x48, 
    0x02, 0x48, 0x02, 0x48, 0x02, 0x48, 0x02, 0x40, 0x02, 0x40, 0x02, 0x40, 
    0x02, 0x48, 0x02, 0x48, 0x02, 0x40, 0x02, 0x40, 0x02, 0x40, 0x02, 0x40, 
    0x02, 0x40, 0x02, 0x40, 0x02, 0x40, 0x02, 0x40, 0x02, 0x40, 0x02, 0x40, 
    0x02, 0x40, 0x02, 0x40, 0x02, 0x40, 0x02, 0x40, 0x02, 0x40, 0x02, 0x40, 
    0x02, 0x40, 0x02, 0x40, 0x02, 0x40, 0x02, 0x40, 0x02, 0x40, 0x02, 0x40, 
    0x03, 0x48, 0x03, 0x48, 0x03, 0x40, 0x02, 0x40, 0x02, 0x40, 0x02, 0x40, 
    0x02, 0x40, 0x02, 0x40, 0x02, 0x40, 0x23, 0x40, 0x02, 0x40, 0x02, 0x40, 
    0x02, 0x40, 0x02, 0x40, 0x02, 0x40, 0x23, 0x48, 0x02, 0x40, 0x22, 0x40, 
    0x23, 0x48, 0x22, 0x48, 0x22, 0x48, 0x43, 0x48, 0x22, 0x48, 0x42, 0x48, 
    0x42, 0x48, 0x22, 0x48, 0x22, 0x48, 0x22, 0x48, 0x22, 0x48, 0x23, 0x48, 
    0x42, 0x48, 0x43, 0x48, 0x42, 0x48, 0x42, 0x50, 0x42, 0x48, 0x42, 0x48, 
    0x42, 0x48, 0x42, 0x48, 0x22, 0x48, 0x22, 0x48, 0x22, 0x48, 0x22, 0x48, 
    0x22, 0x48, 0x42, 0x48, 0x41, 0x40, 0x81, 0x38, 0xa1, 0x30, 0xc0, 0x28, 
    0xe0, 0x20, 0x00, 0x19, 0x20, 0x11, 0x20, 0x11, 0x00, 0x09, 0x00, 0x09, 
    0x00, 0x09, 0x00, 0x09, 0xe0, 0x08, 0xe0, 0x00, 0xe0, 0x00, 0xe0, 0x00, 
    0xe0, 0x00, 0xe0, 0x00, 0xe0, 0x08, 0x00, 0x09, 0x00, 0x09, 0x00, 0x09, 
    0x00, 0x09, 0x00, 0x09, 0x00, 0x01, 0x00, 0x09, 0x00, 0x01, 0x00, 0x09, 
    0xe0, 0x08, 0x00, 0x09, 0xe0, 0x08, 0xe0, 0x08, 0xe0, 0x00, 0xc0, 0x00, 
    0xc0, 0x00, 0xc0, 0x00, 0xa0, 0x00, 0xa0, 0x00, 0xa0, 0x08, 0x80, 0x10, 
    0x60, 0x20, 0x40, 0x28, 0x41, 0x30, 0x21, 0x40, 0x02, 0x40, 0x02, 0x40, 
    0x02, 0x40, 0x22, 0x40, 0x21, 0x40, 0x41, 0x38, 0x60, 0x30, 0x80, 0x30, 
    0x80, 0x30, 0xa0, 0x30, 0xa0, 0x30, 0xa0, 0x30, 0x80, 0x38, 0x41, 0x40, 
    0x21, 0x40, 0x61, 0x40, 0xe1, 0x38, 0x60, 0x39, 0xe1, 0x39, 0x62, 0x42, 
    0xa2, 0x42, 0xe2, 0x4a, 0xe2, 0x4a, 0xe2, 0x4a, 0xc1, 0x42, 0x80, 0x3a, 
    0x20, 0x32, 0xa0, 0x21, 0x40, 0x19, 0xe0, 0x10, 0xa0, 0x08, 0x40, 0x00, 
    0x40, 0x00, 0x40, 0x00, 0x60, 0x00, 0x60, 0x00, 0x80, 0x08, 0xa0, 0x08, 
    0xc0, 0x10, 0xe0, 0x10, 0x00, 0x11, 0x20, 0x11, 0x40, 0x11, 0x60, 0x11, 
    0x80, 0x19, 0xa0, 0x11, 0xa0, 0x19, 0xc0, 0x19, 0xc0, 0x19, 0xc0, 0x19, 
    0xc0, 0x11, 0xc0, 0x19, 0xc0, 0x19, 0xc0, 0x19, 0xa0, 0x19, 0xa0, 0x19, 
    0xa0, 0x19, 0x80, 0x21, 0x80, 0x21, 0x80, 0x21, 0x80, 0x21, 0x80, 0x21, 
    0x80, 0x21, 0x60, 0x19, 0x40, 0x19, 0x20, 0x19, 0x00, 0x11, 0xe0, 0x10, 
    0x01, 0x11, 0x02, 0x19, 0x23, 0x19, 0x23, 0x19, 0x64, 0x21, 0x85, 0x29, 
    0xa5, 0x29, 0xa6, 0x31, 0xc6, 0x31, 0xa6, 0x31, 0x66, 0x39, 0x04, 0x31, 
    0xa3, 0x30, 0x82, 0x30, 0x62, 0x38, 0x42, 0x38, 0x22, 0x40, 0x02, 0x40, 
    0x22, 0x48, 0x02, 0x48, 0x22, 0x48, 0x23, 0x48, 0x02, 0x48, 0x02, 0x48, 
    0x03, 0x48, 0x22, 0x48, 0x02, 0x48, 0x02, 0x48, 0x03, 0x48, 0x22, 0x48, 
    0x02, 0x48, 0x02, 0x48, 0x02, 0x48, 0x23, 0x48, 0x02, 0x48, 0x03, 0x48, 
    0x02, 0x48, 0x02, 0x48, 0x03, 0x48, 0x02, 0x48, 0x02, 0x48, 0x02, 0x48, 
    0x02, 0x48, 0x02, 0x48, 0x02, 0x48, 0x03, 0x48, 0x03, 0x48, 0x02, 0x48, 
    0x02, 0x48, 0x02, 0x48, 0x02, 0x48, 0x02, 0x48, 0x02, 0x48, 0x02, 0x48, 
    0x03, 0x48, 0x02, 0x48, 0x02, 0x48, 0x02, 0x48, 0x02, 0x48, 0x02, 0x40, 
    0x02, 0x48, 0x02, 0x48, 0x02, 0x40, 0x02, 0x40, 0x02, 0x40, 0x02, 0x40, 
    0x02, 0x40, 0x02, 0x40, 0x02, 0x40, 0x02, 0x40, 0x02, 0x40, 0x02, 0x40, 
    0x02, 0x40, 0x02, 0x40, 0x02, 0x40, 0x02, 0x40, 0x02, 0x40, 0x02, 0x40, 
    0x02, 0x40, 0x02, 0x40, 0x02, 0x40, 0x02, 0x40, 0x02, 0x40, 0x02, 0x40, 
    0x23, 0x48, 0x02, 0x48, 0x02, 0x48, 0x02, 0x40, 0x02, 0x40, 0x02, 0x40, 
    0x03, 0x40, 0x22, 0x40, 0x03, 0x40, 0x23, 0x40, 0x02, 0x40, 0x02, 0x40, 
    0x23, 0x40, 0x03, 0x40, 0x02, 0x40, 0x02, 0x48, 0x22, 0x40, 0x02, 0x40, 
    0x23, 0x40, 0x22, 0x48, 0x22, 0x48, 0x22, 0x48, 0x22, 0x48, 0x22, 0x48, 
    0x22, 0x48, 0x22, 0x48, 0x22, 0x48, 0x22, 0x48, 0x22, 0x48, 0x22, 0x48, 
    0x22, 0x48, 0x22, 0x48, 0x22, 0x48, 0x22, 0x48, 0x22, 0x48, 0x22, 0x48, 
    0x22, 0x48, 0x22, 0x48, 0x23, 0x48, 0x22, 0x48, 0x22, 0x48, 0x02, 0x48, 
    0x22, 0x48, 0x42, 0x40, 0x42, 0x40, 0x81, 0x38, 0xa1, 0x30, 0xe0, 0x28, 
    0x00, 0x21, 0x00, 0x19, 0x20, 0x11, 0x20, 0x09, 0x00, 0x09, 0x00, 0x09, 
    0x00, 0x09, 0x00, 0x09, 0x00, 0x01, 0xe0, 0x00, 0xe0, 0x00, 0xe0, 0x00, 
    0xe0, 0x00, 0xe0, 0x00, 0xe0, 0x08, 0xe0, 0x08, 0x00, 0x09, 0x00, 0x09, 
    0x00, 0x09, 0x00, 0x01, 0x00, 0x09, 0x00, 0x09, 0x00, 0x09, 0x00, 0x09, 
    0x00, 0x09, 0x00, 0x09, 0x00, 0x09, 0xe0, 0x08, 0xe0, 0x08, 0xe0, 0x08, 
    0xe0, 0x08, 0xc0, 0x00, 0xc0, 0x00, 0xc0, 0x00, 0xa0, 0x08, 0x80, 0x10, 
    0x60, 0x18, 0x60, 0x20, 0x40, 0x28, 0x21, 0x38, 0x21, 0x40, 0x22, 0x40, 
    0x02, 0x40, 0x22, 0x40, 0x21, 0x40, 0x40, 0x38, 0x60, 0x30, 0x80, 0x30, 
    0xa0, 0x28, 0xa0, 0x30, 0xa0, 0x30, 0x80, 0x30, 0x60, 0x30, 0x41, 0x40, 
    0x41, 0x40, 0x41, 0x40, 0x81, 0x30, 0x00, 0x31, 0x80, 0x31, 0x01, 0x32, 
    0x61, 0x3a, 0x82, 0x42, 0xc2, 0x42, 0xc2, 0x4a, 0xc2, 0x42, 0xc1, 0x42, 
    0x60, 0x3a, 0x00, 0x32, 0xa0, 0x21, 0x40, 0x19, 0xe0, 0x08, 0x80, 0x08, 
    0x60, 0x00, 0x40, 0x00, 0x40, 0x00, 0x60, 0x00, 0x60, 0x00, 0x80, 0x08, 
    0xa0, 0x08, 0xa0, 0x10, 0xc0, 0x10, 0xe0, 0x10, 0x00, 0x11, 0x40, 0x11, 
    0x60, 0x19, 0x60, 0x11, 0x80, 0x11, 0x80, 0x11, 0xa0, 0x11, 0xa0, 0x11, 
    0xa0, 0x11, 0xa0, 0x11, 0xa0, 0x19, 0xa0, 0x19, 0xa0, 0x19, 0x80, 0x19, 
    0x80, 0x19, 0x80, 0x19, 0x60, 0x19, 0x60, 0x19, 0x60, 0x19, 0x60, 0x19, 
    0x40, 0x19, 0x40, 0x19, 0x20, 0x19, 0x00, 0x11, 0xe0, 0x08, 0x00, 0x11, 
    0x01, 0x11, 0x22, 0x19, 0x43, 0x21, 0x64, 0x21, 0x85, 0x29, 0xa6, 0x31, 
    0xc6, 0x31, 0xc6, 0x31, 0xc7, 0x39, 0xc7, 0x39, 0x86, 0x39, 0x04, 0x31, 
    0xa3, 0x30, 0x82, 0x38, 0x42, 0x38, 0x42, 0x38, 0x22, 0x40, 0x22, 0x40, 
    0x22, 0x48, 0x02, 0x48, 0x22, 0x48, 0x22, 0x48, 0x22, 0x48, 0x02, 0x48, 
    0x02, 0x48, 0x23, 0x48, 0x03, 0x48, 0x22, 0x48, 0x22, 0x48, 0x02, 0x48, 
    0x02, 0x48, 0x02, 0x48, 0x02, 0x48, 0x03, 0x48, 0x03, 0x48, 0x03, 0x48, 
    0x03, 0x48, 0x02, 0x48, 0x02, 0x48, 0x02, 0x40, 0x02, 0x48, 0x02, 0x48, 
    0x02, 0x48, 0x02, 0x48, 0x03, 0x48, 0x23, 0x48, 0x02, 0x48, 0x02, 0x48, 
    0x02, 0x48, 0x02, 0x40, 0x02, 0x40, 0x02, 0x48, 0x02, 0x48, 0x03, 0x48, 
    0x02, 0x40, 0x02, 0x40, 0x02, 0x48, 0x02, 0x48, 0x02, 0x48, 0x02, 0x40, 
    0x02, 0x40, 0x02, 0x40, 0x02, 0x40, 0x02, 0x40, 0x02, 0x40, 0x02, 0x40, 
    0x02, 0x40, 0x02, 0x40, 0x02, 0x40, 0x02, 0x40, 0x02, 0x40, 0x02, 0x40, 
    0x02, 0x40, 0x02, 0x40, 0x02, 0x40, 0x02, 0x40, 0x02, 0x40, 0x02, 0x40, 
    0x02, 0x40, 0x02, 0x40, 0x02, 0x40, 0x02, 0x40, 0x02, 0x40, 0x02, 0x40, 
    0x03, 0x48, 0x23, 0x48, 0x02, 0x40, 0x22, 0x40, 0x02, 0x48, 0x02, 0x40, 
    0x02, 0x40, 0x02, 0x40, 0x22, 0x40, 0x22, 0x40, 0x22, 0x40, 0x02, 0x40, 
    0x02, 0x40, 0x02, 0x40, 0x23, 0x40, 0x23, 0x48, 0x02, 0x40, 0x02, 0x40, 
    0x02, 0x40, 0x22, 0x40, 0x22, 0x48, 0x22, 0x48, 0x02, 0x48, 0x23, 0x40, 
    0x23, 0x48, 0x23, 0x48, 0x02, 0x48, 0x22, 0x48, 0x22, 0x48, 0x22, 0x48, 
    0x22, 0x48, 0x02, 0x48, 0x23, 0x48, 0x22, 0x48, 0x23, 0x48, 0x22, 0x48, 
    0x22, 0x48, 0x22, 0x48, 0x22, 0x48, 0x02, 0x48, 0x22, 0x48, 0x22, 0x48, 
    0x22, 0x40, 0x41, 0x40, 0x61, 0x38, 0xa1, 0x30, 0xc0, 0x30, 0xe0, 0x28, 
    0x00, 0x19, 0x20, 0x19, 0x20, 0x11, 0x20, 0x09, 0x00, 0x09, 0x00, 0x09, 
    0x00, 0x09, 0xe0, 0x08, 0xe0, 0x00, 0xe0, 0x00, 0xe0, 0x00, 0xe0, 0x00, 
    0xe0, 0x00, 0xe0, 0x00, 0xe0, 0x00, 0xe0, 0x08, 0xe0, 0x08, 0x00, 0x01, 
    0x00, 0x01, 0x00, 0x01, 0x00, 0x01, 0x00, 0x09, 0x00, 0x09, 0x00, 0x09, 
    0x00, 0x09, 0x00, 0x09, 0x00, 0x09, 0x00, 0x09, 0xe0, 0x08, 0xe0, 0x08, 
    0xe0, 0x08, 0xc0, 0x08, 0xc0, 0x08, 0xc0, 0x00, 0xa0, 0x08, 0xa0, 0x10, 
    0xa0, 0x18, 0x60, 0x20, 0x60, 0x30, 0x40, 0x38, 0x21, 0x40, 0x22, 0x40, 
    0x22, 0x40, 0x01, 0x40, 0x21, 0x38, 0x60, 0x30, 0x60, 0x30, 0xa0, 0x30, 
    0xa0, 0x28, 0xa0, 0x28, 0xa0, 0x30, 0x80, 0x30, 0x60, 0x30, 0x41, 0x38, 
    0x41, 0x38, 0x41, 0x38, 0x61, 0x30, 0xc0, 0x28, 0x20, 0x21, 0xa0, 0x29, 
    0xe0, 0x31, 0x41, 0x3a, 0xa2, 0x42, 0xc2, 0x42, 0xc2, 0x42, 0xc1, 0x42, 
    0xa1, 0x42, 0x60, 0x3a, 0x00, 0x2a, 0xa0, 0x21, 0x20, 0x11, 0xc0, 0x08, 
    0x80, 0x08, 0x60, 0x08, 0x60, 0x00, 0x60, 0x00, 0x60, 0x00, 0x80, 0x08, 
    0x60, 0x08, 0x80, 0x08, 0xa0, 0x08, 0xc0, 0x08, 0xe0, 0x10, 0x00, 0x11, 
    0x40, 0x11, 0x60, 0x11, 0x60, 0x11, 0x60, 0x11, 0x80, 0x11, 0x80, 0x11, 
    0xa0, 0x11, 0x60, 0x11, 0x60, 0x11, 0x80, 0x11, 0x60, 0x19, 0x60, 0x19, 
    0x60, 0x19, 0x60, 0x19, 0x40, 0x19, 0x40, 0x19, 0x40, 0x19, 0x20, 0x19, 
    0x20, 0x19, 0x20, 0x19, 0x20, 0x19, 0x00, 0x19, 0x00, 0x11, 0x20, 0x19, 
    0x42, 0x19, 0x42, 0x21, 0x63, 0x21, 0x84, 0x29, 0xa5, 0x29, 0xc6, 0x31, 
    0xe7, 0x39, 0xe7, 0x39, 0xe8, 0x41, 0xe8, 0x41, 0x65, 0x39, 0x04, 0x31, 
    0xc3, 0x30, 0x82, 0x38, 0x62, 0x38, 0x42, 0x38, 0x22, 0x40, 0x22, 0x40, 
    0x22, 0x48, 0x22, 0x48, 0x02, 0x48, 0x02, 0x40, 0x22, 0x40, 0x02, 0x48, 
    0x22, 0x48, 0x22, 0x48, 0x22, 0x48, 0x23, 0x48, 0x02, 0x48, 0x02, 0x48, 
    0x02, 0x48, 0x23, 0x48, 0x22, 0x48, 0x03, 0x48, 0x03, 0x48, 0x02, 0x48, 
    0x03, 0x48, 0x02, 0x40, 0x02, 0x40, 0x03, 0x48, 0x02, 0x40, 0x03, 0x48, 
    0x02, 0x40, 0x02, 0x48, 0x02, 0x48, 0x02, 0x48, 0x02, 0x48, 0x02, 0x40, 
    0x02, 0x48, 0x02, 0x40, 0x02, 0x40, 0x02, 0x40, 0x02, 0x48, 0x02, 0x48, 
    0x02, 0x48, 0x02, 0x48, 0x02, 0x48, 0x02, 0x48, 0x02, 0x48, 0x02, 0x48, 
    0x02, 0x48, 0x02, 0x40, 0x02, 0x48, 0x02, 0x48, 0x02, 0x48, 0x02, 0x40, 
    0x02, 0x40, 0x02, 0x40, 0x02, 0x40, 0x02, 0x40, 0x02, 0x40, 0x02, 0x40, 
    0x02, 0x40, 0x02, 0x40, 0x02, 0x40, 0x02, 0x40, 0x02, 0x40, 0x02, 0x40, 
    0x02, 0x48, 0x02, 0x40, 0x02, 0x40, 0x02, 0x40, 0x02, 0x40, 0x02, 0x40, 
    0x03, 0x48, 0x03, 0x48, 0x03, 0x48, 0x23, 0x48, 0x02, 0x48, 0x02, 0x40, 
    0x02, 0x40, 0x03, 0x40, 0x02, 0x40, 0x02, 0x40, 0x22, 0x40, 0x22, 0x40, 
    0x23, 0x40, 0x02, 0x40, 0x02, 0x40, 0x22, 0x40, 0x02, 0x48, 0x02, 0x40, 
    0x02, 0x48, 0x22, 0x48, 0x22, 0x48, 0x23, 0x48, 0x22, 0x48, 0x22, 0x48, 
    0x02, 0x48, 0x23, 0x48, 0x22, 0x48, 0x22, 0x48, 0x22, 0x48, 0x22, 0x48, 
    0x22, 0x40, 0x22, 0x48, 0x22, 0x48, 0x22, 0x48, 0x22, 0x48, 0x22, 0x48, 
    0x22, 0x48, 0x22, 0x48, 0x02, 0x48, 0x02, 0x48, 0x02, 0x48, 0x22, 0x48, 
    0x22, 0x40, 0x42, 0x40, 0x61, 0x38, 0xa1, 0x30, 0xc0, 0x28, 0xe0, 0x20, 
    0x00, 0x19, 0x20, 0x11, 0x20, 0x09, 0x00, 0x09, 0x00, 0x09, 0x00, 0x09, 
    0x00, 0x09, 0xe0, 0x08, 0xe0, 0x00, 0xe0, 0x00, 0xe0, 0x00, 0xe0, 0x00, 
    0xe0, 0x00, 0xe0, 0x00, 0xe0, 0x00, 0xe0, 0x00, 0xe0, 0x00, 0xe0, 0x08, 
    0xe0, 0x08, 0x00, 0x09, 0x00, 0x09, 0x00, 0x09, 0x00, 0x09, 0x00, 0x09, 
    0x00, 0x09, 0x00, 0x09, 0x00, 0x09, 0x00, 0x09, 0x00, 0x09, 0x00, 0x09, 
    0xe0, 0x08, 0xe0, 0x08, 0xc0, 0x08, 0xc0, 0x08, 0xc0, 0x08, 0xc0, 0x08, 
    0xc0, 0x18, 0xa0, 0x20, 0x80, 0x28, 0x80, 0x30, 0x40, 0x38, 0x41, 0x40, 
    0x21, 0x40, 0x21, 0x40, 0x60, 0x38, 0x60, 0x30, 0x80, 0x30, 0xa0, 0x28, 
    0xa0, 0x28, 0xa0, 0x28, 0xa0, 0x30, 0x80, 0x30, 0x80, 0x30, 0x61, 0x30, 
    0x61, 0x30, 0x81, 0x28, 0xa0, 0x28, 0xc0, 0x20, 0xe0, 0x18, 0x20, 0x19, 
    0xa0, 0x21, 0x01, 0x2a, 0x41, 0x32, 0x82, 0x3a, 0xa2, 0x42, 0xc2, 0x42, 
    0xa1, 0x42, 0x80, 0x3a, 0x20, 0x32, 0xe0, 0x29, 0x80, 0x19, 0x00, 0x11, 
    0xc0, 0x10, 0xa0, 0x08, 0x80, 0x08, 0x60, 0x00, 0x60, 0x00, 0x80, 0x08, 
    0x80, 0x08, 0x60, 0x08, 0x60, 0x08, 0x80, 0x08, 0xa0, 0x08, 0xc0, 0x08, 
    0x00, 0x11, 0x20, 0x11, 0x40, 0x11, 0x40, 0x11, 0x40, 0x11, 0x40, 0x11, 
    0x40, 0x11, 0x40, 0x11, 0x20, 0x11, 0x20, 0x11, 0x20, 0x11, 0x20, 0x11, 
    0x20, 0x11, 0x20, 0x19, 0x20, 0x19, 0x20, 0x19, 0x20, 0x19, 0x20, 0x19, 
    0x40, 0x19, 0x61, 0x21, 0x60, 0x21, 0x40, 0x21, 0x41, 0x19, 0x41, 0x21, 
    0x62, 0x21, 0x83, 0x21, 0xa4, 0x29, 0xc5, 0x31, 0xc6, 0x31, 0xe7, 0x39, 
    0x07, 0x42, 0x08, 0x42, 0x08, 0x42, 0xc7, 0x41, 0x24, 0x31, 0xe3, 0x28, 
    0xc3, 0x30, 0x82, 0x30, 0x62, 0x30, 0x41, 0x38, 0x41, 0x38, 0x21, 0x40, 
    0x21, 0x40, 0x21, 0x40, 0x21, 0x40, 0x21, 0x40, 0x21, 0x40, 0x22, 0x40, 
    0x22, 0x40, 0x22, 0x40, 0x22, 0x48, 0x02, 0x40, 0x22, 0x48, 0x02, 0x48, 
    0x02, 0x40, 0x02, 0x48, 0x02, 0x48, 0x02, 0x48, 0x03, 0x48, 0x02, 0x48, 
    0x02, 0x48, 0x03, 0x48, 0x03, 0x48, 0x03, 0x48, 0x03, 0x48, 0x02, 0x48, 
    0x02, 0x48, 0x02, 0x48, 0x02, 0x48, 0x02, 0x48, 0x02, 0x48, 0x02, 0x48, 
    0x02, 0x48, 0x02, 0x48, 0x02, 0x48, 0x02, 0x48, 0x02, 0x48, 0x02, 0x48, 
    0x02, 0x48, 0x02, 0x40, 0x02, 0x48, 0x02, 0x48, 0x02, 0x48, 0x02, 0x40, 
    0x02, 0x40, 0x02, 0x40, 0x02, 0x40, 0x02, 0x40, 0x02, 0x40, 0x02, 0x40, 
    0x02, 0x40, 0x02, 0x40, 0x02, 0x40, 0x02, 0x40, 0x02, 0x40, 0x02, 0x40, 
    0x02, 0x40, 0x02, 0x40, 0x02, 0x40, 0x02, 0x40, 0x02, 0x40, 0x02, 0x40, 
    0x02, 0x40, 0x02, 0x40, 0x02, 0x40, 0x02, 0x40, 0x02, 0x40, 0x02, 0x40, 
    0x03, 0x48, 0x23, 0x48, 0x03, 0x48, 0x23, 0x48, 0x02, 0x48, 0x02, 0x40, 
    0x03, 0x40, 0x02, 0x40, 0x03, 0x40, 0x02, 0x40, 0x22, 0x40, 0x02, 0x40, 
    0x02, 0x40, 0x02, 0x40, 0x02, 0x40, 0x02, 0x48, 0x02, 0x40, 0x02, 0x40, 
    0x02, 0x40, 0x22, 0x48, 0x02, 0x48, 0x02, 0x48, 0x22, 0x48, 0x02, 0x48, 
    0x02, 0x48, 0x22, 0x48, 0x22, 0x48, 0x02, 0x48, 0x22, 0x48, 0x22, 0x48, 
    0x02, 0x48, 0x02, 0x48, 0x22, 0x48, 0x02, 0x48, 0x22, 0x48, 0x22, 0x48, 
    0x22, 0x48, 0x02, 0x48, 0x02, 0x48, 0x22, 0x48, 0x22, 0x48, 0x22, 0x40, 
    0x22, 0x40, 0x42, 0x40, 0x61, 0x38, 0xa1, 0x30, 0xc0, 0x28, 0xe0, 0x20, 
    0x00, 0x19, 0x00, 0x11, 0x00, 0x09, 0x20, 0x09, 0x00, 0x09, 0x00, 0x09, 
    0xe0, 0x08, 0xe0, 0x08, 0xe0, 0x08, 0xe0, 0x08, 0xe0, 0x00, 0xe0, 0x00, 
    0xe0, 0x00, 0xe0, 0x00, 0xe0, 0x00, 0xe0, 0x00, 0xe0, 0x00, 0xe0, 0x00, 
    0xe0, 0x00, 0x00, 0x01, 0xe0, 0x00, 0x00, 0x01, 0x00, 0x09, 0xe0, 0x08, 
    0xe0, 0x08, 0xe0, 0x08, 0x00, 0x09, 0xe0, 0x08, 0x00, 0x09, 0xe0, 0x08, 
    0xe0, 0x08, 0xe0, 0x08, 0xc0, 0x08, 0xc0, 0x08, 0xc0, 0x08, 0xc0, 0x08, 
    0xe0, 0x10, 0xc0, 0x20, 0xc0, 0x28, 0xa0, 0x30, 0xa0, 0x30, 0x81, 0x38, 
    0x60, 0x38, 0x60, 0x38, 0x80, 0x30, 0x60, 0x30, 0xa0, 0x30, 0xc0, 0x30, 
    0xc0, 0x28, 0xc0, 0x28, 0xa0, 0x28, 0xa0, 0x28, 0x80, 0x28, 0x80, 0x28, 
    0x80, 0x20, 0xa0, 0x20, 0xa0, 0x18, 0xc0, 0x18, 0xe0, 0x10, 0x00, 0x11, 
    0x40, 0x19, 0xa0, 0x19, 0x00, 0x2a, 0x21, 0x32, 0x81, 0x3a, 0xa2, 0x42, 
    0xc2, 0x42, 0xa1, 0x42, 0x60, 0x3a, 0x00, 0x2a, 0xc0, 0x21, 0x80, 0x19, 
    0x20, 0x11, 0xe0, 0x10, 0xa0, 0x08, 0x80, 0x08, 0x80, 0x08, 0x80, 0x08, 
    0x80, 0x08, 0xa0, 0x08, 0x60, 0x08, 0x60, 0x08, 0x80, 0x08, 0xa0, 0x08, 
    0xa0, 0x08, 0xc0, 0x08, 0xe0, 0x10, 0x00, 0x11, 0x00, 0x11, 0x00, 0x11, 
    0x00, 0x11, 0x00, 0x11, 0x00, 0x11, 0xe0, 0x08, 0xe0, 0x10, 0xe0, 0x10, 
    0xe0, 0x10, 0xe0, 0x10, 0xe0, 0x10, 0x00, 0x19, 0x21, 0x19, 0x62, 0x21, 
    0x82, 0x29, 0xa3, 0x29, 0xa2, 0x29, 0xa2, 0x21, 0xa2, 0x21, 0xa3, 0x29, 
    0xc3, 0x29, 0xc4, 0x31, 0xc4, 0x31, 0xe5, 0x31, 0xe6, 0x39, 0x07, 0x3a, 
    0x08, 0x42, 0x28, 0x42, 0x08, 0x42, 0x86, 0x39, 0x04, 0x29, 0x03, 0x31, 
    0xc2, 0x28, 0xa2, 0x28, 0x61, 0x30, 0x61, 0x30, 0x40, 0x30, 0x40, 0x38, 
    0x41, 0x30, 0x40, 0x38, 0x40, 0x38, 0x21, 0x38, 0x21, 0x38, 0x21, 0x38, 
    0x21, 0x38, 0x21, 0x40, 0x21, 0x40, 0x21, 0x40, 0x21, 0x40, 0x21, 0x40, 
    0x01, 0x40, 0x01, 0x40, 0x22, 0x40, 0x22, 0x48, 0x02, 0x40, 0x23, 0x48, 
    0x02, 0x48, 0x02, 0x48, 0x03, 0x48, 0x02, 0x48, 0x02, 0x48, 0x02, 0x48, 
    0x03, 0x48, 0x02, 0x48, 0x02, 0x48, 0x02, 0x40, 0x02, 0x48, 0x02, 0x48, 
    0x02, 0x48, 0x02, 0x48, 0x02, 0x48, 0x02, 0x48, 0x02, 0x48, 0x02, 0x48, 
    0x02, 0x40, 0x02, 0x40, 0x02, 0x48, 0x02, 0x48, 0x02, 0x48, 0x02, 0x40, 
    0x02, 0x40, 0x02, 0x48, 0x02, 0x40, 0x02, 0x48, 0x02, 0x40, 0x02, 0x40, 
    0x02, 0x48, 0x02, 0x40, 0x02, 0x48, 0x02, 0x40, 0x02, 0x40, 0x02, 0x40, 
    0x02, 0x40, 0x02, 0x48, 0x02, 0x40, 0x02, 0x40, 0x02, 0x40, 0x02, 0x40, 
    0x02, 0x40, 0x02, 0x40, 0x02, 0x40, 0x02, 0x40, 0x02, 0x40, 0x02, 0x40, 
    0x23, 0x48, 0x03, 0x48, 0x03, 0x48, 0x22, 0x48, 0x02, 0x48, 0x03, 0x48, 
    0x03, 0x40, 0x02, 0x40, 0x02, 0x40, 0x02, 0x40, 0x02, 0x40, 0x02, 0x40, 
    0x02, 0x40, 0x02, 0x40, 0x02, 0x40, 0x02, 0x40, 0x22, 0x40, 0x02, 0x40, 
    0x02, 0x40, 0x02, 0x48, 0x02, 0x48, 0x02, 0x48, 0x02, 0x48, 0x02, 0x48, 
    0x02, 0x40, 0x22, 0x48, 0x02, 0x48, 0x02, 0x48, 0x02, 0x48, 0x02, 0x48, 
    0x23, 0x48, 0x02, 0x40, 0x22, 0x48, 0x22, 0x48, 0x23, 0x48, 0x02, 0x48, 
    0x22, 0x48, 0x02, 0x48, 0x22, 0x48, 0x02, 0x40, 0x02, 0x48, 0x22, 0x40, 
    0x41, 0x40, 0x61, 0x38, 0xa1, 0x30, 0xa0, 0x30, 0xe0, 0x20, 0xe0, 0x18, 
    0x00, 0x19, 0x20, 0x11, 0x00, 0x11, 0x00, 0x09, 0x00, 0x09, 0x00, 0x09, 
    0xe0, 0x08, 0xe0, 0x08, 0xe0, 0x08, 0xe0, 0x08, 0xe0, 0x00, 0xe0, 0x00, 
    0xe0, 0x00, 0xe0, 0x00, 0xe0, 0x00, 0xe0, 0x00, 0xe0, 0x00, 0xe0, 0x00, 
    0xe0, 0x00, 0xe0, 0x00, 0xe0, 0x00, 0xe0, 0x00, 0xe0, 0x00, 0xe0, 0x00, 
    0xe0, 0x00, 0xe0, 0x00, 0xe0, 0x08, 0xe0, 0x00, 0xe0, 0x08, 0xe0, 0x00, 
    0xc0, 0x08, 0xc0, 0x08, 0xc0, 0x08, 0xc0, 0x08, 0xc0, 0x10, 0xe0, 0x10, 
    0xe0, 0x18, 0xe0, 0x18, 0xe0, 0x28, 0xc0, 0x28, 0xa0, 0x30, 0xa0, 0x30, 
    0x80, 0x30, 0x80, 0x30, 0x80, 0x30, 0xa0, 0x30, 0xc0, 0x30, 0xc0, 0x28, 
    0xc0, 0x28, 0xc0, 0x28, 0xa0, 0x28, 0xa0, 0x28, 0xa0, 0x28, 0xa0, 0x20, 
    0xc0, 0x18, 0xc0, 0x18, 0xc0, 0x10, 0xc0, 0x10, 0xe0, 0x08, 0xe0, 0x08, 
    0x00, 0x09, 0x40, 0x11, 0xa0, 0x19, 0xe0, 0x29, 0x41, 0x32, 0x81, 0x3a, 
    0xa2, 0x42, 0x81, 0x42, 0xa2, 0x42, 0x41, 0x3a, 0x20, 0x32, 0xc0, 0x29, 
    0x80, 0x19, 0x20, 0x19, 0xe0, 0x10, 0xc1, 0x10, 0xa1, 0x10, 0xa1, 0x10, 
    0xa1, 0x08, 0xa1, 0x10, 0x80, 0x08, 0x60, 0x08, 0x60, 0x08, 0x60, 0x08, 
    0x80, 0x08, 0xa0, 0x08, 0xa0, 0x08, 0xc0, 0x08, 0xe0, 0x08, 0xe0, 0x08, 
    0xc0, 0x08, 0xe0, 0x08, 0xc0, 0x08, 0xe0, 0x10, 0xc0, 0x10, 0xc0, 0x08, 
    0xc0, 0x10, 0xc0, 0x10, 0xc0, 0x10, 0x01, 0x19, 0x63, 0x29, 0xa4, 0x31, 
    0xc5, 0x31, 0xc4, 0x31, 0xe4, 0x31, 0xe4, 0x31, 0xc4, 0x31, 0xc4, 0x31, 
    0xe4, 0x31, 0xe5, 0x31, 0xe5, 0x39, 0xe5, 0x39, 0x06, 0x3a, 0x27, 0x3a, 
    0x28, 0x42, 0x08, 0x42, 0x85, 0x31, 0x44, 0x31, 0x24, 0x29, 0x02, 0x29, 
    0xe2, 0x28, 0xa1, 0x28, 0x81, 0x28, 0x60, 0x28, 0x60, 0x28, 0x60, 0x28, 
    0x60, 0x28, 0x60, 0x28, 0x60, 0x28, 0x40, 0x28, 0x60, 0x28, 0x60, 0x30, 
    0x40, 0x30, 0x40, 0x38, 0x41, 0x38, 0x41, 0x38, 0x41, 0x38, 0x41, 0x38, 
    0x21, 0x40, 0x21, 0x38, 0x21, 0x40, 0x21, 0x40, 0x21, 0x40, 0x22, 0x40, 
    0x02, 0x40, 0x03, 0x48, 0x03, 0x48, 0x03, 0x48, 0x03, 0x48, 0x22, 0x48, 
    0x02, 0x48, 0x03, 0x48, 0x02, 0x40, 0x02, 0x48, 0x02, 0x40, 0x02, 0x40, 
    0x02, 0x48, 0x02, 0x48, 0x03, 0x48, 0x02, 0x40, 0x02, 0x40, 0x02, 0x48, 
    0x02, 0x48, 0x02, 0x48, 0x02, 0x48, 0x02, 0x48, 0x03, 0x48, 0x02, 0x48, 
    0x02, 0x40, 0x02, 0x40, 0x02, 0x40, 0x02, 0x40, 0x02, 0x40, 0x02, 0x48, 
    0x02, 0x40, 0x02, 0x40, 0x02, 0x40, 0x02, 0x40, 0x02, 0x40, 0x02, 0x40, 
    0x02, 0x40, 0x02, 0x40, 0x02, 0x40, 0x02, 0x40, 0x02, 0x40, 0x02, 0x40, 
    0x02, 0x40, 0x02, 0x40, 0x02, 0x40, 0x02, 0x40, 0x02, 0x40, 0x02, 0x40, 
    0x23, 0x48, 0x03, 0x48, 0x02, 0x48, 0x22, 0x48, 0x02, 0x48, 0x03, 0x48, 
    0x02, 0x48, 0x02, 0x40, 0x02, 0x40, 0x02, 0x40, 0x22, 0x40, 0x02, 0x40, 
    0x23, 0x40, 0x02, 0x40, 0x02, 0x40, 0x02, 0x40, 0x02, 0x40, 0x02, 0x40, 
    0x02, 0x40, 0x02, 0x48, 0x02, 0x40, 0x22, 0x48, 0x02, 0x48, 0x02, 0x48, 
    0x02, 0x48, 0x23, 0x48, 0x02, 0x48, 0x02, 0x48, 0x02, 0x48, 0x23, 0x48, 
    0x02, 0x48, 0x02, 0x48, 0x02, 0x48, 0x02, 0x48, 0x02, 0x48, 0x02, 0x48, 
    0x03, 0x48, 0x02, 0x48, 0x02, 0x48, 0x02, 0x48, 0x03, 0x48, 0x22, 0x40, 
    0x22, 0x40, 0x61, 0x38, 0xa1, 0x30, 0xc0, 0x28, 0xe0, 0x20, 0x00, 0x19, 
    0x00, 0x11, 0x00, 0x11, 0x00, 0x09, 0x00, 0x09, 0x00, 0x09, 0xe0, 0x08, 
    0xe0, 0x08, 0xe0, 0x08, 0xe0, 0x08, 0xe0, 0x08, 0xe0, 0x08, 0xe0, 0x00, 
    0xe0, 0x00, 0xe0, 0x00, 0xe0, 0x08, 0xe0, 0x00, 0xe0, 0x00, 0xe0, 0x00, 
    0xe0, 0x00, 0xe0, 0x00, 0xe0, 0x00, 0xe0, 0x00, 0xe0, 0x00, 0xe0, 0x00, 
    0xe0, 0x00, 0xe0, 0x00, 0xe0, 0x00, 0xe0, 0x00, 0xc0, 0x00, 0xc0, 0x00, 
    0xc0, 0x00, 0xa0, 0x08, 0xa0, 0x08, 0xc0, 0x08, 0xc0, 0x10, 0xc0, 0x18, 
    0xe0, 0x18, 0xe0, 0x20, 0xe0, 0x28, 0xe0, 0x28, 0xe0, 0x28, 0xc0, 0x30, 
    0xc0, 0x30, 0xc0, 0x30, 0xc0, 0x28, 0xc0, 0x28, 0xe0, 0x30, 0xe0, 0x28, 
    0xe0, 0x28, 0xe0, 0x28, 0xc0, 0x28, 0xc0, 0x28, 0xc0, 0x20, 0xc0, 0x18, 
    0xe0, 0x10, 0xe0, 0x10, 0xe0, 0x08, 0xe0, 0x08, 0xe0, 0x08, 0xe0, 0x08, 
    0xe0, 0x08, 0x00, 0x09, 0x40, 0x11, 0xa0, 0x19, 0x01, 0x2a, 0x41, 0x32, 
    0x81, 0x3a, 0x82, 0x42, 0xa2, 0x42, 0x81, 0x3a, 0x60, 0x3a, 0x20, 0x32, 
    0xe0, 0x29, 0x80, 0x21, 0x40, 0x19, 0x01, 0x19, 0xe2, 0x10, 0xc2, 0x10, 
    0xc2, 0x10, 0xc2, 0x10, 0xa1, 0x10, 0x81, 0x10, 0x60, 0x08, 0x60, 0x08, 
    0x80, 0x08, 0x80, 0x08, 0x80, 0x08, 0xa0, 0x08, 0xa0, 0x08, 0xa0, 0x08, 
    0xa0, 0x08, 0xa0, 0x08, 0xa0, 0x08, 0xa0, 0x08, 0xa0, 0x10, 0xa0, 0x10, 
    0xa0, 0x10, 0xc1, 0x10, 0xe2, 0x18, 0x43, 0x21, 0x64, 0x29, 0xa5, 0x31, 
    0xc5, 0x31, 0xe6, 0x39, 0x05, 0x3a, 0x06, 0x3a, 0x25, 0x3a, 0x25, 0x3a, 
    0x05, 0x3a, 0x05, 0x3a, 0x05, 0x3a, 0xe5, 0x39, 0xe5, 0x39, 0x06, 0x3a, 
    0xe6, 0x39, 0xa5, 0x39, 0x64, 0x31, 0x43, 0x29, 0x23, 0x29, 0x02, 0x21, 
    0xe0, 0x20, 0xc0, 0x20, 0xa0, 0x20, 0xa0, 0x20, 0xa0, 0x20, 0xa0, 0x20, 
    0x80, 0x20, 0xa0, 0x20, 0x80, 0x20, 0x80, 0x20, 0x80, 0x20, 0x60, 0x20, 
    0x60, 0x28, 0x60, 0x28, 0x60, 0x28, 0x60, 0x28, 0x60, 0x28, 0x40, 0x28, 
    0x40, 0x30, 0x40, 0x30, 0x41, 0x38, 0x21, 0x38, 0x21, 0x40, 0x21, 0x40, 
    0x21, 0x40, 0x22, 0x40, 0x02, 0x40, 0x02, 0x40, 0x02, 0x48, 0x02, 0x48, 
    0x02, 0x40, 0x03, 0x40, 0x22, 0x48, 0x22, 0x40, 0x02, 0x48, 0x02, 0x48, 
    0x02, 0x48, 0x02, 0x48, 0x02, 0x48, 0x02, 0x48, 0x02, 0x40, 0x02, 0x48, 
    0x03, 0x48, 0x03, 0x48, 0x02, 0x40, 0x02, 0x40, 0x02, 0x40, 0x02, 0x48, 
    0x02, 0x48, 0x02, 0x40, 0x02, 0x40, 0x03, 0x48, 0x02, 0x48, 0x02, 0x48, 
    0x02, 0x40, 0x02, 0x40, 0x02, 0x40, 0x02, 0x40, 0x02, 0x40, 0x02, 0x40, 
    0x02, 0x40, 0x02, 0x40, 0x02, 0x40, 0x02, 0x40, 0x02, 0x40, 0x02, 0x40, 
    0x02, 0x40, 0x02, 0x40, 0x02, 0x40, 0x02, 0x40, 0x02, 0x40, 0x02, 0x40, 
    0x22, 0x48, 0x23, 0x48, 0x03, 0x48, 0x02, 0x48, 0x22, 0x48, 0x02, 0x40, 
    0x22, 0x48, 0x23, 0x48, 0x22, 0x48, 0x02, 0x40, 0x02, 0x40, 0x02, 0x40, 
    0x02, 0x40, 0x22, 0x48, 0x02, 0x40, 0x02, 0x48, 0x02, 0x40, 0x03, 0x40, 
    0x02, 0x40, 0x02, 0x40, 0x02, 0x40, 0x22, 0x48, 0x22, 0x48, 0x23, 0x48, 
    0x02, 0x48, 0x03, 0x48, 0x02, 0x48, 0x02, 0x48, 0x02, 0x40, 0x02, 0x40, 
    0x03, 0x48, 0x03, 0x48, 0x02, 0x48, 0x02, 0x48, 0x02, 0x48, 0x02, 0x40, 
    0x03, 0x48, 0x02, 0x40, 0x02, 0x48, 0x02, 0x48, 0x22, 0x40, 0x22, 0x40, 
    0x42, 0x40, 0x81, 0x38, 0xa1, 0x30, 0xc0, 0x28, 0xe0, 0x20, 0x00, 0x19, 
    0x00, 0x11, 0x00, 0x11, 0x00, 0x09, 0x00, 0x09, 0x00, 0x09, 0xe0, 0x08, 
    0xe0, 0x08, 0xe0, 0x08, 0xe0, 0x08, 0xe0, 0x08, 0xe0, 0x08, 0xe0, 0x08, 
    0xe0, 0x08, 0xe0, 0x00, 0xe0, 0x00, 0xe0, 0x00, 0xe0, 0x00, 0xe0, 0x00, 
    0xe0, 0x00, 0xe0, 0x00, 0xe0, 0x00, 0xe0, 0x00, 0xe0, 0x00, 0xe0, 0x00, 
    0xe0, 0x00, 0xe0, 0x00, 0xc0, 0x00, 0xc0, 0x00, 0xc0, 0x00, 0xa0, 0x00, 
    0xa0, 0x08, 0xa0, 0x08, 0xa0, 0x10, 0xa0, 0x10, 0xa0, 0x18, 0xa0, 0x20, 
    0xc0, 0x20, 0xe0, 0x28, 0x00, 0x29, 0x00, 0x31, 0xe0, 0x28, 0xe0, 0x28, 
    0xe0, 0x28, 0xe0, 0x28, 0xe0, 0x28, 0xe0, 0x28, 0xe0, 0x28, 0xe0, 0x28, 
    0xe0, 0x28, 0xe0, 0x28, 0xe0, 0x20, 0xc0, 0x20, 0xc0, 0x18, 0xe0, 0x10, 
    0xe0, 0x08, 0xe0, 0x08, 0xe0, 0x08, 0xe0, 0x08, 0xe0, 0x08, 0xe0, 0x08, 
    0xe0, 0x08, 0xe0, 0x08, 0x00, 0x09, 0x40, 0x11, 0x80, 0x19, 0xe0, 0x29, 
    0x20, 0x32, 0x61, 0x3a, 0x82, 0x3a, 0x81, 0x3a, 0x81, 0x3a, 0x60, 0x3a, 
    0x41, 0x3a, 0xe1, 0x29, 0xa1, 0x29, 0x42, 0x21, 0x22, 0x21, 0x02, 0x19, 
    0xe3, 0x18, 0xc2, 0x18, 0xa1, 0x10, 0xa1, 0x10, 0x81, 0x10, 0x80, 0x10, 
    0x60, 0x10, 0x60, 0x10, 0x60, 0x08, 0x80, 0x08, 0x80, 0x08, 0x80, 0x08, 
    0x80, 0x08, 0x80, 0x10, 0x80, 0x08, 0x80, 0x10, 0x80, 0x10, 0xa0, 0x10, 
    0xa1, 0x10, 0xc2, 0x18, 0x03, 0x21, 0x44, 0x29, 0xa5, 0x31, 0xc6, 0x39, 
    0x07, 0x3a, 0x27, 0x42, 0x27, 0x42, 0x48, 0x4a, 0x67, 0x4a, 0x67, 0x4a, 
    0x46, 0x42, 0x26, 0x42, 0x05, 0x3a, 0xe4, 0x39, 0xc4, 0x31, 0xa4, 0x31, 
    0xa4, 0x31, 0x63, 0x29, 0x43, 0x29, 0x22, 0x21, 0x22, 0x21, 0x01, 0x19, 
    0xe0, 0x18, 0xc0, 0x18, 0xe0, 0x18, 0xc0, 0x18, 0xc0, 0x18, 0xc0, 0x10, 
    0xc0, 0x08, 0xc0, 0x10, 0xc0, 0x10, 0xa0, 0x18, 0xa0, 0x18, 0xa0, 0x18, 
    0x80, 0x18, 0x80, 0x20, 0x80, 0x20, 0x80, 0x20, 0x80, 0x20, 0x80, 0x20, 
    0x60, 0x20, 0x60, 0x28, 0x60, 0x28, 0x40, 0x30, 0x60, 0x30, 0x40, 0x38, 
    0x21, 0x38, 0x21, 0x40, 0x21, 0x40, 0x02, 0x40, 0x22, 0x40, 0x21, 0x40, 
    0x22, 0x40, 0x22, 0x40, 0x02, 0x40, 0x02, 0x40, 0x02, 0x40, 0x02, 0x48, 
    0x03, 0x48, 0x23, 0x48, 0x23, 0x48, 0x22, 0x48, 0x03, 0x48, 0x03, 0x48, 
    0x02, 0x48, 0x03, 0x48, 0x03, 0x48, 0x02, 0x48, 0x02, 0x40, 0x02, 0x40, 
    0x02, 0x48, 0x02, 0x48, 0x02, 0x40, 0x02, 0x40, 0x02, 0x48, 0x02, 0x48, 
    0x02, 0x40, 0x02, 0x40, 0x02, 0x40, 0x02, 0x40, 0x02, 0x40, 0x02, 0x40, 
    0x02, 0x40, 0x02, 0x40, 0x02, 0x40, 0x02, 0x40, 0x02, 0x40, 0x02, 0x40, 
    0x02, 0x40, 0x02, 0x40, 0x02, 0x40, 0x02, 0x40, 0x02, 0x40, 0x02, 0x40, 
    0x02, 0x48, 0x03, 0x48, 0x23, 0x48, 0x02, 0x48, 0x02, 0x48, 0x02, 0x48, 
    0x03, 0x48, 0x23, 0x48, 0x02, 0x40, 0x22, 0x48, 0x02, 0x48, 0x02, 0x40, 
    0x02, 0x40, 0x02, 0x40, 0x02, 0x40, 0x02, 0x40, 0x02, 0x40, 0x02, 0x40, 
    0x02, 0x40, 0x02, 0x40, 0x02, 0x40, 0x02, 0x40, 0x02, 0x40, 0x02, 0x40, 
    0x02, 0x48, 0x02, 0x40, 0x02, 0x48, 0x02, 0x40, 0x02, 0x40, 0x02, 0x48, 
    0x02, 0x48, 0x02, 0x48, 0x02, 0x48, 0x02, 0x48, 0x02, 0x48, 0x02, 0x40, 
    0x23, 0x40, 0x02, 0x40, 0x02, 0x48, 0x02, 0x40, 0x22, 0x40, 0x22, 0x40, 
    0x62, 0x40, 0x81, 0x38, 0xc1, 0x30, 0xc0, 0x28, 0xe0, 0x20, 0x00, 0x19, 
    0x00, 0x11, 0x00, 0x09, 0x00, 0x09, 0x00, 0x09, 0xe0, 0x08, 0xe0, 0x08, 
    0xe0, 0x08, 0xe0, 0x08, 0xe0, 0x08, 0xe0, 0x00, 0xe0, 0x08, 0xe0, 0x08, 
    0xe0, 0x00, 0xc0, 0x00, 0xc0, 0x00, 0xe0, 0x00, 0xc0, 0x00, 0xe0, 0x00, 
    0xc0, 0x00, 0xe0, 0x00, 0xe0, 0x00, 0xe0, 0x00, 0xe0, 0x00, 0xc0, 0x00, 
    0xc0, 0x00, 0xc0, 0x00, 0xc0, 0x00, 0xc0, 0x00, 0xa0, 0x00, 0xa0, 0x08, 
    0x80, 0x08, 0x80, 0x10, 0x60, 0x10, 0x60, 0x18, 0x60, 0x20, 0x80, 0x28, 
    0xa0, 0x28, 0xc0, 0x30, 0xe0, 0x28, 0xe0, 0x30, 0x00, 0x29, 0xe0, 0x28, 
    0x00, 0x29, 0x00, 0x29, 0x00, 0x29, 0x00, 0x29, 0x00, 0x29, 0x00, 0x29, 
    0x00, 0x29, 0xe0, 0x28, 0xe0, 0x20, 0xe0, 0x18, 0xe0, 0x10, 0x00, 0x09, 
    0x00, 0x09, 0xe0, 0x08, 0xe0, 0x08, 0xe0, 0x08, 0xe0, 0x08, 0xe0, 0x08, 
    0xe0, 0x08, 0xe0, 0x08, 0xe0, 0x08, 0x00, 0x09, 0x40, 0x11, 0xa0, 0x19, 
    0xe0, 0x29, 0x21, 0x32, 0x41, 0x3a, 0x62, 0x3a, 0x82, 0x42, 0x81, 0x42, 
    0x41, 0x3a, 0x21, 0x32, 0xe2, 0x31, 0xa2, 0x29, 0x63, 0x29, 0x43, 0x29, 
    0x23, 0x21, 0xe2, 0x20, 0xc2, 0x18, 0xa1, 0x18, 0xa1, 0x18, 0x81, 0x10, 
    0x80, 0x10, 0x60, 0x10, 0x60, 0x10, 0x60, 0x08, 0x60, 0x10, 0x60, 0x10, 
    0x60, 0x10, 0x60, 0x10, 0x60, 0x10, 0x80, 0x10, 0x80, 0x10, 0x81, 0x18, 
    0xc1, 0x18, 0x02, 0x21, 0x24, 0x29, 0x85, 0x31, 0xc6, 0x39, 0x07, 0x42, 
    0x27, 0x4a, 0x68, 0x4a, 0x89, 0x52, 0xa9, 0x52, 0xa9, 0x52, 0xa8, 0x52, 
    0x67, 0x4a, 0x46, 0x42, 0xe4, 0x39, 0xa3, 0x31, 0x82, 0x29, 0x82, 0x29, 
    0x62, 0x29, 0x62, 0x21, 0x42, 0x21, 0x22, 0x19, 0x21, 0x19, 0x00, 0x11, 
    0xe0, 0x10, 0xe0, 0x10, 0xe0, 0x10, 0xe0, 0x10, 0xe0, 0x08, 0xe0, 0x08, 
    0xe0, 0x08, 0xe0, 0x08, 0xe0, 0x08, 0xc0, 0x08, 0xa0, 0x08, 0xc0, 0x10, 
    0xa0, 0x10, 0xa0, 0x10, 0xa0, 0x10, 0xa0, 0x18, 0xa0, 0x18, 0xa0, 0x18, 
    0xa0, 0x18, 0xa0, 0x20, 0x80, 0x20, 0x80, 0x28, 0x60, 0x28, 0x60, 0x30, 
    0x60, 0x30, 0x40, 0x30, 0x40, 0x38, 0x21, 0x40, 0x21, 0x38, 0x21, 0x38, 
    0x21, 0x38, 0x21, 0x38, 0x21, 0x38, 0x01, 0x40, 0x02, 0x40, 0x02, 0x40, 
    0x22, 0x40, 0x22, 0x48, 0x23, 0x48, 0x23, 0x48, 0x23, 0x48, 0x03, 0x48, 
    0x03, 0x48, 0x03, 0x48, 0x02, 0x48, 0x02, 0x40, 0x02, 0x40, 0x02, 0x40, 
    0x02, 0x48, 0x02, 0x40, 0x02, 0x48, 0x02, 0x48, 0x02, 0x40, 0x02, 0x40, 
    0x02, 0x48, 0x02, 0x40, 0x02, 0x40, 0x02, 0x40, 0x02, 0x40, 0x02, 0x48, 
    0x02, 0x40, 0x02, 0x48, 0x02, 0x40, 0x02, 0x40, 0x02, 0x40, 0x02, 0x40, 
    0x02, 0x40, 0x02, 0x40, 0x02, 0x40, 0x02, 0x40, 0x02, 0x48, 0x02, 0x40, 
    0x23, 0x48, 0x03, 0x48, 0x02, 0x48, 0x02, 0x48, 0x02, 0x40, 0x02, 0x48, 
    0x02, 0x48, 0x22, 0x48, 0x02, 0x40, 0x02, 0x40, 0x02, 0x40, 0x02, 0x40, 
    0x02, 0x40, 0x02, 0x40, 0x02, 0x40, 0x02, 0x40, 0x03, 0x40, 0x02, 0x40, 
    0x02, 0x40, 0x02, 0x40, 0x02, 0x40, 0x02, 0x40, 0x02, 0x40, 0x02, 0x40, 
    0x02, 0x40, 0x02, 0x40, 0x02, 0x40, 0x02, 0x40, 0x02, 0x48, 0x02, 0x40, 
    0x02, 0x48, 0x02, 0x40, 0x02, 0x48, 0x03, 0x48, 0x02, 0x40, 0x02, 0x40, 
    0x02, 0x40, 0x22, 0x48, 0x02, 0x48, 0x02, 0x40, 0x02, 0x40, 0x42, 0x40, 
    0x41, 0x40, 0x81, 0x38, 0xc1, 0x30, 0xe0, 0x28, 0xe0, 0x20, 0x00, 0x19, 
    0x00, 0x11, 0x00, 0x11, 0xe0, 0x08, 0xe0, 0x08, 0xe0, 0x08, 0xe0, 0x08, 
    0xe0, 0x08, 0xe0, 0x08, 0xe0, 0x08, 0xe0, 0x08, 0xe0, 0x08, 0xe0, 0x08, 
    0xe0, 0x08, 0xe0, 0x00, 0xe0, 0x00, 0xc0, 0x00, 0xe0, 0x00, 0xe0, 0x00, 
    0xe0, 0x00, 0xe0, 0x00, 0xe0, 0x00, 0xc0, 0x00, 0xc0, 0x00, 0xc0, 0x00, 
    0xc0, 0x00, 0xc0, 0x00, 0xc0, 0x00, 0xa0, 0x00, 0xa0, 0x08, 0x80, 0x08, 
    0x80, 0x10, 0x60, 0x18, 0x40, 0x18, 0x40, 0x20, 0x40, 0x28, 0x40, 0x30, 
    0x60, 0x30, 0x80, 0x30, 0xa0, 0x30, 0xc0, 0x30, 0xe0, 0x28, 0x00, 0x29, 
    0x00, 0x21, 0x20, 0x21, 0x20, 0x21, 0x20, 0x21, 0x20, 0x21, 0x20, 0x29, 
    0x00, 0x29, 0xe0, 0x28, 0xe0, 0x20, 0xe0, 0x18, 0x00, 0x11, 0x20, 0x09, 
    0x00, 0x09, 0xe0, 0x08, 0x00, 0x09, 0xe0, 0x08, 0xe0, 0x08, 0xe0, 0x08, 
    0xe0, 0x08, 0xe0, 0x08, 0xe0, 0x08, 0xe0, 0x08, 0x00, 0x09, 0x40, 0x09, 
    0xc0, 0x19, 0xe0, 0x21, 0x20, 0x32, 0x41, 0x3a, 0x61, 0x42, 0x81, 0x42, 
    0x81, 0x42, 0x61, 0x3a, 0x22, 0x3a, 0x03, 0x32, 0xc4, 0x31, 0x64, 0x29, 
    0x43, 0x29, 0x03, 0x29, 0xe3, 0x20, 0xc2, 0x18, 0xa2, 0x18, 0x81, 0x18, 
    0x81, 0x18, 0x81, 0x18, 0x60, 0x10, 0x60, 0x10, 0x60, 0x10, 0x60, 0x10, 
    0x60, 0x10, 0x60, 0x10, 0x61, 0x18, 0x61, 0x18, 0x81, 0x18, 0x81, 0x18, 
    0xc2, 0x20, 0x03, 0x29, 0x64, 0x31, 0xa6, 0x39, 0xe7, 0x41, 0x28, 0x4a, 
    0x89, 0x52, 0xca, 0x5a, 0xca, 0x5a, 0xca, 0x5a, 0xea, 0x62, 0xc9, 0x5a, 
    0x88, 0x52, 0x46, 0x42, 0xe4, 0x31, 0xa2, 0x29, 0x81, 0x29, 0x60, 0x21, 
    0x60, 0x21, 0x61, 0x21, 0x41, 0x19, 0x41, 0x11, 0x20, 0x11, 0x20, 0x11, 
    0x00, 0x11, 0x00, 0x09, 0x20, 0x09, 0x00, 0x09, 0x00, 0x09, 0x00, 0x01, 
    0x00, 0x01, 0x00, 0x01, 0xe0, 0x00, 0xe0, 0x00, 0xe0, 0x08, 0xe0, 0x08, 
    0xc0, 0x08, 0xc0, 0x08, 0xe0, 0x10, 0xc0, 0x10, 0xc0, 0x10, 0xc0, 0x10, 
    0xc0, 0x10, 0xc0, 0x10, 0xc0, 0x20, 0xa0, 0x20, 0x80, 0x20, 0x80, 0x20, 
    0x80, 0x28, 0x60, 0x28, 0x60, 0x30, 0x60, 0x30, 0x40, 0x30, 0x40, 0x30, 
    0x40, 0x30, 0x40, 0x30, 0x40, 0x30, 0x20, 0x38, 0x21, 0x38, 0x21, 0x40, 
    0x22, 0x40, 0x22, 0x48, 0x23, 0x48, 0x23, 0x48, 0x23, 0x48, 0x23, 0x48, 
    0x23, 0x48, 0x22, 0x48, 0x03, 0x48, 0x02, 0x48, 0x02, 0x40, 0x02, 0x40, 
    0x02, 0x40, 0x02, 0x48, 0x02, 0x48, 0x02, 0x48, 0x02, 0x40, 0x02, 0x48, 
    0x02, 0x40, 0x02, 0x40, 0x02, 0x40, 0x02, 0x40, 0x02, 0x40, 0x02, 0x48, 
    0x02, 0x40, 0x02, 0x40, 0x02, 0x40, 0x02, 0x40, 0x02, 0x40, 0x02, 0x40, 
    0x02, 0x40, 0x02, 0x40, 0x02, 0x40, 0x02, 0x40, 0x02, 0x40, 0x02, 0x40, 
    0x23, 0x48, 0x03, 0x48, 0x03, 0x48, 0x23, 0x48, 0x03, 0x48, 0x02, 0x40, 
    0x22, 0x48, 0x02, 0x40, 0x02, 0x40, 0x02, 0x40, 0x02, 0x40, 0x23, 0x48, 
    0x23, 0x48, 0x02, 0x40, 0x03, 0x40, 0x02, 0x40, 0x02, 0x40, 0x02, 0x40, 
    0x02, 0x40, 0x02, 0x40, 0x02, 0x40, 0x02, 0x40, 0x02, 0x40, 0x02, 0x40, 
    0x02, 0x40, 0x02, 0x40, 0x02, 0x40, 0x02, 0x40, 0x02, 0x40, 0x02, 0x40, 
    0x02, 0x40, 0x02, 0x40, 0x02, 0x40, 0x02, 0x40, 0x02, 0x40, 0x02, 0x48, 
    0x02, 0x40, 0x02, 0x48, 0x02, 0x48, 0x02, 0x40, 0x22, 0x40, 0x42, 0x40, 
    0x61, 0x38, 0xa1, 0x38, 0xc1, 0x28, 0xe0, 0x28, 0xe0, 0x20, 0x00, 0x19, 
    0x00, 0x11, 0x00, 0x11, 0xe0, 0x08, 0xe0, 0x08, 0xe0, 0x08, 0xe0, 0x08, 
    0xe0, 0x08, 0xe0, 0x08, 0xe0, 0x08, 0xe0, 0x08, 0xe0, 0x08, 0xe0, 0x08, 
    0xc0, 0x08, 0xc0, 0x08, 0xc0, 0x00, 0xc0, 0x00, 0xc0, 0x00, 0xe0, 0x00, 
    0xc0, 0x00, 0xc0, 0x00, 0xe0, 0x00, 0xc0, 0x00, 0xc0, 0x00, 0xc0, 0x00, 
    0xc0, 0x00, 0xc0, 0x00, 0xa0, 0x08, 0xa0, 0x08, 0x80, 0x10, 0x80, 0x10, 
    0x60, 0x18, 0x40, 0x20, 0x40, 0x28, 0x40, 0x30, 0x21, 0x38, 0x21, 0x40, 
    0x21, 0x40, 0x41, 0x40, 0x80, 0x38, 0xa0, 0x30, 0xc0, 0x30, 0x00, 0x29, 
    0x20, 0x29, 0x20, 0x21, 0x40, 0x21, 0x40, 0x21, 0x20, 0x21, 0x20, 0x21, 
    0x20, 0x21, 0x00, 0x21, 0x00, 0x19, 0x00, 0x11, 0x00, 0x11, 0x00, 0x09, 
    0x00, 0x09, 0xe0, 0x08, 0xe0, 0x08, 0xe0, 0x08, 0xe0, 0x08, 0xe0, 0x08, 
    0xe0, 0x08, 0xe0, 0x08, 0xe0, 0x08, 0xe0, 0x08, 0xe0, 0x08, 0x00, 0x09, 
    0x20, 0x09, 0x60, 0x11, 0xc0, 0x21, 0x00, 0x2a, 0x41, 0x3a, 0x61, 0x3a, 
    0x81, 0x42, 0x82, 0x42, 0x42, 0x3a, 0x43, 0x3a, 0x04, 0x3a, 0xc4, 0x31, 
    0x84, 0x31, 0x23, 0x29, 0x03, 0x29, 0xe3, 0x20, 0xc2, 0x20, 0xa2, 0x20, 
    0x82, 0x18, 0x61, 0x18, 0x60, 0x18, 0x60, 0x18, 0x60, 0x18, 0x60, 0x10, 
    0x61, 0x18, 0x61, 0x18, 0x61, 0x18, 0x81, 0x18, 0x81, 0x18, 0xa2, 0x20, 
    0xe3, 0x28, 0x24, 0x31, 0x85, 0x39, 0xc7, 0x41, 0x28, 0x4a, 0x89, 0x52, 
    0xaa, 0x5a, 0xeb, 0x62, 0x0c, 0x63, 0x2c, 0x63, 0x2b, 0x63, 0x0a, 0x5b, 
    0xa8, 0x52, 0x46, 0x42, 0xe3, 0x31, 0x81, 0x29, 0xa0, 0x29, 0x80, 0x21, 
    0x80, 0x21, 0x60, 0x19, 0x60, 0x11, 0x40, 0x09, 0x40, 0x09, 0x20, 0x09, 
    0x20, 0x09, 0x20, 0x09, 0x20, 0x09, 0x20, 0x01, 0x20, 0x09, 0x00, 0x01, 
    0x00, 0x01, 0x00, 0x01, 0x00, 0x01, 0xe0, 0x00, 0xe0, 0x00, 0xe0, 0x08, 
    0xe0, 0x08, 0xe0, 0x08, 0xe0, 0x08, 0xe0, 0x08, 0xe0, 0x08, 0xe0, 0x08, 
    0xe0, 0x08, 0xc0, 0x10, 0xc0, 0x10, 0xc0, 0x18, 0xc0, 0x18, 0xc0, 0x18, 
    0xa0, 0x18, 0xa0, 0x20, 0x80, 0x20, 0x80, 0x20, 0x80, 0x28, 0x60, 0x20, 
    0x60, 0x20, 0x60, 0x20, 0x60, 0x20, 0x60, 0x28, 0x40, 0x28, 0x40, 0x30, 
    0x21, 0x40, 0x21, 0x40, 0x43, 0x48, 0x43, 0x50, 0x23, 0x48, 0x23, 0x48, 
    0x23, 0x48, 0x22, 0x48, 0x02, 0x40, 0x02, 0x48, 0x02, 0x40, 0x02, 0x40, 
    0x02, 0x40, 0x02, 0x48, 0x02, 0x48, 0x02, 0x48, 0x02, 0x48, 0x02, 0x48, 
    0x02, 0x40, 0x02, 0x48, 0x02, 0x40, 0x02, 0x48, 0x02, 0x40, 0x02, 0x40, 
    0x02, 0x48, 0x02, 0x48, 0x02, 0x40, 0x02, 0x40, 0x02, 0x40, 0x02, 0x40, 
    0x02, 0x40, 0x02, 0x40, 0x02, 0x40, 0x02, 0x40, 0x02, 0x40, 0x02, 0x40, 
    0x23, 0x48, 0x23, 0x48, 0x03, 0x48, 0x23, 0x48, 0x03, 0x48, 0x02, 0x48, 
    0x02, 0x40, 0x03, 0x48, 0x23, 0x48, 0x02, 0x48, 0x02, 0x40, 0x03, 0x40, 
    0x02, 0x40, 0x02, 0x40, 0x02, 0x40, 0x02, 0x40, 0x02, 0x40, 0x02, 0x40, 
    0x02, 0x40, 0x02, 0x40, 0x02, 0x40, 0x02, 0x40, 0x02, 0x40, 0x02, 0x40, 
    0x02, 0x40, 0x02, 0x40, 0x02, 0x40, 0x02, 0x40, 0x02, 0x40, 0x02, 0x40, 
    0x02, 0x40, 0x02, 0x40, 0x02, 0x40, 0x02, 0x40, 0x02, 0x40, 0x02, 0x40, 
    0x02, 0x40, 0x02, 0x40, 0x02, 0x48, 0x02, 0x40, 0x22, 0x40, 0x42, 0x40, 
    0x61, 0x38, 0xa1, 0x30, 0xc0, 0x28, 0xe0, 0x28, 0xe0, 0x20, 0x00, 0x19, 
    0x00, 0x11, 0x00, 0x11, 0xe0, 0x08, 0xe0, 0x08, 0xe0, 0x08, 0xe0, 0x08, 
    0xe0, 0x08, 0xe0, 0x08, 0xe0, 0x08, 0xe0, 0x08, 0xe0, 0x08, 0xe0, 0x08, 
    0xc0, 0x08, 0xc0, 0x00, 0xc0, 0x00, 0xc0, 0x00, 0xc0, 0x00, 0xc0, 0x00, 
    0xc0, 0x00, 0xc0, 0x00, 0xc0, 0x00, 0xc0, 0x00, 0xc0, 0x00, 0xc0, 0x00, 
    0xa0, 0x00, 0xa0, 0x08, 0xa0, 0x10, 0xa0, 0x10, 0x80, 0x18, 0x60, 0x20, 
    0x60, 0x20, 0x40, 0x28, 0x40, 0x30, 0x21, 0x38, 0x21, 0x40, 0x22, 0x40, 
    0x22, 0x40, 0x21, 0x40, 0x61, 0x38, 0x80, 0x30, 0xc0, 0x30, 0xe0, 0x28, 
    0x00, 0x29, 0x40, 0x21, 0x40, 0x21, 0x40, 0x21, 0x40, 0x21, 0x40, 0x21, 
    0x20, 0x21, 0x20, 0x19, 0x00, 0x19, 0x00, 0x11, 0x00, 0x09, 0x20, 0x09, 
    0x00, 0x09, 0xe0, 0x08, 0xe0, 0x08, 0xe0, 0x08, 0xe0, 0x08, 0xe0, 0x08, 
    0xe0, 0x08, 0xe0, 0x08, 0xe0, 0x08, 0xe0, 0x08, 0xe0, 0x08, 0xe0, 0x08, 
    0xe0, 0x08, 0x20, 0x09, 0x60, 0x11, 0xa0, 0x19, 0x00, 0x2a, 0x21, 0x32, 
    0x61, 0x3a, 0x61, 0x3a, 0x82, 0x42, 0x62, 0x42, 0x44, 0x42, 0x04, 0x3a, 
    0xc4, 0x39, 0x84, 0x31, 0x23, 0x29, 0x03, 0x29, 0x03, 0x29, 0xc3, 0x20, 
    0xa2, 0x20, 0xa1, 0x20, 0x81, 0x20, 0x81, 0x20, 0x81, 0x20, 0x81, 0x18, 
    0x81, 0x20, 0x81, 0x18, 0x81, 0x18, 0xa2, 0x20, 0xa2, 0x20, 0xc2, 0x28, 
    0x24, 0x29, 0x65, 0x39, 0xa6, 0x41, 0x07, 0x4a, 0x28, 0x52, 0x8a, 0x5a, 
    0xcb, 0x5a, 0x0c, 0x63, 0x2c, 0x6b, 0x4d, 0x6b, 0x6d, 0x6b, 0x0b, 0x63, 
    0x88, 0x4a, 0x04, 0x3a, 0xc2, 0x31, 0xa0, 0x29, 0xa0, 0x21, 0x80, 0x21, 
    0x80, 0x19, 0x80, 0x11, 0x60, 0x09, 0x40, 0x09, 0x40, 0x09, 0x40, 0x09, 
    0x20, 0x09, 0x20, 0x09, 0x20, 0x01, 0x20, 0x01, 0x20, 0x01, 0x00, 0x01, 
    0x00, 0x01, 0x00, 0x01, 0xe0, 0x00, 0x00, 0x01, 0xe0, 0x08, 0xe0, 0x08, 
    0xe0, 0x08, 0xe0, 0x08, 0xc0, 0x08, 0xe0, 0x08, 0xe0, 0x08, 0xe0, 0x10, 
    0xe0, 0x10, 0xe0, 0x08, 0xe0, 0x10, 0xe0, 0x10, 0xe0, 0x10, 0xc0, 0x10, 
    0xc0, 0x10, 0xc0, 0x18, 0xa0, 0x18, 0xa0, 0x18, 0xa0, 0x18, 0xa0, 0x10, 
    0xa0, 0x10, 0x80, 0x10, 0x80, 0x18, 0x80, 0x18, 0x60, 0x20, 0x60, 0x28, 
    0x40, 0x38, 0x41, 0x40, 0x43, 0x48, 0x44, 0x50, 0x43, 0x50, 0x23, 0x50, 
    0x23, 0x48, 0x23, 0x48, 0x23, 0x48, 0x03, 0x48, 0x03, 0x48, 0x02, 0x40, 
    0x02, 0x40, 0x02, 0x48, 0x02, 0x48, 0x02, 0x40, 0x02, 0x40, 0x02, 0x40, 
    0x02, 0x40, 0x02, 0x48, 0x02, 0x40, 0x02, 0x40, 0x02, 0x40, 0x02, 0x40, 
    0x02, 0x40, 0x02, 0x40, 0x02, 0x40, 0x02, 0x40, 0x02, 0x40, 0x02, 0x40, 
    0x02, 0x40, 0x02, 0x40, 0x02, 0x40, 0x02, 0x40, 0x02, 0x40, 0x02, 0x48, 
    0x03, 0x48, 0x02, 0x48, 0x03, 0x48, 0x03, 0x48, 0x23, 0x48, 0x03, 0x48, 
    0x22, 0x48, 0x02, 0x40, 0x22, 0x48, 0x02, 0x48, 0x22, 0x48, 0x02, 0x40, 
    0x02, 0x40, 0x02, 0x40, 0x02, 0x40, 0x02, 0x40, 0x02, 0x40, 0x02, 0x40, 
    0x02, 0x40, 0x02, 0x40, 0x02, 0x40, 0x02, 0x40, 0x02, 0x40, 0x02, 0x40, 
    0x02, 0x40, 0x02, 0x40, 0x02, 0x40, 0x02, 0x40, 0x02, 0x40, 0x02, 0x40, 
    0x02, 0x40, 0x02, 0x40, 0x02, 0x40, 0x02, 0x48, 0x02, 0x40, 0x02, 0x40, 
    0x02, 0x40, 0x02, 0x40, 0x03, 0x48, 0x02, 0x48, 0x22, 0x40, 0x42, 0x40, 
    0x61, 0x38, 0xa1, 0x30, 0xe1, 0x28, 0xe0, 0x28, 0x00, 0x21, 0xe0, 0x18, 
    0x00, 0x11, 0xe0, 0x10, 0xe0, 0x08, 0xe0, 0x08, 0xe0, 0x08, 0xe0, 0x08, 
    0xe0, 0x08, 0xe0, 0x08, 0xe0, 0x08, 0xe0, 0x08, 0xe0, 0x08, 0xe0, 0x08, 
    0xc0, 0x08, 0xc0, 0x00, 0xc0, 0x00, 0xc0, 0x00, 0xc0, 0x00, 0xc0, 0x00, 
    0xc0, 0x00, 0xc0, 0x00, 0xe0, 0x00, 0xc0, 0x00, 0xc0, 0x00, 0xa0, 0x08, 
    0xa0, 0x08, 0xa0, 0x10, 0xa0, 0x18, 0x80, 0x20, 0x60, 0x20, 0x60, 0x28, 
    0x41, 0x30, 0x20, 0x38, 0x21, 0x40, 0x22, 0x40, 0x22, 0x40, 0x22, 0x48, 
    0x21, 0x40, 0x21, 0x40, 0x40, 0x38, 0x80, 0x30, 0xa0, 0x30, 0xe0, 0x30, 
    0x00, 0x29, 0x20, 0x29, 0x40, 0x21, 0x40, 0x21, 0x40, 0x19, 0x40, 0x19, 
    0x20, 0x19, 0x20, 0x19, 0x20, 0x11, 0x20, 0x09, 0x00, 0x09, 0x00, 0x09, 
    0x00, 0x09, 0x00, 0x09, 0xe0, 0x08, 0xe0, 0x08, 0xe0, 0x08, 0xe0, 0x08, 
    0xe0, 0x08, 0xe0, 0x08, 0xe0, 0x08, 0xe0, 0x08, 0xe0, 0x08, 0xe0, 0x08, 
    0xe0, 0x08, 0xe0, 0x08, 0x00, 0x09, 0x80, 0x19, 0xc0, 0x21, 0xe0, 0x29, 
    0x20, 0x32, 0x61, 0x3a, 0x61, 0x3a, 0x62, 0x42, 0x63, 0x42, 0x44, 0x42, 
    0x04, 0x42, 0xa4, 0x39, 0x43, 0x31, 0x24, 0x31, 0x04, 0x29, 0xe3, 0x28, 
    0xe2, 0x28, 0xc2, 0x28, 0xc2, 0x20, 0xc2, 0x20, 0xa2, 0x20, 0xa2, 0x20, 
    0xa2, 0x20, 0xa2, 0x20, 0xa2, 0x28, 0xc3, 0x28, 0xe3, 0x28, 0xe3, 0x28, 
    0x24, 0x31, 0x65, 0x39, 0xa6, 0x41, 0xe8, 0x49, 0x49, 0x52, 0xaa, 0x5a, 
    0xeb, 0x62, 0x2d, 0x6b, 0x4d, 0x6b, 0x8e, 0x6b, 0x4d, 0x63, 0xa9, 0x52, 
    0x05, 0x3a, 0xc3, 0x31, 0xc1, 0x29, 0xa0, 0x29, 0xa0, 0x21, 0xa0, 0x21, 
    0xa0, 0x11, 0x80, 0x09, 0x60, 0x09, 0x60, 0x01, 0x40, 0x01, 0x20, 0x01, 
    0x20, 0x09, 0x20, 0x01, 0x20, 0x01, 0x20, 0x01, 0x20, 0x01, 0x00, 0x01, 
    0x00, 0x01, 0x00, 0x01, 0x00, 0x01, 0xe0, 0x00, 0xe0, 0x08, 0xe0, 0x08, 
    0xe0, 0x08, 0xe0, 0x08, 0xe0, 0x08, 0xe0, 0x08, 0xe0, 0x08, 0xe0, 0x10, 
    0xe0, 0x08, 0xe0, 0x08, 0xe0, 0x08, 0xe0, 0x10, 0xe0, 0x10, 0xe0, 0x08, 
    0xc0, 0x10, 0xc0, 0x08, 0xe0, 0x08, 0xe0, 0x08, 0xc0, 0x08, 0xc0, 0x08, 
    0xc0, 0x08, 0xc0, 0x08, 0xa0, 0x08, 0xa0, 0x10, 0xa0, 0x18, 0x80, 0x20, 
    0x60, 0x30, 0x61, 0x40, 0x63, 0x50, 0x63, 0x50, 0x64, 0x50, 0x43, 0x50, 
    0x43, 0x50, 0x23, 0x48, 0x23, 0x48, 0x23, 0x48, 0x02, 0x48, 0x03, 0x48, 
    0x02, 0x48, 0x02, 0x48, 0x02, 0x40, 0x02, 0x40, 0x02, 0x48, 0x02, 0x40, 
    0x02, 0x40, 0x02, 0x40, 0x02, 0x40, 0x02, 0x40, 0x02, 0x40, 0x02, 0x40, 
    0x02, 0x40, 0x03, 0x40, 0x02, 0x40, 0x02, 0x40, 0x02, 0x40, 0x02, 0x40, 
    0x02, 0x40, 0x02, 0x40, 0x02, 0x40, 0x02, 0x40, 0x02, 0x40, 0x02, 0x40, 
    0x03, 0x48, 0x23, 0x48, 0x02, 0x48, 0x23, 0x48, 0x02, 0x48, 0x22, 0x48, 
    0x22, 0x48, 0x02, 0x40, 0x02, 0x48, 0x02, 0x40, 0x23, 0x40, 0x02, 0x40, 
    0x02, 0x40, 0x02, 0x40, 0x02, 0x40, 0x02, 0x40, 0x02, 0x40, 0x02, 0x40, 
    0x02, 0x40, 0x02, 0x40, 0x02, 0x40, 0x02, 0x40, 0x02, 0x40, 0x02, 0x40, 
    0x02, 0x40, 0x02, 0x40, 0x02, 0x40, 0x02, 0x40, 0x02, 0x40, 0x02, 0x40, 
    0x02, 0x40, 0x02, 0x40, 0x02, 0x40, 0x02, 0x40, 0x02, 0x40, 0x02, 0x40, 
    0x02, 0x40, 0x02, 0x40, 0x02, 0x40, 0x02, 0x40, 0x22, 0x40, 0x42, 0x40, 
    0x61, 0x38, 0xa1, 0x30, 0xc1, 0x28, 0xe0, 0x20, 0x00, 0x21, 0x00, 0x19, 
    0x00, 0x19, 0xe0, 0x10, 0xe0, 0x08, 0xe0, 0x08, 0xe0, 0x08, 0xe0, 0x08, 
    0xe0, 0x08, 0xe0, 0x08, 0xe0, 0x08, 0xe0, 0x08, 0xe0, 0x08, 0xc0, 0x08, 
    0xc0, 0x08, 0xc0, 0x00, 0xc0, 0x00, 0xc0, 0x00, 0xc0, 0x00, 0xc0, 0x00, 
    0xc0, 0x00, 0xc0, 0x00, 0xc0, 0x00, 0xc0, 0x08, 0xa0, 0x10, 0xa0, 0x10, 
    0xa0, 0x18, 0x80, 0x20, 0x80, 0x20, 0x80, 0x28, 0x60, 0x30, 0x41, 0x38, 
    0x21, 0x40, 0x22, 0x40, 0x22, 0x40, 0x22, 0x48, 0x22, 0x48, 0x22, 0x48, 
    0x21, 0x40, 0x41, 0x40, 0x60, 0x30, 0x80, 0x30, 0xc0, 0x38, 0x00, 0x31, 
    0x00, 0x29, 0x20, 0x29, 0x40, 0x21, 0x40, 0x21, 0x40, 0x19, 0x40, 0x19, 
    0x40, 0x19, 0x40, 0x11, 0x20, 0x09, 0x20, 0x09, 0x00, 0x09, 0x00, 0x09, 
    0x00, 0x09, 0x00, 0x09, 0x00, 0x09, 0xe0, 0x08, 0xe0, 0x08, 0xe0, 0x08, 
    0xe0, 0x08, 0xe0, 0x08, 0xe0, 0x08, 0xe0, 0x08, 0xe0, 0x08, 0xe0, 0x08, 
    0xe0, 0x08, 0xe0, 0x08, 0xe0, 0x08, 0x00, 0x09, 0x60, 0x11, 0xa0, 0x19, 
    0xe0, 0x21, 0x00, 0x2a, 0x41, 0x32, 0x62, 0x3a, 0x63, 0x42, 0x64, 0x42, 
    0x24, 0x42, 0xe4, 0x41, 0xa4, 0x39, 0x64, 0x31, 0x24, 0x31, 0x03, 0x29, 
    0x03, 0x29, 0xe2, 0x28, 0xe2, 0x28, 0xc2, 0x28, 0xc2, 0x28, 0xc2, 0x28, 
    0xe2, 0x28, 0xc3, 0x28, 0xe3, 0x28, 0xe3, 0x30, 0x03, 0x31, 0x24, 0x31, 
    0x24, 0x39, 0x65, 0x41, 0xc7, 0x49, 0x08, 0x4a, 0x49, 0x52, 0xaa, 0x5a, 
    0xeb, 0x5a, 0x0c, 0x63, 0x0c, 0x63, 0xeb, 0x5a, 0x48, 0x42, 0x06, 0x3a, 
    0xe4, 0x39, 0xc3, 0x31, 0xc1, 0x29, 0xc0, 0x29, 0xc0, 0x21, 0xc0, 0x19, 
    0xa0, 0x11, 0x80, 0x09, 0x40, 0x09, 0x40, 0x01, 0x40, 0x01, 0x40, 0x09, 
    0x20, 0x09, 0x20, 0x01, 0x20, 0x01, 0x20, 0x01, 0x20, 0x01, 0x00, 0x09, 
    0x00, 0x01, 0x00, 0x01, 0x00, 0x01, 0x00, 0x01, 0x00, 0x01, 0x00, 0x09, 
    0xe0, 0x08, 0xe0, 0x08, 0xe0, 0x08, 0xe0, 0x08, 0xe0, 0x08, 0xe0, 0x10, 
    0xe0, 0x10, 0xe0, 0x08, 0xe0, 0x08, 0xe0, 0x08, 0xe0, 0x08, 0xe0, 0x08, 
    0xe0, 0x08, 0xe0, 0x08, 0xe0, 0x08, 0xe0, 0x08, 0xe0, 0x00, 0xe0, 0x00, 
    0xe0, 0x00, 0xe0, 0x00, 0xc0, 0x08, 0xc0, 0x08, 0xa0, 0x10, 0xa0, 0x20, 
    0x80, 0x30, 0x81, 0x40, 0x62, 0x48, 0x64, 0x50, 0x64, 0x58, 0x64, 0x50, 
    0x44, 0x50, 0x43, 0x50, 0x43, 0x48, 0x23, 0x48, 0x23, 0x48, 0x02, 0x48, 
    0x02, 0x48, 0x02, 0x48, 0x02, 0x48, 0x02, 0x40, 0x02, 0x40, 0x02, 0x40, 
    0x02, 0x40, 0x02, 0x40, 0x02, 0x40, 0x02, 0x48, 0x02, 0x40, 0x02, 0x40, 
    0x02, 0x40, 0x02, 0x40, 0x02, 0x40, 0x02, 0x40, 0x02, 0x40, 0x02, 0x40, 
    0x02, 0x40, 0x02, 0x40, 0x02, 0x40, 0x02, 0x40, 0x02, 0x40, 0x02, 0x40, 
    0x22, 0x48, 0x22, 0x48, 0x22, 0x48, 0x03, 0x48, 0x23, 0x48, 0x03, 0x48, 
    0x23, 0x48, 0x02, 0x48, 0x02, 0x48, 0x02, 0x40, 0x02, 0x40, 0x02, 0x40, 
    0x02, 0x40, 0x02, 0x40, 0x02, 0x40, 0x02, 0x40, 0x02, 0x40, 0x02, 0x40, 
    0x02, 0x40, 0x02, 0x40, 0x02, 0x40, 0x02, 0x40, 0x02, 0x40, 0x02, 0x40, 
    0x02, 0x40, 0x02, 0x40, 0x02, 0x40, 0x02, 0x40, 0x02, 0x40, 0x02, 0x40, 
    0x02, 0x40, 0x02, 0x40, 0x02, 0x40, 0x02, 0x40, 0x02, 0x40, 0x02, 0x40, 
    0x02, 0x40, 0x02, 0x40, 0x02, 0x40, 0x02, 0x40, 0x22, 0x40, 0x22, 0x40, 
    0x81, 0x38, 0xa1, 0x30, 0xc0, 0x28, 0xe0, 0x20, 0x00, 0x19, 0x00, 0x19, 
    0x00, 0x11, 0xe0, 0x10, 0xe0, 0x08, 0xe0, 0x08, 0xe0, 0x08, 0xe0, 0x08, 
    0xe0, 0x08, 0xe0, 0x08, 0xe0, 0x08, 0xc0, 0x08, 0xc0, 0x08, 0xc0, 0x00, 
    0xc0, 0x00, 0xc0, 0x00, 0xc0, 0x00, 0xa0, 0x00, 0xc0, 0x00, 0xc0, 0x00, 
    0xc0, 0x00, 0xc0, 0x08, 0xc0, 0x08, 0xc0, 0x10, 0xa0, 0x18, 0xa0, 0x20, 
    0xa0, 0x28, 0x80, 0x28, 0x81, 0x30, 0x61, 0x38, 0x61, 0x40, 0x42, 0x48, 
    0x42, 0x48, 0x43, 0x48, 0x23, 0x48, 0x23, 0x48, 0x22, 0x48, 0x22, 0x48, 
    0x21, 0x40, 0x41, 0x38, 0x80, 0x30, 0xa0, 0x30, 0xe0, 0x38, 0x00, 0x31, 
    0x00, 0x29, 0x00, 0x29, 0x20, 0x21, 0x20, 0x21, 0x20, 0x19, 0x40, 0x19, 
    0x40, 0x11, 0x40, 0x11, 0x40, 0x09, 0x00, 0x09, 0x00, 0x09, 0x00, 0x09, 
    0x00, 0x09, 0x00, 0x09, 0x00, 0x09, 0xe0, 0x08, 0xe0, 0x08, 0xe0, 0x08, 
    0xe0, 0x08, 0xe0, 0x00, 0xe0, 0x00, 0xe0, 0x08, 0xe0, 0x08, 0xe0, 0x08, 
    0xe0, 0x08, 0xe0, 0x08, 0xe0, 0x08, 0xe0, 0x08, 0x00, 0x09, 0x40, 0x11, 
    0x80, 0x19, 0xc0, 0x21, 0x00, 0x32, 0x41, 0x3a, 0x62, 0x42, 0x63, 0x42, 
    0x43, 0x42, 0x03, 0x42, 0xc3, 0x39, 0x83, 0x31, 0x24, 0x31, 0x03, 0x29, 
    0x03, 0x29, 0x03, 0x29, 0xe3, 0x28, 0xe3, 0x28, 0xe3, 0x28, 0xe3, 0x28, 
    0xe3, 0x28, 0xe3, 0x30, 0xe3, 0x28, 0x03, 0x39, 0x24, 0x39, 0x24, 0x39, 
    0x45, 0x39, 0x45, 0x39, 0x86, 0x41, 0xc7, 0x41, 0x07, 0x4a, 0x49, 0x4a, 
    0x69, 0x52, 0x69, 0x4a, 0x28, 0x42, 0xe7, 0x41, 0xe6, 0x39, 0xe5, 0x39, 
    0xc4, 0x31, 0xc2, 0x29, 0xe0, 0x21, 0xc0, 0x21, 0xc0, 0x21, 0xc0, 0x19, 
    0x80, 0x11, 0x60, 0x09, 0x60, 0x09, 0x60, 0x09, 0x40, 0x09, 0x40, 0x09, 
    0x20, 0x09, 0x20, 0x01, 0x20, 0x01, 0x20, 0x01, 0x00, 0x01, 0x00, 0x09, 
    0x20, 0x09, 0x00, 0x01, 0x00, 0x09, 0x00, 0x09, 0x00, 0x09, 0x00, 0x09, 
    0xe0, 0x08, 0xe0, 0x08, 0xe0, 0x08, 0xe0, 0x10, 0xe0, 0x08, 0xe0, 0x10, 
    0xe0, 0x08, 0xe0, 0x08, 0xe0, 0x08, 0xe0, 0x08, 0xe0, 0x08, 0xe0, 0x08, 
    0xe0, 0x08, 0xe0, 0x08, 0xe0, 0x08, 0xe0, 0x00, 0xe0, 0x00, 0xe0, 0x00, 
    0xe0, 0x00, 0xe0, 0x00, 0xe0, 0x08, 0xc0, 0x08, 0xc0, 0x10, 0xc0, 0x20, 
    0x80, 0x30, 0xa1, 0x38, 0x82, 0x48, 0x63, 0x50, 0x85, 0x58, 0x64, 0x58, 
    0x64, 0x58, 0x64, 0x50, 0x44, 0x50, 0x23, 0x48, 0x23, 0x48, 0x02, 0x48, 
    0x03, 0x48, 0x02, 0x48, 0x02, 0x48, 0x02, 0x48, 0x02, 0x48, 0x02, 0x40, 
    0x02, 0x40, 0x02, 0x40, 0x02, 0x48, 0x02, 0x48, 0x02, 0x48, 0x02, 0x40, 
    0x02, 0x40, 0x02, 0x40, 0x02, 0x40, 0x02, 0x40, 0x02, 0x48, 0x02, 0x40, 
    0x02, 0x40, 0x02, 0x40, 0x02, 0x40, 0x02, 0x40, 0x02, 0x40, 0x02, 0x40, 
    0x22, 0x48, 0x03, 0x48, 0x23, 0x48, 0x02, 0x48, 0x03, 0x48, 0x02, 0x48, 
    0x02, 0x48, 0x02, 0x48, 0x02, 0x40, 0x02, 0x48, 0x02, 0x40, 0x02, 0x40, 
    0x02, 0x40, 0x02, 0x40, 0x02, 0x40, 0x02, 0x40, 0x02, 0x40, 0x02, 0x40, 
    0x02, 0x40, 0x02, 0x40, 0x02, 0x40, 0x02, 0x40, 0x02, 0x40, 0x02, 0x40, 
    0x02, 0x40, 0x02, 0x40, 0x02, 0x40, 0x02, 0x40, 0x02, 0x40, 0x02, 0x40, 
    0x02, 0x40, 0x02, 0x40, 0x02, 0x40, 0x02, 0x40, 0x02, 0x40, 0x02, 0x40, 
    0x02, 0x40, 0x02, 0x40, 0x02, 0x40, 0x02, 0x40, 0x22, 0x40, 0x42, 0x40, 
    0x81, 0x38, 0xa1, 0x30, 0xe0, 0x28, 0xe0, 0x20, 0xe0, 0x18, 0x20, 0x19, 
    0xe0, 0x10, 0xe0, 0x10, 0xe0, 0x08, 0xe0, 0x08, 0xe0, 0x08, 0xe0, 0x08, 
    0xe0, 0x08, 0xc0, 0x08, 0xc0, 0x08, 0xc0, 0x08, 0xc0, 0x08, 0xc0, 0x00, 
    0xc0, 0x00, 0xc0, 0x00, 0xc0, 0x00, 0xa0, 0x00, 0xa0, 0x00, 0xc0, 0x00, 
    0xc0, 0x08, 0xc0, 0x10, 0xc0, 0x18, 0xc0, 0x20, 0xa0, 0x20, 0xa1, 0x28, 
    0xa1, 0x30, 0x82, 0x38, 0x62, 0x40, 0x62, 0x40, 0x42, 0x48, 0x63, 0x50, 
    0x44, 0x50, 0x43, 0x48, 0x23, 0x48, 0x23, 0x48, 0x22, 0x48, 0x21, 0x48, 
    0x41, 0x40, 0x81, 0x30, 0xa0, 0x30, 0xc0, 0x38, 0xe0, 0x38, 0xe0, 0x30, 
    0xe0, 0x28, 0xe0, 0x28, 0xe0, 0x28, 0x00, 0x21, 0x20, 0x21, 0x20, 0x19, 
    0x40, 0x11, 0x40, 0x11, 0x40, 0x11, 0x20, 0x11, 0x00, 0x11, 0x00, 0x09, 
    0x20, 0x09, 0x00, 0x09, 0x00, 0x09, 0x00, 0x09, 0x00, 0x09, 0x00, 0x09, 
    0xe0, 0x08, 0xe0, 0x08, 0xe0, 0x08, 0xe0, 0x08, 0xe0, 0x08, 0xc0, 0x08, 
    0xe0, 0x08, 0xe0, 0x08, 0xe0, 0x08, 0xe0, 0x08, 0xe0, 0x08, 0x00, 0x09, 
    0x20, 0x11, 0x80, 0x19, 0xc0, 0x21, 0x00, 0x32, 0x41, 0x3a, 0x82, 0x42, 
    0x63, 0x42, 0x43, 0x42, 0xe3, 0x39, 0x83, 0x31, 0x43, 0x31, 0x03, 0x29, 
    0xe3, 0x28, 0xe3, 0x28, 0xe3, 0x28, 0xe3, 0x28, 0xe3, 0x28, 0xe3, 0x28, 
    0xe3, 0x30, 0xe3, 0x30, 0x04, 0x31, 0x04, 0x31, 0x04, 0x31, 0x04, 0x39, 
    0x45, 0x39, 0x65, 0x39, 0x65, 0x39, 0x85, 0x39, 0xa6, 0x39, 0xa6, 0x39, 
    0xc7, 0x39, 0xe6, 0x39, 0xc6, 0x39, 0xc6, 0x39, 0xc5, 0x31, 0xc5, 0x39, 
    0xc3, 0x31, 0xe2, 0x29, 0xe1, 0x21, 0xe0, 0x21, 0xc0, 0x19, 0xa0, 0x11, 
    0x80, 0x11, 0x60, 0x09, 0x60, 0x09, 0x60, 0x09, 0x40, 0x01, 0x40, 0x01, 
    0x20, 0x01, 0x20, 0x09, 0x20, 0x01, 0x20, 0x09, 0x20, 0x09, 0x00, 0x09, 
    0x00, 0x09, 0x00, 0x09, 0x00, 0x09, 0x20, 0x09, 0x00, 0x09, 0x00, 0x09, 
    0x00, 0x09, 0x00, 0x09, 0x00, 0x09, 0x00, 0x09, 0xe0, 0x08, 0x00, 0x09, 
    0xe0, 0x08, 0xe0, 0x10, 0xe0, 0x08, 0xe0, 0x08, 0xe0, 0x08, 0xe0, 0x08, 
    0xe0, 0x08, 0xe0, 0x08, 0xe0, 0x00, 0xe0, 0x00, 0xe0, 0x00, 0xe0, 0x00, 
    0xe0, 0x00, 0xe0, 0x08, 0xe0, 0x08, 0xc0, 0x10, 0xc0, 0x10, 0xc0, 0x20, 
    0xa0, 0x28, 0xa1, 0x38, 0x82, 0x48, 0x63, 0x50, 0xa5, 0x58, 0xa5, 0x58, 
    0x84, 0x58, 0x64, 0x50, 0x64, 0x50, 0x43, 0x50, 0x23, 0x48, 0x23, 0x48, 
    0x02, 0x40, 0x02, 0x48, 0x02, 0x40, 0x02, 0x40, 0x02, 0x48, 0x02, 0x40, 
    0x02, 0x40, 0x02, 0x48, 0x02, 0x48, 0x02, 0x48, 0x02, 0x48, 0x02, 0x40, 
    0x02, 0x40, 0x02, 0x40, 0x02, 0x48, 0x02, 0x40, 0x02, 0x40, 0x02, 0x40, 
    0x02, 0x40, 0x02, 0x40, 0x02, 0x40, 0x02, 0x40, 0x02, 0x40, 0x02, 0x40, 
    0x22, 0x48, 0x02, 0x48, 0x02, 0x48, 0x02, 0x48, 0x02, 0x48, 0x02, 0x48, 
    0x02, 0x48, 0x02, 0x48, 0x02, 0x40, 0x02, 0x40, 0x02, 0x40, 0x02, 0x40, 
    0x02, 0x40, 0x02, 0x40, 0x02, 0x40, 0x02, 0x40, 0x02, 0x40, 0x02, 0x40, 
    0x02, 0x40, 0x02, 0x40, 0x02, 0x40, 0x02, 0x40, 0x02, 0x40, 0x02, 0x40, 
    0x02, 0x40, 0x02, 0x40, 0x02, 0x40, 0x02, 0x40, 0x02, 0x40, 0x02, 0x40, 
    0x02, 0x40, 0x02, 0x40, 0x02, 0x40, 0x02, 0x40, 0x02, 0x40, 0x02, 0x40, 
    0x02, 0x40, 0x02, 0x40, 0x02, 0x40, 0x02, 0x40, 0x22, 0x40, 0x21, 0x38, 
    0x81, 0x38, 0xa1, 0x30, 0xc0, 0x28, 0xe0, 0x20, 0xe0, 0x18, 0x00, 0x19, 
    0xe0, 0x10, 0xe0, 0x10, 0xe0, 0x08, 0xe0, 0x08, 0xe0, 0x08, 0xc0, 0x08, 
    0xe0, 0x08, 0xc0, 0x08, 0xc0, 0x08, 0xc0, 0x08, 0xc0, 0x00, 0xc0, 0x00, 
    0xc0, 0x00, 0xa0, 0x00, 0xa0, 0x00, 0xc0, 0x00, 0xc0, 0x08, 0xa0, 0x10, 
    0xc0, 0x18, 0xc0, 0x20, 0xc0, 0x20, 0xc1, 0x28, 0xc1, 0x30, 0xa2, 0x38, 
    0xa2, 0x40, 0x82, 0x48, 0x83, 0x50, 0x83, 0x50, 0x64, 0x50, 0x64, 0x50, 
    0x64, 0x50, 0x44, 0x50, 0x43, 0x50, 0x43, 0x48, 0x42, 0x48, 0x41, 0x40, 
    0x81, 0x38, 0xa1, 0x38, 0xc1, 0x38, 0xe0, 0x38, 0xe0, 0x38, 0xe0, 0x30, 
    0xc0, 0x30, 0xc0, 0x28, 0xe0, 0x28, 0xe0, 0x20, 0x20, 0x19, 0x20, 0x11, 
    0x40, 0x11, 0x40, 0x09, 0x40, 0x09, 0x20, 0x09, 0x20, 0x09, 0x20, 0x09, 
    0x20, 0x09, 0x00, 0x09, 0x00, 0x09, 0x00, 0x09, 0x00, 0x09, 0x00, 0x09, 
    0xe0, 0x08, 0xe0, 0x08, 0xe0, 0x08, 0xe0, 0x08, 0xe0, 0x08, 0xe0, 0x08, 
    0xc0, 0x08, 0xe0, 0x08, 0xc0, 0x08, 0xc0, 0x08, 0xc0, 0x08, 0xc0, 0x08, 
    0xe0, 0x08, 0x00, 0x09, 0x60, 0x19, 0xc0, 0x21, 0x20, 0x32, 0x61, 0x3a, 
    0x62, 0x42, 0x43, 0x42, 0x03, 0x3a, 0xa2, 0x39, 0x62, 0x31, 0x03, 0x29, 
    0xe3, 0x28, 0xe3, 0x20, 0xe2, 0x20, 0xe2, 0x28, 0xe3, 0x28, 0xe3, 0x28, 
    0xe3, 0x28, 0xe3, 0x28, 0x03, 0x29, 0x04, 0x29, 0x03, 0x29, 0x24, 0x31, 
    0x44, 0x31, 0x65, 0x31, 0x65, 0x31, 0x85, 0x31, 0x85, 0x31, 0xa6, 0x31, 
    0xa6, 0x31, 0xa6, 0x39, 0xa6, 0x31, 0xc6, 0x31, 0xe5, 0x39, 0xe5, 0x31, 
    0xe3, 0x29, 0xe2, 0x29, 0xe0, 0x29, 0xe0, 0x21, 0xc0, 0x19, 0xa0, 0x11, 
    0x80, 0x11, 0x60, 0x09, 0x60, 0x09, 0x40, 0x09, 0x40, 0x09, 0x40, 0x09, 
    0x40, 0x01, 0x20, 0x09, 0x20, 0x09, 0x20, 0x09, 0x20, 0x09, 0x20, 0x09, 
    0x20, 0x09, 0x20, 0x09, 0x20, 0x09, 0x20, 0x09, 0x20, 0x09, 0x00, 0x09, 
    0x00, 0x09, 0x00, 0x09, 0x00, 0x09, 0x00, 0x09, 0xe0, 0x08, 0x00, 0x09, 
    0x00, 0x09, 0xe0, 0x08, 0x00, 0x09, 0x00, 0x09, 0x00, 0x09, 0xe0, 0x08, 
    0x00, 0x01, 0xe0, 0x00, 0xe0, 0x00, 0xe0, 0x00, 0xe0, 0x00, 0xe0, 0x00, 
    0xe0, 0x00, 0xe0, 0x00, 0xe0, 0x08, 0xe0, 0x08, 0xe0, 0x10, 0xe0, 0x20, 
    0xc0, 0x30, 0xc1, 0x38, 0xa2, 0x48, 0xa3, 0x50, 0xc5, 0x58, 0xc5, 0x60, 
    0xa5, 0x58, 0x85, 0x58, 0x64, 0x58, 0x64, 0x50, 0x43, 0x50, 0x23, 0x48, 
    0x02, 0x48, 0x02, 0x48, 0x02, 0x48, 0x02, 0x48, 0x02, 0x48, 0x02, 0x48, 
    0x02, 0x40, 0x02, 0x48, 0x02, 0x48, 0x02, 0x40, 0x02, 0x48, 0x02, 0x40, 
    0x02, 0x48, 0x02, 0x48, 0x02, 0x48, 0x02, 0x40, 0x02, 0x40, 0x02, 0x40, 
    0x02, 0x40, 0x02, 0x40, 0x02, 0x40, 0x02, 0x40, 0x02, 0x40, 0x02, 0x40, 
    0x22, 0x48, 0x02, 0x48, 0x22, 0x48, 0x02, 0x48, 0x22, 0x48, 0x02, 0x40, 
    0x02, 0x40, 0x02, 0x48, 0x02, 0x40, 0x02, 0x40, 0x02, 0x40, 0x02, 0x40, 
    0x02, 0x40, 0x02, 0x40, 0x02, 0x40, 0x02, 0x40, 0x02, 0x40, 0x02, 0x40, 
    0x02, 0x40, 0x02, 0x38, 0x02, 0x38, 0x02, 0x40, 0x02, 0x40, 0x02, 0x38, 
    0x02, 0x40, 0x02, 0x40, 0x02, 0x40, 0x02, 0x40, 0x02, 0x40, 0x02, 0x40, 
    0x02, 0x40, 0x02, 0x40, 0x02, 0x40, 0x02, 0x40, 0x02, 0x40, 0x02, 0x40, 
    0x02, 0x40, 0x02, 0x40, 0x02, 0x40, 0x22, 0x40, 0x22, 0x40, 0x21, 0x40, 
    0x61, 0x38, 0xa1, 0x30, 0xc1, 0x28, 0xe0, 0x20, 0x00, 0x19, 0x00, 0x19, 
    0xe0, 0x18, 0xe0, 0x10, 0xe0, 0x10, 0xe0, 0x08, 0xe0, 0x08, 0xe0, 0x08, 
    0xe0, 0x08, 0xc0, 0x08, 0xc0, 0x08, 0xc0, 0x08, 0xc0, 0x08, 0xc0, 0x00, 
    0xc0, 0x00, 0xa0, 0x00, 0xa0, 0x00, 0xa0, 0x08, 0xc0, 0x10, 0xc0, 0x18, 
    0xc0, 0x20, 0xc1, 0x28, 0xc1, 0x30, 0xc2, 0x38, 0xa2, 0x40, 0xa3, 0x48, 
    0xa3, 0x50, 0x84, 0x50, 0xa4, 0x58, 0x84, 0x58, 0x84, 0x58, 0x84, 0x58, 
    0x64, 0x50, 0x84, 0x50, 0x64, 0x50, 0x63, 0x50, 0x62, 0x48, 0x81, 0x40, 
    0xa1, 0x38, 0xc1, 0x38, 0xc0, 0x38, 0xe0, 0x38, 0xe0, 0x30, 0xc0, 0x30, 
    0xa0, 0x28, 0xc0, 0x28, 0xc0, 0x20, 0xe0, 0x18, 0x00, 0x11, 0x40, 0x09, 
    0x40, 0x11, 0x40, 0x09, 0x40, 0x09, 0x40, 0x09, 0x40, 0x09, 0x20, 0x09, 
    0x20, 0x11, 0x20, 0x11, 0x20, 0x09, 0x00, 0x09, 0x00, 0x09, 0x00, 0x09, 
    0xe0, 0x08, 0xe0, 0x08, 0xe0, 0x08, 0xe0, 0x08, 0xe0, 0x08, 0xe0, 0x08, 
    0xe0, 0x08, 0xc0, 0x08, 0xc0, 0x08, 0xc0, 0x08, 0xc0, 0x08, 0xc0, 0x08, 
    0xc0, 0x08, 0xe0, 0x08, 0x00, 0x11, 0x60, 0x19, 0xc0, 0x21, 0x00, 0x2a, 
    0x41, 0x3a, 0x42, 0x42, 0x23, 0x3a, 0xe2, 0x39, 0x82, 0x31, 0x43, 0x29, 
    0x03, 0x21, 0xe3, 0x20, 0xe2, 0x20, 0xe2, 0x20, 0xe2, 0x20, 0xe3, 0x20, 
    0xe3, 0x20, 0xe3, 0x20, 0xe3, 0x20, 0x03, 0x21, 0x03, 0x29, 0x24, 0x29, 
    0x44, 0x29, 0x44, 0x29, 0x64, 0x29, 0x85, 0x29, 0x85, 0x31, 0xa5, 0x31, 
    0xa6, 0x31, 0xa6, 0x31, 0xa6, 0x31, 0xc5, 0x31, 0xc5, 0x31, 0xc4, 0x31, 
    0xe3, 0x29, 0xc1, 0x21, 0xc0, 0x21, 0xc0, 0x21, 0xc0, 0x19, 0x80, 0x11, 
    0x80, 0x09, 0x60, 0x09, 0x60, 0x09, 0x60, 0x09, 0x40, 0x09, 0x40, 0x09, 
    0x40, 0x09, 0x20, 0x09, 0x20, 0x09, 0x20, 0x09, 0x20, 0x09, 0x20, 0x09, 
    0x20, 0x09, 0x20, 0x09, 0x20, 0x09, 0x20, 0x09, 0x20, 0x09, 0x20, 0x09, 
    0x20, 0x09, 0x20, 0x09, 0x00, 0x09, 0x00, 0x09, 0x00, 0x11, 0x00, 0x09, 
    0x00, 0x09, 0x00, 0x09, 0x00, 0x01, 0x00, 0x09, 0xe0, 0x08, 0x00, 0x09, 
    0x00, 0x09, 0x00, 0x09, 0xe0, 0x00, 0xe0, 0x00, 0xe0, 0x00, 0xe0, 0x00, 
    0xe0, 0x08, 0xe0, 0x00, 0xe0, 0x08, 0xe0, 0x10, 0xe0, 0x18, 0xe0, 0x28, 
    0xe0, 0x38, 0xe2, 0x40, 0xc3, 0x50, 0xc4, 0x58, 0xc5, 0x60, 0xc6, 0x60, 
    0xa6, 0x58, 0xa5, 0x58, 0x84, 0x58, 0x64, 0x50, 0x43, 0x50, 0x23, 0x48, 
    0x02, 0x48, 0x03, 0x48, 0x02, 0x48, 0x02, 0x48, 0x02, 0x40, 0x02, 0x48, 
    0x02, 0x48, 0x02, 0x40, 0x02, 0x40, 0x02, 0x40, 0x02, 0x40, 0x02, 0x48, 
    0x02, 0x48, 0x02, 0x48, 0x02, 0x40, 0x02, 0x40, 0x02, 0x48, 0x02, 0x40, 
    0x02, 0x40, 0x02, 0x40, 0x02, 0x40, 0x02, 0x40, 0x02, 0x40, 0x02, 0x40, 
    0x22, 0x48, 0x22, 0x48, 0x02, 0x48, 0x02, 0x48, 0x02, 0x48, 0x02, 0x48, 
    0x22, 0x48, 0x22, 0x40, 0x02, 0x40, 0x02, 0x40, 0x02, 0x40, 0x02, 0x40, 
    0x02, 0x40, 0x02, 0x40, 0x02, 0x40, 0x02, 0x40, 0x02, 0x40, 0x02, 0x38, 
    0x02, 0x40, 0x02, 0x38, 0x02, 0x38, 0x02, 0x40, 0x02, 0x40, 0x02, 0x38, 
    0x02, 0x40, 0x02, 0x40, 0x02, 0x40, 0x02, 0x40, 0x02, 0x40, 0x02, 0x40, 
    0x02, 0x40, 0x02, 0x40, 0x02, 0x40, 0x02, 0x40, 0x02, 0x40, 0x02, 0x40, 
    0x02, 0x40, 0x02, 0x40, 0x02, 0x40, 0x02, 0x40, 0x02, 0x40, 0x22, 0x40, 
    0x61, 0x38, 0xa1, 0x30, 0xa1, 0x28, 0xe0, 0x20, 0xe0, 0x18, 0xe0, 0x18, 
    0xe0, 0x18, 0xe0, 0x10, 0xe0, 0x10, 0xe0, 0x08, 0xe0, 0x08, 0xe0, 0x08, 
    0xe0, 0x08, 0xc0, 0x08, 0xc0, 0x08, 0xc0, 0x08, 0xc0, 0x08, 0xa0, 0x08, 
    0xa0, 0x00, 0xa0, 0x08, 0xa0, 0x08, 0xc0, 0x10, 0xc0, 0x20, 0xc1, 0x28, 
    0xc1, 0x30, 0xc2, 0x30, 0xc2, 0x40, 0xc3, 0x48, 0xa3, 0x50, 0xc4, 0x58, 
    0xc5, 0x58, 0xc5, 0x60, 0xc5, 0x60, 0xc5, 0x60, 0xa5, 0x58, 0xa5, 0x58, 
    0x85, 0x50, 0x84, 0x58, 0x84, 0x50, 0x83, 0x50, 0x82, 0x40, 0xc1, 0x38, 
    0xc1, 0x38, 0xc0, 0x38, 0xe0, 0x38, 0xe0, 0x30, 0xc0, 0x30, 0xc0, 0x28, 
    0xa0, 0x28, 0xa0, 0x20, 0xc0, 0x18, 0xe0, 0x10, 0x00, 0x11, 0x20, 0x09, 
    0x20, 0x09, 0x40, 0x09, 0x40, 0x09, 0x20, 0x09, 0x20, 0x11, 0x20, 0x09, 
    0x20, 0x09, 0x20, 0x09, 0x00, 0x09, 0x00, 0x09, 0x00, 0x09, 0xe0, 0x08, 
    0xe0, 0x08, 0xe0, 0x08, 0xe0, 0x08, 0xe0, 0x08, 0xe0, 0x08, 0xe0, 0x08, 
    0xc0, 0x08, 0xc0, 0x08, 0xc0, 0x08, 0xc0, 0x08, 0xc0, 0x08, 0xc0, 0x08, 
    0xc0, 0x08, 0xc0, 0x08, 0xe0, 0x08, 0x00, 0x11, 0x60, 0x19, 0xc0, 0x21, 
    0x21, 0x32, 0x42, 0x3a, 0x43, 0x3a, 0x02, 0x32, 0xc3, 0x31, 0x62, 0x29, 
    0x22, 0x21, 0xe2, 0x18, 0xc2, 0x18, 0xc2, 0x18, 0xe2, 0x18, 0xe2, 0x18, 
    0xe2, 0x18, 0xe2, 0x18, 0xe3, 0x20, 0xe3, 0x20, 0xe3, 0x20, 0x03, 0x21, 
    0x24, 0x21, 0x44, 0x21, 0x44, 0x29, 0x64, 0x29, 0x85, 0x29, 0x85, 0x29, 
    0xa5, 0x29, 0xa5, 0x31, 0xa6, 0x31, 0xc5, 0x31, 0xa5, 0x31, 0xa4, 0x29, 
    0xa2, 0x29, 0xc1, 0x21, 0xc0, 0x21, 0xa0, 0x19, 0xa0, 0x11, 0x80, 0x11, 
    0x60, 0x11, 0x60, 0x09, 0x60, 0x09, 0x60, 0x09, 0x60, 0x09, 0x40, 0x09, 
    0x40, 0x09, 0x40, 0x01, 0x40, 0x09, 0x40, 0x01, 0x40, 0x09, 0x20, 0x09, 
    0x20, 0x09, 0x20, 0x09, 0x20, 0x09, 0x20, 0x09, 0x20, 0x09, 0x20, 0x09, 
    0x20, 0x09, 0x20, 0x09, 0x20, 0x09, 0x00, 0x09, 0x00, 0x09, 0x20, 0x09, 
    0x00, 0x09, 0x00, 0x09, 0x00, 0x09, 0x00, 0x09, 0x00, 0x09, 0x00, 0x01, 
    0x00, 0x01, 0x00, 0x01, 0x00, 0x01, 0xe0, 0x00, 0xe0, 0x08, 0x00, 0x09, 
    0xe0, 0x00, 0xe0, 0x08, 0xe0, 0x08, 0x00, 0x19, 0x00, 0x21, 0x20, 0x31, 
    0x01, 0x41, 0x23, 0x51, 0x04, 0x59, 0x05, 0x61, 0x06, 0x69, 0xe6, 0x60, 
    0xc6, 0x60, 0xa5, 0x58, 0x85, 0x58, 0x64, 0x58, 0x43, 0x50, 0x23, 0x48, 
    0x23, 0x48, 0x03, 0x48, 0x02, 0x48, 0x02, 0x48, 0x02, 0x48, 0x02, 0x40, 
    0x03, 0x48, 0x02, 0x48, 0x02, 0x48, 0x02, 0x40, 0x02, 0x40, 0x02, 0x40, 
    0x02, 0x40, 0x02, 0x40, 0x02, 0x40, 0x02, 0x40, 0x02, 0x40, 0x02, 0x40, 
    0x02, 0x40, 0x02, 0x40, 0x02, 0x40, 0x02, 0x40, 0x02, 0x40, 0x02, 0x40, 
    0x02, 0x48, 0x22, 0x48, 0x02, 0x48, 0x02, 0x48, 0x02, 0x48, 0x02, 0x48, 
    0x02, 0x40, 0x22, 0x40, 0x02, 0x40, 0x02, 0x40, 0x02, 0x40, 0x02, 0x40, 
    0x02, 0x40, 0x02, 0x40, 0x02, 0x40, 0x02, 0x40, 0x02, 0x40, 0x02, 0x38, 
    0x02, 0x38, 0x02, 0x38, 0x02, 0x38, 0x02, 0x40, 0x02, 0x40, 0x02, 0x38, 
    0x02, 0x40, 0x02, 0x40, 0x02, 0x40, 0x02, 0x40, 0x02, 0x40, 0x02, 0x40, 
    0x02, 0x40, 0x02, 0x40, 0x02, 0x40, 0x02, 0x40, 0x02, 0x40, 0x02, 0x40, 
    0x02, 0x40, 0x02, 0x40, 0x02, 0x40, 0x02, 0x40, 0x22, 0x40, 0x22, 0x40, 
    0x41, 0x38, 0x81, 0x30, 0xa1, 0x28, 0xe0, 0x20, 0xe0, 0x18, 0xe0, 0x18, 
    0xe0, 0x10, 0xe0, 0x10, 0xe0, 0x10, 0xe0, 0x08, 0xc0, 0x08, 0xc0, 0x08, 
    0xc0, 0x08, 0xc0, 0x08, 0xc0, 0x08, 0xc0, 0x00, 0xc0, 0x00, 0xc0, 0x00, 
    0xc0, 0x08, 0xc0, 0x10, 0xc0, 0x18, 0xc0, 0x20, 0xc1, 0x28, 0xc2, 0x30, 
    0xc2, 0x38, 0xc3, 0x40, 0xe3, 0x50, 0xe4, 0x58, 0xc5, 0x58, 0xe5, 0x60, 
    0xe6, 0x60, 0xe6, 0x60, 0xc6, 0x60, 0xc5, 0x60, 0xc5, 0x60, 0xc5, 0x60, 
    0xc5, 0x60, 0xa4, 0x58, 0xa4, 0x58, 0xa3, 0x50, 0xc2, 0x40, 0xc1, 0x38, 
    0xe0, 0x38, 0xe0, 0x38, 0xe0, 0x30, 0xe0, 0x30, 0xc0, 0x30, 0xa0, 0x28, 
    0xa0, 0x28, 0xa0, 0x20, 0xc0, 0x10, 0xe0, 0x10, 0x00, 0x09, 0x20, 0x09, 
    0x20, 0x09, 0x40, 0x09, 0x40, 0x09, 0x40, 0x11, 0x40, 0x09, 0x20, 0x09, 
    0x20, 0x09, 0x20, 0x09, 0x00, 0x09, 0x00, 0x09, 0x00, 0x09, 0xe0, 0x08, 
    0xe0, 0x08, 0xe0, 0x08, 0xe0, 0x08, 0xe0, 0x08, 0xe0, 0x08, 0xc0, 0x08, 
    0xc0, 0x08, 0xc0, 0x08, 0xc0, 0x08, 0xc0, 0x08, 0xc0, 0x08, 0xc0, 0x08, 
    0xc0, 0x08, 0xc0, 0x08, 0xc0, 0x08, 0xc0, 0x08, 0x20, 0x09, 0x60, 0x19, 
    0xc0, 0x29, 0x21, 0x32, 0x42, 0x3a, 0x22, 0x3a, 0xc2, 0x31, 0xa2, 0x29, 
    0x42, 0x21, 0xe2, 0x18, 0xc2, 0x18, 0xc2, 0x18, 0xc2, 0x18, 0xc2, 0x18, 
    0xc2, 0x18, 0xc2, 0x18, 0xe2, 0x18, 0xe2, 0x18, 0xe2, 0x18, 0xe3, 0x18, 
    0x23, 0x19, 0x23, 0x19, 0x43, 0x19, 0x44, 0x21, 0x64, 0x21, 0x85, 0x29, 
    0x85, 0x29, 0x85, 0x29, 0x85, 0x31, 0x85, 0x29, 0x84, 0x29, 0x83, 0x29, 
    0x81, 0x29, 0x80, 0x21, 0x80, 0x21, 0x80, 0x19, 0x80, 0x11, 0x80, 0x09, 
    0x80, 0x09, 0x60, 0x09, 0x60, 0x09, 0x60, 0x09, 0x40, 0x09, 0x40, 0x09, 
    0x40, 0x09, 0x40, 0x09, 0x40, 0x09, 0x20, 0x09, 0x40, 0x09, 0x20, 0x09, 
    0x20, 0x09, 0x20, 0x09, 0x20, 0x09, 0x20, 0x09, 0x20, 0x09, 0x20, 0x09, 
    0x20, 0x09, 0x20, 0x09, 0x20, 0x09, 0x20, 0x09, 0x00, 0x09, 0x20, 0x09, 
    0x00, 0x09, 0x00, 0x09, 0x00, 0x09, 0x00, 0x09, 0x00, 0x09, 0x00, 0x09, 
    0x00, 0x01, 0x00, 0x01, 0x00, 0x01, 0xe0, 0x00, 0xe0, 0x08, 0x00, 0x01, 
    0x00, 0x09, 0xe0, 0x08, 0xe0, 0x10, 0xe0, 0x18, 0x00, 0x31, 0x21, 0x41, 
    0x43, 0x51, 0x45, 0x61, 0x46, 0x69, 0x27, 0x69, 0x27, 0x69, 0x07, 0x69, 
    0xe6, 0x60, 0xc6, 0x60, 0xa5, 0x58, 0x64, 0x50, 0x43, 0x50, 0x23, 0x48, 
    0x23, 0x48, 0x02, 0x48, 0x02, 0x48, 0x02, 0x48, 0x02, 0x48, 0x02, 0x48, 
    0x02, 0x48, 0x02, 0x40, 0x02, 0x40, 0x02, 0x40, 0x02, 0x40, 0x02, 0x48, 
    0x02, 0x40, 0x02, 0x48, 0x03, 0x40, 0x02, 0x40, 0x02, 0x40, 0x02, 0x40, 
    0x02, 0x40, 0x02, 0x40, 0x02, 0x40, 0x02, 0x40, 0x02, 0x40, 0x02, 0x40, 
    0x02, 0x48, 0x22, 0x48, 0x22, 0x48, 0x02, 0x48, 0x23, 0x48, 0x02, 0x40, 
    0x02, 0x40, 0x02, 0x40, 0x02, 0x40, 0x02, 0x40, 0x02, 0x40, 0x02, 0x40, 
    0x02, 0x40, 0x02, 0x40, 0x02, 0x40, 0x02, 0x38, 0x02, 0x40, 0x02, 0x38, 
    0x02, 0x38, 0x02, 0x38, 0x02, 0x38, 0x02, 0x40, 0x02, 0x38, 0x02, 0x40, 
    0x02, 0x38, 0x02, 0x40, 0x02, 0x38, 0x02, 0x40, 0x02, 0x40, 0x02, 0x38, 
    0x02, 0x40, 0x02, 0x40, 0x02, 0x40, 0x02, 0x40, 0x02, 0x40, 0x02, 0x40, 
    0x02, 0x40, 0x02, 0x40, 0x02, 0x40, 0x02, 0x40, 0x02, 0x40, 0x22, 0x40, 
    0x41, 0x38, 0x81, 0x30, 0xa1, 0x28, 0xc0, 0x20, 0xe0, 0x18, 0xe0, 0x18, 
    0xe0, 0x10, 0xe0, 0x10, 0xc0, 0x10, 0xc0, 0x10, 0xc0, 0x08, 0xc0, 0x08, 
    0xe0, 0x08, 0xc0, 0x08, 0xc0, 0x08, 0xc0, 0x08, 0xc0, 0x08, 0xc0, 0x08, 
    0xa0, 0x10, 0xc0, 0x18, 0xa0, 0x20, 0xc2, 0x30, 0xe2, 0x38, 0xe3, 0x40, 
    0xe3, 0x48, 0xe4, 0x50, 0xe5, 0x58, 0xe5, 0x60, 0x06, 0x61, 0xe6, 0x60, 
    0x06, 0x61, 0x06, 0x69, 0x06, 0x69, 0x07, 0x69, 0xe6, 0x68, 0xc6, 0x60, 
    0xe6, 0x60, 0xe5, 0x60, 0xc4, 0x58, 0xe3, 0x50, 0xe2, 0x40, 0xe1, 0x38, 
    0xe0, 0x38, 0xe0, 0x30, 0xe0, 0x30, 0xc0, 0x28, 0xc0, 0x28, 0xa0, 0x28, 
    0xa0, 0x20, 0xc0, 0x18, 0xe0, 0x10, 0x00, 0x09, 0x20, 0x09, 0x20, 0x09, 
    0x20, 0x09, 0x40, 0x09, 0x40, 0x09, 0x40, 0x11, 0x40, 0x09, 0x20, 0x09, 
    0x20, 0x09, 0x20, 0x09, 0x20, 0x11, 0x00, 0x09, 0x00, 0x09, 0x00, 0x09, 
    0xe0, 0x08, 0xe0, 0x08, 0xe0, 0x08, 0xe0, 0x08, 0xe0, 0x08, 0xc0, 0x08, 
    0xc0, 0x08, 0xc0, 0x00, 0xc0, 0x00, 0xc0, 0x08, 0xc0, 0x08, 0xc0, 0x08, 
    0xc0, 0x00, 0xc0, 0x08, 0xa0, 0x08, 0xa0, 0x08, 0xc0, 0x08, 0x00, 0x09, 
    0x40, 0x11, 0xa0, 0x21, 0xe1, 0x29, 0x22, 0x32, 0xe1, 0x29, 0xa2, 0x29, 
    0x41, 0x21, 0x01, 0x11, 0xe1, 0x10, 0xc2, 0x10, 0xc1, 0x10, 0xc2, 0x10, 
    0xc1, 0x10, 0xc2, 0x10, 0xc2, 0x10, 0xe2, 0x10, 0xe2, 0x10, 0x02, 0x11, 
    0x02, 0x19, 0x23, 0x19, 0x23, 0x19, 0x44, 0x21, 0x44, 0x21, 0x65, 0x29, 
    0x65, 0x29, 0x64, 0x29, 0x64, 0x29, 0x64, 0x31, 0x63, 0x29, 0x62, 0x29, 
    0x81, 0x29, 0x60, 0x21, 0x60, 0x21, 0x60, 0x19, 0xa0, 0x19, 0x80, 0x11, 
    0x80, 0x09, 0x60, 0x09, 0x60, 0x09, 0x60, 0x09, 0x60, 0x09, 0x40, 0x09, 
    0x40, 0x09, 0x40, 0x09, 0x40, 0x09, 0x40, 0x09, 0x40, 0x09, 0x20, 0x09, 
    0x20, 0x09, 0x20, 0x09, 0x20, 0x09, 0x20, 0x09, 0x20, 0x09, 0x20, 0x09, 
    0x00, 0x09, 0x00, 0x09, 0x00, 0x09, 0x20, 0x09, 0x20, 0x09, 0x00, 0x09, 
    0x00, 0x01, 0x00, 0x01, 0x00, 0x01, 0x00, 0x01, 0x00, 0x09, 0x00, 0x09, 
    0x00, 0x01, 0x00, 0x01, 0x00, 0x09, 0x00, 0x09, 0xe0, 0x08, 0xe0, 0x08, 
    0x00, 0x09, 0xe0, 0x10, 0xe0, 0x18, 0x20, 0x29, 0x20, 0x39, 0x63, 0x51, 
    0x86, 0x69, 0x88, 0x71, 0x88, 0x79, 0x68, 0x71, 0x47, 0x71, 0x27, 0x69, 
    0x07, 0x61, 0xc6, 0x60, 0xa5, 0x58, 0x64, 0x50, 0x64, 0x50, 0x23, 0x48, 
    0x23, 0x48, 0x02, 0x48, 0x02, 0x48, 0x02, 0x48, 0x02, 0x48, 0x02, 0x48, 
    0x02, 0x48, 0x02, 0x40, 0x03, 0x40, 0x02, 0x40, 0x03, 0x40, 0x02, 0x48, 
    0x02, 0x48, 0x02, 0x48, 0x02, 0x48, 0x02, 0x40, 0x02, 0x40, 0x02, 0x40, 
    0x02, 0x40, 0x02, 0x40, 0x02, 0x40, 0x02, 0x40, 0x02, 0x40, 0x02, 0x40, 
    0x02, 0x48, 0x22, 0x48, 0x22, 0x48, 0x02, 0x48, 0x03, 0x48, 0x02, 0x40, 
    0x02, 0x40, 0x02, 0x40, 0x02, 0x40, 0x02, 0x40, 0x02, 0x40, 0x02, 0x40, 
    0x02, 0x40, 0x02, 0x40, 0x02, 0x40, 0x02, 0x40, 0x02, 0x40, 0x02, 0x40, 
    0x02, 0x38, 0x02, 0x38, 0x02, 0x38, 0x02, 0x38, 0x02, 0x38, 0x02, 0x38, 
    0x02, 0x40, 0x02, 0x40, 0x02, 0x38, 0x02, 0x38, 0x02, 0x40, 0x02, 0x40, 
    0x02, 0x40, 0x02, 0x40, 0x02, 0x40, 0x02, 0x40, 0x02, 0x40, 0x02, 0x40, 
    0x02, 0x40, 0x02, 0x40, 0x02, 0x40, 0x02, 0x40, 0x02, 0x40, 0x22, 0x40, 
    0x41, 0x38, 0x81, 0x30, 0xa1, 0x30, 0xc0, 0x28, 0xc0, 0x20, 0xe0, 0x18, 
    0xe0, 0x18, 0xe0, 0x10, 0xe0, 0x10, 0xc0, 0x10, 0xc0, 0x08, 0xc0, 0x08, 
    0xc0, 0x08, 0xc0, 0x08, 0xc0, 0x08, 0xc0, 0x08, 0xc0, 0x08, 0xc0, 0x10, 
    0xc0, 0x18, 0xa0, 0x20, 0xc1, 0x28, 0xc2, 0x38, 0xc3, 0x40, 0xc3, 0x50, 
    0xc4, 0x50, 0xe5, 0x58, 0xe6, 0x60, 0x07, 0x69, 0x06, 0x69, 0x27, 0x69, 
    0x07, 0x69, 0x27, 0x71, 0x27, 0x69, 0x27, 0x69, 0x27, 0x69, 0x07, 0x69, 
    0x06, 0x69, 0x05, 0x61, 0xe4, 0x58, 0x03, 0x49, 0x02, 0x41, 0x01, 0x41, 
    0x00, 0x39, 0x00, 0x31, 0xe0, 0x30, 0xc0, 0x28, 0xc0, 0x28, 0xa0, 0x20, 
    0xc0, 0x18, 0xe0, 0x10, 0x00, 0x09, 0x00, 0x09, 0x00, 0x01, 0x20, 0x09, 
    0x20, 0x09, 0x20, 0x09, 0x40, 0x09, 0x40, 0x09, 0x40, 0x09, 0x20, 0x11, 
    0x20, 0x09, 0x20, 0x09, 0x00, 0x09, 0x00, 0x09, 0x00, 0x09, 0xe0, 0x08, 
    0xe0, 0x08, 0xe0, 0x08, 0xe0, 0x08, 0xe0, 0x08, 0xe0, 0x08, 0xc0, 0x08, 
    0xc0, 0x00, 0xc0, 0x00, 0xc0, 0x00, 0xc0, 0x00, 0xc0, 0x00, 0xc0, 0x00, 
    0xc0, 0x00, 0xc0, 0x08, 0xc0, 0x08, 0xa0, 0x08, 0xc0, 0x08, 0xc0, 0x08, 
    0xe0, 0x08, 0x40, 0x11, 0xa0, 0x21, 0xe1, 0x29, 0xe1, 0x31, 0xc1, 0x29, 
    0x61, 0x21, 0x21, 0x19, 0xc1, 0x10, 0xa1, 0x10, 0xa1, 0x10, 0xa1, 0x10, 
    0xa1, 0x10, 0xa1, 0x08, 0xa1, 0x10, 0xc2, 0x10, 0xc1, 0x10, 0xc2, 0x10, 
    0xe2, 0x10, 0xe2, 0x18, 0x03, 0x19, 0x23, 0x21, 0x23, 0x21, 0x44, 0x29, 
    0x44, 0x29, 0x63, 0x29, 0x64, 0x31, 0x63, 0x31, 0x62, 0x29, 0x62, 0x29, 
    0x60, 0x21, 0x60, 0x21, 0x60, 0x21, 0x80, 0x19, 0x80, 0x11, 0x80, 0x11, 
    0x80, 0x09, 0x80, 0x09, 0x60, 0x09, 0x60, 0x09, 0x60, 0x09, 0x60, 0x09, 
    0x40, 0x09, 0x40, 0x09, 0x40, 0x09, 0x40, 0x09, 0x20, 0x09, 0x20, 0x09, 
    0x20, 0x09, 0x20, 0x09, 0x20, 0x09, 0x20, 0x09, 0x20, 0x09, 0x20, 0x09, 
    0x20, 0x09, 0x20, 0x09, 0x20, 0x09, 0x20, 0x09, 0x20, 0x01, 0x20, 0x01, 
    0x00, 0x01, 0x00, 0x01, 0x00, 0x09, 0x00, 0x01, 0x00, 0x01, 0x00, 0x09, 
    0x00, 0x01, 0x00, 0x01, 0x00, 0x01, 0xe0, 0x08, 0xe0, 0x08, 0xe0, 0x08, 
    0xe0, 0x08, 0x00, 0x11, 0x00, 0x21, 0x20, 0x31, 0x43, 0x49, 0x85, 0x69, 
    0xa8, 0x79, 0xc9, 0x79, 0xa9, 0x79, 0x68, 0x71, 0x48, 0x71, 0x27, 0x69, 
    0xe7, 0x60, 0xe6, 0x60, 0xa5, 0x58, 0x64, 0x50, 0x44, 0x50, 0x23, 0x50, 
    0x02, 0x48, 0x02, 0x48, 0x23, 0x48, 0x02, 0x48, 0x02, 0x48, 0x23, 0x48, 
    0x02, 0x48, 0x02, 0x48, 0x02, 0x48, 0x02, 0x48, 0x02, 0x48, 0x02, 0x40, 
    0x02, 0x40, 0x02, 0x48, 0x02, 0x48, 0x02, 0x40, 0x02, 0x40, 0x02, 0x40, 
    0x02, 0x40, 0x02, 0x40, 0x02, 0x40, 0x02, 0x40, 0x02, 0x40, 0x02, 0x40, 
    0x02, 0x48, 0x02, 0x48, 0x03, 0x48, 0x03, 0x48, 0x02, 0x40, 0x02, 0x48, 
    0x02, 0x40, 0x02, 0x40, 0x02, 0x40, 0x02, 0x40, 0x02, 0x40, 0x02, 0x40, 
    0x02, 0x40, 0x02, 0x40, 0x02, 0x40, 0x02, 0x40, 0x02, 0x38, 0x02, 0x38, 
    0x02, 0x38, 0x02, 0x38, 0x02, 0x38, 0x02, 0x40, 0x02, 0x38, 0x02, 0x38, 
    0x02, 0x40, 0x02, 0x40, 0x02, 0x40, 0x02, 0x40, 0x02, 0x40, 0x02, 0x40, 
    0x02, 0x40, 0x02, 0x40, 0x02, 0x40, 0x02, 0x40, 0x02, 0x40, 0x02, 0x40, 
    0x02, 0x40, 0x02, 0x40, 0x02, 0x40, 0x02, 0x40, 0x02, 0x40, 0x02, 0x40, 
    0x21, 0x40, 0x61, 0x38, 0xa1, 0x28, 0xa0, 0x28, 0xc0, 0x20, 0xe0, 0x18, 
    0xe0, 0x18, 0xc0, 0x10, 0xc0, 0x10, 0xc0, 0x08, 0xc0, 0x08, 0xc0, 0x08, 
    0xc0, 0x08, 0xc0, 0x08, 0xc0, 0x08, 0xc0, 0x08, 0xc0, 0x10, 0xc0, 0x20, 
    0xa0, 0x20, 0xa1, 0x30, 0xc2, 0x38, 0xc3, 0x48, 0xc4, 0x50, 0xe5, 0x58, 
    0xe5, 0x60, 0xe6, 0x60, 0x07, 0x69, 0x27, 0x69, 0x48, 0x71, 0x48, 0x71, 
    0x47, 0x71, 0x68, 0x79, 0x48, 0x71, 0x68, 0x71, 0x48, 0x71, 0x27, 0x69, 
    0x26, 0x69, 0x05, 0x61, 0x24, 0x51, 0x22, 0x49, 0x21, 0x41, 0x00, 0x39, 
    0x00, 0x39, 0x00, 0x31, 0xe0, 0x30, 0xc0, 0x30, 0xc0, 0x28, 0xc0, 0x20, 
    0xc0, 0x10, 0xe0, 0x08, 0x00, 0x09, 0x00, 0x09, 0x20, 0x01, 0x20, 0x09, 
    0x20, 0x09, 0x20, 0x09, 0x40, 0x09, 0x40, 0x09, 0x40, 0x09, 0x20, 0x09, 
    0x20, 0x09, 0x20, 0x09, 0x20, 0x09, 0x00, 0x09, 0x00, 0x09, 0xe0, 0x08, 
    0xe0, 0x08, 0xe0, 0x08, 0xe0, 0x08, 0xe0, 0x08, 0xe0, 0x08, 0xc0, 0x00, 
    0xc0, 0x00, 0xc0, 0x00, 0xc0, 0x00, 0xc0, 0x00, 0xc0, 0x00, 0xc0, 0x00, 
    0xc0, 0x00, 0xa0, 0x00, 0xc0, 0x08, 0xc0, 0x08, 0xc0, 0x08, 0xc0, 0x08, 
    0xc0, 0x08, 0xe0, 0x08, 0x40, 0x11, 0xa0, 0x19, 0xe0, 0x29, 0xc1, 0x29, 
    0x81, 0x21, 0x41, 0x21, 0xe1, 0x18, 0xa0, 0x10, 0xa1, 0x10, 0x81, 0x10, 
    0x81, 0x10, 0xa1, 0x10, 0xa1, 0x10, 0xa1, 0x10, 0xc1, 0x10, 0xc1, 0x10, 
    0xe2, 0x18, 0xe2, 0x18, 0xe2, 0x18, 0x02, 0x21, 0x22, 0x29, 0x43, 0x29, 
    0x43, 0x29, 0x43, 0x31, 0x43, 0x31, 0x42, 0x29, 0x62, 0x29, 0x61, 0x29, 
    0x60, 0x29, 0x60, 0x21, 0x60, 0x21, 0x80, 0x19, 0x80, 0x11, 0x80, 0x11, 
    0x80, 0x09, 0x80, 0x09, 0x60, 0x09, 0x60, 0x09, 0x60, 0x09, 0x60, 0x09, 
    0x40, 0x09, 0x40, 0x09, 0x40, 0x09, 0x20, 0x09, 0x20, 0x01, 0x20, 0x09, 
    0x20, 0x09, 0x00, 0x09, 0x20, 0x09, 0x20, 0x09, 0x20, 0x09, 0x00, 0x09, 
    0x20, 0x09, 0x20, 0x09, 0x20, 0x09, 0x20, 0x09, 0x20, 0x01, 0x20, 0x01, 
    0x00, 0x01, 0x00, 0x01, 0x00, 0x01, 0x00, 0x01, 0x00, 0x01, 0x00, 0x01, 
    0x00, 0x01, 0x00, 0x01, 0x00, 0x01, 0x00, 0x09, 0x00, 0x09, 0xe0, 0x08, 
    0x00, 0x11, 0x20, 0x19, 0x20, 0x29, 0x42, 0x41, 0x85, 0x59, 0xa8, 0x79, 
    0xea, 0x81, 0xca, 0x81, 0xaa, 0x79, 0x89, 0x79, 0x48, 0x71, 0x28, 0x69, 
    0x07, 0x61, 0xe6, 0x60, 0xa5, 0x58, 0x64, 0x58, 0x64, 0x50, 0x23, 0x50, 
    0x23, 0x48, 0x03, 0x48, 0x02, 0x48, 0x23, 0x48, 0x02, 0x48, 0x03, 0x48, 
    0x02, 0x48, 0x02, 0x40, 0x02, 0x48, 0x02, 0x48, 0x02, 0x48, 0x02, 0x40, 
    0x02, 0x40, 0x02, 0x48, 0x02, 0x40, 0x02, 0x40, 0x02, 0x40, 0x02, 0x40, 
    0x02, 0x40, 0x02, 0x40, 0x02, 0x40, 0x02, 0x40, 0x02, 0x40, 0x02, 0x40, 
    0x02, 0x40, 0x02, 0x48, 0x03, 0x48, 0x02, 0x40, 0x02, 0x40, 0x03, 0x48, 
    0x02, 0x40, 0x02, 0x48, 0x23, 0x48, 0x02, 0x40, 0x03, 0x40, 0x02, 0x40, 
    0x02, 0x40, 0x02, 0x40, 0x02, 0x40, 0x02, 0x40, 0x02, 0x40, 0x02, 0x38, 
    0x02, 0x38, 0x02, 0x38, 0x02, 0x38, 0x02, 0x38, 0x02, 0x38, 0x02, 0x38, 
    0x02, 0x38, 0x02, 0x40, 0x02, 0x40, 0x02, 0x40, 0x02, 0x40, 0x02, 0x40, 
    0x02, 0x40, 0x02, 0x40, 0x02, 0x40, 0x02, 0x40, 0x03, 0x40, 0x02, 0x40, 
    0x02, 0x40, 0x02, 0x40, 0x02, 0x40, 0x02, 0x40, 0x02, 0x40, 0x02, 0x40, 
    0x22, 0x40, 0x21, 0x38, 0x81, 0x30, 0xa1, 0x28, 0xc0, 0x20, 0xc0, 0x20, 
    0xe0, 0x18, 0xc0, 0x10, 0xc0, 0x10, 0xc0, 0x08, 0xc0, 0x08, 0xc0, 0x08, 
    0xc0, 0x08, 0xa0, 0x08, 0xa0, 0x10, 0xa0, 0x10, 0xa0, 0x18, 0xa0, 0x28, 
    0xa1, 0x30, 0xa2, 0x38, 0xa3, 0x40, 0xa4, 0x50, 0xc5, 0x50, 0xe6, 0x60, 
    0xe6, 0x60, 0x07, 0x69, 0x27, 0x71, 0x48, 0x71, 0x48, 0x71, 0x68, 0x79, 
    0x88, 0x79, 0x89, 0x79, 0x89, 0x79, 0x68, 0x71, 0x48, 0x71, 0x67, 0x71, 
    0x46, 0x69, 0x45, 0x61, 0x44, 0x51, 0x22, 0x49, 0x21, 0x41, 0x20, 0x39, 
    0x00, 0x39, 0xe0, 0x30, 0xe0, 0x30, 0xe0, 0x30, 0xc0, 0x20, 0xe0, 0x18, 
    0xe0, 0x10, 0x00, 0x09, 0x00, 0x01, 0x00, 0x01, 0x00, 0x01, 0x20, 0x09, 
    0x00, 0x09, 0x20, 0x09, 0x20, 0x09, 0x20, 0x09, 0x40, 0x09, 0x40, 0x09, 
    0x40, 0x09, 0x20, 0x09, 0x20, 0x09, 0x00, 0x09, 0x00, 0x09, 0x00, 0x09, 
    0x00, 0x09, 0xe0, 0x08, 0xe0, 0x08, 0xe0, 0x00, 0xc0, 0x00, 0xc0, 0x00, 
    0xc0, 0x00, 0xc0, 0x08, 0xc0, 0x00, 0xc0, 0x00, 0xc0, 0x00, 0xc0, 0x00, 
    0xc0, 0x00, 0xa0, 0x00, 0xa0, 0x00, 0xc0, 0x08, 0xc0, 0x08, 0xa0, 0x08, 
    0xa0, 0x08, 0xc0, 0x08, 0xe0, 0x08, 0x20, 0x11, 0x80, 0x19, 0xa0, 0x21, 
    0xa0, 0x21, 0x60, 0x21, 0x00, 0x19, 0xc0, 0x10, 0x80, 0x10, 0xa0, 0x10, 
    0xa0, 0x10, 0xa0, 0x18, 0xa0, 0x10, 0xa0, 0x10, 0xa1, 0x18, 0xc1, 0x18, 
    0xe1, 0x18, 0xe2, 0x20, 0xe1, 0x20, 0x02, 0x29, 0x01, 0x29, 0x22, 0x29, 
    0x42, 0x29, 0x42, 0x29, 0x41, 0x29, 0x41, 0x29, 0x41, 0x29, 0x60, 0x29, 
    0x60, 0x21, 0x60, 0x19, 0x60, 0x19, 0x80, 0x19, 0x80, 0x11, 0x80, 0x11, 
    0x60, 0x11, 0x60, 0x09, 0x60, 0x09, 0x60, 0x09, 0x40, 0x09, 0x60, 0x09, 
    0x40, 0x09, 0x40, 0x09, 0x40, 0x09, 0x20, 0x09, 0x20, 0x01, 0x20, 0x09, 
    0x20, 0x09, 0x20, 0x09, 0x20, 0x09, 0x20, 0x11, 0x20, 0x09, 0x20, 0x09, 
    0x20, 0x09, 0x20, 0x09, 0x20, 0x09, 0x20, 0x01, 0x20, 0x01, 0x00, 0x01, 
    0x20, 0x01, 0x00, 0x01, 0x00, 0x01, 0x00, 0x01, 0x00, 0x09, 0x00, 0x01, 
    0x00, 0x09, 0x00, 0x09, 0x00, 0x09, 0x00, 0x01, 0x00, 0x09, 0x00, 0x09, 
    0x00, 0x09, 0x00, 0x19, 0x20, 0x31, 0x83, 0x51, 0xc7, 0x71, 0x0a, 0x82, 
    0x0b, 0x8a, 0xeb, 0x81, 0xaa, 0x79, 0x89, 0x79, 0x69, 0x71, 0x28, 0x69, 
    0x07, 0x61, 0xe6, 0x60, 0xa5, 0x58, 0x85, 0x58, 0x64, 0x50, 0x23, 0x48, 
    0x03, 0x48, 0x23, 0x48, 0x23, 0x48, 0x02, 0x48, 0x02, 0x48, 0x22, 0x48, 
    0x03, 0x48, 0x02, 0x48, 0x23, 0x48, 0x02, 0x48, 0x02, 0x48, 0x02, 0x40, 
    0x02, 0x40, 0x02, 0x48, 0x02, 0x40, 0x02, 0x40, 0x02, 0x40, 0x02, 0x40, 
    0x02, 0x40, 0x02, 0x40, 0x02, 0x40, 0x02, 0x40, 0x02, 0x40, 0x02, 0x40, 
    0x02, 0x40, 0x02, 0x40, 0x03, 0x48, 0x02, 0x40, 0x02, 0x40, 0x02, 0x40, 
    0x03, 0x40, 0x02, 0x40, 0x03, 0x40, 0x02, 0x40, 0x02, 0x40, 0x02, 0x40, 
    0x02, 0x40, 0x02, 0x40, 0x02, 0x40, 0x02, 0x40, 0x02, 0x40, 0x02, 0x40, 
    0x02, 0x38, 0x02, 0x38, 0x02, 0x38, 0x02, 0x38, 0x02, 0x38, 0x02, 0x38, 
    0x02, 0x38, 0x02, 0x38, 0x02, 0x40, 0x02, 0x40, 0x02, 0x40, 0x02, 0x40, 
    0x02, 0x40, 0x02, 0x40, 0x02, 0x40, 0x02, 0x40, 0x02, 0x40, 0x02, 0x40, 
    0x02, 0x40, 0x02, 0x40, 0x02, 0x40, 0x02, 0x40, 0x02, 0x40, 0x02, 0x40, 
    0x02, 0x40, 0x21, 0x38, 0x61, 0x30, 0x81, 0x28, 0xa0, 0x28, 0xc0, 0x20, 
    0xc0, 0x18, 0xc0, 0x10, 0xc0, 0x10, 0xc0, 0x10, 0xc0, 0x10, 0xa0, 0x08, 
    0xa0, 0x10, 0xa0, 0x10, 0xa0, 0x18, 0xa0, 0x18, 0xa0, 0x20, 0xa1, 0x28, 
    0xa1, 0x38, 0xa3, 0x40, 0xa4, 0x48, 0xa4, 0x50, 0xc5, 0x58, 0xe6, 0x60, 
    0x07, 0x69, 0x27, 0x71, 0x48, 0x71, 0x68, 0x79, 0x88, 0x79, 0xa9, 0x79, 
    0xa9, 0x79, 0xa9, 0x79, 0xa9, 0x81, 0x89, 0x79, 0x88, 0x79, 0x87, 0x71, 
    0x66, 0x69, 0x65, 0x59, 0x63, 0x51, 0x42, 0x49, 0x41, 0x41, 0x20, 0x41, 
    0x00, 0x39, 0x01, 0x39, 0xe0, 0x38, 0xe0, 0x30, 0xe0, 0x20, 0xe0, 0x10, 
    0xe0, 0x08, 0x00, 0x09, 0x20, 0x01, 0x20, 0x09, 0x00, 0x01, 0x20, 0x09, 
    0x00, 0x09, 0x20, 0x09, 0x20, 0x09, 0x20, 0x09, 0x40, 0x09, 0x40, 0x09, 
    0x40, 0x09, 0x20, 0x09, 0x20, 0x09, 0x20, 0x09, 0x00, 0x09, 0x00, 0x09, 
    0x00, 0x09, 0xe0, 0x08, 0xe0, 0x08, 0xe0, 0x08, 0xc0, 0x08, 0xc0, 0x08, 
    0xc0, 0x08, 0xc0, 0x08, 0xc0, 0x00, 0xa0, 0x00, 0xc0, 0x00, 0xc0, 0x00, 
    0xc0, 0x00, 0xc0, 0x08, 0xc0, 0x00, 0xc0, 0x08, 0xa0, 0x08, 0xa0, 0x08, 
    0xa0, 0x08, 0xa0, 0x08, 0xa0, 0x08, 0xe0, 0x08, 0x20, 0x11, 0x60, 0x19, 
    0x80, 0x19, 0x60, 0x21, 0x00, 0x19, 0xe0, 0x18, 0xa0, 0x18, 0xa0, 0x18, 
    0xa0, 0x18, 0xa0, 0x18, 0xa0, 0x18, 0xc0, 0x18, 0xc1, 0x18, 0xc1, 0x18, 
    0xe1, 0x20, 0xe1, 0x20, 0xe1, 0x28, 0x01, 0x29, 0x21, 0x29, 0x21, 0x29, 
    0x41, 0x29, 0x41, 0x29, 0x41, 0x29, 0x61, 0x29, 0x40, 0x21, 0x60, 0x21, 
    0x60, 0x21, 0x60, 0x19, 0x80, 0x11, 0x80, 0x11, 0x80, 0x11, 0x60, 0x11, 
    0x60, 0x09, 0x60, 0x09, 0x60, 0x09, 0x40, 0x09, 0x60, 0x09, 0x60, 0x09, 
    0x40, 0x09, 0x40, 0x01, 0x40, 0x09, 0x40, 0x09, 0x20, 0x09, 0x20, 0x09, 
    0x20, 0x09, 0x20, 0x09, 0x20, 0x11, 0x20, 0x11, 0x20, 0x09, 0x20, 0x09, 
    0x40, 0x09, 0x20, 0x09, 0x20, 0x01, 0x20, 0x01, 0x20, 0x01, 0x20, 0x01, 
    0x20, 0x01, 0x20, 0x01, 0x20, 0x01, 0x00, 0x01, 0x00, 0x01, 0x00, 0x01, 
    0x00, 0x09, 0x00, 0x09, 0x00, 0x09, 0x00, 0x09, 0x00, 0x09, 0x00, 0x09, 
    0x00, 0x11, 0x00, 0x21, 0x20, 0x39, 0x84, 0x59, 0xe8, 0x79, 0x2b, 0x8a, 
    0x0b, 0x8a, 0xeb, 0x81, 0xca, 0x81, 0x8a, 0x79, 0x69, 0x71, 0x48, 0x69, 
    0x07, 0x69, 0xe6, 0x60, 0xa5, 0x58, 0x64, 0x58, 0x43, 0x50, 0x23, 0x48, 
    0x23, 0x48, 0x23, 0x48, 0x23, 0x48, 0x03, 0x48, 0x22, 0x48, 0x02, 0x48, 
    0x02, 0x48, 0x03, 0x48, 0x03, 0x48, 0x03, 0x48, 0x03, 0x48, 0x02, 0x48, 
    0x02, 0x48, 0x02, 0x40, 0x03, 0x40, 0x03, 0x40, 0x02, 0x40, 0x02, 0x40, 
    0x02, 0x40, 0x02, 0x40, 0x02, 0x40, 0x02, 0x40, 0x02, 0x40, 0x02, 0x40, 
    0x03, 0x40, 0x02, 0x40, 0x23, 0x48, 0x03, 0x48, 0x03, 0x40, 0x03, 0x40, 
    0x23, 0x40, 0x02, 0x40, 0x02, 0x40, 0x02, 0x40, 0x02, 0x40, 0x02, 0x40, 
    0x02, 0x40, 0x02, 0x40, 0x02, 0x40, 0x02, 0x40, 0x02, 0x40, 0x02, 0x40, 
    0x02, 0x40, 0x02, 0x38, 0x02, 0x38, 0x02, 0x38, 0x02, 0x38, 0x02, 0x38, 
    0x02, 0x38, 0x02, 0x40, 0x02, 0x38, 0x02, 0x40, 0x02, 0x40, 0x02, 0x40, 
    0x02, 0x40, 0x02, 0x40, 0x02, 0x40, 0x02, 0x40, 0x02, 0x40, 0x02, 0x40, 
    0x02, 0x40, 0x02, 0x40, 0x02, 0x40, 0x02, 0x40, 0x02, 0x40, 0x02, 0x40, 
    0x22, 0x40, 0x22, 0x38, 0x42, 0x38, 0x61, 0x30, 0xa1, 0x28, 0xa0, 0x20, 
    0xc0, 0x18, 0xc0, 0x10, 0xc0, 0x10, 0xa0, 0x10, 0xc0, 0x10, 0xa0, 0x10, 
    0xa0, 0x10, 0x80, 0x18, 0x80, 0x18, 0x80, 0x28, 0x81, 0x28, 0x81, 0x38, 
    0x82, 0x40, 0x83, 0x48, 0xa4, 0x58, 0xc5, 0x58, 0xe6, 0x60, 0x07, 0x69, 
    0x07, 0x69, 0x48, 0x71, 0x48, 0x71, 0x89, 0x79, 0xa9, 0x79, 0xa9, 0x81, 
    0xca, 0x89, 0xea, 0x81, 0xca, 0x81, 0xca, 0x81, 0xc9, 0x79, 0xa7, 0x71, 
    0xa6, 0x69, 0xa4, 0x59, 0x83, 0x51, 0x62, 0x49, 0x41, 0x49, 0x20, 0x41, 
    0x01, 0x41, 0x01, 0x41, 0x01, 0x41, 0xe0, 0x30, 0xe0, 0x20, 0xe0, 0x10, 
    0x00, 0x09, 0x00, 0x09, 0x00, 0x01, 0x00, 0x01, 0x20, 0x09, 0x20, 0x01, 
    0x00, 0x01, 0x20, 0x09, 0x20, 0x09, 0x20, 0x09, 0x40, 0x09, 0x40, 0x09, 
    0x40, 0x09, 0x40, 0x09, 0x20, 0x09, 0x20, 0x09, 0x20, 0x09, 0x00, 0x09, 
    0x00, 0x09, 0xe0, 0x08, 0xe0, 0x08, 0xe0, 0x08, 0xe0, 0x08, 0xc0, 0x08, 
    0xc0, 0x00, 0xc0, 0x08, 0xc0, 0x00, 0xa0, 0x00, 0xc0, 0x08, 0xc0, 0x00, 
    0xc0, 0x00, 0xa0, 0x08, 0xa0, 0x00, 0xa0, 0x00, 0xa0, 0x08, 0xa0, 0x08, 
    0xa0, 0x08, 0xa0, 0x08, 0xa0, 0x08, 0xa0, 0x00, 0xc0, 0x08, 0x00, 0x09, 
    0x20, 0x11, 0x40, 0x19, 0x40, 0x21, 0x00, 0x19, 0xc0, 0x18, 0xc0, 0x18, 
    0xc0, 0x18, 0xc0, 0x18, 0xa0, 0x18, 0xc0, 0x20, 0xe1, 0x20, 0xe1, 0x20, 
    0x01, 0x29, 0x00, 0x29, 0x01, 0x29, 0x21, 0x29, 0x21, 0x29, 0x41, 0x29, 
    0x41, 0x29, 0x41, 0x29, 0x41, 0x29, 0x40, 0x21, 0x40, 0x21, 0x60, 0x21, 
    0x40, 0x19, 0x60, 0x19, 0x80, 0x11, 0x80, 0x11, 0x80, 0x11, 0x60, 0x11, 
    0x60, 0x09, 0x60, 0x09, 0x60, 0x09, 0x60, 0x09, 0x60, 0x01, 0x40, 0x09, 
    0x40, 0x09, 0x40, 0x09, 0x40, 0x01, 0x20, 0x09, 0x20, 0x09, 0x20, 0x09, 
    0x20, 0x11, 0x20, 0x11, 0x20, 0x11, 0x20, 0x11, 0x20, 0x09, 0x40, 0x09, 
    0x20, 0x01, 0x40, 0x01, 0x20, 0x01, 0x40, 0x01, 0x20, 0x01, 0x20, 0x01, 
    0x20, 0x01, 0x20, 0x01, 0x20, 0x01, 0x00, 0x01, 0x20, 0x09, 0x00, 0x01, 
    0x00, 0x01, 0x00, 0x01, 0x00, 0x09, 0x00, 0x01, 0x00, 0x09, 0x00, 0x09, 
    0x00, 0x11, 0x20, 0x29, 0x42, 0x49, 0x86, 0x61, 0x2a, 0x8a, 0x4c, 0x8a, 
    0x2c, 0x8a, 0xeb, 0x81, 0xca, 0x79, 0xaa, 0x79, 0x49, 0x71, 0x28, 0x69, 
    0x07, 0x69, 0xc6, 0x60, 0xa5, 0x58, 0x64, 0x50, 0x43, 0x50, 0x23, 0x48, 
    0x23, 0x48, 0x23, 0x48, 0x23, 0x48, 0x23, 0x48, 0x23, 0x48, 0x02, 0x48, 
    0x22, 0x48, 0x03, 0x48, 0x02, 0x40, 0x03, 0x48, 0x03, 0x48, 0x03, 0x48, 
    0x02, 0x48, 0x02, 0x40, 0x03, 0x48, 0x02, 0x40, 0x02, 0x40, 0x02, 0x40, 
    0x02, 0x40, 0x02, 0x40, 0x02, 0x40, 0x02, 0x40, 0x02, 0x40, 0x02, 0x40, 
    0x02, 0x40, 0x02, 0x40, 0x03, 0x40, 0x02, 0x40, 0x23, 0x40, 0x02, 0x40, 
    0x02, 0x40, 0x02, 0x40, 0x02, 0x40, 0x02, 0x40, 0x02, 0x40, 0x02, 0x40, 
    0x02, 0x40, 0x02, 0x40, 0x02, 0x40, 0x02, 0x40, 0x02, 0x40, 0x02, 0x40, 
    0x02, 0x38, 0x02, 0x40, 0x02, 0x38, 0x02, 0x38, 0x02, 0x38, 0x02, 0x38, 
    0x02, 0x38, 0x02, 0x40, 0x02, 0x40, 0x02, 0x40, 0x02, 0x38, 0x02, 0x40, 
    0x02, 0x40, 0x02, 0x40, 0x02, 0x40, 0x02, 0x40, 0x02, 0x40, 0x02, 0x40, 
    0x02, 0x40, 0x02, 0x40, 0x02, 0x40, 0x02, 0x40, 0x02, 0x40, 0x02, 0x40, 
    0x02, 0x40, 0x02, 0x38, 0x22, 0x38, 0x41, 0x30, 0x81, 0x28, 0xa0, 0x20, 
    0xa0, 0x20, 0xa0, 0x18, 0xa0, 0x18, 0xa0, 0x18, 0xa0, 0x18, 0xa0, 0x18, 
    0x80, 0x18, 0x60, 0x20, 0x60, 0x28, 0x61, 0x30, 0x61, 0x38, 0x62, 0x40, 
    0x63, 0x48, 0x84, 0x50, 0x84, 0x50, 0xc5, 0x58, 0xe6, 0x60, 0x07, 0x69, 
    0x28, 0x71, 0x68, 0x71, 0x68, 0x71, 0xa9, 0x79, 0xa9, 0x81, 0xca, 0x81, 
    0xea, 0x81, 0xea, 0x89, 0x0b, 0x82, 0xea, 0x81, 0xc8, 0x79, 0xa7, 0x71, 
    0xa5, 0x61, 0xc4, 0x59, 0x83, 0x51, 0x62, 0x51, 0x41, 0x49, 0x42, 0x49, 
    0x22, 0x49, 0x22, 0x41, 0x01, 0x41, 0x00, 0x29, 0x00, 0x19, 0x00, 0x09, 
    0x00, 0x01, 0x20, 0x09, 0x20, 0x09, 0x00, 0x01, 0x20, 0x01, 0x20, 0x01, 
    0x20, 0x09, 0x20, 0x09, 0x20, 0x09, 0x20, 0x09, 0x20, 0x09, 0x40, 0x09, 
    0x40, 0x09, 0x40, 0x09, 0x20, 0x09, 0x20, 0x09, 0x00, 0x09, 0x00, 0x09, 
    0x00, 0x09, 0xe0, 0x08, 0xe0, 0x08, 0xe0, 0x08, 0xe0, 0x08, 0xc0, 0x08, 
    0xc0, 0x08, 0xc0, 0x08, 0xc0, 0x08, 0xc0, 0x08, 0xc0, 0x08, 0xc0, 0x00, 
    0xc0, 0x08, 0xc0, 0x08, 0xa0, 0x00, 0xc0, 0x00, 0xc0, 0x08, 0xc0, 0x08, 
    0xa0, 0x08, 0xa0, 0x08, 0xa0, 0x08, 0xa0, 0x00, 0xa0, 0x00, 0xe0, 0x08, 
    0x00, 0x09, 0x20, 0x19, 0x40, 0x19, 0x20, 0x21, 0x00, 0x21, 0xe0, 0x20, 
    0xc0, 0x20, 0xe0, 0x20, 0xc0, 0x20, 0xe1, 0x20, 0xe0, 0x20, 0xe0, 0x28, 
    0x00, 0x29, 0x00, 0x29, 0x20, 0x29, 0x21, 0x29, 0x21, 0x29, 0x20, 0x29, 
    0x40, 0x29, 0x40, 0x29, 0x40, 0x21, 0x40, 0x21, 0x60, 0x19, 0x60, 0x19, 
    0x60, 0x11, 0x80, 0x11, 0x80, 0x11, 0x60, 0x11, 0x60, 0x09, 0x60, 0x09, 
    0x60, 0x09, 0x60, 0x09, 0x60, 0x09, 0x60, 0x09, 0x60, 0x01, 0x40, 0x01, 
    0x40, 0x01, 0x40, 0x09, 0x40, 0x09, 0x40, 0x09, 0x20, 0x09, 0x20, 0x09, 
    0x20, 0x09, 0x20, 0x11, 0x20, 0x11, 0x20, 0x09, 0x20, 0x09, 0x40, 0x09, 
    0x20, 0x09, 0x20, 0x01, 0x20, 0x01, 0x40, 0x01, 0x20, 0x01, 0x20, 0x01, 
    0x20, 0x09, 0x20, 0x01, 0x20, 0x01, 0x00, 0x01, 0x00, 0x01, 0x00, 0x09, 
    0x20, 0x09, 0x00, 0x01, 0x00, 0x01, 0x00, 0x01, 0x00, 0x01, 0xe0, 0x08, 
    0xe0, 0x18, 0x20, 0x31, 0x84, 0x51, 0xc8, 0x79, 0x4b, 0x92, 0x4c, 0x92, 
    0x2c, 0x8a, 0xeb, 0x81, 0xca, 0x79, 0x89, 0x79, 0x49, 0x71, 0x28, 0x69, 
    0x07, 0x69, 0xc6, 0x60, 0x85, 0x58, 0x85, 0x58, 0x43, 0x50, 0x23, 0x48, 
    0x23, 0x48, 0x23, 0x48, 0x23, 0x48, 0x23, 0x48, 0x23, 0x48, 0x22, 0x48, 
    0x23, 0x48, 0x03, 0x48, 0x03, 0x48, 0x03, 0x48, 0x02, 0x48, 0x02, 0x48, 
    0x02, 0x40, 0x02, 0x48, 0x02, 0x48, 0x02, 0x40, 0x02, 0x40, 0x02, 0x40, 
    0x02, 0x40, 0x02, 0x40, 0x02, 0x40, 0x02, 0x40, 0x02, 0x40, 0x02, 0x40, 
    0x02, 0x40, 0x23, 0x40, 0x02, 0x40, 0x02, 0x40, 0x22, 0x40, 0x02, 0x40, 
    0x02, 0x40, 0x02, 0x40, 0x02, 0x40, 0x02, 0x40, 0x02, 0x40, 0x02, 0x40, 
    0x02, 0x40, 0x02, 0x40, 0x02, 0x40, 0x22, 0x40, 0x02, 0x40, 0x02, 0x40, 
    0x02, 0x40, 0x02, 0x40, 0x02, 0x38, 0x02, 0x38, 0x02, 0x38, 0x02, 0x38, 
    0x02, 0x38, 0x02, 0x40, 0x02, 0x40, 0x02, 0x40, 0x02, 0x38, 0x02, 0x40, 
    0x02, 0x40, 0x02, 0x38, 0x02, 0x40, 0x02, 0x40, 0x02, 0x40, 0x02, 0x40, 
    0x02, 0x40, 0x02, 0x40, 0x02, 0x40, 0x02, 0x40, 0x02, 0x40, 0x02, 0x40, 
    0x02, 0x40, 0x02, 0x40, 0x22, 0x38, 0x21, 0x38, 0x61, 0x30, 0x61, 0x28, 
    0x80, 0x20, 0xa0, 0x20, 0x80, 0x20, 0xa0, 0x20, 0x80, 0x20, 0x60, 0x20, 
    0x60, 0x20, 0x40, 0x28, 0x40, 0x30, 0x41, 0x38, 0x42, 0x40, 0x43, 0x48, 
    0x63, 0x48, 0x84, 0x50, 0xa5, 0x58, 0xc5, 0x60, 0xe6, 0x60, 0x07, 0x69, 
    0x27, 0x69, 0x48, 0x71, 0x68, 0x79, 0xa9, 0x79, 0xca, 0x81, 0xea, 0x89, 
    0x0b, 0x8a, 0x0b, 0x8a, 0x0b, 0x8a, 0xe9, 0x81, 0xe8, 0x79, 0xc7, 0x71, 
    0xe6, 0x61, 0xc4, 0x59, 0xa3, 0x51, 0x83, 0x51, 0x63, 0x51, 0x63, 0x51, 
    0x44, 0x51, 0x43, 0x49, 0x01, 0x39, 0x00, 0x29, 0x00, 0x11, 0x00, 0x09, 
    0x20, 0x01, 0x20, 0x01, 0x20, 0x09, 0x20, 0x09, 0x20, 0x01, 0x20, 0x01, 
    0x20, 0x01, 0x20, 0x09, 0x00, 0x09, 0x20, 0x09, 0x20, 0x09, 0x40, 0x09, 
    0x40, 0x09, 0x40, 0x09, 0x20, 0x09, 0x20, 0x09, 0x20, 0x09, 0x00, 0x09, 
    0x00, 0x09, 0x00, 0x09, 0xe0, 0x08, 0xe0, 0x08, 0xe0, 0x08, 0xe0, 0x00, 
    0xc0, 0x08, 0xc0, 0x00, 0xc0, 0x08, 0xc0, 0x00, 0xc0, 0x08, 0xc0, 0x08, 
    0xc0, 0x00, 0xc0, 0x08, 0xa0, 0x08, 0xc0, 0x00, 0xc0, 0x08, 0xc0, 0x08, 
    0xc0, 0x08, 0xa0, 0x08, 0xa0, 0x08, 0xa0, 0x00, 0xa0, 0x00, 0xc0, 0x00, 
    0x00, 0x09, 0x20, 0x11, 0x40, 0x19, 0x40, 0x21, 0x21, 0x21, 0x00, 0x21, 
    0xe0, 0x20, 0xe0, 0x20, 0xe0, 0x20, 0xe0, 0x20, 0xe0, 0x28, 0x00, 0x29, 
    0x00, 0x29, 0x20, 0x29, 0x00, 0x29, 0x20, 0x21, 0x20, 0x21, 0x20, 0x21, 
    0x20, 0x21, 0x40, 0x21, 0x40, 0x21, 0x40, 0x19, 0x60, 0x11, 0x60, 0x11, 
    0x80, 0x11, 0x80, 0x11, 0x80, 0x11, 0x60, 0x09, 0x80, 0x11, 0x60, 0x11, 
    0x60, 0x11, 0x60, 0x09, 0x60, 0x09, 0x60, 0x09, 0x60, 0x09, 0x60, 0x09, 
    0x60, 0x01, 0x60, 0x01, 0x40, 0x09, 0x40, 0x09, 0x20, 0x09, 0x20, 0x09, 
    0x20, 0x09, 0x20, 0x09, 0x20, 0x09, 0x20, 0x09, 0x20, 0x01, 0x20, 0x09, 
    0x20, 0x09, 0x20, 0x09, 0x20, 0x09, 0x20, 0x09, 0x20, 0x09, 0x20, 0x01, 
    0x20, 0x09, 0x20, 0x01, 0x20, 0x01, 0x20, 0x01, 0x20, 0x01, 0x00, 0x09, 
    0x20, 0x01, 0x20, 0x01, 0x00, 0x01, 0x00, 0x01, 0x00, 0x01, 0xe0, 0x08, 
    0xe0, 0x18, 0x21, 0x39, 0x64, 0x51, 0xe8, 0x79, 0x4b, 0x8a, 0x4c, 0x8a, 
    0x2c, 0x8a, 0xeb, 0x81, 0xca, 0x81, 0x8a, 0x79, 0x69, 0x71, 0x28, 0x69, 
    0x07, 0x61, 0xc6, 0x60, 0x85, 0x58, 0x64, 0x58, 0x23, 0x50, 0x23, 0x48, 
    0x23, 0x48, 0x23, 0x48, 0x23, 0x48, 0x23, 0x48, 0x23, 0x48, 0x23, 0x48, 
    0x03, 0x48, 0x03, 0x48, 0x03, 0x48, 0x02, 0x48, 0x02, 0x48, 0x03, 0x48, 
    0x03, 0x40, 0x02, 0x40, 0x02, 0x40, 0x02, 0x40, 0x02, 0x40, 0x02, 0x40, 
    0x02, 0x40, 0x02, 0x40, 0x02, 0x40, 0x02, 0x40, 0x02, 0x40, 0x02, 0x40, 
    0x02, 0x40, 0x02, 0x40, 0x22, 0x40, 0x02, 0x40, 0x02, 0x40, 0x02, 0x40, 
    0x02, 0x40, 0x02, 0x40, 0x02, 0x40, 0x02, 0x40, 0x02, 0x40, 0x02, 0x40, 
    0x02, 0x40, 0x02, 0x40, 0x02, 0x40, 0x02, 0x40, 0x02, 0x40, 0x02, 0x40, 
    0x02, 0x38, 0x02, 0x38, 0x02, 0x38, 0x02, 0x38, 0x02, 0x38, 0x02, 0x38, 
    0x02, 0x38, 0x02, 0x40, 0x02, 0x38, 0x02, 0x40, 0x02, 0x40, 0x02, 0x38, 
    0x02, 0x40, 0x02, 0x38, 0x02, 0x40, 0x02, 0x40, 0x02, 0x40, 0x02, 0x40, 
    0x02, 0x40, 0x02, 0x40, 0x02, 0x40, 0x02, 0x40, 0x02, 0x40, 0x02, 0x40, 
    0x02, 0x40, 0x02, 0x38, 0x02, 0x40, 0x21, 0x38, 0x21, 0x38, 0x61, 0x30, 
    0x61, 0x28, 0x80, 0x28, 0x80, 0x20, 0x60, 0x20, 0x60, 0x20, 0x60, 0x28, 
    0x40, 0x30, 0x20, 0x30, 0x21, 0x38, 0x22, 0x40, 0x23, 0x48, 0x43, 0x50, 
    0x64, 0x50, 0x64, 0x50, 0x84, 0x58, 0xc5, 0x58, 0xc6, 0x60, 0x07, 0x69, 
    0x48, 0x71, 0x68, 0x71, 0x89, 0x79, 0xa9, 0x79, 0xca, 0x81, 0x0b, 0x8a, 
    0x0b, 0x8a, 0x2b, 0x8a, 0x2a, 0x8a, 0xe8, 0x79, 0xe7, 0x71, 0x07, 0x6a, 
    0xe5, 0x61, 0xc4, 0x59, 0xc3, 0x59, 0xa3, 0x59, 0xa4, 0x59, 0x85, 0x59, 
    0x65, 0x59, 0x23, 0x49, 0x21, 0x39, 0x00, 0x21, 0x00, 0x11, 0x20, 0x09, 
    0x20, 0x09, 0x00, 0x09, 0x00, 0x01, 0x20, 0x09, 0x20, 0x09, 0x20, 0x09, 
    0x20, 0x09, 0x20, 0x09, 0x20, 0x09, 0x20, 0x09, 0x20, 0x09, 0x20, 0x09, 
    0x20, 0x09, 0x40, 0x09, 0x40, 0x09, 0x20, 0x09, 0x20, 0x09, 0x00, 0x09, 
    0x00, 0x09, 0x00, 0x09, 0x00, 0x09, 0xe0, 0x08, 0xe0, 0x08, 0xe0, 0x08, 
    0xc0, 0x08, 0xc0, 0x08, 0xc0, 0x00, 0xe0, 0x08, 0xc0, 0x00, 0xc0, 0x00, 
    0xc0, 0x08, 0xc0, 0x08, 0xc0, 0x00, 0xc0, 0x00, 0xc0, 0x08, 0xa0, 0x00, 
    0xc0, 0x08, 0xa0, 0x08, 0xa0, 0x08, 0xa0, 0x08, 0xa0, 0x00, 0xc0, 0x00, 
    0xe0, 0x08, 0x20, 0x11, 0x40, 0x19, 0x40, 0x21, 0x20, 0x21, 0x00, 0x21, 
    0x00, 0x21, 0xe0, 0x20, 0xe0, 0x20, 0x00, 0x29, 0x00, 0x29, 0x20, 0x29, 
    0x20, 0x29, 0x20, 0x29, 0x20, 0x29, 0x20, 0x21, 0x20, 0x21, 0x20, 0x19, 
    0x20, 0x21, 0x40, 0x19, 0x40, 0x19, 0x40, 0x11, 0x60, 0x11, 0x60, 0x11, 
    0x80, 0x11, 0x80, 0x11, 0x80, 0x11, 0x80, 0x11, 0x80, 0x11, 0x60, 0x09, 
    0x60, 0x09, 0x60, 0x09, 0x60, 0x09, 0x60, 0x01, 0x40, 0x09, 0x40, 0x09, 
    0x40, 0x01, 0x40, 0x01, 0x40, 0x09, 0x40, 0x09, 0x20, 0x09, 0x20, 0x09, 
    0x20, 0x09, 0x20, 0x09, 0x20, 0x09, 0x20, 0x09, 0x20, 0x01, 0x20, 0x01, 
    0x20, 0x01, 0x20, 0x01, 0x20, 0x09, 0x20, 0x01, 0x20, 0x09, 0x20, 0x01, 
    0x20, 0x09, 0x20, 0x01, 0x20, 0x01, 0x20, 0x01, 0x00, 0x01, 0x20, 0x01, 
    0x20, 0x01, 0x20, 0x01, 0x00, 0x01, 0x00, 0x01, 0x00, 0x01, 0xe0, 0x08, 
    0xe0, 0x20, 0x21, 0x39, 0x65, 0x59, 0xe9, 0x79, 0x4c, 0x8a, 0x2c, 0x8a, 
    0x0c, 0x8a, 0xeb, 0x81, 0xaa, 0x81, 0x8a, 0x79, 0x49, 0x71, 0x08, 0x69, 
    0xe6, 0x60, 0xc6, 0x60, 0x85, 0x58, 0x44, 0x50, 0x24, 0x50, 0x23, 0x50, 
    0x23, 0x48, 0x23, 0x48, 0x23, 0x48, 0x23, 0x48, 0x23, 0x48, 0x03, 0x48, 
    0x23, 0x48, 0x23, 0x48, 0x03, 0x48, 0x02, 0x48, 0x03, 0x48, 0x03, 0x48, 
    0x02, 0x40, 0x02, 0x40, 0x02, 0x40, 0x02, 0x40, 0x02, 0x40, 0x02, 0x40, 
    0x02, 0x40, 0x02, 0x40, 0x02, 0x40, 0x02, 0x40, 0x02, 0x40, 0x02, 0x40, 
    0x23, 0x40, 0x02, 0x40, 0x02, 0x40, 0x02, 0x40, 0x02, 0x40, 0x02, 0x40, 
    0x02, 0x40, 0x02, 0x40, 0x02, 0x40, 0x02, 0x40, 0x02, 0x40, 0x02, 0x40, 
    0x02, 0x40, 0x02, 0x40, 0x02, 0x40, 0x02, 0x40, 0x02, 0x40, 0x02, 0x40, 
    0x02, 0x40, 0x02, 0x40, 0x02, 0x38, 0x02, 0x40, 0x02, 0x38, 0x02, 0x38, 
    0x02, 0x38, 0x02, 0x38, 0x02, 0x38, 0x02, 0x38, 0x02, 0x38, 0x02, 0x38, 
    0x02, 0x40, 0x02, 0x40, 0x02, 0x40, 0x02, 0x40, 0x02, 0x40, 0x02, 0x40, 
    0x02, 0x40, 0x02, 0x40, 0x02, 0x40, 0x02, 0x40, 0x02, 0x40, 0x02, 0x40, 
    0x02, 0x40, 0x02, 0x40, 0x02, 0x40, 0x02, 0x38, 0x21, 0x38, 0x41, 0x38, 
    0x41, 0x30, 0x61, 0x28, 0x61, 0x28, 0x61, 0x30, 0x40, 0x30, 0x41, 0x30, 
    0x21, 0x38, 0x21, 0x38, 0x02, 0x40, 0x22, 0x40, 0x23, 0x48, 0x43, 0x48, 
    0x44, 0x50, 0x64, 0x50, 0x85, 0x58, 0xc5, 0x58, 0xe6, 0x60, 0x07, 0x69, 
    0x27, 0x71, 0x48, 0x71, 0x89, 0x79, 0xaa, 0x81, 0xca, 0x81, 0x0b, 0x8a, 
    0x2b, 0x8a, 0x2b, 0x8a, 0x29, 0x82, 0x08, 0x7a, 0x07, 0x72, 0x06, 0x6a, 
    0xe4, 0x61, 0xc4, 0x61, 0xc4, 0x61, 0xc4, 0x61, 0xa5, 0x61, 0xa6, 0x69, 
    0x65, 0x59, 0x43, 0x49, 0x41, 0x31, 0x20, 0x19, 0x00, 0x09, 0x20, 0x09, 
    0x20, 0x09, 0x20, 0x09, 0x20, 0x09, 0x20, 0x09, 0x20, 0x09, 0x20, 0x09, 
    0x20, 0x09, 0x20, 0x09, 0x00, 0x09, 0x20, 0x09, 0x20, 0x09, 0x20, 0x01, 
    0x20, 0x01, 0x20, 0x09, 0x20, 0x09, 0x20, 0x09, 0x40, 0x09, 0x20, 0x09, 
    0x00, 0x09, 0x00, 0x09, 0xe0, 0x08, 0xe0, 0x08, 0xe0, 0x08, 0xe0, 0x08, 
    0xc0, 0x00, 0xc0, 0x00, 0xc0, 0x08, 0xc0, 0x00, 0xc0, 0x00, 0xa0, 0x00, 
    0xc0, 0x08, 0xc0, 0x08, 0xa0, 0x00, 0xc0, 0x00, 0xc0, 0x08, 0xa0, 0x00, 
    0xc0, 0x08, 0xc0, 0x08, 0xa0, 0x08, 0xa0, 0x08, 0xa0, 0x08, 0xa0, 0x00, 
    0xa0, 0x00, 0xe0, 0x08, 0x00, 0x11, 0x20, 0x19, 0x20, 0x21, 0x20, 0x21, 
    0x00, 0x21, 0x00, 0x29, 0x00, 0x29, 0x00, 0x29, 0x20, 0x29, 0x20, 0x29, 
    0x20, 0x29, 0x20, 0x29, 0x20, 0x21, 0x20, 0x21, 0x20, 0x19, 0x20, 0x19, 
    0x20, 0x19, 0x20, 0x11, 0x20, 0x11, 0x40, 0x11, 0x60, 0x11, 0x60, 0x11, 
    0x80, 0x11, 0x80, 0x11, 0x80, 0x11, 0x80, 0x11, 0x80, 0x11, 0x80, 0x09, 
    0x80, 0x09, 0x60, 0x09, 0x60, 0x09, 0x60, 0x09, 0x40, 0x09, 0x40, 0x09, 
    0x40, 0x01, 0x40, 0x09, 0x40, 0x09, 0x40, 0x09, 0x20, 0x09, 0x20, 0x09, 
    0x20, 0x09, 0x20, 0x09, 0x20, 0x09, 0x20, 0x09, 0x20, 0x01, 0x20, 0x09, 
    0x20, 0x01, 0x20, 0x01, 0x20, 0x09, 0x20, 0x01, 0x20, 0x09, 0x20, 0x01, 
    0x20, 0x09, 0x20, 0x01, 0x20, 0x01, 0x20, 0x01, 0x20, 0x01, 0x20, 0x01, 
    0x20, 0x01, 0x00, 0x01, 0x00, 0x01, 0x00, 0x09, 0x00, 0x09, 0xe0, 0x18, 
    0x00, 0x29, 0x42, 0x49, 0xa7, 0x69, 0x0a, 0x82, 0x4c, 0x92, 0x2c, 0x8a, 
    0x0b, 0x8a, 0xeb, 0x81, 0xaa, 0x79, 0x89, 0x79, 0x49, 0x71, 0x07, 0x69, 
    0xe7, 0x60, 0xa5, 0x58, 0x64, 0x58, 0x24, 0x50, 0x23, 0x50, 0x23, 0x50, 
    0x23, 0x50, 0x23, 0x48, 0x23, 0x48, 0x03, 0x48, 0x23, 0x48, 0x23, 0x48, 
    0x22, 0x48, 0x23, 0x48, 0x23, 0x48, 0x03, 0x48, 0x03, 0x48, 0x02, 0x40, 
    0x02, 0x40, 0x02, 0x40, 0x02, 0x40, 0x02, 0x40, 0x02, 0x40, 0x02, 0x40, 
    0x02, 0x40, 0x02, 0x40, 0x02, 0x40, 0x02, 0x40, 0x02, 0x40, 0x02, 0x40, 
    0x23, 0x40, 0x22, 0x40, 0x02, 0x40, 0x02, 0x40, 0x02, 0x40, 0x02, 0x40, 
    0x02, 0x40, 0x22, 0x40, 0x02, 0x40, 0x02, 0x40, 0x02, 0x40, 0x02, 0x40, 
    0x02, 0x40, 0x02, 0x40, 0x02, 0x40, 0x02, 0x40, 0x02, 0x40, 0x02, 0x40, 
    0x02, 0x40, 0x02, 0x40, 0x02, 0x40, 0x02, 0x40, 0x02, 0x38, 0x02, 0x40, 
    0x02, 0x38, 0x02, 0x38, 0x02, 0x38, 0x02, 0x38, 0x02, 0x40, 0x02, 0x40, 
    0x02, 0x38, 0x02, 0x38, 0x02, 0x40, 0x02, 0x40, 0x02, 0x40, 0x02, 0x40, 
    0x02, 0x40, 0x02, 0x40, 0x02, 0x38, 0x02, 0x40, 0x02, 0x40, 0x02, 0x40, 
    0x02, 0x38, 0x02, 0x38, 0x02, 0x38, 0x02, 0x38, 0x01, 0x38, 0x21, 0x38, 
    0x41, 0x38, 0x41, 0x38, 0x41, 0x38, 0x41, 0x38, 0x21, 0x38, 0x21, 0x38, 
    0x01, 0x40, 0x01, 0x40, 0x02, 0x40, 0x22, 0x40, 0x22, 0x40, 0x23, 0x48, 
    0x44, 0x50, 0x64, 0x50, 0x85, 0x50, 0xc5, 0x58, 0xe6, 0x60, 0x07, 0x69, 
    0x47, 0x71, 0x48, 0x71, 0x89, 0x79, 0xaa, 0x81, 0xea, 0x81, 0x0b, 0x8a, 
    0x0a, 0x82, 0x0a, 0x82, 0x08, 0x82, 0x07, 0x72, 0x06, 0x6a, 0x05, 0x62, 
    0xe4, 0x61, 0xe4, 0x61, 0xe5, 0x61, 0xe6, 0x69, 0xa7, 0x71, 0x87, 0x69, 
    0x65, 0x59, 0x43, 0x41, 0x40, 0x29, 0x20, 0x19, 0x20, 0x09, 0x20, 0x09, 
    0x20, 0x09, 0x20, 0x09, 0x20, 0x09, 0x20, 0x09, 0x20, 0x09, 0x20, 0x09, 
    0x20, 0x09, 0x20, 0x09, 0x20, 0x09, 0x00, 0x09, 0x00, 0x09, 0x00, 0x01, 
    0x20, 0x09, 0x20, 0x09, 0x20, 0x09, 0x20, 0x09, 0x40, 0x09, 0x20, 0x09, 
    0x00, 0x09, 0x00, 0x09, 0x00, 0x09, 0xe0, 0x08, 0xe0, 0x08, 0xe0, 0x00, 
    0xc0, 0x00, 0xc0, 0x00, 0xc0, 0x00, 0xc0, 0x00, 0xa0, 0x00, 0xa0, 0x00, 
    0xa0, 0x00, 0xa0, 0x00, 0xa0, 0x00, 0xa0, 0x00, 0xa0, 0x00, 0xc0, 0x00, 
    0xc0, 0x08, 0xa0, 0x08, 0xc0, 0x08, 0xa0, 0x08, 0xa0, 0x00, 0xa0, 0x00, 
    0xa0, 0x00, 0xc0, 0x00, 0xe0, 0x08, 0x20, 0x11, 0x20, 0x19, 0x20, 0x21, 
    0x20, 0x29, 0x00, 0x29, 0x00, 0x29, 0x20, 0x29, 0x20, 0x29, 0x20, 0x29, 
    0x20, 0x21, 0x20, 0x21, 0x20, 0x21, 0x20, 0x19, 0x20, 0x19, 0x00, 0x11, 
    0x00, 0x11, 0x00, 0x09, 0x40, 0x09, 0x40, 0x09, 0x60, 0x11, 0x60, 0x11, 
    0x80, 0x11, 0x80, 0x11, 0x80, 0x11, 0x80, 0x11, 0x80, 0x11, 0x80, 0x11, 
    0x60, 0x09, 0x60, 0x09, 0x60, 0x09, 0x60, 0x09, 0x60, 0x09, 0x60, 0x09, 
    0x40, 0x09, 0x40, 0x09, 0x40, 0x09, 0x40, 0x09, 0x40, 0x09, 0x20, 0x09, 
    0x20, 0x09, 0x20, 0x09, 0x20, 0x09, 0x20, 0x09, 0x20, 0x01, 0x20, 0x09, 
    0x20, 0x01, 0x20, 0x01, 0x20, 0x01, 0x20, 0x01, 0x20, 0x01, 0x20, 0x01, 
    0x20, 0x01, 0x20, 0x01, 0x00, 0x01, 0x20, 0x01, 0x20, 0x01, 0x20, 0x01, 
    0x20, 0x01, 0x00, 0x01, 0x20, 0x09, 0x00, 0x09, 0x00, 0x11, 0x20, 0x29, 
    0x21, 0x39, 0x85, 0x59, 0xe7, 0x79, 0x4b, 0x8a, 0x4c, 0x92, 0x4c, 0x8a, 
    0x0b, 0x82, 0xcb, 0x81, 0x8a, 0x79, 0x69, 0x71, 0x48, 0x71, 0x07, 0x69, 
    0xc6, 0x60, 0x85, 0x58, 0x64, 0x58, 0x44, 0x50, 0x24, 0x50, 0x23, 0x48, 
    0x23, 0x50, 0x23, 0x48, 0x23, 0x48, 0x23, 0x48, 0x23, 0x48, 0x23, 0x48, 
    0x23, 0x48, 0x02, 0x48, 0x03, 0x48, 0x03, 0x48, 0x02, 0x40, 0x02, 0x40, 
    0x02, 0x40, 0x02, 0x40, 0x02, 0x40, 0x02, 0x40, 0x02, 0x40, 0x02, 0x40, 
    0x02, 0x40, 0x02, 0x40, 0x02, 0x40, 0x02, 0x40, 0x02, 0x40, 0x02, 0x40, 
};